solid 3d krystof enderman
facet normal 0.0 1.0 -5.551115123125783e-16
  outer loop
    vertex 107.41067945544165 14.292658758033443 11.895028039936644
    vertex 107.91067945544165 14.292658758033443 9.638783529679575
    vertex 107.41067945544165 14.292658758033443 9.638783529679575
  endloop
endfacet
facet normal 0.0 1.0 -5.551115123125783e-16
  outer loop
    vertex 107.91067945544165 14.292658758033443 9.638783529679575
    vertex 107.41067945544165 14.292658758033443 11.895028039936644
    vertex 107.91067945544165 14.292658758033443 11.895028039936644
  endloop
endfacet
facet normal 1.4099832412739513e-15 1.0 -5.551115123125783e-16
  outer loop
    vertex 124.70189145544165 14.292658758033443 11.895028039936644
    vertex 125.20189145544165 14.292658758033443 9.638783529679575
    vertex 124.70189145544165 14.292658758033443 9.638783529679575
  endloop
endfacet
facet normal 1.4099832412739513e-15 1.0 -5.551115123125783e-16
  outer loop
    vertex 125.20189145544165 14.292658758033443 9.638783529679575
    vertex 124.70189145544165 14.292658758033443 11.895028039936644
    vertex 125.20189145544165 14.292658758033443 11.895028039936644
  endloop
endfacet
facet normal 0.0 5.551115123125783e-16 1.0
  outer loop
    vertex 125.20189145544165 14.292658758033443 9.638783529679575
    vertex 124.70189145544165 20.119986418036174 9.63878352967957
    vertex 124.70189145544165 14.292658758033443 9.638783529679575
  endloop
endfacet
facet normal 0.0 5.551115123125783e-16 1.0
  outer loop
    vertex 124.70189145544165 20.119986418036174 9.63878352967957
    vertex 118.87456379543895 20.619986418036174 9.63878352967957
    vertex 118.87456379543895 20.119986418036174 9.63878352967957
  endloop
endfacet
facet normal 0.0 5.551115123125783e-16 1.0
  outer loop
    vertex 118.87456379543895 20.619986418036174 9.63878352967957
    vertex 124.70189145544165 20.119986418036174 9.63878352967957
    vertex 125.20189145544165 20.619986418036174 9.63878352967957
  endloop
endfacet
facet normal 0.0 5.551115123125783e-16 1.0
  outer loop
    vertex 125.20189145544165 20.619986418036174 9.63878352967957
    vertex 124.70189145544165 20.119986418036174 9.63878352967957
    vertex 125.20189145544165 14.292658758033443 9.638783529679575
  endloop
endfacet
facet normal -1.0 0.0 0.0
  outer loop
    vertex 107.91067945544165 20.119986418036177 11.895028039936637
    vertex 107.91067945544165 14.292658758033443 9.638783529679575
    vertex 107.91067945544165 14.292658758033443 11.895028039936644
  endloop
endfacet
facet normal -1.0 0.0 0.0
  outer loop
    vertex 107.91067945544165 14.292658758033443 9.638783529679575
    vertex 107.91067945544165 20.119986418036177 11.895028039936637
    vertex 107.91067945544165 20.119986418036174 9.63878352967957
  endloop
endfacet
facet normal -1.0 -0.0 0.0
  outer loop
    vertex 113.73800711544435 20.119986418036177 11.895028039936637
    vertex 113.73800711544435 20.619986418036174 9.63878352967957
    vertex 113.73800711544435 20.119986418036174 9.63878352967957
  endloop
endfacet
facet normal -1.0 -0.0 0.0
  outer loop
    vertex 113.73800711544435 20.619986418036174 9.63878352967957
    vertex 113.73800711544435 20.119986418036177 11.895028039936637
    vertex 113.73800711544435 20.619986418036174 11.895028039936637
  endloop
endfacet
facet normal -1.5122532612072276e-17 1.0 -5.551115123125783e-16
  outer loop
    vertex 118.87456379543895 20.119986418036177 11.895028039936637
    vertex 124.70189145544165 20.119986418036174 9.63878352967957
    vertex 118.87456379543895 20.119986418036174 9.63878352967957
  endloop
endfacet
facet normal -1.5122532612072276e-17 1.0 -5.551115123125783e-16
  outer loop
    vertex 124.70189145544165 20.119986418036174 9.63878352967957
    vertex 118.87456379543895 20.119986418036177 11.895028039936637
    vertex 124.70189145544165 20.119986418036177 11.895028039936637
  endloop
endfacet
facet normal -7.561266306036166e-18 1.0 -5.746404135861333e-16
  outer loop
    vertex 107.91067945544165 20.119986418036177 11.895028039936637
    vertex 113.73800711544435 20.119986418036174 9.63878352967957
    vertex 107.91067945544165 20.119986418036174 9.63878352967957
  endloop
endfacet
facet normal -7.561266306036166e-18 1.0 -5.746404135861333e-16
  outer loop
    vertex 113.73800711544435 20.119986418036174 9.63878352967957
    vertex 107.91067945544165 20.119986418036177 11.895028039936637
    vertex 113.73800711544435 20.119986418036177 11.895028039936637
  endloop
endfacet
facet normal 0.0 -1.0 5.551115123125783e-16
  outer loop
    vertex 125.20189145544165 2.828774418036236 15.379371446005425
    vertex 107.41067945544165 2.8287744180362275 3.3839597790574766e-14
    vertex 125.20189145544165 2.8287744180362275 3.3839597790574766e-14
  endloop
endfacet
facet normal 0.0 -1.0 5.551115123125783e-16
  outer loop
    vertex 107.41067945544165 2.8287744180362275 3.3839597790574766e-14
    vertex 125.20189145544165 2.828774418036236 15.379371446005425
    vertex 107.41067945544165 2.828774418036236 15.379371446005425
  endloop
endfacet
facet normal 1.0 0.0 0.0
  outer loop
    vertex 124.70189145544165 20.119986418036174 9.63878352967957
    vertex 124.70189145544165 14.292658758033443 11.895028039936644
    vertex 124.70189145544165 14.292658758033443 9.638783529679575
  endloop
endfacet
facet normal 1.0 0.0 0.0
  outer loop
    vertex 124.70189145544165 14.292658758033443 11.895028039936644
    vertex 124.70189145544165 20.119986418036174 9.63878352967957
    vertex 124.70189145544165 20.119986418036177 11.895028039936637
  endloop
endfacet
facet normal 1.0 -0.0 -0.0
  outer loop
    vertex 125.20189145544165 20.61998641803617 2.255973186038318e-14
    vertex 125.20189145544165 2.828774418036236 15.379371446005425
    vertex 125.20189145544165 2.8287744180362275 3.3839597790574766e-14
  endloop
endfacet
facet normal 1.0 -0.0 -0.0
  outer loop
    vertex 125.20189145544165 2.828774418036236 15.379371446005425
    vertex 125.20189145544165 20.61998641803617 2.255973186038318e-14
    vertex 125.20189145544165 9.544978418036182 15.06700476772581
  endloop
endfacet
facet normal 1.0 -0.0 -0.0
  outer loop
    vertex 125.20189145544165 9.544978418036182 15.06700476772581
    vertex 125.20189145544165 20.61998641803617 2.255973186038318e-14
    vertex 125.20189145544165 14.292658758033443 9.638783529679575
  endloop
endfacet
facet normal 1.0 -0.0 -0.0
  outer loop
    vertex 125.20189145544165 9.544978418036182 15.06700476772581
    vertex 125.20189145544165 14.292658758033443 9.638783529679575
    vertex 125.20189145544165 13.903782418036181 15.067004767725809
  endloop
endfacet
facet normal 1.0 -0.0 -0.0
  outer loop
    vertex 125.20189145544165 13.903782418036181 15.067004767725809
    vertex 125.20189145544165 14.292658758033443 9.638783529679575
    vertex 125.20189145544165 13.903782418036194 15.379371446005417
  endloop
endfacet
facet normal 1.0 -0.0 -0.0
  outer loop
    vertex 125.20189145544165 14.292658758033443 9.638783529679575
    vertex 125.20189145544165 20.61998641803617 2.255973186038318e-14
    vertex 125.20189145544165 20.619986418036174 9.63878352967957
  endloop
endfacet
facet normal 1.0 -0.0 -0.0
  outer loop
    vertex 125.20189145544165 13.903782418036194 15.379371446005417
    vertex 125.20189145544165 14.292658758033443 11.895028039936644
    vertex 125.20189145544165 20.619986418036177 15.379371446005415
  endloop
endfacet
facet normal 1.0 -0.0 -0.0
  outer loop
    vertex 125.20189145544165 14.292658758033443 11.895028039936644
    vertex 125.20189145544165 13.903782418036194 15.379371446005417
    vertex 125.20189145544165 14.292658758033443 9.638783529679575
  endloop
endfacet
facet normal 1.0 -0.0 -0.0
  outer loop
    vertex 125.20189145544165 20.619986418036177 15.379371446005415
    vertex 125.20189145544165 14.292658758033443 11.895028039936644
    vertex 125.20189145544165 20.619986418036174 11.895028039936637
  endloop
endfacet
facet normal 1.0 -0.0 -0.0
  outer loop
    vertex 125.20189145544165 9.544978418036191 15.37937144600542
    vertex 125.20189145544165 2.828774418036236 15.379371446005425
    vertex 125.20189145544165 9.544978418036182 15.06700476772581
  endloop
endfacet
facet normal 0.0 -5.551115123125783e-16 -1.0
  outer loop
    vertex 125.20189145544165 20.61998641803617 2.255973186038318e-14
    vertex 107.41067945544165 2.8287744180362275 3.3839597790574766e-14
    vertex 107.41067945544165 20.61998641803617 2.255973186038318e-14
  endloop
endfacet
facet normal 0.0 -5.551115123125783e-16 -1.0
  outer loop
    vertex 107.41067945544165 2.8287744180362275 3.3839597790574766e-14
    vertex 125.20189145544165 20.61998641803617 2.255973186038318e-14
    vertex 125.20189145544165 2.8287744180362275 3.3839597790574766e-14
  endloop
endfacet
facet normal -5.926174882922164e-31 4.638941804721489e-16 1.0
  outer loop
    vertex 125.20189145544165 13.903782418036194 15.379371446005417
    vertex 122.20189145544165 17.619986418036177 15.379371446005415
    vertex 122.20189145544165 13.903782418036194 15.379371446005417
  endloop
endfacet
facet normal -5.926174882922164e-31 4.638941804721489e-16 1.0
  outer loop
    vertex 110.41067945544165 13.903782418036153 15.379371446005417
    vertex 107.41067945544165 20.619986418036177 15.379371446005415
    vertex 107.41067945544165 13.903782418036153 15.379371446005417
  endloop
endfacet
facet normal -5.926174882922164e-31 4.638941804721489e-16 1.0
  outer loop
    vertex 107.41067945544165 20.619986418036177 15.379371446005415
    vertex 110.41067945544165 13.903782418036153 15.379371446005417
    vertex 110.41067945544165 17.619986418036177 15.379371446005415
  endloop
endfacet
facet normal -5.926174882922164e-31 4.638941804721489e-16 1.0
  outer loop
    vertex 107.41067945544165 20.619986418036177 15.379371446005415
    vertex 110.41067945544165 17.619986418036177 15.379371446005415
    vertex 125.20189145544165 20.619986418036177 15.379371446005415
  endloop
endfacet
facet normal -5.926174882922164e-31 4.638941804721489e-16 1.0
  outer loop
    vertex 125.20189145544165 20.619986418036177 15.379371446005415
    vertex 110.41067945544165 17.619986418036177 15.379371446005415
    vertex 122.20189145544165 17.619986418036177 15.379371446005415
  endloop
endfacet
facet normal -5.926174882922164e-31 4.638941804721489e-16 1.0
  outer loop
    vertex 125.20189145544165 20.619986418036177 15.379371446005415
    vertex 122.20189145544165 17.619986418036177 15.379371446005415
    vertex 125.20189145544165 13.903782418036194 15.379371446005417
  endloop
endfacet
facet normal -1.0 0.0 0.0
  outer loop
    vertex 110.41067945544165 5.82877441803625 41.84312900000004
    vertex 110.41067945544165 9.54497841803619 15.37937144600542
    vertex 110.41067945544165 5.828774418036236 15.37937144600542
  endloop
endfacet
facet normal -1.0 0.0 0.0
  outer loop
    vertex 110.41067945544165 9.54497841803619 15.37937144600542
    vertex 110.41067945544165 5.82877441803625 41.84312900000004
    vertex 110.41067945544165 9.544978418036203 41.8431290000001
  endloop
endfacet
facet normal -1.0 0.0 0.0
  outer loop
    vertex 110.41067945544165 9.54497841803619 15.37937144600542
    vertex 110.41067945544165 9.544978418036203 41.8431290000001
    vertex 110.41067945544165 9.544978418036195 20.981761590941087
  endloop
endfacet
facet normal -1.0 0.0 0.0
  outer loop
    vertex 110.41067945544165 9.544978418036195 20.981761590941087
    vertex 110.41067945544165 9.544978418036203 41.8431290000001
    vertex 110.41067945544165 13.903782418036158 20.98176159094108
  endloop
endfacet
facet normal -1.0 0.0 0.0
  outer loop
    vertex 110.41067945544165 13.903782418036158 20.98176159094108
    vertex 110.41067945544165 9.544978418036203 41.8431290000001
    vertex 110.41067945544165 13.903782418036204 41.8431290000001
  endloop
endfacet
facet normal -1.0 0.0 0.0
  outer loop
    vertex 110.41067945544165 13.903782418036158 20.98176159094108
    vertex 110.41067945544165 17.619986418036177 15.379371446005415
    vertex 110.41067945544165 13.903782418036153 15.379371446005417
  endloop
endfacet
facet normal -1.0 0.0 0.0
  outer loop
    vertex 110.41067945544165 17.619986418036177 15.379371446005415
    vertex 110.41067945544165 13.903782418036158 20.98176159094108
    vertex 110.41067945544165 13.903782418036204 41.8431290000001
  endloop
endfacet
facet normal -1.0 0.0 0.0
  outer loop
    vertex 110.41067945544165 17.619986418036177 15.379371446005415
    vertex 110.41067945544165 13.903782418036204 41.8431290000001
    vertex 110.41067945544165 17.61998641803619 41.84312900000003
  endloop
endfacet
facet normal -6.8573805411927024e-46 3.7564966501514594e-16 1.0
  outer loop
    vertex 122.20189145544165 5.82877441803625 41.84312900000004
    vertex 110.41067945544165 9.544978418036203 41.8431290000001
    vertex 110.41067945544165 5.82877441803625 41.84312900000004
  endloop
endfacet
facet normal -6.8573805411927024e-46 3.7564966501514594e-16 1.0
  outer loop
    vertex 110.41067945544165 9.544978418036203 41.8431290000001
    vertex 122.20189145544165 5.82877441803625 41.84312900000004
    vertex 114.76948345544164 9.544978418036203 41.8431290000001
  endloop
endfacet
facet normal -6.8573805411927024e-46 3.7564966501514594e-16 1.0
  outer loop
    vertex 114.76948345544164 9.544978418036203 41.8431290000001
    vertex 122.20189145544165 5.82877441803625 41.84312900000004
    vertex 117.84308745544166 9.544978418036203 41.8431290000001
  endloop
endfacet
facet normal -6.8573805411927024e-46 3.7564966501514594e-16 1.0
  outer loop
    vertex 114.76948345544164 9.544978418036203 41.8431290000001
    vertex 117.84308745544166 9.544978418036203 41.8431290000001
    vertex 114.76948345544164 13.903782418036204 41.8431290000001
  endloop
endfacet
facet normal -6.8573805411927024e-46 3.7564966501514594e-16 1.0
  outer loop
    vertex 117.84308745544166 9.544978418036203 41.8431290000001
    vertex 122.20189145544165 5.82877441803625 41.84312900000004
    vertex 122.20189145544165 9.544978418036203 41.8431290000001
  endloop
endfacet
facet normal -6.8573805411927024e-46 3.7564966501514594e-16 1.0
  outer loop
    vertex 114.76948345544164 13.903782418036204 41.8431290000001
    vertex 110.41067945544165 17.61998641803619 41.84312900000003
    vertex 110.41067945544165 13.903782418036204 41.8431290000001
  endloop
endfacet
facet normal -6.8573805411927024e-46 3.7564966501514594e-16 1.0
  outer loop
    vertex 110.41067945544165 17.61998641803619 41.84312900000003
    vertex 114.76948345544164 13.903782418036204 41.8431290000001
    vertex 122.20189145544165 17.61998641803619 41.84312900000003
  endloop
endfacet
facet normal -6.8573805411927024e-46 3.7564966501514594e-16 1.0
  outer loop
    vertex 122.20189145544165 17.61998641803619 41.84312900000003
    vertex 114.76948345544164 13.903782418036204 41.8431290000001
    vertex 117.84308745544166 13.903782418036204 41.8431290000001
  endloop
endfacet
facet normal -6.8573805411927024e-46 3.7564966501514594e-16 1.0
  outer loop
    vertex 117.84308745544166 13.903782418036204 41.8431290000001
    vertex 114.76948345544164 13.903782418036204 41.8431290000001
    vertex 117.84308745544166 9.544978418036203 41.8431290000001
  endloop
endfacet
facet normal -6.8573805411927024e-46 3.7564966501514594e-16 1.0
  outer loop
    vertex 122.20189145544165 17.61998641803619 41.84312900000003
    vertex 117.84308745544166 13.903782418036204 41.8431290000001
    vertex 122.20189145544165 13.903782418036204 41.8431290000001
  endloop
endfacet
facet normal 0.0 -5.551115123125783e-16 -1.0
  outer loop
    vertex 125.20189145544165 20.619986418036174 11.895028039936637
    vertex 118.87456379543895 20.119986418036177 11.895028039936637
    vertex 118.87456379543895 20.619986418036174 11.895028039936637
  endloop
endfacet
facet normal 0.0 -5.551115123125783e-16 -1.0
  outer loop
    vertex 118.87456379543895 20.119986418036177 11.895028039936637
    vertex 125.20189145544165 20.619986418036174 11.895028039936637
    vertex 124.70189145544165 20.119986418036177 11.895028039936637
  endloop
endfacet
facet normal 0.0 -5.551115123125783e-16 -1.0
  outer loop
    vertex 124.70189145544165 20.119986418036177 11.895028039936637
    vertex 125.20189145544165 20.619986418036174 11.895028039936637
    vertex 124.70189145544165 14.292658758033443 11.895028039936644
  endloop
endfacet
facet normal 0.0 -5.551115123125783e-16 -1.0
  outer loop
    vertex 124.70189145544165 14.292658758033443 11.895028039936644
    vertex 125.20189145544165 20.619986418036174 11.895028039936637
    vertex 125.20189145544165 14.292658758033443 11.895028039936644
  endloop
endfacet
facet normal 0.0 -1.0 5.327978229838024e-16
  outer loop
    vertex 122.20189145544165 5.82877441803625 41.84312900000004
    vertex 110.41067945544165 5.828774418036236 15.37937144600542
    vertex 122.20189145544165 5.828774418036236 15.37937144600542
  endloop
endfacet
facet normal 0.0 -1.0 5.327978229838024e-16
  outer loop
    vertex 110.41067945544165 5.828774418036236 15.37937144600542
    vertex 122.20189145544165 5.82877441803625 41.84312900000004
    vertex 110.41067945544165 5.82877441803625 41.84312900000004
  endloop
endfacet
facet normal 0.0 5.551115123125783e-16 1.0
  outer loop
    vertex 107.91067945544165 14.292658758033443 9.638783529679575
    vertex 107.41067945544165 20.619986418036174 9.63878352967957
    vertex 107.41067945544165 14.292658758033443 9.638783529679575
  endloop
endfacet
facet normal 0.0 5.551115123125783e-16 1.0
  outer loop
    vertex 107.41067945544165 20.619986418036174 9.63878352967957
    vertex 107.91067945544165 14.292658758033443 9.638783529679575
    vertex 107.91067945544165 20.119986418036174 9.63878352967957
  endloop
endfacet
facet normal 0.0 5.551115123125783e-16 1.0
  outer loop
    vertex 107.41067945544165 20.619986418036174 9.63878352967957
    vertex 107.91067945544165 20.119986418036174 9.63878352967957
    vertex 113.73800711544435 20.619986418036174 9.63878352967957
  endloop
endfacet
facet normal 0.0 5.551115123125783e-16 1.0
  outer loop
    vertex 113.73800711544435 20.619986418036174 9.63878352967957
    vertex 107.91067945544165 20.119986418036174 9.63878352967957
    vertex 113.73800711544435 20.119986418036174 9.63878352967957
  endloop
endfacet
facet normal 1.0 0.0 0.0
  outer loop
    vertex 118.87456379543895 20.619986418036174 9.63878352967957
    vertex 118.87456379543895 20.119986418036177 11.895028039936637
    vertex 118.87456379543895 20.119986418036174 9.63878352967957
  endloop
endfacet
facet normal 1.0 0.0 0.0
  outer loop
    vertex 118.87456379543895 20.119986418036177 11.895028039936637
    vertex 118.87456379543895 20.619986418036174 9.63878352967957
    vertex 118.87456379543895 20.619986418036174 11.895028039936637
  endloop
endfacet
facet normal 0.0 1.0 -5.551115123125783e-16
  outer loop
    vertex 107.41067945544165 20.619986418036177 15.379371446005415
    vertex 113.73800711544435 20.619986418036174 11.895028039936637
    vertex 107.41067945544165 20.619986418036174 11.895028039936637
  endloop
endfacet
facet normal 0.0 1.0 -5.551115123125783e-16
  outer loop
    vertex 113.73800711544435 20.619986418036174 11.895028039936637
    vertex 107.41067945544165 20.619986418036177 15.379371446005415
    vertex 118.87456379543895 20.619986418036174 11.895028039936637
  endloop
endfacet
facet normal 0.0 1.0 -5.551115123125783e-16
  outer loop
    vertex 118.87456379543895 20.619986418036174 11.895028039936637
    vertex 107.41067945544165 20.619986418036177 15.379371446005415
    vertex 125.20189145544165 20.619986418036174 11.895028039936637
  endloop
endfacet
facet normal 0.0 1.0 -5.551115123125783e-16
  outer loop
    vertex 125.20189145544165 20.619986418036174 11.895028039936637
    vertex 107.41067945544165 20.619986418036177 15.379371446005415
    vertex 125.20189145544165 20.619986418036177 15.379371446005415
  endloop
endfacet
facet normal 0.0 1.0 -5.551115123125783e-16
  outer loop
    vertex 113.73800711544435 20.619986418036174 11.895028039936637
    vertex 118.87456379543895 20.619986418036174 9.63878352967957
    vertex 113.73800711544435 20.619986418036174 9.63878352967957
  endloop
endfacet
facet normal 0.0 1.0 -5.551115123125783e-16
  outer loop
    vertex 118.87456379543895 20.619986418036174 9.63878352967957
    vertex 113.73800711544435 20.619986418036174 11.895028039936637
    vertex 118.87456379543895 20.619986418036174 11.895028039936637
  endloop
endfacet
facet normal 0.0 1.0 -5.551115123125783e-16
  outer loop
    vertex 107.41067945544165 20.619986418036174 9.63878352967957
    vertex 125.20189145544165 20.61998641803617 2.255973186038318e-14
    vertex 107.41067945544165 20.61998641803617 2.255973186038318e-14
  endloop
endfacet
facet normal 0.0 1.0 -5.551115123125783e-16
  outer loop
    vertex 125.20189145544165 20.61998641803617 2.255973186038318e-14
    vertex 107.41067945544165 20.619986418036174 9.63878352967957
    vertex 125.20189145544165 20.619986418036174 9.63878352967957
  endloop
endfacet
facet normal 0.0 1.0 -5.551115123125783e-16
  outer loop
    vertex 125.20189145544165 20.619986418036174 9.63878352967957
    vertex 107.41067945544165 20.619986418036174 9.63878352967957
    vertex 113.73800711544435 20.619986418036174 9.63878352967957
  endloop
endfacet
facet normal 0.0 1.0 -5.551115123125783e-16
  outer loop
    vertex 125.20189145544165 20.619986418036174 9.63878352967957
    vertex 113.73800711544435 20.619986418036174 9.63878352967957
    vertex 118.87456379543895 20.619986418036174 9.63878352967957
  endloop
endfacet
facet normal -0.0 1.0 -5.327978229838024e-16
  outer loop
    vertex 110.41067945544165 17.61998641803619 41.84312900000003
    vertex 122.20189145544165 17.619986418036177 15.379371446005415
    vertex 110.41067945544165 17.619986418036177 15.379371446005415
  endloop
endfacet
facet normal -0.0 1.0 -5.327978229838024e-16
  outer loop
    vertex 122.20189145544165 17.619986418036177 15.379371446005415
    vertex 110.41067945544165 17.61998641803619 41.84312900000003
    vertex 122.20189145544165 17.61998641803619 41.84312900000003
  endloop
endfacet
facet normal 0.0 -5.551115123125783e-16 -1.0
  outer loop
    vertex 107.41067945544165 20.619986418036174 11.895028039936637
    vertex 107.91067945544165 20.119986418036177 11.895028039936637
    vertex 107.41067945544165 14.292658758033443 11.895028039936644
  endloop
endfacet
facet normal 0.0 -5.551115123125783e-16 -1.0
  outer loop
    vertex 107.91067945544165 20.119986418036177 11.895028039936637
    vertex 107.41067945544165 20.619986418036174 11.895028039936637
    vertex 113.73800711544435 20.619986418036174 11.895028039936637
  endloop
endfacet
facet normal 0.0 -5.551115123125783e-16 -1.0
  outer loop
    vertex 107.91067945544165 20.119986418036177 11.895028039936637
    vertex 113.73800711544435 20.619986418036174 11.895028039936637
    vertex 113.73800711544435 20.119986418036177 11.895028039936637
  endloop
endfacet
facet normal 0.0 -5.551115123125783e-16 -1.0
  outer loop
    vertex 107.91067945544165 14.292658758033443 11.895028039936644
    vertex 107.41067945544165 14.292658758033443 11.895028039936644
    vertex 107.91067945544165 20.119986418036177 11.895028039936637
  endloop
endfacet
facet normal 1.0 -0.0 -0.0
  outer loop
    vertex 122.20189145544165 9.544978418036191 15.37937144600542
    vertex 122.20189145544165 5.82877441803625 41.84312900000004
    vertex 122.20189145544165 5.828774418036236 15.37937144600542
  endloop
endfacet
facet normal 1.0 -0.0 -0.0
  outer loop
    vertex 122.20189145544165 5.82877441803625 41.84312900000004
    vertex 122.20189145544165 9.544978418036191 15.37937144600542
    vertex 122.20189145544165 9.544978418036173 20.981761590940263
  endloop
endfacet
facet normal 1.0 -0.0 -0.0
  outer loop
    vertex 122.20189145544165 9.544978418036173 20.981761590940263
    vertex 122.20189145544165 9.544978418036203 41.8431290000001
    vertex 122.20189145544165 5.82877441803625 41.84312900000004
  endloop
endfacet
facet normal 1.0 -0.0 -0.0
  outer loop
    vertex 122.20189145544165 9.544978418036203 41.8431290000001
    vertex 122.20189145544165 9.544978418036173 20.981761590940263
    vertex 122.20189145544165 13.90378241803617 20.98176159094024
  endloop
endfacet
facet normal 1.0 -0.0 -0.0
  outer loop
    vertex 122.20189145544165 9.544978418036203 41.8431290000001
    vertex 122.20189145544165 13.90378241803617 20.98176159094024
    vertex 122.20189145544165 13.903782418036204 41.8431290000001
  endloop
endfacet
facet normal 1.0 -0.0 -0.0
  outer loop
    vertex 122.20189145544165 13.903782418036204 41.8431290000001
    vertex 122.20189145544165 13.90378241803617 20.98176159094024
    vertex 122.20189145544165 13.903782418036194 15.379371446005417
  endloop
endfacet
facet normal 1.0 -0.0 -0.0
  outer loop
    vertex 122.20189145544165 13.903782418036204 41.8431290000001
    vertex 122.20189145544165 13.903782418036194 15.379371446005417
    vertex 122.20189145544165 17.619986418036177 15.379371446005415
  endloop
endfacet
facet normal 1.0 -0.0 -0.0
  outer loop
    vertex 122.20189145544165 13.903782418036204 41.8431290000001
    vertex 122.20189145544165 17.619986418036177 15.379371446005415
    vertex 122.20189145544165 17.61998641803619 41.84312900000003
  endloop
endfacet
facet normal -1.0 0.0 0.0
  outer loop
    vertex 107.41067945544165 2.828774418036236 15.379371446005425
    vertex 107.41067945544165 20.61998641803617 2.255973186038318e-14
    vertex 107.41067945544165 2.8287744180362275 3.3839597790574766e-14
  endloop
endfacet
facet normal -1.0 0.0 0.0
  outer loop
    vertex 107.41067945544165 20.61998641803617 2.255973186038318e-14
    vertex 107.41067945544165 2.828774418036236 15.379371446005425
    vertex 107.41067945544165 9.54497841803619 15.06700476772583
  endloop
endfacet
facet normal -1.0 0.0 0.0
  outer loop
    vertex 107.41067945544165 9.54497841803619 15.06700476772583
    vertex 107.41067945544165 2.828774418036236 15.379371446005425
    vertex 107.41067945544165 9.54497841803619 15.37937144600542
  endloop
endfacet
facet normal -1.0 0.0 0.0
  outer loop
    vertex 107.41067945544165 20.61998641803617 2.255973186038318e-14
    vertex 107.41067945544165 9.54497841803619 15.06700476772583
    vertex 107.41067945544165 14.292658758033443 9.638783529679575
  endloop
endfacet
facet normal -1.0 0.0 0.0
  outer loop
    vertex 107.41067945544165 14.292658758033443 9.638783529679575
    vertex 107.41067945544165 9.54497841803619 15.06700476772583
    vertex 107.41067945544165 13.903782418036153 15.06700476772583
  endloop
endfacet
facet normal -1.0 0.0 0.0
  outer loop
    vertex 107.41067945544165 14.292658758033443 9.638783529679575
    vertex 107.41067945544165 13.903782418036153 15.06700476772583
    vertex 107.41067945544165 14.292658758033443 11.895028039936644
  endloop
endfacet
facet normal -1.0 0.0 0.0
  outer loop
    vertex 107.41067945544165 20.61998641803617 2.255973186038318e-14
    vertex 107.41067945544165 14.292658758033443 9.638783529679575
    vertex 107.41067945544165 20.619986418036174 9.63878352967957
  endloop
endfacet
facet normal -1.0 0.0 0.0
  outer loop
    vertex 107.41067945544165 20.619986418036177 15.379371446005415
    vertex 107.41067945544165 13.903782418036153 15.06700476772583
    vertex 107.41067945544165 13.903782418036153 15.379371446005417
  endloop
endfacet
facet normal -1.0 0.0 0.0
  outer loop
    vertex 107.41067945544165 13.903782418036153 15.06700476772583
    vertex 107.41067945544165 20.619986418036177 15.379371446005415
    vertex 107.41067945544165 14.292658758033443 11.895028039936644
  endloop
endfacet
facet normal -1.0 0.0 0.0
  outer loop
    vertex 107.41067945544165 14.292658758033443 11.895028039936644
    vertex 107.41067945544165 20.619986418036177 15.379371446005415
    vertex 107.41067945544165 20.619986418036174 11.895028039936637
  endloop
endfacet
facet normal 0.0 -1.0 5.702220025095925e-16
  outer loop
    vertex 122.20189145544165 9.544978418036237 101.1877310000001
    vertex 117.84308745544166 9.544978418036203 41.8431290000001
    vertex 122.20189145544165 9.544978418036203 41.8431290000001
  endloop
endfacet
facet normal 0.0 -1.0 5.702220025095925e-16
  outer loop
    vertex 117.84308745544166 9.544978418036203 41.8431290000001
    vertex 122.20189145544165 9.544978418036237 101.1877310000001
    vertex 117.84308745544166 9.544978418036237 101.1877310000001
  endloop
endfacet
facet normal -0.0 1.0 -5.702220025095925e-16
  outer loop
    vertex 110.41067945544165 13.903782418036238 101.1877310000001
    vertex 114.76948345544164 13.903782418036204 41.8431290000001
    vertex 110.41067945544165 13.903782418036204 41.8431290000001
  endloop
endfacet
facet normal -0.0 1.0 -5.702220025095925e-16
  outer loop
    vertex 114.76948345544164 13.903782418036204 41.8431290000001
    vertex 110.41067945544165 13.903782418036238 101.1877310000001
    vertex 114.76948345544164 13.903782418036238 101.1877310000001
  endloop
endfacet
facet normal -0.0 1.0 -5.702220025095925e-16
  outer loop
    vertex 117.84308745544166 13.903782418036238 101.1877310000001
    vertex 122.20189145544165 13.903782418036204 41.8431290000001
    vertex 117.84308745544166 13.903782418036204 41.8431290000001
  endloop
endfacet
facet normal -0.0 1.0 -5.702220025095925e-16
  outer loop
    vertex 122.20189145544165 13.903782418036204 41.8431290000001
    vertex 117.84308745544166 13.903782418036238 101.1877310000001
    vertex 122.20189145544165 13.903782418036238 101.1877310000001
  endloop
endfacet
facet normal 0.0 5.551115123125783e-16 1.0
  outer loop
    vertex 117.84308745544166 9.544978418036237 101.1877310000001
    vertex 118.71848958995142 11.374974707147832 101.1877310000001
    vertex 117.84308745544166 13.903782418036238 101.1877310000001
  endloop
endfacet
facet normal 0.0 5.551115123125783e-16 1.0
  outer loop
    vertex 118.71848958995142 11.374974707147832 101.1877310000001
    vertex 117.84308745544166 9.544978418036237 101.1877310000001
    vertex 118.85335516033264 11.049380418036234 101.1877310000001
  endloop
endfacet
facet normal 0.0 5.551115123125783e-16 1.0
  outer loop
    vertex 118.85335516033264 11.049380418036234 101.1877310000001
    vertex 117.84308745544166 9.544978418036237 101.1877310000001
    vertex 119.06789530083981 10.769786263434392 101.1877310000001
  endloop
endfacet
facet normal 0.0 5.551115123125783e-16 1.0
  outer loop
    vertex 119.06789530083981 10.769786263434392 101.1877310000001
    vertex 117.84308745544166 9.544978418036237 101.1877310000001
    vertex 119.34748945544165 10.555246122927237 101.1877310000001
  endloop
endfacet
facet normal 0.0 5.551115123125783e-16 1.0
  outer loop
    vertex 119.34748945544165 10.555246122927237 101.1877310000001
    vertex 117.84308745544166 9.544978418036237 101.1877310000001
    vertex 119.67308374455325 10.420380552545987 101.1877310000001
  endloop
endfacet
facet normal 0.0 5.551115123125783e-16 1.0
  outer loop
    vertex 119.67308374455325 10.420380552545987 101.1877310000001
    vertex 117.84308745544166 9.544978418036237 101.1877310000001
    vertex 122.20189145544165 9.544978418036237 101.1877310000001
  endloop
endfacet
facet normal 0.0 5.551115123125783e-16 1.0
  outer loop
    vertex 117.84308745544166 13.903782418036238 101.1877310000001
    vertex 118.71848958995142 11.374974707147832 101.1877310000001
    vertex 118.67248945544165 11.724380418036239 101.1877310000001
  endloop
endfacet
facet normal 0.0 5.551115123125783e-16 1.0
  outer loop
    vertex 119.67308374455325 10.420380552545987 101.1877310000001
    vertex 122.20189145544165 9.544978418036237 101.1877310000001
    vertex 120.02248945544166 10.374380418036228 101.1877310000001
  endloop
endfacet
facet normal 0.0 5.551115123125783e-16 1.0
  outer loop
    vertex 120.02248945544166 10.374380418036228 101.1877310000001
    vertex 122.20189145544165 9.544978418036237 101.1877310000001
    vertex 120.37189516633005 10.420380552545987 101.1877310000001
  endloop
endfacet
facet normal 0.0 5.551115123125783e-16 1.0
  outer loop
    vertex 120.37189516633005 10.420380552545987 101.1877310000001
    vertex 122.20189145544165 9.544978418036237 101.1877310000001
    vertex 120.69748945544166 10.555246122927237 101.1877310000001
  endloop
endfacet
facet normal 0.0 5.551115123125783e-16 1.0
  outer loop
    vertex 120.69748945544166 10.555246122927237 101.1877310000001
    vertex 122.20189145544165 9.544978418036237 101.1877310000001
    vertex 120.97708361004351 10.769786263434392 101.1877310000001
  endloop
endfacet
facet normal 0.0 5.551115123125783e-16 1.0
  outer loop
    vertex 120.97708361004351 10.769786263434392 101.1877310000001
    vertex 122.20189145544165 9.544978418036237 101.1877310000001
    vertex 121.19162375055066 11.049380418036234 101.1877310000001
  endloop
endfacet
facet normal 0.0 5.551115123125783e-16 1.0
  outer loop
    vertex 121.19162375055066 11.049380418036234 101.1877310000001
    vertex 122.20189145544165 9.544978418036237 101.1877310000001
    vertex 121.3264893209319 11.374974707147832 101.1877310000001
  endloop
endfacet
facet normal 0.0 5.551115123125783e-16 1.0
  outer loop
    vertex 121.3264893209319 11.374974707147832 101.1877310000001
    vertex 122.20189145544165 9.544978418036237 101.1877310000001
    vertex 121.37248945544167 11.724380418036239 101.1877310000001
  endloop
endfacet
facet normal 0.0 5.551115123125783e-16 1.0
  outer loop
    vertex 117.84308745544166 13.903782418036238 101.1877310000001
    vertex 119.67308374455325 13.028380283526488 101.1877310000001
    vertex 122.20189145544165 13.903782418036238 101.1877310000001
  endloop
endfacet
facet normal 0.0 5.551115123125783e-16 1.0
  outer loop
    vertex 119.67308374455325 13.028380283526488 101.1877310000001
    vertex 117.84308745544166 13.903782418036238 101.1877310000001
    vertex 119.34748945544165 12.893514713145237 101.1877310000001
  endloop
endfacet
facet normal 0.0 5.551115123125783e-16 1.0
  outer loop
    vertex 119.34748945544165 12.893514713145237 101.1877310000001
    vertex 117.84308745544166 13.903782418036238 101.1877310000001
    vertex 119.06789530083981 12.678974572638083 101.1877310000001
  endloop
endfacet
facet normal 0.0 5.551115123125783e-16 1.0
  outer loop
    vertex 119.06789530083981 12.678974572638083 101.1877310000001
    vertex 117.84308745544166 13.903782418036238 101.1877310000001
    vertex 118.85335516033264 12.399380418036243 101.1877310000001
  endloop
endfacet
facet normal 0.0 5.551115123125783e-16 1.0
  outer loop
    vertex 118.85335516033264 12.399380418036243 101.1877310000001
    vertex 117.84308745544166 13.903782418036238 101.1877310000001
    vertex 118.71848958995142 12.073786128924642 101.1877310000001
  endloop
endfacet
facet normal 0.0 5.551115123125783e-16 1.0
  outer loop
    vertex 118.71848958995142 12.073786128924642 101.1877310000001
    vertex 117.84308745544166 13.903782418036238 101.1877310000001
    vertex 118.67248945544165 11.724380418036239 101.1877310000001
  endloop
endfacet
facet normal 0.0 5.551115123125783e-16 1.0
  outer loop
    vertex 122.20189145544165 13.903782418036238 101.1877310000001
    vertex 119.67308374455325 13.028380283526488 101.1877310000001
    vertex 120.02248945544166 13.074380418036247 101.1877310000001
  endloop
endfacet
facet normal 0.0 5.551115123125783e-16 1.0
  outer loop
    vertex 122.20189145544165 13.903782418036238 101.1877310000001
    vertex 120.02248945544166 13.074380418036247 101.1877310000001
    vertex 120.37189516633005 13.028380283526488 101.1877310000001
  endloop
endfacet
facet normal 0.0 5.551115123125783e-16 1.0
  outer loop
    vertex 122.20189145544165 13.903782418036238 101.1877310000001
    vertex 120.37189516633005 13.028380283526488 101.1877310000001
    vertex 120.69748945544166 12.893514713145237 101.1877310000001
  endloop
endfacet
facet normal 0.0 5.551115123125783e-16 1.0
  outer loop
    vertex 122.20189145544165 13.903782418036238 101.1877310000001
    vertex 120.69748945544166 12.893514713145237 101.1877310000001
    vertex 120.97708361004351 12.678974572638083 101.1877310000001
  endloop
endfacet
facet normal 0.0 5.551115123125783e-16 1.0
  outer loop
    vertex 122.20189145544165 13.903782418036238 101.1877310000001
    vertex 120.97708361004351 12.678974572638083 101.1877310000001
    vertex 121.19162375055066 12.399380418036243 101.1877310000001
  endloop
endfacet
facet normal 0.0 5.551115123125783e-16 1.0
  outer loop
    vertex 122.20189145544165 13.903782418036238 101.1877310000001
    vertex 121.19162375055066 12.399380418036243 101.1877310000001
    vertex 121.3264893209319 12.073786128924645 101.1877310000001
  endloop
endfacet
facet normal 0.0 5.551115123125783e-16 1.0
  outer loop
    vertex 122.20189145544165 13.903782418036238 101.1877310000001
    vertex 121.3264893209319 12.073786128924645 101.1877310000001
    vertex 121.37248945544167 11.724380418036239 101.1877310000001
  endloop
endfacet
facet normal 0.0 5.551115123125783e-16 1.0
  outer loop
    vertex 122.20189145544165 13.903782418036238 101.1877310000001
    vertex 121.37248945544167 11.724380418036239 101.1877310000001
    vertex 122.20189145544165 9.544978418036237 101.1877310000001
  endloop
endfacet
facet normal 1.0 -0.0 -0.0
  outer loop
    vertex 122.20189145544165 13.903782418036204 41.8431290000001
    vertex 122.20189145544165 9.544978418036237 101.1877310000001
    vertex 122.20189145544165 9.544978418036203 41.8431290000001
  endloop
endfacet
facet normal 1.0 -0.0 -0.0
  outer loop
    vertex 122.20189145544165 9.544978418036237 101.1877310000001
    vertex 122.20189145544165 13.903782418036204 41.8431290000001
    vertex 122.20189145544165 13.903782418036238 101.1877310000001
  endloop
endfacet
facet normal 0.0 -1.0 5.702220025095925e-16
  outer loop
    vertex 114.76948345544164 9.544978418036237 101.1877310000001
    vertex 110.41067945544165 9.544978418036203 41.8431290000001
    vertex 114.76948345544164 9.544978418036203 41.8431290000001
  endloop
endfacet
facet normal 0.0 -1.0 5.702220025095925e-16
  outer loop
    vertex 110.41067945544165 9.544978418036203 41.8431290000001
    vertex 114.76948345544164 9.544978418036237 101.1877310000001
    vertex 110.41067945544165 9.544978418036237 101.1877310000001
  endloop
endfacet
facet normal 0.0 5.551115123125783e-16 1.0
  outer loop
    vertex 110.41067945544165 9.544978418036237 101.1877310000001
    vertex 111.28608158995141 11.374974707147832 101.1877310000001
    vertex 110.41067945544165 13.903782418036238 101.1877310000001
  endloop
endfacet
facet normal 0.0 5.551115123125783e-16 1.0
  outer loop
    vertex 111.28608158995141 11.374974707147832 101.1877310000001
    vertex 110.41067945544165 9.544978418036237 101.1877310000001
    vertex 111.42094716033264 11.049380418036234 101.1877310000001
  endloop
endfacet
facet normal 0.0 5.551115123125783e-16 1.0
  outer loop
    vertex 111.42094716033264 11.049380418036234 101.1877310000001
    vertex 110.41067945544165 9.544978418036237 101.1877310000001
    vertex 111.6354873008398 10.769786263434392 101.1877310000001
  endloop
endfacet
facet normal 0.0 5.551115123125783e-16 1.0
  outer loop
    vertex 111.6354873008398 10.769786263434392 101.1877310000001
    vertex 110.41067945544165 9.544978418036237 101.1877310000001
    vertex 111.91508145544165 10.555246122927237 101.1877310000001
  endloop
endfacet
facet normal 0.0 5.551115123125783e-16 1.0
  outer loop
    vertex 111.91508145544165 10.555246122927237 101.1877310000001
    vertex 110.41067945544165 9.544978418036237 101.1877310000001
    vertex 112.24067574455324 10.420380552545987 101.1877310000001
  endloop
endfacet
facet normal 0.0 5.551115123125783e-16 1.0
  outer loop
    vertex 112.24067574455324 10.420380552545987 101.1877310000001
    vertex 110.41067945544165 9.544978418036237 101.1877310000001
    vertex 114.76948345544164 9.544978418036237 101.1877310000001
  endloop
endfacet
facet normal 0.0 5.551115123125783e-16 1.0
  outer loop
    vertex 110.41067945544165 13.903782418036238 101.1877310000001
    vertex 111.28608158995141 11.374974707147832 101.1877310000001
    vertex 111.24008145544164 11.724380418036239 101.1877310000001
  endloop
endfacet
facet normal 0.0 5.551115123125783e-16 1.0
  outer loop
    vertex 112.24067574455324 10.420380552545987 101.1877310000001
    vertex 114.76948345544164 9.544978418036237 101.1877310000001
    vertex 112.59008145544165 10.374380418036228 101.1877310000001
  endloop
endfacet
facet normal 0.0 5.551115123125783e-16 1.0
  outer loop
    vertex 112.59008145544165 10.374380418036228 101.1877310000001
    vertex 114.76948345544164 9.544978418036237 101.1877310000001
    vertex 112.93948716633005 10.420380552545987 101.1877310000001
  endloop
endfacet
facet normal 0.0 5.551115123125783e-16 1.0
  outer loop
    vertex 112.93948716633005 10.420380552545987 101.1877310000001
    vertex 114.76948345544164 9.544978418036237 101.1877310000001
    vertex 113.26508145544166 10.555246122927237 101.1877310000001
  endloop
endfacet
facet normal 0.0 5.551115123125783e-16 1.0
  outer loop
    vertex 113.26508145544166 10.555246122927237 101.1877310000001
    vertex 114.76948345544164 9.544978418036237 101.1877310000001
    vertex 113.5446756100435 10.769786263434392 101.1877310000001
  endloop
endfacet
facet normal 0.0 5.551115123125783e-16 1.0
  outer loop
    vertex 113.5446756100435 10.769786263434392 101.1877310000001
    vertex 114.76948345544164 9.544978418036237 101.1877310000001
    vertex 113.75921575055065 11.049380418036234 101.1877310000001
  endloop
endfacet
facet normal 0.0 5.551115123125783e-16 1.0
  outer loop
    vertex 113.75921575055065 11.049380418036234 101.1877310000001
    vertex 114.76948345544164 9.544978418036237 101.1877310000001
    vertex 113.89408132093189 11.374974707147832 101.1877310000001
  endloop
endfacet
facet normal 0.0 5.551115123125783e-16 1.0
  outer loop
    vertex 113.89408132093189 11.374974707147832 101.1877310000001
    vertex 114.76948345544164 9.544978418036237 101.1877310000001
    vertex 113.94008145544166 11.724380418036239 101.1877310000001
  endloop
endfacet
facet normal 0.0 5.551115123125783e-16 1.0
  outer loop
    vertex 110.41067945544165 13.903782418036238 101.1877310000001
    vertex 112.24067574455324 13.028380283526488 101.1877310000001
    vertex 114.76948345544164 13.903782418036238 101.1877310000001
  endloop
endfacet
facet normal 0.0 5.551115123125783e-16 1.0
  outer loop
    vertex 112.24067574455324 13.028380283526488 101.1877310000001
    vertex 110.41067945544165 13.903782418036238 101.1877310000001
    vertex 111.91508145544165 12.893514713145237 101.1877310000001
  endloop
endfacet
facet normal 0.0 5.551115123125783e-16 1.0
  outer loop
    vertex 111.91508145544165 12.893514713145237 101.1877310000001
    vertex 110.41067945544165 13.903782418036238 101.1877310000001
    vertex 111.6354873008398 12.678974572638083 101.1877310000001
  endloop
endfacet
facet normal 0.0 5.551115123125783e-16 1.0
  outer loop
    vertex 111.6354873008398 12.678974572638083 101.1877310000001
    vertex 110.41067945544165 13.903782418036238 101.1877310000001
    vertex 111.42094716033264 12.399380418036243 101.1877310000001
  endloop
endfacet
facet normal 0.0 5.551115123125783e-16 1.0
  outer loop
    vertex 111.42094716033264 12.399380418036243 101.1877310000001
    vertex 110.41067945544165 13.903782418036238 101.1877310000001
    vertex 111.28608158995141 12.073786128924642 101.1877310000001
  endloop
endfacet
facet normal 0.0 5.551115123125783e-16 1.0
  outer loop
    vertex 111.28608158995141 12.073786128924642 101.1877310000001
    vertex 110.41067945544165 13.903782418036238 101.1877310000001
    vertex 111.24008145544164 11.724380418036239 101.1877310000001
  endloop
endfacet
facet normal 0.0 5.551115123125783e-16 1.0
  outer loop
    vertex 114.76948345544164 13.903782418036238 101.1877310000001
    vertex 112.24067574455324 13.028380283526488 101.1877310000001
    vertex 112.59008145544165 13.074380418036247 101.1877310000001
  endloop
endfacet
facet normal 0.0 5.551115123125783e-16 1.0
  outer loop
    vertex 114.76948345544164 13.903782418036238 101.1877310000001
    vertex 112.59008145544165 13.074380418036247 101.1877310000001
    vertex 112.93948716633005 13.028380283526488 101.1877310000001
  endloop
endfacet
facet normal 0.0 5.551115123125783e-16 1.0
  outer loop
    vertex 114.76948345544164 13.903782418036238 101.1877310000001
    vertex 112.93948716633005 13.028380283526488 101.1877310000001
    vertex 113.26508145544166 12.893514713145237 101.1877310000001
  endloop
endfacet
facet normal 0.0 5.551115123125783e-16 1.0
  outer loop
    vertex 114.76948345544164 13.903782418036238 101.1877310000001
    vertex 113.26508145544166 12.893514713145237 101.1877310000001
    vertex 113.5446756100435 12.678974572638083 101.1877310000001
  endloop
endfacet
facet normal 0.0 5.551115123125783e-16 1.0
  outer loop
    vertex 114.76948345544164 13.903782418036238 101.1877310000001
    vertex 113.5446756100435 12.678974572638083 101.1877310000001
    vertex 113.75921575055065 12.399380418036243 101.1877310000001
  endloop
endfacet
facet normal 0.0 5.551115123125783e-16 1.0
  outer loop
    vertex 114.76948345544164 13.903782418036238 101.1877310000001
    vertex 113.75921575055065 12.399380418036243 101.1877310000001
    vertex 113.89408132093189 12.073786128924645 101.1877310000001
  endloop
endfacet
facet normal 0.0 5.551115123125783e-16 1.0
  outer loop
    vertex 114.76948345544164 13.903782418036238 101.1877310000001
    vertex 113.89408132093189 12.073786128924645 101.1877310000001
    vertex 113.94008145544166 11.724380418036239 101.1877310000001
  endloop
endfacet
facet normal 0.0 5.551115123125783e-16 1.0
  outer loop
    vertex 114.76948345544164 13.903782418036238 101.1877310000001
    vertex 113.94008145544166 11.724380418036239 101.1877310000001
    vertex 114.76948345544164 9.544978418036237 101.1877310000001
  endloop
endfacet
facet normal -1.0 0.0 0.0
  outer loop
    vertex 117.84308745544166 9.544978418036237 101.1877310000001
    vertex 117.84308745544166 13.903782418036204 41.8431290000001
    vertex 117.84308745544166 9.544978418036203 41.8431290000001
  endloop
endfacet
facet normal -1.0 0.0 0.0
  outer loop
    vertex 117.84308745544166 13.903782418036204 41.8431290000001
    vertex 117.84308745544166 9.544978418036237 101.1877310000001
    vertex 117.84308745544166 13.903782418036238 101.1877310000001
  endloop
endfacet
facet normal 0.13052619222005424 -0.99144486137381 5.503624563717502e-16
  outer loop
    vertex 112.59008145544165 13.074380418036247 101.1877310000001
    vertex 112.24067574455324 13.028380283526486 97.18773100000008
    vertex 112.59008145544165 13.074380418036244 97.18773100000008
  endloop
endfacet
facet normal 0.13052619222005424 -0.99144486137381 5.503624563717502e-16
  outer loop
    vertex 112.24067574455324 13.028380283526486 97.18773100000008
    vertex 112.59008145544165 13.074380418036247 101.1877310000001
    vertex 112.24067574455324 13.028380283526488 101.1877310000001
  endloop
endfacet
facet normal -0.13052619222005424 -0.99144486137381 5.503624563717502e-16
  outer loop
    vertex 112.93948716633005 13.028380283526488 101.1877310000001
    vertex 112.59008145544165 13.074380418036244 97.18773100000008
    vertex 112.93948716633005 13.028380283526486 97.18773100000008
  endloop
endfacet
facet normal -0.13052619222005424 -0.99144486137381 5.503624563717502e-16
  outer loop
    vertex 112.59008145544165 13.074380418036244 97.18773100000008
    vertex 112.93948716633005 13.028380283526488 101.1877310000001
    vertex 112.59008145544165 13.074380418036247 101.1877310000001
  endloop
endfacet
facet normal 0.38268343236508173 0.9238795325112901 -5.1285616448698e-16
  outer loop
    vertex 111.91508145544165 10.555246122927237 101.1877310000001
    vertex 112.24067574455324 10.420380552545984 97.1877310000001
    vertex 111.91508145544165 10.555246122927237 97.1877310000001
  endloop
endfacet
facet normal 0.38268343236508173 0.9238795325112901 -5.1285616448698e-16
  outer loop
    vertex 112.24067574455324 10.420380552545984 97.1877310000001
    vertex 111.91508145544165 10.555246122927237 101.1877310000001
    vertex 112.24067574455324 10.420380552545987 101.1877310000001
  endloop
endfacet
facet normal 0.0 5.551115123125783e-16 1.0
  outer loop
    vertex 111.28608158995141 11.374974707147832 97.1877310000001
    vertex 111.28608158995141 12.073786128924638 97.18773100000008
    vertex 111.24008145544164 11.724380418036235 97.1877310000001
  endloop
endfacet
facet normal 0.0 5.551115123125783e-16 1.0
  outer loop
    vertex 111.28608158995141 12.073786128924638 97.18773100000008
    vertex 111.28608158995141 11.374974707147832 97.1877310000001
    vertex 111.42094716033264 11.04938041803623 97.1877310000001
  endloop
endfacet
facet normal 0.0 5.551115123125783e-16 1.0
  outer loop
    vertex 111.28608158995141 12.073786128924638 97.18773100000008
    vertex 111.42094716033264 11.04938041803623 97.1877310000001
    vertex 111.42094716033264 12.39938041803624 97.18773100000008
  endloop
endfacet
facet normal 0.0 5.551115123125783e-16 1.0
  outer loop
    vertex 111.42094716033264 12.39938041803624 97.18773100000008
    vertex 111.42094716033264 11.04938041803623 97.1877310000001
    vertex 111.6354873008398 10.76978626343439 97.1877310000001
  endloop
endfacet
facet normal 0.0 5.551115123125783e-16 1.0
  outer loop
    vertex 111.42094716033264 12.39938041803624 97.18773100000008
    vertex 111.6354873008398 10.76978626343439 97.1877310000001
    vertex 111.6354873008398 12.67897457263808 97.18773100000008
  endloop
endfacet
facet normal 0.0 5.551115123125783e-16 1.0
  outer loop
    vertex 111.6354873008398 12.67897457263808 97.18773100000008
    vertex 111.6354873008398 10.76978626343439 97.1877310000001
    vertex 111.91508145544165 10.555246122927237 97.1877310000001
  endloop
endfacet
facet normal 0.0 5.551115123125783e-16 1.0
  outer loop
    vertex 111.6354873008398 12.67897457263808 97.18773100000008
    vertex 111.91508145544165 10.555246122927237 97.1877310000001
    vertex 111.91508145544165 12.893514713145233 97.18773100000008
  endloop
endfacet
facet normal 0.0 5.551115123125783e-16 1.0
  outer loop
    vertex 111.91508145544165 12.893514713145233 97.18773100000008
    vertex 111.91508145544165 10.555246122927237 97.1877310000001
    vertex 112.24067574455324 10.420380552545984 97.1877310000001
  endloop
endfacet
facet normal 0.0 5.551115123125783e-16 1.0
  outer loop
    vertex 111.91508145544165 12.893514713145233 97.18773100000008
    vertex 112.24067574455324 10.420380552545984 97.1877310000001
    vertex 112.24067574455324 13.028380283526486 97.18773100000008
  endloop
endfacet
facet normal 0.0 5.551115123125783e-16 1.0
  outer loop
    vertex 112.24067574455324 13.028380283526486 97.18773100000008
    vertex 112.24067574455324 10.420380552545984 97.1877310000001
    vertex 112.59008145544165 10.374380418036226 97.1877310000001
  endloop
endfacet
facet normal 0.0 5.551115123125783e-16 1.0
  outer loop
    vertex 112.24067574455324 13.028380283526486 97.18773100000008
    vertex 112.59008145544165 10.374380418036226 97.1877310000001
    vertex 112.59008145544165 13.074380418036244 97.18773100000008
  endloop
endfacet
facet normal 0.0 5.551115123125783e-16 1.0
  outer loop
    vertex 112.59008145544165 13.074380418036244 97.18773100000008
    vertex 112.59008145544165 10.374380418036226 97.1877310000001
    vertex 112.93948716633005 10.420380552545984 97.1877310000001
  endloop
endfacet
facet normal 0.0 5.551115123125783e-16 1.0
  outer loop
    vertex 112.59008145544165 13.074380418036244 97.18773100000008
    vertex 112.93948716633005 10.420380552545984 97.1877310000001
    vertex 112.93948716633005 13.028380283526486 97.18773100000008
  endloop
endfacet
facet normal 0.0 5.551115123125783e-16 1.0
  outer loop
    vertex 112.93948716633005 13.028380283526486 97.18773100000008
    vertex 112.93948716633005 10.420380552545984 97.1877310000001
    vertex 113.26508145544166 10.555246122927237 97.1877310000001
  endloop
endfacet
facet normal 0.0 5.551115123125783e-16 1.0
  outer loop
    vertex 112.93948716633005 13.028380283526486 97.18773100000008
    vertex 113.26508145544166 10.555246122927237 97.1877310000001
    vertex 113.26508145544166 12.893514713145237 97.18773100000008
  endloop
endfacet
facet normal 0.0 5.551115123125783e-16 1.0
  outer loop
    vertex 113.26508145544166 12.893514713145237 97.18773100000008
    vertex 113.26508145544166 10.555246122927237 97.1877310000001
    vertex 113.5446756100435 10.76978626343439 97.1877310000001
  endloop
endfacet
facet normal 0.0 5.551115123125783e-16 1.0
  outer loop
    vertex 113.26508145544166 12.893514713145237 97.18773100000008
    vertex 113.5446756100435 10.76978626343439 97.1877310000001
    vertex 113.5446756100435 12.67897457263808 97.18773100000008
  endloop
endfacet
facet normal 0.0 5.551115123125783e-16 1.0
  outer loop
    vertex 113.5446756100435 12.67897457263808 97.18773100000008
    vertex 113.5446756100435 10.76978626343439 97.1877310000001
    vertex 113.75921575055065 11.04938041803623 97.1877310000001
  endloop
endfacet
facet normal 0.0 5.551115123125783e-16 1.0
  outer loop
    vertex 113.5446756100435 12.67897457263808 97.18773100000008
    vertex 113.75921575055065 11.04938041803623 97.1877310000001
    vertex 113.75921575055065 12.39938041803624 97.18773100000008
  endloop
endfacet
facet normal 0.0 5.551115123125783e-16 1.0
  outer loop
    vertex 113.75921575055065 12.39938041803624 97.18773100000008
    vertex 113.75921575055065 11.04938041803623 97.1877310000001
    vertex 113.89408132093189 11.374974707147832 97.1877310000001
  endloop
endfacet
facet normal 0.0 5.551115123125783e-16 1.0
  outer loop
    vertex 113.75921575055065 12.39938041803624 97.18773100000008
    vertex 113.89408132093189 11.374974707147832 97.1877310000001
    vertex 113.89408132093189 12.073786128924642 97.18773100000008
  endloop
endfacet
facet normal 0.0 5.551115123125783e-16 1.0
  outer loop
    vertex 113.89408132093189 12.073786128924642 97.18773100000008
    vertex 113.89408132093189 11.374974707147832 97.1877310000001
    vertex 113.94008145544166 11.724380418036235 97.1877310000001
  endloop
endfacet
facet normal 0.6087614290087214 -0.7933533402912346 4.4039957252730277e-16
  outer loop
    vertex 111.91508145544165 12.893514713145237 101.1877310000001
    vertex 111.6354873008398 12.67897457263808 97.18773100000008
    vertex 111.91508145544165 12.893514713145233 97.18773100000008
  endloop
endfacet
facet normal 0.6087614290087214 -0.7933533402912346 4.4039957252730277e-16
  outer loop
    vertex 111.6354873008398 12.67897457263808 97.18773100000008
    vertex 111.91508145544165 12.893514713145237 101.1877310000001
    vertex 111.6354873008398 12.678974572638083 101.1877310000001
  endloop
endfacet
facet normal 0.38268343236508523 -0.9238795325112887 5.128561644869793e-16
  outer loop
    vertex 112.24067574455324 13.028380283526488 101.1877310000001
    vertex 111.91508145544165 12.893514713145233 97.18773100000008
    vertex 112.24067574455324 13.028380283526486 97.18773100000008
  endloop
endfacet
facet normal 0.38268343236508523 -0.9238795325112887 5.128561644869793e-16
  outer loop
    vertex 111.91508145544165 12.893514713145233 97.18773100000008
    vertex 112.24067574455324 13.028380283526488 101.1877310000001
    vertex 111.91508145544165 12.893514713145237 101.1877310000001
  endloop
endfacet
facet normal 0.9914448613738074 0.13052619222007525 -7.245659195968826e-17
  outer loop
    vertex 111.24008145544164 11.724380418036235 97.1877310000001
    vertex 111.28608158995141 11.374974707147832 101.1877310000001
    vertex 111.28608158995141 11.374974707147832 97.1877310000001
  endloop
endfacet
facet normal 0.9914448613738074 0.13052619222007525 -7.245659195968826e-17
  outer loop
    vertex 111.28608158995141 11.374974707147832 101.1877310000001
    vertex 111.24008145544164 11.724380418036235 97.1877310000001
    vertex 111.24008145544164 11.724380418036239 101.1877310000001
  endloop
endfacet
facet normal 0.6087614290087239 0.7933533402912326 -4.403995725273017e-16
  outer loop
    vertex 111.6354873008398 10.769786263434392 101.1877310000001
    vertex 111.91508145544165 10.555246122927237 97.1877310000001
    vertex 111.6354873008398 10.76978626343439 97.1877310000001
  endloop
endfacet
facet normal 0.6087614290087239 0.7933533402912326 -4.403995725273017e-16
  outer loop
    vertex 111.91508145544165 10.555246122927237 97.1877310000001
    vertex 111.6354873008398 10.769786263434392 101.1877310000001
    vertex 111.91508145544165 10.555246122927237 101.1877310000001
  endloop
endfacet
facet normal 1.0 -0.0 -0.0
  outer loop
    vertex 114.76948345544164 13.903782418036204 41.8431290000001
    vertex 114.76948345544164 9.544978418036237 101.1877310000001
    vertex 114.76948345544164 9.544978418036203 41.8431290000001
  endloop
endfacet
facet normal 1.0 -0.0 -0.0
  outer loop
    vertex 114.76948345544164 9.544978418036237 101.1877310000001
    vertex 114.76948345544164 13.903782418036204 41.8431290000001
    vertex 114.76948345544164 13.903782418036238 101.1877310000001
  endloop
endfacet
facet normal 0.9914448613738073 -0.13052619222007575 7.245659195968854e-17
  outer loop
    vertex 111.28608158995141 12.073786128924638 97.18773100000008
    vertex 111.24008145544164 11.724380418036239 101.1877310000001
    vertex 111.24008145544164 11.724380418036235 97.1877310000001
  endloop
endfacet
facet normal 0.9914448613738073 -0.13052619222007575 7.245659195968854e-17
  outer loop
    vertex 111.24008145544164 11.724380418036239 101.1877310000001
    vertex 111.28608158995141 12.073786128924638 97.18773100000008
    vertex 111.28608158995141 12.073786128924642 101.1877310000001
  endloop
endfacet
facet normal 0.13052619222005424 0.99144486137381 -5.503624563717502e-16
  outer loop
    vertex 112.24067574455324 10.420380552545987 101.1877310000001
    vertex 112.59008145544165 10.374380418036226 97.1877310000001
    vertex 112.24067574455324 10.420380552545984 97.1877310000001
  endloop
endfacet
facet normal 0.13052619222005424 0.99144486137381 -5.503624563717502e-16
  outer loop
    vertex 112.59008145544165 10.374380418036226 97.1877310000001
    vertex 112.24067574455324 10.420380552545987 101.1877310000001
    vertex 112.59008145544165 10.374380418036228 101.1877310000001
  endloop
endfacet
facet normal -0.13052619222005424 0.99144486137381 -5.503624563717502e-16
  outer loop
    vertex 112.59008145544165 10.374380418036228 101.1877310000001
    vertex 112.93948716633005 10.420380552545984 97.1877310000001
    vertex 112.59008145544165 10.374380418036226 97.1877310000001
  endloop
endfacet
facet normal -0.13052619222005424 0.99144486137381 -5.503624563717502e-16
  outer loop
    vertex 112.93948716633005 10.420380552545984 97.1877310000001
    vertex 112.59008145544165 10.374380418036228 101.1877310000001
    vertex 112.93948716633005 10.420380552545987 101.1877310000001
  endloop
endfacet
facet normal -0.38268343236508173 0.9238795325112901 -5.1285616448698e-16
  outer loop
    vertex 112.93948716633005 10.420380552545987 101.1877310000001
    vertex 113.26508145544166 10.555246122927237 97.1877310000001
    vertex 112.93948716633005 10.420380552545984 97.1877310000001
  endloop
endfacet
facet normal -0.38268343236508173 0.9238795325112901 -5.1285616448698e-16
  outer loop
    vertex 113.26508145544166 10.555246122927237 97.1877310000001
    vertex 112.93948716633005 10.420380552545987 101.1877310000001
    vertex 113.26508145544166 10.555246122927237 101.1877310000001
  endloop
endfacet
facet normal 0.9238795325113056 0.3826834323650445 -2.124319788771281e-16
  outer loop
    vertex 111.28608158995141 11.374974707147832 97.1877310000001
    vertex 111.42094716033264 11.049380418036234 101.1877310000001
    vertex 111.42094716033264 11.04938041803623 97.1877310000001
  endloop
endfacet
facet normal 0.9238795325113056 0.3826834323650445 -2.124319788771281e-16
  outer loop
    vertex 111.42094716033264 11.049380418036234 101.1877310000001
    vertex 111.28608158995141 11.374974707147832 97.1877310000001
    vertex 111.28608158995141 11.374974707147832 101.1877310000001
  endloop
endfacet
facet normal 0.7933533402912187 -0.6087614290087422 3.3793047749460914e-16
  outer loop
    vertex 111.6354873008398 12.67897457263808 97.18773100000008
    vertex 111.42094716033264 12.399380418036243 101.1877310000001
    vertex 111.42094716033264 12.39938041803624 97.18773100000008
  endloop
endfacet
facet normal 0.7933533402912187 -0.6087614290087422 3.3793047749460914e-16
  outer loop
    vertex 111.42094716033264 12.399380418036243 101.1877310000001
    vertex 111.6354873008398 12.67897457263808 97.18773100000008
    vertex 111.6354873008398 12.678974572638083 101.1877310000001
  endloop
endfacet
facet normal 0.9238795325113061 -0.38268343236504304 2.124319788771273e-16
  outer loop
    vertex 111.42094716033264 12.39938041803624 97.18773100000008
    vertex 111.28608158995141 12.073786128924642 101.1877310000001
    vertex 111.28608158995141 12.073786128924638 97.18773100000008
  endloop
endfacet
facet normal 0.9238795325113061 -0.38268343236504304 2.124319788771273e-16
  outer loop
    vertex 111.28608158995141 12.073786128924642 101.1877310000001
    vertex 111.42094716033264 12.39938041803624 97.18773100000008
    vertex 111.42094716033264 12.399380418036243 101.1877310000001
  endloop
endfacet
facet normal 0.7933533402912187 0.6087614290087422 -3.3793047749460914e-16
  outer loop
    vertex 111.42094716033264 11.04938041803623 97.1877310000001
    vertex 111.6354873008398 10.769786263434392 101.1877310000001
    vertex 111.6354873008398 10.76978626343439 97.1877310000001
  endloop
endfacet
facet normal 0.7933533402912187 0.6087614290087422 -3.3793047749460914e-16
  outer loop
    vertex 111.6354873008398 10.769786263434392 101.1877310000001
    vertex 111.42094716033264 11.04938041803623 97.1877310000001
    vertex 111.42094716033264 11.049380418036234 101.1877310000001
  endloop
endfacet
facet normal -1.0 0.0 0.0
  outer loop
    vertex 110.41067945544165 9.544978418036237 101.1877310000001
    vertex 110.41067945544165 13.903782418036204 41.8431290000001
    vertex 110.41067945544165 9.544978418036203 41.8431290000001
  endloop
endfacet
facet normal -1.0 0.0 0.0
  outer loop
    vertex 110.41067945544165 13.903782418036204 41.8431290000001
    vertex 110.41067945544165 9.544978418036237 101.1877310000001
    vertex 110.41067945544165 13.903782418036238 101.1877310000001
  endloop
endfacet
facet normal -0.6087614290087239 -0.7933533402912326 4.403995725273017e-16
  outer loop
    vertex 113.5446756100435 12.678974572638083 101.1877310000001
    vertex 113.26508145544166 12.893514713145237 97.18773100000008
    vertex 113.5446756100435 12.67897457263808 97.18773100000008
  endloop
endfacet
facet normal -0.6087614290087239 -0.7933533402912326 4.403995725273017e-16
  outer loop
    vertex 113.26508145544166 12.893514713145237 97.18773100000008
    vertex 113.5446756100435 12.678974572638083 101.1877310000001
    vertex 113.26508145544166 12.893514713145237 101.1877310000001
  endloop
endfacet
facet normal -0.9914448613738074 0.13052619222007525 -7.245659195968826e-17
  outer loop
    vertex 113.89408132093189 11.374974707147832 101.1877310000001
    vertex 113.94008145544166 11.724380418036235 97.1877310000001
    vertex 113.89408132093189 11.374974707147832 97.1877310000001
  endloop
endfacet
facet normal -0.9914448613738074 0.13052619222007525 -7.245659195968826e-17
  outer loop
    vertex 113.94008145544166 11.724380418036235 97.1877310000001
    vertex 113.89408132093189 11.374974707147832 101.1877310000001
    vertex 113.94008145544166 11.724380418036239 101.1877310000001
  endloop
endfacet
facet normal -0.6087614290087239 0.7933533402912326 -4.403995725273017e-16
  outer loop
    vertex 113.26508145544166 10.555246122927237 101.1877310000001
    vertex 113.5446756100435 10.76978626343439 97.1877310000001
    vertex 113.26508145544166 10.555246122927237 97.1877310000001
  endloop
endfacet
facet normal -0.6087614290087239 0.7933533402912326 -4.403995725273017e-16
  outer loop
    vertex 113.5446756100435 10.76978626343439 97.1877310000001
    vertex 113.26508145544166 10.555246122927237 101.1877310000001
    vertex 113.5446756100435 10.769786263434392 101.1877310000001
  endloop
endfacet
facet normal -0.38268343236508173 -0.9238795325112901 5.1285616448698e-16
  outer loop
    vertex 113.26508145544166 12.893514713145237 101.1877310000001
    vertex 112.93948716633005 13.028380283526486 97.18773100000008
    vertex 113.26508145544166 12.893514713145237 97.18773100000008
  endloop
endfacet
facet normal -0.38268343236508173 -0.9238795325112901 5.1285616448698e-16
  outer loop
    vertex 112.93948716633005 13.028380283526486 97.18773100000008
    vertex 113.26508145544166 12.893514713145237 101.1877310000001
    vertex 112.93948716633005 13.028380283526488 101.1877310000001
  endloop
endfacet
facet normal 0.0 5.551115123125783e-16 1.0
  outer loop
    vertex 118.71848958995142 11.374974707147832 97.1877310000001
    vertex 118.71848958995142 12.073786128924638 97.18773100000008
    vertex 118.67248945544165 11.724380418036235 97.1877310000001
  endloop
endfacet
facet normal 0.0 5.551115123125783e-16 1.0
  outer loop
    vertex 118.71848958995142 12.073786128924638 97.18773100000008
    vertex 118.71848958995142 11.374974707147832 97.1877310000001
    vertex 118.85335516033264 11.04938041803623 97.1877310000001
  endloop
endfacet
facet normal 0.0 5.551115123125783e-16 1.0
  outer loop
    vertex 118.71848958995142 12.073786128924638 97.18773100000008
    vertex 118.85335516033264 11.04938041803623 97.1877310000001
    vertex 118.85335516033264 12.39938041803624 97.18773100000008
  endloop
endfacet
facet normal 0.0 5.551115123125783e-16 1.0
  outer loop
    vertex 118.85335516033264 12.39938041803624 97.18773100000008
    vertex 118.85335516033264 11.04938041803623 97.1877310000001
    vertex 119.06789530083981 10.76978626343439 97.1877310000001
  endloop
endfacet
facet normal 0.0 5.551115123125783e-16 1.0
  outer loop
    vertex 118.85335516033264 12.39938041803624 97.18773100000008
    vertex 119.06789530083981 10.76978626343439 97.1877310000001
    vertex 119.06789530083981 12.67897457263808 97.18773100000008
  endloop
endfacet
facet normal 0.0 5.551115123125783e-16 1.0
  outer loop
    vertex 119.06789530083981 12.67897457263808 97.18773100000008
    vertex 119.06789530083981 10.76978626343439 97.1877310000001
    vertex 119.34748945544165 10.555246122927237 97.1877310000001
  endloop
endfacet
facet normal 0.0 5.551115123125783e-16 1.0
  outer loop
    vertex 119.06789530083981 12.67897457263808 97.18773100000008
    vertex 119.34748945544165 10.555246122927237 97.1877310000001
    vertex 119.34748945544165 12.893514713145233 97.18773100000008
  endloop
endfacet
facet normal 0.0 5.551115123125783e-16 1.0
  outer loop
    vertex 119.34748945544165 12.893514713145233 97.18773100000008
    vertex 119.34748945544165 10.555246122927237 97.1877310000001
    vertex 119.67308374455325 10.420380552545984 97.1877310000001
  endloop
endfacet
facet normal 0.0 5.551115123125783e-16 1.0
  outer loop
    vertex 119.34748945544165 12.893514713145233 97.18773100000008
    vertex 119.67308374455325 10.420380552545984 97.1877310000001
    vertex 119.67308374455325 13.028380283526486 97.18773100000008
  endloop
endfacet
facet normal 0.0 5.551115123125783e-16 1.0
  outer loop
    vertex 119.67308374455325 13.028380283526486 97.18773100000008
    vertex 119.67308374455325 10.420380552545984 97.1877310000001
    vertex 120.02248945544166 10.374380418036226 97.1877310000001
  endloop
endfacet
facet normal 0.0 5.551115123125783e-16 1.0
  outer loop
    vertex 119.67308374455325 13.028380283526486 97.18773100000008
    vertex 120.02248945544166 10.374380418036226 97.1877310000001
    vertex 120.02248945544166 13.074380418036244 97.18773100000008
  endloop
endfacet
facet normal 0.0 5.551115123125783e-16 1.0
  outer loop
    vertex 120.02248945544166 13.074380418036244 97.18773100000008
    vertex 120.02248945544166 10.374380418036226 97.1877310000001
    vertex 120.37189516633005 10.420380552545984 97.1877310000001
  endloop
endfacet
facet normal 0.0 5.551115123125783e-16 1.0
  outer loop
    vertex 120.02248945544166 13.074380418036244 97.18773100000008
    vertex 120.37189516633005 10.420380552545984 97.1877310000001
    vertex 120.37189516633005 13.028380283526486 97.18773100000008
  endloop
endfacet
facet normal 0.0 5.551115123125783e-16 1.0
  outer loop
    vertex 120.37189516633005 13.028380283526486 97.18773100000008
    vertex 120.37189516633005 10.420380552545984 97.1877310000001
    vertex 120.69748945544166 10.555246122927237 97.1877310000001
  endloop
endfacet
facet normal 0.0 5.551115123125783e-16 1.0
  outer loop
    vertex 120.37189516633005 13.028380283526486 97.18773100000008
    vertex 120.69748945544166 10.555246122927237 97.1877310000001
    vertex 120.69748945544166 12.893514713145237 97.18773100000008
  endloop
endfacet
facet normal 0.0 5.551115123125783e-16 1.0
  outer loop
    vertex 120.69748945544166 12.893514713145237 97.18773100000008
    vertex 120.69748945544166 10.555246122927237 97.1877310000001
    vertex 120.97708361004351 10.76978626343439 97.1877310000001
  endloop
endfacet
facet normal 0.0 5.551115123125783e-16 1.0
  outer loop
    vertex 120.69748945544166 12.893514713145237 97.18773100000008
    vertex 120.97708361004351 10.76978626343439 97.1877310000001
    vertex 120.97708361004351 12.67897457263808 97.18773100000008
  endloop
endfacet
facet normal 0.0 5.551115123125783e-16 1.0
  outer loop
    vertex 120.97708361004351 12.67897457263808 97.18773100000008
    vertex 120.97708361004351 10.76978626343439 97.1877310000001
    vertex 121.19162375055066 11.04938041803623 97.1877310000001
  endloop
endfacet
facet normal 0.0 5.551115123125783e-16 1.0
  outer loop
    vertex 120.97708361004351 12.67897457263808 97.18773100000008
    vertex 121.19162375055066 11.04938041803623 97.1877310000001
    vertex 121.19162375055066 12.39938041803624 97.18773100000008
  endloop
endfacet
facet normal 0.0 5.551115123125783e-16 1.0
  outer loop
    vertex 121.19162375055066 12.39938041803624 97.18773100000008
    vertex 121.19162375055066 11.04938041803623 97.1877310000001
    vertex 121.3264893209319 11.374974707147832 97.1877310000001
  endloop
endfacet
facet normal 0.0 5.551115123125783e-16 1.0
  outer loop
    vertex 121.19162375055066 12.39938041803624 97.18773100000008
    vertex 121.3264893209319 11.374974707147832 97.1877310000001
    vertex 121.3264893209319 12.073786128924642 97.18773100000008
  endloop
endfacet
facet normal 0.0 5.551115123125783e-16 1.0
  outer loop
    vertex 121.3264893209319 12.073786128924642 97.18773100000008
    vertex 121.3264893209319 11.374974707147832 97.1877310000001
    vertex 121.37248945544167 11.724380418036235 97.1877310000001
  endloop
endfacet
facet normal -0.9914448613738075 -0.13052619222007472 7.245659195968796e-17
  outer loop
    vertex 113.94008145544166 11.724380418036239 101.1877310000001
    vertex 113.89408132093189 12.073786128924642 97.18773100000008
    vertex 113.94008145544166 11.724380418036235 97.1877310000001
  endloop
endfacet
facet normal -0.9914448613738075 -0.13052619222007472 7.245659195968796e-17
  outer loop
    vertex 113.89408132093189 12.073786128924642 97.18773100000008
    vertex 113.94008145544166 11.724380418036239 101.1877310000001
    vertex 113.89408132093189 12.073786128924645 101.1877310000001
  endloop
endfacet
facet normal -0.9914448613738074 0.13052619222007525 -7.245659195968826e-17
  outer loop
    vertex 121.3264893209319 11.374974707147832 101.1877310000001
    vertex 121.37248945544167 11.724380418036235 97.1877310000001
    vertex 121.3264893209319 11.374974707147832 97.1877310000001
  endloop
endfacet
facet normal -0.9914448613738074 0.13052619222007525 -7.245659195968826e-17
  outer loop
    vertex 121.37248945544167 11.724380418036235 97.1877310000001
    vertex 121.3264893209319 11.374974707147832 101.1877310000001
    vertex 121.37248945544167 11.724380418036239 101.1877310000001
  endloop
endfacet
facet normal -0.7933533402912187 -0.6087614290087422 3.3793047749460914e-16
  outer loop
    vertex 121.19162375055066 12.399380418036243 101.1877310000001
    vertex 120.97708361004351 12.67897457263808 97.18773100000008
    vertex 121.19162375055066 12.39938041803624 97.18773100000008
  endloop
endfacet
facet normal -0.7933533402912187 -0.6087614290087422 3.3793047749460914e-16
  outer loop
    vertex 120.97708361004351 12.67897457263808 97.18773100000008
    vertex 121.19162375055066 12.399380418036243 101.1877310000001
    vertex 120.97708361004351 12.678974572638083 101.1877310000001
  endloop
endfacet
facet normal -0.7933533402912187 0.6087614290087422 -3.3793047749460914e-16
  outer loop
    vertex 113.5446756100435 10.769786263434392 101.1877310000001
    vertex 113.75921575055065 11.04938041803623 97.1877310000001
    vertex 113.5446756100435 10.76978626343439 97.1877310000001
  endloop
endfacet
facet normal -0.7933533402912187 0.6087614290087422 -3.3793047749460914e-16
  outer loop
    vertex 113.75921575055065 11.04938041803623 97.1877310000001
    vertex 113.5446756100435 10.769786263434392 101.1877310000001
    vertex 113.75921575055065 11.049380418036234 101.1877310000001
  endloop
endfacet
facet normal -0.6087614290087239 -0.7933533402912326 4.403995725273017e-16
  outer loop
    vertex 120.97708361004351 12.678974572638083 101.1877310000001
    vertex 120.69748945544166 12.893514713145237 97.18773100000008
    vertex 120.97708361004351 12.67897457263808 97.18773100000008
  endloop
endfacet
facet normal -0.6087614290087239 -0.7933533402912326 4.403995725273017e-16
  outer loop
    vertex 120.69748945544166 12.893514713145237 97.18773100000008
    vertex 120.97708361004351 12.678974572638083 101.1877310000001
    vertex 120.69748945544166 12.893514713145237 101.1877310000001
  endloop
endfacet
facet normal -0.38268343236508173 -0.9238795325112901 5.1285616448698e-16
  outer loop
    vertex 120.69748945544166 12.893514713145237 101.1877310000001
    vertex 120.37189516633005 13.028380283526486 97.18773100000008
    vertex 120.69748945544166 12.893514713145237 97.18773100000008
  endloop
endfacet
facet normal -0.38268343236508173 -0.9238795325112901 5.1285616448698e-16
  outer loop
    vertex 120.37189516633005 13.028380283526486 97.18773100000008
    vertex 120.69748945544166 12.893514713145237 101.1877310000001
    vertex 120.37189516633005 13.028380283526488 101.1877310000001
  endloop
endfacet
facet normal -0.13052619222005424 -0.99144486137381 5.503624563717502e-16
  outer loop
    vertex 120.37189516633005 13.028380283526488 101.1877310000001
    vertex 120.02248945544166 13.074380418036244 97.18773100000008
    vertex 120.37189516633005 13.028380283526486 97.18773100000008
  endloop
endfacet
facet normal -0.13052619222005424 -0.99144486137381 5.503624563717502e-16
  outer loop
    vertex 120.02248945544166 13.074380418036244 97.18773100000008
    vertex 120.37189516633005 13.028380283526488 101.1877310000001
    vertex 120.02248945544166 13.074380418036247 101.1877310000001
  endloop
endfacet
facet normal 0.13052619222005424 -0.99144486137381 5.503624563717502e-16
  outer loop
    vertex 120.02248945544166 13.074380418036247 101.1877310000001
    vertex 119.67308374455325 13.028380283526486 97.18773100000008
    vertex 120.02248945544166 13.074380418036244 97.18773100000008
  endloop
endfacet
facet normal 0.13052619222005424 -0.99144486137381 5.503624563717502e-16
  outer loop
    vertex 119.67308374455325 13.028380283526486 97.18773100000008
    vertex 120.02248945544166 13.074380418036247 101.1877310000001
    vertex 119.67308374455325 13.028380283526488 101.1877310000001
  endloop
endfacet
facet normal 0.6087614290087214 -0.7933533402912346 4.4039957252730277e-16
  outer loop
    vertex 119.34748945544165 12.893514713145237 101.1877310000001
    vertex 119.06789530083981 12.67897457263808 97.18773100000008
    vertex 119.34748945544165 12.893514713145233 97.18773100000008
  endloop
endfacet
facet normal 0.6087614290087214 -0.7933533402912346 4.4039957252730277e-16
  outer loop
    vertex 119.06789530083981 12.67897457263808 97.18773100000008
    vertex 119.34748945544165 12.893514713145237 101.1877310000001
    vertex 119.06789530083981 12.678974572638083 101.1877310000001
  endloop
endfacet
facet normal -0.7933533402912187 -0.6087614290087422 3.3793047749460914e-16
  outer loop
    vertex 113.75921575055065 12.399380418036243 101.1877310000001
    vertex 113.5446756100435 12.67897457263808 97.18773100000008
    vertex 113.75921575055065 12.39938041803624 97.18773100000008
  endloop
endfacet
facet normal -0.7933533402912187 -0.6087614290087422 3.3793047749460914e-16
  outer loop
    vertex 113.5446756100435 12.67897457263808 97.18773100000008
    vertex 113.75921575055065 12.399380418036243 101.1877310000001
    vertex 113.5446756100435 12.678974572638083 101.1877310000001
  endloop
endfacet
facet normal -0.9238795325113056 0.3826834323650445 -2.124319788771281e-16
  outer loop
    vertex 113.75921575055065 11.049380418036234 101.1877310000001
    vertex 113.89408132093189 11.374974707147832 97.1877310000001
    vertex 113.75921575055065 11.04938041803623 97.1877310000001
  endloop
endfacet
facet normal -0.9238795325113056 0.3826834323650445 -2.124319788771281e-16
  outer loop
    vertex 113.89408132093189 11.374974707147832 97.1877310000001
    vertex 113.75921575055065 11.049380418036234 101.1877310000001
    vertex 113.89408132093189 11.374974707147832 101.1877310000001
  endloop
endfacet
facet normal -0.9238795325113051 -0.3826834323650459 2.1243197887712888e-16
  outer loop
    vertex 113.89408132093189 12.073786128924645 101.1877310000001
    vertex 113.75921575055065 12.39938041803624 97.18773100000008
    vertex 113.89408132093189 12.073786128924642 97.18773100000008
  endloop
endfacet
facet normal -0.9238795325113051 -0.3826834323650459 2.1243197887712888e-16
  outer loop
    vertex 113.75921575055065 12.39938041803624 97.18773100000008
    vertex 113.89408132093189 12.073786128924645 101.1877310000001
    vertex 113.75921575055065 12.399380418036243 101.1877310000001
  endloop
endfacet
facet normal -0.9914448613738075 -0.13052619222007472 7.245659195968796e-17
  outer loop
    vertex 121.37248945544167 11.724380418036239 101.1877310000001
    vertex 121.3264893209319 12.073786128924642 97.18773100000008
    vertex 121.37248945544167 11.724380418036235 97.1877310000001
  endloop
endfacet
facet normal -0.9914448613738075 -0.13052619222007472 7.245659195968796e-17
  outer loop
    vertex 121.3264893209319 12.073786128924642 97.18773100000008
    vertex 121.37248945544167 11.724380418036239 101.1877310000001
    vertex 121.3264893209319 12.073786128924645 101.1877310000001
  endloop
endfacet
facet normal -0.9238795325113051 -0.3826834323650459 2.1243197887712888e-16
  outer loop
    vertex 121.3264893209319 12.073786128924645 101.1877310000001
    vertex 121.19162375055066 12.39938041803624 97.18773100000008
    vertex 121.3264893209319 12.073786128924642 97.18773100000008
  endloop
endfacet
facet normal -0.9238795325113051 -0.3826834323650459 2.1243197887712888e-16
  outer loop
    vertex 121.19162375055066 12.39938041803624 97.18773100000008
    vertex 121.3264893209319 12.073786128924645 101.1877310000001
    vertex 121.19162375055066 12.399380418036243 101.1877310000001
  endloop
endfacet
facet normal 0.38268343236508523 -0.9238795325112887 5.128561644869793e-16
  outer loop
    vertex 119.67308374455325 13.028380283526488 101.1877310000001
    vertex 119.34748945544165 12.893514713145233 97.18773100000008
    vertex 119.67308374455325 13.028380283526486 97.18773100000008
  endloop
endfacet
facet normal 0.38268343236508523 -0.9238795325112887 5.128561644869793e-16
  outer loop
    vertex 119.34748945544165 12.893514713145233 97.18773100000008
    vertex 119.67308374455325 13.028380283526488 101.1877310000001
    vertex 119.34748945544165 12.893514713145237 101.1877310000001
  endloop
endfacet
facet normal -0.9238795325113056 0.3826834323650445 -2.124319788771281e-16
  outer loop
    vertex 121.19162375055066 11.049380418036234 101.1877310000001
    vertex 121.3264893209319 11.374974707147832 97.1877310000001
    vertex 121.19162375055066 11.04938041803623 97.1877310000001
  endloop
endfacet
facet normal -0.9238795325113056 0.3826834323650445 -2.124319788771281e-16
  outer loop
    vertex 121.3264893209319 11.374974707147832 97.1877310000001
    vertex 121.19162375055066 11.049380418036234 101.1877310000001
    vertex 121.3264893209319 11.374974707147832 101.1877310000001
  endloop
endfacet
facet normal 0.9238795325113061 -0.38268343236504304 2.124319788771273e-16
  outer loop
    vertex 118.85335516033264 12.39938041803624 97.18773100000008
    vertex 118.71848958995142 12.073786128924642 101.1877310000001
    vertex 118.71848958995142 12.073786128924638 97.18773100000008
  endloop
endfacet
facet normal 0.9238795325113061 -0.38268343236504304 2.124319788771273e-16
  outer loop
    vertex 118.71848958995142 12.073786128924642 101.1877310000001
    vertex 118.85335516033264 12.39938041803624 97.18773100000008
    vertex 118.85335516033264 12.399380418036243 101.1877310000001
  endloop
endfacet
facet normal 0.9914448613738074 0.13052619222007525 -7.245659195968826e-17
  outer loop
    vertex 118.67248945544165 11.724380418036235 97.1877310000001
    vertex 118.71848958995142 11.374974707147832 101.1877310000001
    vertex 118.71848958995142 11.374974707147832 97.1877310000001
  endloop
endfacet
facet normal 0.9914448613738074 0.13052619222007525 -7.245659195968826e-17
  outer loop
    vertex 118.71848958995142 11.374974707147832 101.1877310000001
    vertex 118.67248945544165 11.724380418036235 97.1877310000001
    vertex 118.67248945544165 11.724380418036239 101.1877310000001
  endloop
endfacet
facet normal 0.6087614290087239 0.7933533402912326 -4.403995725273017e-16
  outer loop
    vertex 119.06789530083981 10.769786263434392 101.1877310000001
    vertex 119.34748945544165 10.555246122927237 97.1877310000001
    vertex 119.06789530083981 10.76978626343439 97.1877310000001
  endloop
endfacet
facet normal 0.6087614290087239 0.7933533402912326 -4.403995725273017e-16
  outer loop
    vertex 119.34748945544165 10.555246122927237 97.1877310000001
    vertex 119.06789530083981 10.769786263434392 101.1877310000001
    vertex 119.34748945544165 10.555246122927237 101.1877310000001
  endloop
endfacet
facet normal -0.6087614290087239 0.7933533402912326 -4.403995725273017e-16
  outer loop
    vertex 120.69748945544166 10.555246122927237 101.1877310000001
    vertex 120.97708361004351 10.76978626343439 97.1877310000001
    vertex 120.69748945544166 10.555246122927237 97.1877310000001
  endloop
endfacet
facet normal -0.6087614290087239 0.7933533402912326 -4.403995725273017e-16
  outer loop
    vertex 120.97708361004351 10.76978626343439 97.1877310000001
    vertex 120.69748945544166 10.555246122927237 101.1877310000001
    vertex 120.97708361004351 10.769786263434392 101.1877310000001
  endloop
endfacet
facet normal -0.13052619222005424 0.99144486137381 -5.503624563717502e-16
  outer loop
    vertex 120.02248945544166 10.374380418036228 101.1877310000001
    vertex 120.37189516633005 10.420380552545984 97.1877310000001
    vertex 120.02248945544166 10.374380418036226 97.1877310000001
  endloop
endfacet
facet normal -0.13052619222005424 0.99144486137381 -5.503624563717502e-16
  outer loop
    vertex 120.37189516633005 10.420380552545984 97.1877310000001
    vertex 120.02248945544166 10.374380418036228 101.1877310000001
    vertex 120.37189516633005 10.420380552545987 101.1877310000001
  endloop
endfacet
facet normal -0.38268343236508173 0.9238795325112901 -5.1285616448698e-16
  outer loop
    vertex 120.37189516633005 10.420380552545987 101.1877310000001
    vertex 120.69748945544166 10.555246122927237 97.1877310000001
    vertex 120.37189516633005 10.420380552545984 97.1877310000001
  endloop
endfacet
facet normal -0.38268343236508173 0.9238795325112901 -5.1285616448698e-16
  outer loop
    vertex 120.69748945544166 10.555246122927237 97.1877310000001
    vertex 120.37189516633005 10.420380552545987 101.1877310000001
    vertex 120.69748945544166 10.555246122927237 101.1877310000001
  endloop
endfacet
facet normal 0.9238795325113056 0.3826834323650445 -2.124319788771281e-16
  outer loop
    vertex 118.71848958995142 11.374974707147832 97.1877310000001
    vertex 118.85335516033264 11.049380418036234 101.1877310000001
    vertex 118.85335516033264 11.04938041803623 97.1877310000001
  endloop
endfacet
facet normal 0.9238795325113056 0.3826834323650445 -2.124319788771281e-16
  outer loop
    vertex 118.85335516033264 11.049380418036234 101.1877310000001
    vertex 118.71848958995142 11.374974707147832 97.1877310000001
    vertex 118.71848958995142 11.374974707147832 101.1877310000001
  endloop
endfacet
facet normal -0.7933533402912187 0.6087614290087422 -3.3793047749460914e-16
  outer loop
    vertex 120.97708361004351 10.769786263434392 101.1877310000001
    vertex 121.19162375055066 11.04938041803623 97.1877310000001
    vertex 120.97708361004351 10.76978626343439 97.1877310000001
  endloop
endfacet
facet normal -0.7933533402912187 0.6087614290087422 -3.3793047749460914e-16
  outer loop
    vertex 121.19162375055066 11.04938041803623 97.1877310000001
    vertex 120.97708361004351 10.769786263434392 101.1877310000001
    vertex 121.19162375055066 11.049380418036234 101.1877310000001
  endloop
endfacet
facet normal 0.9914448613738073 -0.13052619222007575 7.245659195968854e-17
  outer loop
    vertex 118.71848958995142 12.073786128924638 97.18773100000008
    vertex 118.67248945544165 11.724380418036239 101.1877310000001
    vertex 118.67248945544165 11.724380418036235 97.1877310000001
  endloop
endfacet
facet normal 0.9914448613738073 -0.13052619222007575 7.245659195968854e-17
  outer loop
    vertex 118.67248945544165 11.724380418036239 101.1877310000001
    vertex 118.71848958995142 12.073786128924638 97.18773100000008
    vertex 118.71848958995142 12.073786128924642 101.1877310000001
  endloop
endfacet
facet normal 0.13052619222005424 0.99144486137381 -5.503624563717502e-16
  outer loop
    vertex 119.67308374455325 10.420380552545987 101.1877310000001
    vertex 120.02248945544166 10.374380418036226 97.1877310000001
    vertex 119.67308374455325 10.420380552545984 97.1877310000001
  endloop
endfacet
facet normal 0.13052619222005424 0.99144486137381 -5.503624563717502e-16
  outer loop
    vertex 120.02248945544166 10.374380418036226 97.1877310000001
    vertex 119.67308374455325 10.420380552545987 101.1877310000001
    vertex 120.02248945544166 10.374380418036228 101.1877310000001
  endloop
endfacet
facet normal 0.7933533402912187 -0.6087614290087422 3.3793047749460914e-16
  outer loop
    vertex 119.06789530083981 12.67897457263808 97.18773100000008
    vertex 118.85335516033264 12.399380418036243 101.1877310000001
    vertex 118.85335516033264 12.39938041803624 97.18773100000008
  endloop
endfacet
facet normal 0.7933533402912187 -0.6087614290087422 3.3793047749460914e-16
  outer loop
    vertex 118.85335516033264 12.399380418036243 101.1877310000001
    vertex 119.06789530083981 12.67897457263808 97.18773100000008
    vertex 119.06789530083981 12.678974572638083 101.1877310000001
  endloop
endfacet
facet normal 0.38268343236508173 0.9238795325112901 -5.1285616448698e-16
  outer loop
    vertex 119.34748945544165 10.555246122927237 101.1877310000001
    vertex 119.67308374455325 10.420380552545984 97.1877310000001
    vertex 119.34748945544165 10.555246122927237 97.1877310000001
  endloop
endfacet
facet normal 0.38268343236508173 0.9238795325112901 -5.1285616448698e-16
  outer loop
    vertex 119.67308374455325 10.420380552545984 97.1877310000001
    vertex 119.34748945544165 10.555246122927237 101.1877310000001
    vertex 119.67308374455325 10.420380552545987 101.1877310000001
  endloop
endfacet
facet normal 0.7933533402912187 0.6087614290087422 -3.3793047749460914e-16
  outer loop
    vertex 118.85335516033264 11.04938041803623 97.1877310000001
    vertex 119.06789530083981 10.769786263434392 101.1877310000001
    vertex 119.06789530083981 10.76978626343439 97.1877310000001
  endloop
endfacet
facet normal 0.7933533402912187 0.6087614290087422 -3.3793047749460914e-16
  outer loop
    vertex 119.06789530083981 10.769786263434392 101.1877310000001
    vertex 118.85335516033264 11.04938041803623 97.1877310000001
    vertex 118.85335516033264 11.049380418036234 101.1877310000001
  endloop
endfacet
facet normal 0.08889429686643505 6.656133098742223e-16 0.9960410654107703
  outer loop
    vertex 131.91465623936895 9.544978418036235 80.77759519153634
    vertex 127.57310845929219 13.903782418036238 81.16506800829492
    vertex 127.57310845929219 9.544978418036235 81.16506800829494
  endloop
endfacet
facet normal 0.08889429686643505 6.656133098742223e-16 0.9960410654107703
  outer loop
    vertex 127.57310845929219 13.903782418036238 81.16506800829492
    vertex 131.91465623936895 9.544978418036235 80.77759519153634
    vertex 131.91465623936895 13.903782418036235 80.77759519153634
  endloop
endfacet
facet normal 0.9960410654107704 -4.922163720799364e-16 -0.0888942968664314
  outer loop
    vertex 126.04343923551839 13.903782418036194 14.99189862924688
    vertex 131.91465623936895 9.544978418036235 80.77759519153634
    vertex 126.04343923551839 9.54497841803619 14.991898629246881
  endloop
endfacet
facet normal 0.9960410654107704 -4.922163720799364e-16 -0.0888942968664314
  outer loop
    vertex 131.91465623936895 9.544978418036235 80.77759519153634
    vertex 126.04343923551839 13.903782418036194 14.99189862924688
    vertex 131.91465623936895 13.903782418036235 80.77759519153634
  endloop
endfacet
facet normal -0.9960410654107705 -1.387778780781441e-17 -0.08889429686643172
  outer loop
    vertex 100.69791467151444 9.54497841803624 80.77759519153639
    vertex 106.56913167536501 13.903782418036153 14.991898629246922
    vertex 106.56913167536501 9.54497841803619 14.991898629246922
  endloop
endfacet
facet normal -0.9960410654107705 -1.387778780781441e-17 -0.08889429686643172
  outer loop
    vertex 106.56913167536501 13.903782418036153 14.991898629246922
    vertex 100.69791467151444 9.54497841803624 80.77759519153639
    vertex 100.69791467151444 13.903782418036204 80.77759519153639
  endloop
endfacet
facet normal -0.0888942968664313 7.771561172376096e-16 0.9960410654107705
  outer loop
    vertex 105.03946245159116 9.54497841803624 81.16506800829498
    vertex 100.69791467151444 13.903782418036204 80.77759519153639
    vertex 100.69791467151444 9.54497841803624 80.77759519153639
  endloop
endfacet
facet normal -0.0888942968664313 7.771561172376096e-16 0.9960410654107705
  outer loop
    vertex 100.69791467151444 13.903782418036204 80.77759519153639
    vertex 105.03946245159116 9.54497841803624 81.16506800829498
    vertex 105.03946245159116 13.903782418036204 81.16506800829498
  endloop
endfacet
facet normal 0.0888942968664338 0.0 -0.9960410654107704
  outer loop
    vertex 107.41067945544165 13.903782418036153 15.06700476772583
    vertex 106.56913167536501 9.54497841803619 14.991898629246922
    vertex 106.56913167536501 13.903782418036153 14.991898629246922
  endloop
endfacet
facet normal 0.0888942968664338 0.0 -0.9960410654107704
  outer loop
    vertex 106.56913167536501 9.54497841803619 14.991898629246922
    vertex 107.41067945544165 13.903782418036153 15.06700476772583
    vertex 107.41067945544165 9.54497841803619 15.06700476772583
  endloop
endfacet
facet normal -6.474374330723817e-17 1.0 -7.744740592838667e-16
  outer loop
    vertex 100.69791467151444 13.903782418036204 80.77759519153639
    vertex 107.41067945544165 13.903782418036153 15.06700476772583
    vertex 106.56913167536501 13.903782418036153 14.991898629246922
  endloop
endfacet
facet normal -6.474374330723817e-17 1.0 -7.744740592838667e-16
  outer loop
    vertex 107.41067945544165 13.903782418036153 15.06700476772583
    vertex 100.69791467151444 13.903782418036204 80.77759519153639
    vertex 107.41067945544165 13.903782418036153 15.379371446005417
  endloop
endfacet
facet normal -6.474374330723817e-17 1.0 -7.744740592838667e-16
  outer loop
    vertex 107.41067945544165 13.903782418036153 15.379371446005417
    vertex 100.69791467151444 13.903782418036204 80.77759519153639
    vertex 110.41067945544165 13.903782418036153 15.379371446005417
  endloop
endfacet
facet normal -6.474374330723817e-17 1.0 -7.744740592838667e-16
  outer loop
    vertex 110.41067945544165 13.903782418036153 15.379371446005417
    vertex 100.69791467151444 13.903782418036204 80.77759519153639
    vertex 110.41067945544165 13.903782418036158 20.98176159094108
  endloop
endfacet
facet normal -6.474374330723817e-17 1.0 -7.744740592838667e-16
  outer loop
    vertex 110.41067945544165 13.903782418036158 20.98176159094108
    vertex 100.69791467151444 13.903782418036204 80.77759519153639
    vertex 105.03946245159116 13.903782418036204 81.16506800829498
  endloop
endfacet
facet normal -1.8237191012924265e-15 1.0 -6.101736933271341e-16
  outer loop
    vertex 122.20189145544165 13.90378241803617 20.98176159094024
    vertex 125.20189145544165 13.903782418036194 15.379371446005417
    vertex 122.20189145544165 13.903782418036194 15.379371446005417
  endloop
endfacet
facet normal -1.8237191012924265e-15 1.0 -6.101736933271341e-16
  outer loop
    vertex 125.20189145544165 13.903782418036181 15.067004767725809
    vertex 131.91465623936895 13.903782418036235 80.77759519153634
    vertex 126.04343923551839 13.903782418036194 14.99189862924688
  endloop
endfacet
facet normal -1.8237191012924265e-15 1.0 -6.101736933271341e-16
  outer loop
    vertex 131.91465623936895 13.903782418036235 80.77759519153634
    vertex 125.20189145544165 13.903782418036181 15.067004767725809
    vertex 125.20189145544165 13.903782418036194 15.379371446005417
  endloop
endfacet
facet normal -1.8237191012924265e-15 1.0 -6.101736933271341e-16
  outer loop
    vertex 131.91465623936895 13.903782418036235 80.77759519153634
    vertex 125.20189145544165 13.903782418036194 15.379371446005417
    vertex 122.20189145544165 13.90378241803617 20.98176159094024
  endloop
endfacet
facet normal -1.8237191012924265e-15 1.0 -6.101736933271341e-16
  outer loop
    vertex 131.91465623936895 13.903782418036235 80.77759519153634
    vertex 122.20189145544165 13.90378241803617 20.98176159094024
    vertex 127.57310845929219 13.903782418036238 81.16506800829492
  endloop
endfacet
facet normal -3.2311734445488286e-32 7.306940490003901e-16 1.0
  outer loop
    vertex 110.41067945544165 9.54497841803619 15.37937144600542
    vertex 107.41067945544165 9.54497841803619 15.37937144600542
    vertex 110.41067945544165 5.828774418036236 15.37937144600542
  endloop
endfacet
facet normal -3.2311734445488286e-32 7.306940490003901e-16 1.0
  outer loop
    vertex 107.41067945544165 2.828774418036236 15.379371446005425
    vertex 110.41067945544165 5.828774418036236 15.37937144600542
    vertex 107.41067945544165 9.54497841803619 15.37937144600542
  endloop
endfacet
facet normal -3.2311734445488286e-32 7.306940490003901e-16 1.0
  outer loop
    vertex 110.41067945544165 5.828774418036236 15.37937144600542
    vertex 107.41067945544165 2.828774418036236 15.379371446005425
    vertex 125.20189145544165 2.828774418036236 15.379371446005425
  endloop
endfacet
facet normal -3.2311734445488286e-32 7.306940490003901e-16 1.0
  outer loop
    vertex 110.41067945544165 5.828774418036236 15.37937144600542
    vertex 125.20189145544165 2.828774418036236 15.379371446005425
    vertex 122.20189145544165 5.828774418036236 15.37937144600542
  endloop
endfacet
facet normal -3.2311734445488286e-32 7.306940490003901e-16 1.0
  outer loop
    vertex 122.20189145544165 5.828774418036236 15.37937144600542
    vertex 125.20189145544165 2.828774418036236 15.379371446005425
    vertex 122.20189145544165 9.544978418036191 15.37937144600542
  endloop
endfacet
facet normal -3.2311734445488286e-32 7.306940490003901e-16 1.0
  outer loop
    vertex 122.20189145544165 9.544978418036191 15.37937144600542
    vertex 125.20189145544165 2.828774418036236 15.379371446005425
    vertex 125.20189145544165 9.544978418036191 15.37937144600542
  endloop
endfacet
facet normal 1.67894764915658e-15 -1.0 6.078001672025426e-16
  outer loop
    vertex 131.91465623936895 9.544978418036235 80.77759519153634
    vertex 125.20189145544165 9.544978418036182 15.06700476772581
    vertex 126.04343923551839 9.54497841803619 14.991898629246881
  endloop
endfacet
facet normal 1.67894764915658e-15 -1.0 6.078001672025426e-16
  outer loop
    vertex 125.20189145544165 9.544978418036182 15.06700476772581
    vertex 131.91465623936895 9.544978418036235 80.77759519153634
    vertex 125.20189145544165 9.544978418036191 15.37937144600542
  endloop
endfacet
facet normal 1.67894764915658e-15 -1.0 6.078001672025426e-16
  outer loop
    vertex 125.20189145544165 9.544978418036191 15.37937144600542
    vertex 131.91465623936895 9.544978418036235 80.77759519153634
    vertex 122.20189145544165 9.544978418036191 15.37937144600542
  endloop
endfacet
facet normal 1.67894764915658e-15 -1.0 6.078001672025426e-16
  outer loop
    vertex 122.20189145544165 9.544978418036191 15.37937144600542
    vertex 131.91465623936895 9.544978418036235 80.77759519153634
    vertex 122.20189145544165 9.544978418036173 20.981761590940263
  endloop
endfacet
facet normal 1.67894764915658e-15 -1.0 6.078001672025426e-16
  outer loop
    vertex 122.20189145544165 9.544978418036173 20.981761590940263
    vertex 131.91465623936895 9.544978418036235 80.77759519153634
    vertex 127.57310845929219 9.544978418036235 81.16506800829494
  endloop
endfacet
facet normal 0.9960410654107704 2.2163494982581142e-17 0.08889429686643173
  outer loop
    vertex 110.41067945544165 13.903782418036158 20.98176159094108
    vertex 105.03946245159116 9.54497841803624 81.16506800829498
    vertex 110.41067945544165 9.544978418036195 20.981761590941087
  endloop
endfacet
facet normal 0.9960410654107704 2.2163494982581142e-17 0.08889429686643173
  outer loop
    vertex 105.03946245159116 9.54497841803624 81.16506800829498
    vertex 110.41067945544165 13.903782418036158 20.98176159094108
    vertex 105.03946245159116 13.903782418036204 81.16506800829498
  endloop
endfacet
facet normal -0.9960410654107704 3.596742688435436e-16 0.08889429686643134
  outer loop
    vertex 127.57310845929219 9.544978418036235 81.16506800829494
    vertex 122.20189145544165 13.90378241803617 20.98176159094024
    vertex 122.20189145544165 9.544978418036173 20.981761590940263
  endloop
endfacet
facet normal -0.9960410654107704 3.596742688435436e-16 0.08889429686643134
  outer loop
    vertex 122.20189145544165 13.90378241803617 20.98176159094024
    vertex 127.57310845929219 9.544978418036235 81.16506800829494
    vertex 127.57310845929219 13.903782418036238 81.16506800829492
  endloop
endfacet
facet normal -0.08889429686644752 -6.451593396343959e-16 -0.9960410654107691
  outer loop
    vertex 126.04343923551839 13.903782418036194 14.99189862924688
    vertex 125.20189145544165 9.544978418036182 15.06700476772581
    vertex 125.20189145544165 13.903782418036181 15.067004767725809
  endloop
endfacet
facet normal -0.08889429686644752 -6.451593396343959e-16 -0.9960410654107691
  outer loop
    vertex 125.20189145544165 9.544978418036182 15.06700476772581
    vertex 126.04343923551839 13.903782418036194 14.99189862924688
    vertex 126.04343923551839 9.54497841803619 14.991898629246881
  endloop
endfacet
facet normal 6.474374330723382e-17 -1.0 7.744740592838664e-16
  outer loop
    vertex 110.41067945544165 9.544978418036195 20.981761590941087
    vertex 107.41067945544165 9.54497841803619 15.37937144600542
    vertex 110.41067945544165 9.54497841803619 15.37937144600542
  endloop
endfacet
facet normal 6.474374330723382e-17 -1.0 7.744740592838664e-16
  outer loop
    vertex 107.41067945544165 9.54497841803619 15.06700476772583
    vertex 100.69791467151444 9.54497841803624 80.77759519153639
    vertex 106.56913167536501 9.54497841803619 14.991898629246922
  endloop
endfacet
facet normal 6.474374330723382e-17 -1.0 7.744740592838664e-16
  outer loop
    vertex 100.69791467151444 9.54497841803624 80.77759519153639
    vertex 107.41067945544165 9.54497841803619 15.06700476772583
    vertex 107.41067945544165 9.54497841803619 15.37937144600542
  endloop
endfacet
facet normal 6.474374330723382e-17 -1.0 7.744740592838664e-16
  outer loop
    vertex 100.69791467151444 9.54497841803624 80.77759519153639
    vertex 107.41067945544165 9.54497841803619 15.37937144600542
    vertex 110.41067945544165 9.544978418036195 20.981761590941087
  endloop
endfacet
facet normal 6.474374330723382e-17 -1.0 7.744740592838664e-16
  outer loop
    vertex 100.69791467151444 9.54497841803624 80.77759519153639
    vertex 110.41067945544165 9.544978418036195 20.981761590941087
    vertex 105.03946245159116 9.54497841803624 81.16506800829498
  endloop
endfacet
endsolid 3d krystof enderman
