solid Uranium STLWriter Wed 22 May 2019 02:40:30
facet normal 0.0 0.0 0.0
  outer loop
    vertex -15.633872985839844 -26.0 81.0
    vertex -15.633872985839844 -26.0 83.0
    vertex -15.633872985839844 -26.362335205078125 81.0
  endloop
endfacet
facet normal 0.0 0.0 0.0
  outer loop
    vertex -15.633872985839844 -26.362335205078125 81.0
    vertex -15.633872985839844 -26.0 83.0
    vertex -15.633872985839844 -26.362335205078125 85.0
  endloop
endfacet
facet normal 0.0 0.0 0.0
  outer loop
    vertex -15.633872985839844 -26.362335205078125 85.0
    vertex -15.633872985839844 -26.0 83.0
    vertex -15.633872985839844 -24.5 83.0
  endloop
endfacet
facet normal 0.0 0.0 0.0
  outer loop
    vertex -15.633872985839844 -26.362335205078125 85.0
    vertex -15.633872985839844 -24.5 83.0
    vertex -15.633872985839844 -23.0 83.0
  endloop
endfacet
facet normal 0.0 0.0 0.0
  outer loop
    vertex -15.633872985839844 -23.0 83.0
    vertex -15.633872985839844 -24.5 83.0
    vertex -15.633872985839844 -23.0 81.0
  endloop
endfacet
facet normal 0.0 0.0 0.0
  outer loop
    vertex -15.633872985839844 -23.0 81.0
    vertex -15.633872985839844 -24.5 83.0
    vertex -15.633872985839844 -24.5 81.0
  endloop
endfacet
facet normal 0.0 0.0 0.0
  outer loop
    vertex -15.633872985839844 -26.362335205078125 85.0
    vertex -15.633872985839844 -23.0 83.0
    vertex -15.633872985839844 -20.84947967529297 85.0
  endloop
endfacet
facet normal 0.0 0.0 0.0
  outer loop
    vertex -15.633872985839844 -20.84947967529297 85.0
    vertex -15.633872985839844 -23.0 83.0
    vertex -15.633872985839844 -21.5 83.0
  endloop
endfacet
facet normal 0.0 0.0 0.0
  outer loop
    vertex -15.633872985839844 -20.84947967529297 85.0
    vertex -15.633872985839844 -21.5 83.0
    vertex -15.633872985839844 -20.84947967529297 82.0
  endloop
endfacet
facet normal 0.0 0.0 0.0
  outer loop
    vertex -15.633872985839844 -20.84947967529297 82.0
    vertex -15.633872985839844 -21.5 83.0
    vertex -15.633872985839844 -21.5 82.0
  endloop
endfacet
facet normal 0.0 0.0 0.0
  outer loop
    vertex -15.633872985839844 -20.84947967529297 82.0
    vertex -20.840822219848633 -20.84947967529297 82.0
    vertex -15.633872985839844 -20.84947967529297 85.0
  endloop
endfacet
facet normal 0.0 0.0 0.0
  outer loop
    vertex -15.633872985839844 -20.84947967529297 85.0
    vertex -20.840822219848633 -20.84947967529297 82.0
    vertex -20.840822219848633 -20.84947967529297 85.0
  endloop
endfacet
facet normal 0.0 0.0 0.0
  outer loop
    vertex -20.840822219848633 -20.84947967529297 82.0
    vertex -20.840822219848633 -26.362335205078125 82.0
    vertex -20.840822219848633 -20.84947967529297 85.0
  endloop
endfacet
facet normal 0.0 0.0 0.0
  outer loop
    vertex -20.840822219848633 -20.84947967529297 85.0
    vertex -20.840822219848633 -26.362335205078125 82.0
    vertex -20.840822219848633 -26.362335205078125 85.0
  endloop
endfacet
facet normal 0.0 0.0 0.0
  outer loop
    vertex -16.0 -26.362335205078125 81.0
    vertex -15.633872985839844 -26.362335205078125 81.0
    vertex -16.0 -26.362335205078125 83.0
  endloop
endfacet
facet normal 0.0 0.0 0.0
  outer loop
    vertex -16.0 -26.362335205078125 83.0
    vertex -15.633872985839844 -26.362335205078125 81.0
    vertex -15.633872985839844 -26.362335205078125 85.0
  endloop
endfacet
facet normal 0.0 0.0 0.0
  outer loop
    vertex -16.0 -26.362335205078125 83.0
    vertex -15.633872985839844 -26.362335205078125 85.0
    vertex -17.5 -26.362335205078125 83.0
  endloop
endfacet
facet normal 0.0 0.0 0.0
  outer loop
    vertex -17.5 -26.362335205078125 83.0
    vertex -15.633872985839844 -26.362335205078125 85.0
    vertex -20.840822219848633 -26.362335205078125 85.0
  endloop
endfacet
facet normal 0.0 0.0 0.0
  outer loop
    vertex -17.5 -26.362335205078125 83.0
    vertex -20.840822219848633 -26.362335205078125 85.0
    vertex -19.0 -26.362335205078125 83.0
  endloop
endfacet
facet normal 0.0 0.0 0.0
  outer loop
    vertex -19.0 -26.362335205078125 83.0
    vertex -20.840822219848633 -26.362335205078125 85.0
    vertex -20.5 -26.362335205078125 83.0
  endloop
endfacet
facet normal 0.0 0.0 0.0
  outer loop
    vertex -20.5 -26.362335205078125 83.0
    vertex -20.840822219848633 -26.362335205078125 85.0
    vertex -20.840822219848633 -26.362335205078125 82.0
  endloop
endfacet
facet normal 0.0 0.0 0.0
  outer loop
    vertex -20.5 -26.362335205078125 83.0
    vertex -20.840822219848633 -26.362335205078125 82.0
    vertex -20.5 -26.362335205078125 82.0
  endloop
endfacet
facet normal 0.0 0.0 0.0
  outer loop
    vertex -19.0 -26.362335205078125 81.0
    vertex -17.5 -26.362335205078125 81.0
    vertex -19.0 -26.362335205078125 83.0
  endloop
endfacet
facet normal 0.0 0.0 0.0
  outer loop
    vertex -19.0 -26.362335205078125 83.0
    vertex -17.5 -26.362335205078125 81.0
    vertex -17.5 -26.362335205078125 83.0
  endloop
endfacet
facet normal 0.0 0.0 0.0
  outer loop
    vertex -15.633872985839844 -20.84947967529297 85.0
    vertex -20.840822219848633 -20.84947967529297 85.0
    vertex -15.633872985839844 -26.362335205078125 85.0
  endloop
endfacet
facet normal 0.0 0.0 0.0
  outer loop
    vertex -15.633872985839844 -26.362335205078125 85.0
    vertex -20.840822219848633 -20.84947967529297 85.0
    vertex -20.840822219848633 -26.362335205078125 85.0
  endloop
endfacet
facet normal 0.0 0.0 0.0
  outer loop
    vertex -15.633872985839844 -26.0 81.0
    vertex -15.633872985839844 -26.362335205078125 81.0
    vertex -10.295604705810547 -26.0 81.0
  endloop
endfacet
facet normal 0.0 0.0 0.0
  outer loop
    vertex -10.295604705810547 -26.0 81.0
    vertex -15.633872985839844 -26.362335205078125 81.0
    vertex -10.2846040725708 -26.265296936035156 81.0
  endloop
endfacet
facet normal 0.0 0.0 0.0
  outer loop
    vertex -10.2846040725708 -26.265296936035156 81.0
    vertex -15.633872985839844 -26.362335205078125 81.0
    vertex -10.268547058105469 -26.668245315551758 81.0
  endloop
endfacet
facet normal 0.0 0.0 0.0
  outer loop
    vertex -10.268547058105469 -26.668245315551758 81.0
    vertex -15.633872985839844 -26.362335205078125 81.0
    vertex -16.0 -37.0 81.0
  endloop
endfacet
facet normal 0.0 0.0 0.0
  outer loop
    vertex -10.268547058105469 -26.668245315551758 81.0
    vertex -16.0 -37.0 81.0
    vertex -4.999999523162842 -37.0 81.0
  endloop
endfacet
facet normal 0.0 0.0 0.0
  outer loop
    vertex -15.633872985839844 -26.362335205078125 81.0
    vertex -16.0 -26.362335205078125 81.0
    vertex -16.0 -37.0 81.0
  endloop
endfacet
facet normal 0.0 0.0 0.0
  outer loop
    vertex -10.268547058105469 -26.668245315551758 81.0
    vertex -4.999999523162842 -37.0 81.0
    vertex -5.244017601013184 -26.668245315551758 81.0
  endloop
endfacet
facet normal 0.0 0.0 0.0
  outer loop
    vertex -5.244017601013184 -26.668245315551758 81.0
    vertex -4.999999523162842 -37.0 81.0
    vertex -4.999999523162842 -26.0 81.0
  endloop
endfacet
facet normal 0.0 0.0 0.0
  outer loop
    vertex -5.244017601013184 -26.668245315551758 81.0
    vertex -4.999999523162842 -26.0 81.0
    vertex -5.223085403442383 -26.0 81.0
  endloop
endfacet
facet normal 0.0 0.0 0.0
  outer loop
    vertex -16.0 -26.362335205078125 83.0
    vertex -16.0 -37.0 83.0
    vertex -16.0 -26.362335205078125 81.0
  endloop
endfacet
facet normal 0.0 0.0 0.0
  outer loop
    vertex -16.0 -26.362335205078125 81.0
    vertex -16.0 -37.0 83.0
    vertex -16.0 -37.0 81.0
  endloop
endfacet
facet normal 0.0 0.0 0.0
  outer loop
    vertex -16.0 -26.362335205078125 83.0
    vertex -17.5 -26.362335205078125 83.0
    vertex -16.0 -37.0 83.0
  endloop
endfacet
facet normal 0.0 0.0 0.0
  outer loop
    vertex -16.0 -37.0 83.0
    vertex -17.5 -26.362335205078125 83.0
    vertex -17.5 -38.5 83.0
  endloop
endfacet
facet normal 0.0 0.0 0.0
  outer loop
    vertex -16.0 -37.0 83.0
    vertex -17.5 -38.5 83.0
    vertex -3.499999523162842 -38.5 83.0
  endloop
endfacet
facet normal 0.0 0.0 0.0
  outer loop
    vertex -3.499999523162842 -24.5 83.0
    vertex -4.999999523162842 -26.0 83.0
    vertex -3.499999523162842 -38.5 83.0
  endloop
endfacet
facet normal 0.0 0.0 0.0
  outer loop
    vertex -3.499999523162842 -38.5 83.0
    vertex -4.999999523162842 -26.0 83.0
    vertex -4.999999523162842 -37.0 83.0
  endloop
endfacet
facet normal 0.0 0.0 0.0
  outer loop
    vertex -3.499999523162842 -38.5 83.0
    vertex -4.999999523162842 -37.0 83.0
    vertex -16.0 -37.0 83.0
  endloop
endfacet
facet normal 0.0 0.0 0.0
  outer loop
    vertex -3.499999523162842 -24.5 83.0
    vertex -5.1760993003845215 -24.5 83.0
    vertex -4.999999523162842 -26.0 83.0
  endloop
endfacet
facet normal 0.0 0.0 0.0
  outer loop
    vertex -4.999999523162842 -26.0 83.0
    vertex -5.1760993003845215 -24.5 83.0
    vertex -5.223085403442383 -26.0 83.0
  endloop
endfacet
facet normal 0.0 0.0 0.0
  outer loop
    vertex -15.633872985839844 -23.0 81.0
    vertex -10.420002937316895 -23.0 81.0
    vertex -15.633872985839844 -23.0 83.0
  endloop
endfacet
facet normal 0.0 0.0 0.0
  outer loop
    vertex -15.633872985839844 -23.0 83.0
    vertex -10.420002937316895 -23.0 81.0
    vertex -10.420002937316895 -23.0 83.0
  endloop
endfacet
facet normal 0.0 0.0 0.0
  outer loop
    vertex -17.5 -26.362335205078125 81.0
    vertex -17.5 -38.5 81.0
    vertex -17.5 -26.362335205078125 83.0
  endloop
endfacet
facet normal 0.0 0.0 0.0
  outer loop
    vertex -17.5 -26.362335205078125 83.0
    vertex -17.5 -38.5 81.0
    vertex -17.5 -38.5 83.0
  endloop
endfacet
facet normal 0.0 0.0 0.0
  outer loop
    vertex -17.5 -26.362335205078125 81.0
    vertex -19.0 -26.362335205078125 81.0
    vertex -17.5 -38.5 81.0
  endloop
endfacet
facet normal 0.0 0.0 0.0
  outer loop
    vertex -17.5 -38.5 81.0
    vertex -19.0 -26.362335205078125 81.0
    vertex -19.0 -40.0 81.0
  endloop
endfacet
facet normal 0.0 0.0 0.0
  outer loop
    vertex -17.5 -38.5 81.0
    vertex -19.0 -40.0 81.0
    vertex -1.9999994039535522 -40.0 81.0
  endloop
endfacet
facet normal 0.0 0.0 0.0
  outer loop
    vertex -1.9999994039535522 -23.0 81.0
    vertex -3.499999523162842 -24.5 81.0
    vertex -1.9999994039535522 -40.0 81.0
  endloop
endfacet
facet normal 0.0 0.0 0.0
  outer loop
    vertex -1.9999994039535522 -40.0 81.0
    vertex -3.499999523162842 -24.5 81.0
    vertex -3.499999523162842 -38.5 81.0
  endloop
endfacet
facet normal 0.0 0.0 0.0
  outer loop
    vertex -1.9999994039535522 -40.0 81.0
    vertex -3.499999523162842 -38.5 81.0
    vertex -17.5 -38.5 81.0
  endloop
endfacet
facet normal 0.0 0.0 0.0
  outer loop
    vertex -1.9999994039535522 -23.0 81.0
    vertex -5.129387855529785 -23.0 81.0
    vertex -3.499999523162842 -24.5 81.0
  endloop
endfacet
facet normal 0.0 0.0 0.0
  outer loop
    vertex -3.499999523162842 -24.5 81.0
    vertex -5.129387855529785 -23.0 81.0
    vertex -5.15528678894043 -23.835575103759766 81.0
  endloop
endfacet
facet normal 0.0 0.0 0.0
  outer loop
    vertex -3.499999523162842 -24.5 81.0
    vertex -5.15528678894043 -23.835575103759766 81.0
    vertex -5.1760993003845215 -24.5 81.0
  endloop
endfacet
facet normal 0.0 0.0 0.0
  outer loop
    vertex -19.0 -26.362335205078125 83.0
    vertex -19.0 -40.0 83.0
    vertex -19.0 -26.362335205078125 81.0
  endloop
endfacet
facet normal 0.0 0.0 0.0
  outer loop
    vertex -19.0 -26.362335205078125 81.0
    vertex -19.0 -40.0 83.0
    vertex -19.0 -40.0 81.0
  endloop
endfacet
facet normal 0.0 0.0 0.0
  outer loop
    vertex -19.0 -26.362335205078125 83.0
    vertex -20.5 -26.362335205078125 83.0
    vertex -19.0 -40.0 83.0
  endloop
endfacet
facet normal 0.0 0.0 0.0
  outer loop
    vertex -19.0 -40.0 83.0
    vertex -20.5 -26.362335205078125 83.0
    vertex -20.5 -41.5 83.0
  endloop
endfacet
facet normal 0.0 0.0 0.0
  outer loop
    vertex -19.0 -40.0 83.0
    vertex -20.5 -41.5 83.0
    vertex -0.5 -41.5 83.0
  endloop
endfacet
facet normal 0.0 0.0 0.0
  outer loop
    vertex -19.0 -40.0 83.0
    vertex -0.5 -41.5 83.0
    vertex -1.9999994039535522 -40.0 83.0
  endloop
endfacet
facet normal 0.0 0.0 0.0
  outer loop
    vertex -1.9999994039535522 -40.0 83.0
    vertex -0.5 -41.5 83.0
    vertex -0.5 -25.658769607543945 83.0
  endloop
endfacet
facet normal 0.0 0.0 0.0
  outer loop
    vertex -1.9999994039535522 -40.0 83.0
    vertex -0.5 -25.658769607543945 83.0
    vertex -1.9999994039535522 -23.0 83.0
  endloop
endfacet
facet normal 0.0 0.0 0.0
  outer loop
    vertex -1.9999994039535522 -23.0 83.0
    vertex -0.5 -25.658769607543945 83.0
    vertex -0.5620075464248657 -23.669218063354492 83.0
  endloop
endfacet
facet normal 0.0 0.0 0.0
  outer loop
    vertex -1.9999994039535522 -23.0 83.0
    vertex -0.5620075464248657 -23.669218063354492 83.0
    vertex -0.6289161443710327 -21.5 83.0
  endloop
endfacet
facet normal 0.0 0.0 0.0
  outer loop
    vertex -0.6289161443710327 -21.5 83.0
    vertex -5.082894325256348 -21.5 83.0
    vertex -1.9999994039535522 -23.0 83.0
  endloop
endfacet
facet normal 0.0 0.0 0.0
  outer loop
    vertex -1.9999994039535522 -23.0 83.0
    vertex -5.082894325256348 -21.5 83.0
    vertex -5.129387855529785 -23.0 83.0
  endloop
endfacet
facet normal 0.0 0.0 0.0
  outer loop
    vertex -20.5 -26.362335205078125 82.0
    vertex -20.5 -40.5 82.0
    vertex -20.5 -26.362335205078125 83.0
  endloop
endfacet
facet normal 0.0 0.0 0.0
  outer loop
    vertex -20.5 -26.362335205078125 83.0
    vertex -20.5 -40.5 82.0
    vertex -20.5 -41.5 83.0
  endloop
endfacet
facet normal 0.0 0.0 0.0
  outer loop
    vertex -20.5 -41.5 83.0
    vertex -20.5 -40.5 82.0
    vertex -20.5 -41.5 55.400001525878906
  endloop
endfacet
facet normal 0.0 0.0 0.0
  outer loop
    vertex -20.5 -41.5 55.400001525878906
    vertex -20.5 -40.5 82.0
    vertex -20.5 -41.5 27.600000381469727
  endloop
endfacet
facet normal 0.0 0.0 0.0
  outer loop
    vertex -20.5 -41.5 27.600000381469727
    vertex -20.5 -40.5 82.0
    vertex -20.5 -40.5 0.0
  endloop
endfacet
facet normal 0.0 0.0 0.0
  outer loop
    vertex -20.5 -41.5 27.600000381469727
    vertex -20.5 -40.5 0.0
    vertex -20.5 -41.5 0.0
  endloop
endfacet
facet normal 0.0 0.0 0.0
  outer loop
    vertex -21.082963943481445 -12.34960651397705 82.0
    vertex -21.147659301757812 -14.324444770812988 82.0
    vertex -21.082963943481445 -12.34960651397705 85.0
  endloop
endfacet
facet normal 0.0 0.0 0.0
  outer loop
    vertex -21.082963943481445 -12.34960651397705 85.0
    vertex -21.147659301757812 -14.324444770812988 82.0
    vertex -21.147659301757812 -14.324444770812988 85.0
  endloop
endfacet
facet normal 0.0 0.0 0.0
  outer loop
    vertex -21.147659301757812 -14.324444770812988 82.0
    vertex -21.147659301757812 -15.029789924621582 82.0
    vertex -21.147659301757812 -14.324444770812988 85.0
  endloop
endfacet
facet normal 0.0 0.0 0.0
  outer loop
    vertex -21.147659301757812 -14.324444770812988 85.0
    vertex -21.147659301757812 -15.029789924621582 82.0
    vertex -21.147659301757812 -15.029789924621582 85.0
  endloop
endfacet
facet normal 0.0 0.0 0.0
  outer loop
    vertex -20.5 -15.029789924621582 82.0
    vertex -20.5 -15.029789924621582 83.0
    vertex -21.147659301757812 -15.029789924621582 82.0
  endloop
endfacet
facet normal 0.0 0.0 0.0
  outer loop
    vertex -21.147659301757812 -15.029789924621582 82.0
    vertex -20.5 -15.029789924621582 83.0
    vertex -21.147659301757812 -15.029789924621582 85.0
  endloop
endfacet
facet normal 0.0 0.0 0.0
  outer loop
    vertex -21.147659301757812 -15.029789924621582 85.0
    vertex -20.5 -15.029789924621582 83.0
    vertex -19.0 -15.029789924621582 83.0
  endloop
endfacet
facet normal 0.0 0.0 0.0
  outer loop
    vertex -21.147659301757812 -15.029789924621582 85.0
    vertex -19.0 -15.029789924621582 83.0
    vertex -15.633872985839844 -15.029789924621582 85.0
  endloop
endfacet
facet normal 0.0 0.0 0.0
  outer loop
    vertex -15.633872985839844 -15.029789924621582 85.0
    vertex -19.0 -15.029789924621582 83.0
    vertex -17.5 -15.029789924621582 83.0
  endloop
endfacet
facet normal 0.0 0.0 0.0
  outer loop
    vertex -15.633872985839844 -15.029789924621582 85.0
    vertex -17.5 -15.029789924621582 83.0
    vertex -16.0 -15.029789924621582 83.0
  endloop
endfacet
facet normal 0.0 0.0 0.0
  outer loop
    vertex -19.0 -15.029789924621582 81.0
    vertex -17.5 -15.029789924621582 81.0
    vertex -19.0 -15.029789924621582 83.0
  endloop
endfacet
facet normal 0.0 0.0 0.0
  outer loop
    vertex -19.0 -15.029789924621582 83.0
    vertex -17.5 -15.029789924621582 81.0
    vertex -17.5 -15.029789924621582 83.0
  endloop
endfacet
facet normal 0.0 0.0 0.0
  outer loop
    vertex -16.0 -15.029789924621582 81.0
    vertex -15.633872985839844 -15.029789924621582 81.0
    vertex -16.0 -15.029789924621582 83.0
  endloop
endfacet
facet normal 0.0 0.0 0.0
  outer loop
    vertex -16.0 -15.029789924621582 83.0
    vertex -15.633872985839844 -15.029789924621582 81.0
    vertex -15.633872985839844 -15.029789924621582 85.0
  endloop
endfacet
facet normal 0.0 0.0 0.0
  outer loop
    vertex -10.42785358428955 -3.8683791160583496 83.0
    vertex -10.42785358428955 -5.000000476837158 83.0
    vertex -10.42785358428955 -3.8683791160583496 85.0
  endloop
endfacet
facet normal 0.0 0.0 0.0
  outer loop
    vertex -10.42785358428955 -3.8683791160583496 85.0
    vertex -10.42785358428955 -5.000000476837158 83.0
    vertex -10.42785358428955 -9.340346336364746 85.0
  endloop
endfacet
facet normal 0.0 0.0 0.0
  outer loop
    vertex -10.42785358428955 -9.340346336364746 85.0
    vertex -10.42785358428955 -5.000000476837158 83.0
    vertex -10.42785358428955 -9.340346336364746 81.0
  endloop
endfacet
facet normal 0.0 0.0 0.0
  outer loop
    vertex -10.42785358428955 -9.340346336364746 81.0
    vertex -10.42785358428955 -5.000000476837158 83.0
    vertex -10.42785358428955 -5.000000476837158 81.0
  endloop
endfacet
facet normal 0.0 0.0 0.0
  outer loop
    vertex -20.5 -3.68308162689209 82.0
    vertex -20.5 -3.68308162689209 83.0
    vertex -20.5349178314209 -3.68245267868042 82.0
  endloop
endfacet
facet normal 0.0 0.0 0.0
  outer loop
    vertex -20.5349178314209 -3.68245267868042 82.0
    vertex -20.5 -3.68308162689209 83.0
    vertex -20.5349178314209 -3.68245267868042 85.0
  endloop
endfacet
facet normal 0.0 0.0 0.0
  outer loop
    vertex -20.5349178314209 -3.68245267868042 85.0
    vertex -20.5 -3.68308162689209 83.0
    vertex -19.714126586914062 -3.6972386837005615 85.0
  endloop
endfacet
facet normal 0.0 0.0 0.0
  outer loop
    vertex -19.714126586914062 -3.6972386837005615 85.0
    vertex -20.5 -3.68308162689209 83.0
    vertex -19.714126586914062 -3.6972386837005615 83.0
  endloop
endfacet
facet normal 0.0 0.0 0.0
  outer loop
    vertex -10.42785358428955 4.999999523162842 81.0
    vertex -10.42785358428955 4.999999523162842 83.0
    vertex -10.42785358428955 7.6343889236450195 81.0
  endloop
endfacet
facet normal 0.0 0.0 0.0
  outer loop
    vertex -10.42785358428955 7.6343889236450195 81.0
    vertex -10.42785358428955 4.999999523162842 83.0
    vertex -10.42785358428955 7.6343889236450195 85.0
  endloop
endfacet
facet normal 0.0 0.0 0.0
  outer loop
    vertex -10.42785358428955 7.6343889236450195 85.0
    vertex -10.42785358428955 4.999999523162842 83.0
    vertex -10.42785358428955 1.9999994039535522 85.0
  endloop
endfacet
facet normal 0.0 0.0 0.0
  outer loop
    vertex -10.42785358428955 1.9999994039535522 85.0
    vertex -10.42785358428955 4.999999523162842 83.0
    vertex -10.42785358428955 3.499999523162842 83.0
  endloop
endfacet
facet normal 0.0 0.0 0.0
  outer loop
    vertex -10.42785358428955 1.9999994039535522 85.0
    vertex -10.42785358428955 3.499999523162842 83.0
    vertex -10.42785358428955 1.9999994039535522 81.0
  endloop
endfacet
facet normal 0.0 0.0 0.0
  outer loop
    vertex -10.42785358428955 1.9999994039535522 81.0
    vertex -10.42785358428955 3.499999523162842 83.0
    vertex -10.42785358428955 3.499999523162842 81.0
  endloop
endfacet
facet normal 0.0 0.0 0.0
  outer loop
    vertex -15.633872985839844 -16.0 81.0
    vertex -15.633872985839844 -16.0 83.0
    vertex -15.633872985839844 -15.029789924621582 81.0
  endloop
endfacet
facet normal 0.0 0.0 0.0
  outer loop
    vertex -15.633872985839844 -15.029789924621582 81.0
    vertex -15.633872985839844 -16.0 83.0
    vertex -15.633872985839844 -15.029789924621582 85.0
  endloop
endfacet
facet normal 0.0 0.0 0.0
  outer loop
    vertex -15.633872985839844 -15.029789924621582 85.0
    vertex -15.633872985839844 -16.0 83.0
    vertex -15.633872985839844 -17.5 83.0
  endloop
endfacet
facet normal 0.0 0.0 0.0
  outer loop
    vertex -15.633872985839844 -15.029789924621582 85.0
    vertex -15.633872985839844 -17.5 83.0
    vertex -15.633872985839844 -20.695920944213867 85.0
  endloop
endfacet
facet normal 0.0 0.0 0.0
  outer loop
    vertex -15.633872985839844 -20.695920944213867 85.0
    vertex -15.633872985839844 -17.5 83.0
    vertex -15.633872985839844 -19.0 83.0
  endloop
endfacet
facet normal 0.0 0.0 0.0
  outer loop
    vertex -15.633872985839844 -20.695920944213867 85.0
    vertex -15.633872985839844 -19.0 83.0
    vertex -15.633872985839844 -20.5 83.0
  endloop
endfacet
facet normal 0.0 0.0 0.0
  outer loop
    vertex -15.633872985839844 -17.5 81.0
    vertex -15.633872985839844 -19.0 81.0
    vertex -15.633872985839844 -17.5 83.0
  endloop
endfacet
facet normal 0.0 0.0 0.0
  outer loop
    vertex -15.633872985839844 -17.5 83.0
    vertex -15.633872985839844 -19.0 81.0
    vertex -15.633872985839844 -19.0 83.0
  endloop
endfacet
facet normal 0.0 0.0 0.0
  outer loop
    vertex -15.633872985839844 -20.5 82.0
    vertex -15.633872985839844 -20.695920944213867 82.0
    vertex -15.633872985839844 -20.5 83.0
  endloop
endfacet
facet normal 0.0 0.0 0.0
  outer loop
    vertex -15.633872985839844 -20.5 83.0
    vertex -15.633872985839844 -20.695920944213867 82.0
    vertex -15.633872985839844 -20.695920944213867 85.0
  endloop
endfacet
facet normal 0.0 0.0 0.0
  outer loop
    vertex 16.0 13.181757926940918 81.0
    vertex 16.0 13.181757926940918 83.0
    vertex 12.467368125915527 13.21933364868164 81.0
  endloop
endfacet
facet normal 0.0 0.0 0.0
  outer loop
    vertex 12.467368125915527 13.21933364868164 81.0
    vertex 16.0 13.181757926940918 83.0
    vertex 12.467368125915527 13.21933364868164 85.0
  endloop
endfacet
facet normal 0.0 0.0 0.0
  outer loop
    vertex 12.467368125915527 13.21933364868164 85.0
    vertex 16.0 13.181757926940918 83.0
    vertex 19.15774154663086 13.148170471191406 85.0
  endloop
endfacet
facet normal 0.0 0.0 0.0
  outer loop
    vertex 19.15774154663086 13.148170471191406 85.0
    vertex 16.0 13.181757926940918 83.0
    vertex 17.5 13.165802955627441 83.0
  endloop
endfacet
facet normal 0.0 0.0 0.0
  outer loop
    vertex 19.15774154663086 13.148170471191406 85.0
    vertex 17.5 13.165802955627441 83.0
    vertex 19.0 13.149847984313965 83.0
  endloop
endfacet
facet normal 0.0 0.0 0.0
  outer loop
    vertex 19.0 13.149847984313965 83.0
    vertex 17.5 13.165802955627441 83.0
    vertex 19.0 13.149847984313965 81.0
  endloop
endfacet
facet normal 0.0 0.0 0.0
  outer loop
    vertex 19.0 13.149847984313965 81.0
    vertex 17.5 13.165802955627441 83.0
    vertex 17.5 13.165802955627441 81.0
  endloop
endfacet
facet normal 0.0 0.0 0.0
  outer loop
    vertex 19.0 13.149847984313965 83.0
    vertex 19.15774154663086 13.148170471191406 83.0
    vertex 19.15774154663086 13.148170471191406 85.0
  endloop
endfacet
facet normal 0.0 0.0 0.0
  outer loop
    vertex 19.15774154663086 13.148170471191406 83.0
    vertex 20.20016098022461 13.148170471191406 83.0
    vertex 19.15774154663086 13.148170471191406 85.0
  endloop
endfacet
facet normal 0.0 0.0 0.0
  outer loop
    vertex 19.15774154663086 13.148170471191406 85.0
    vertex 20.20016098022461 13.148170471191406 83.0
    vertex 20.20016098022461 13.148170471191406 85.0
  endloop
endfacet
facet normal 0.0 0.0 0.0
  outer loop
    vertex -15.633872985839844 -20.695920944213867 82.0
    vertex -12.056559562683105 -20.84947967529297 82.0
    vertex -15.633872985839844 -20.695920944213867 85.0
  endloop
endfacet
facet normal 0.0 0.0 0.0
  outer loop
    vertex -15.633872985839844 -20.695920944213867 85.0
    vertex -12.056559562683105 -20.84947967529297 82.0
    vertex -12.056559562683105 -20.84947967529297 85.0
  endloop
endfacet
facet normal 0.0 0.0 0.0
  outer loop
    vertex 20.20016098022461 13.148170471191406 83.0
    vertex 20.20016098022461 7.3284807205200195 83.0
    vertex 20.20016098022461 13.148170471191406 85.0
  endloop
endfacet
facet normal 0.0 0.0 0.0
  outer loop
    vertex 20.20016098022461 13.148170471191406 85.0
    vertex 20.20016098022461 7.3284807205200195 83.0
    vertex 20.20016098022461 7.3284807205200195 85.0
  endloop
endfacet
facet normal 0.0 0.0 0.0
  outer loop
    vertex -12.056559562683105 -20.84947967529297 82.0
    vertex -10.42785358428955 -20.84947967529297 82.0
    vertex -12.056559562683105 -20.84947967529297 85.0
  endloop
endfacet
facet normal 0.0 0.0 0.0
  outer loop
    vertex -12.056559562683105 -20.84947967529297 85.0
    vertex -10.42785358428955 -20.84947967529297 82.0
    vertex -10.42785358428955 -20.84947967529297 85.0
  endloop
endfacet
facet normal 0.0 0.0 0.0
  outer loop
    vertex -10.42785358428955 -21.5 82.0
    vertex -10.42785358428955 -21.5 83.0
    vertex -10.42785358428955 -20.84947967529297 82.0
  endloop
endfacet
facet normal 0.0 0.0 0.0
  outer loop
    vertex -10.42785358428955 -20.84947967529297 82.0
    vertex -10.42785358428955 -21.5 83.0
    vertex -10.42785358428955 -20.84947967529297 85.0
  endloop
endfacet
facet normal 0.0 0.0 0.0
  outer loop
    vertex -10.42785358428955 -20.84947967529297 85.0
    vertex -10.42785358428955 -21.5 83.0
    vertex -10.42785358428955 -22.8106632232666 85.0
  endloop
endfacet
facet normal 0.0 0.0 0.0
  outer loop
    vertex -10.42785358428955 -22.8106632232666 85.0
    vertex -10.42785358428955 -21.5 83.0
    vertex -10.42785358428955 -22.8106632232666 83.0
  endloop
endfacet
facet normal 0.0 0.0 0.0
  outer loop
    vertex -5.223085403442383 -26.0 81.0
    vertex -5.223085403442383 -26.0 83.0
    vertex -5.244017601013184 -26.668245315551758 81.0
  endloop
endfacet
facet normal 0.0 0.0 0.0
  outer loop
    vertex -5.244017601013184 -26.668245315551758 81.0
    vertex -5.223085403442383 -26.0 83.0
    vertex -5.244017601013184 -26.668245315551758 85.0
  endloop
endfacet
facet normal 0.0 0.0 0.0
  outer loop
    vertex -5.244017601013184 -26.668245315551758 85.0
    vertex -5.223085403442383 -26.0 83.0
    vertex -5.15528678894043 -23.835575103759766 85.0
  endloop
endfacet
facet normal 0.0 0.0 0.0
  outer loop
    vertex -5.15528678894043 -23.835575103759766 85.0
    vertex -5.223085403442383 -26.0 83.0
    vertex -5.1760993003845215 -24.5 83.0
  endloop
endfacet
facet normal 0.0 0.0 0.0
  outer loop
    vertex -5.15528678894043 -23.835575103759766 85.0
    vertex -5.1760993003845215 -24.5 83.0
    vertex -5.15528678894043 -23.835575103759766 81.0
  endloop
endfacet
facet normal 0.0 0.0 0.0
  outer loop
    vertex -5.15528678894043 -23.835575103759766 81.0
    vertex -5.1760993003845215 -24.5 83.0
    vertex -5.1760993003845215 -24.5 81.0
  endloop
endfacet
facet normal 0.0 0.0 0.0
  outer loop
    vertex 25.713945388793945 8.371983528137207 83.0
    vertex 25.64832878112793 10.480005264282227 83.0
    vertex 25.713945388793945 8.371983528137207 85.0
  endloop
endfacet
facet normal 0.0 0.0 0.0
  outer loop
    vertex 25.713945388793945 8.371983528137207 85.0
    vertex 25.64832878112793 10.480005264282227 83.0
    vertex 25.64832878112793 10.480005264282227 85.0
  endloop
endfacet
facet normal 0.0 0.0 0.0
  outer loop
    vertex 25.64832878112793 10.480005264282227 83.0
    vertex 25.560527801513672 13.300664901733398 83.0
    vertex 25.64832878112793 10.480005264282227 85.0
  endloop
endfacet
facet normal 0.0 0.0 0.0
  outer loop
    vertex 25.64832878112793 10.480005264282227 85.0
    vertex 25.560527801513672 13.300664901733398 83.0
    vertex 25.560527801513672 13.300664901733398 85.0
  endloop
endfacet
facet normal 0.0 0.0 0.0
  outer loop
    vertex 25.560527801513672 13.300664901733398 83.0
    vertex 24.5 13.33829116821289 83.0
    vertex 25.560527801513672 13.300664901733398 85.0
  endloop
endfacet
facet normal 0.0 0.0 0.0
  outer loop
    vertex 25.560527801513672 13.300664901733398 85.0
    vertex 24.5 13.33829116821289 83.0
    vertex 23.033754348754883 13.390312194824219 85.0
  endloop
endfacet
facet normal 0.0 0.0 0.0
  outer loop
    vertex 23.033754348754883 13.390312194824219 85.0
    vertex 24.5 13.33829116821289 83.0
    vertex 23.033754348754883 13.390312194824219 81.0
  endloop
endfacet
facet normal 0.0 0.0 0.0
  outer loop
    vertex 23.033754348754883 13.390312194824219 81.0
    vertex 24.5 13.33829116821289 83.0
    vertex 24.5 13.33829116821289 81.0
  endloop
endfacet
facet normal 0.0 0.0 0.0
  outer loop
    vertex -5.129387855529785 -23.0 81.0
    vertex -5.129387855529785 -23.0 83.0
    vertex -5.15528678894043 -23.835575103759766 81.0
  endloop
endfacet
facet normal 0.0 0.0 0.0
  outer loop
    vertex -5.15528678894043 -23.835575103759766 81.0
    vertex -5.129387855529785 -23.0 83.0
    vertex -5.15528678894043 -23.835575103759766 85.0
  endloop
endfacet
facet normal 0.0 0.0 0.0
  outer loop
    vertex -5.15528678894043 -23.835575103759766 85.0
    vertex -5.129387855529785 -23.0 83.0
    vertex -5.067486763000488 -21.002897262573242 85.0
  endloop
endfacet
facet normal 0.0 0.0 0.0
  outer loop
    vertex -5.067486763000488 -21.002897262573242 85.0
    vertex -5.129387855529785 -23.0 83.0
    vertex -5.082894325256348 -21.5 83.0
  endloop
endfacet
facet normal 0.0 0.0 0.0
  outer loop
    vertex -5.067486763000488 -21.002897262573242 85.0
    vertex -5.082894325256348 -21.5 83.0
    vertex -5.067486763000488 -21.002897262573242 82.0
  endloop
endfacet
facet normal 0.0 0.0 0.0
  outer loop
    vertex -5.067486763000488 -21.002897262573242 82.0
    vertex -5.082894325256348 -21.5 83.0
    vertex -5.082894325256348 -21.5 82.0
  endloop
endfacet
facet normal 0.0 0.0 0.0
  outer loop
    vertex 9.787191390991211 4.999999523162842 81.0
    vertex 9.787191390991211 4.999999523162842 83.0
    vertex 9.787191390991211 7.6343889236450195 81.0
  endloop
endfacet
facet normal 0.0 0.0 0.0
  outer loop
    vertex 9.787191390991211 7.6343889236450195 81.0
    vertex 9.787191390991211 4.999999523162842 83.0
    vertex 9.787191390991211 7.6343889236450195 85.0
  endloop
endfacet
facet normal 0.0 0.0 0.0
  outer loop
    vertex 9.787191390991211 7.6343889236450195 85.0
    vertex 9.787191390991211 4.999999523162842 83.0
    vertex 9.787191390991211 2.121530771255493 85.0
  endloop
endfacet
facet normal 0.0 0.0 0.0
  outer loop
    vertex 9.787191390991211 2.121530771255493 85.0
    vertex 9.787191390991211 4.999999523162842 83.0
    vertex 9.787191390991211 3.499999523162842 83.0
  endloop
endfacet
facet normal 0.0 0.0 0.0
  outer loop
    vertex 9.787191390991211 2.121530771255493 85.0
    vertex 9.787191390991211 3.499999523162842 83.0
    vertex 9.787191390991211 2.121530771255493 81.0
  endloop
endfacet
facet normal 0.0 0.0 0.0
  outer loop
    vertex 9.787191390991211 2.121530771255493 81.0
    vertex 9.787191390991211 3.499999523162842 83.0
    vertex 9.787191390991211 3.499999523162842 81.0
  endloop
endfacet
facet normal 0.0 0.0 0.0
  outer loop
    vertex 20.20016098022461 7.3284807205200195 83.0
    vertex 20.5 7.3284807205200195 83.0
    vertex 20.20016098022461 7.3284807205200195 85.0
  endloop
endfacet
facet normal 0.0 0.0 0.0
  outer loop
    vertex 20.20016098022461 7.3284807205200195 85.0
    vertex 20.5 7.3284807205200195 83.0
    vertex 21.5 7.3284807205200195 83.0
  endloop
endfacet
facet normal 0.0 0.0 0.0
  outer loop
    vertex 20.20016098022461 7.3284807205200195 85.0
    vertex 21.5 7.3284807205200195 83.0
    vertex 23.0 7.3284807205200195 83.0
  endloop
endfacet
facet normal 0.0 0.0 0.0
  outer loop
    vertex 20.5 7.3284807205200195 82.0
    vertex 21.5 7.3284807205200195 82.0
    vertex 20.5 7.3284807205200195 83.0
  endloop
endfacet
facet normal 0.0 0.0 0.0
  outer loop
    vertex 20.5 7.3284807205200195 83.0
    vertex 21.5 7.3284807205200195 82.0
    vertex 21.5 7.3284807205200195 83.0
  endloop
endfacet
facet normal 0.0 0.0 0.0
  outer loop
    vertex 23.0 7.3284807205200195 81.0
    vertex 24.5 7.3284807205200195 81.0
    vertex 23.0 7.3284807205200195 83.0
  endloop
endfacet
facet normal 0.0 0.0 0.0
  outer loop
    vertex 23.0 7.3284807205200195 83.0
    vertex 24.5 7.3284807205200195 81.0
    vertex 24.5 7.3284807205200195 83.0
  endloop
endfacet
facet normal 0.0 0.0 0.0
  outer loop
    vertex 23.0 7.3284807205200195 83.0
    vertex 24.5 7.3284807205200195 83.0
    vertex 25.4071102142334 7.3284807205200195 85.0
  endloop
endfacet
facet normal 0.0 0.0 0.0
  outer loop
    vertex 25.4071102142334 7.3284807205200195 85.0
    vertex 24.5 7.3284807205200195 83.0
    vertex 25.4071102142334 7.3284807205200195 83.0
  endloop
endfacet
facet normal 0.0 0.0 0.0
  outer loop
    vertex 25.4071102142334 7.3284807205200195 85.0
    vertex 20.20016098022461 7.3284807205200195 85.0
    vertex 23.0 7.3284807205200195 83.0
  endloop
endfacet
facet normal 0.0 0.0 0.0
  outer loop
    vertex 25.4071102142334 7.3284807205200195 83.0
    vertex 25.4071102142334 3.499999523162842 83.0
    vertex 25.4071102142334 7.3284807205200195 85.0
  endloop
endfacet
facet normal 0.0 0.0 0.0
  outer loop
    vertex 25.4071102142334 7.3284807205200195 85.0
    vertex 25.4071102142334 3.499999523162842 83.0
    vertex 25.4071102142334 2.121530771255493 85.0
  endloop
endfacet
facet normal 0.0 0.0 0.0
  outer loop
    vertex 25.4071102142334 2.121530771255493 85.0
    vertex 25.4071102142334 3.499999523162842 83.0
    vertex 25.4071102142334 2.121530771255493 81.0
  endloop
endfacet
facet normal 0.0 0.0 0.0
  outer loop
    vertex 25.4071102142334 2.121530771255493 81.0
    vertex 25.4071102142334 3.499999523162842 83.0
    vertex 25.4071102142334 3.499999523162842 81.0
  endloop
endfacet
facet normal 0.0 0.0 0.0
  outer loop
    vertex -5.067486763000488 -21.002897262573242 82.0
    vertex -2.858647108078003 -20.91232681274414 82.0
    vertex -5.067486763000488 -21.002897262573242 85.0
  endloop
endfacet
facet normal 0.0 0.0 0.0
  outer loop
    vertex -5.067486763000488 -21.002897262573242 85.0
    vertex -2.858647108078003 -20.91232681274414 82.0
    vertex -2.858647108078003 -20.91232681274414 85.0
  endloop
endfacet
facet normal 0.0 0.0 0.0
  outer loop
    vertex 20.404401779174805 2.121530771255493 83.0
    vertex 19.68907928466797 2.119454860687256 83.0
    vertex 20.404401779174805 2.121530771255493 85.0
  endloop
endfacet
facet normal 0.0 0.0 0.0
  outer loop
    vertex 20.404401779174805 2.121530771255493 85.0
    vertex 19.68907928466797 2.119454860687256 83.0
    vertex 19.39535903930664 2.1173791885375977 85.0
  endloop
endfacet
facet normal 0.0 0.0 0.0
  outer loop
    vertex 19.39535903930664 2.1173791885375977 85.0
    vertex 19.68907928466797 2.119454860687256 83.0
    vertex 19.0 2.1134161949157715 83.0
  endloop
endfacet
facet normal 0.0 0.0 0.0
  outer loop
    vertex 19.39535903930664 2.1173791885375977 85.0
    vertex 19.0 2.1134161949157715 83.0
    vertex 18.9118709564209 2.1123440265655518 85.0
  endloop
endfacet
facet normal 0.0 0.0 0.0
  outer loop
    vertex 18.9118709564209 2.1123440265655518 85.0
    vertex 19.0 2.1134161949157715 83.0
    vertex 18.472881317138672 2.105926752090454 81.0
  endloop
endfacet
facet normal 0.0 0.0 0.0
  outer loop
    vertex 18.9118709564209 2.1123440265655518 85.0
    vertex 18.472881317138672 2.105926752090454 81.0
    vertex 18.445968627929688 2.105473041534424 85.0
  endloop
endfacet
facet normal 0.0 0.0 0.0
  outer loop
    vertex 18.445968627929688 2.105473041534424 85.0
    vertex 18.472881317138672 2.105926752090454 81.0
    vertex 18.000316619873047 2.0968692302703857 85.0
  endloop
endfacet
facet normal 0.0 0.0 0.0
  outer loop
    vertex 18.000316619873047 2.0968692302703857 85.0
    vertex 18.472881317138672 2.105926752090454 81.0
    vertex 17.971237182617188 2.0962331295013428 81.0
  endloop
endfacet
facet normal 0.0 0.0 0.0
  outer loop
    vertex 18.000316619873047 2.0968692302703857 85.0
    vertex 17.971237182617188 2.0962331295013428 81.0
    vertex 17.57758903503418 2.0866353511810303 85.0
  endloop
endfacet
facet normal 0.0 0.0 0.0
  outer loop
    vertex 17.57758903503418 2.0866353511810303 85.0
    vertex 17.971237182617188 2.0962331295013428 81.0
    vertex 17.49888038635254 2.0844814777374268 81.0
  endloop
endfacet
facet normal 0.0 0.0 0.0
  outer loop
    vertex 17.57758903503418 2.0866353511810303 85.0
    vertex 17.49888038635254 2.0844814777374268 81.0
    vertex 17.180452346801758 2.0748744010925293 85.0
  endloop
endfacet
facet normal 0.0 0.0 0.0
  outer loop
    vertex 17.180452346801758 2.0748744010925293 85.0
    vertex 17.49888038635254 2.0844814777374268 81.0
    vertex 17.059621810913086 2.07081937789917 81.0
  endloop
endfacet
facet normal 0.0 0.0 0.0
  outer loop
    vertex 17.180452346801758 2.0748744010925293 85.0
    vertex 17.059621810913086 2.07081937789917 81.0
    vertex 16.81157875061035 2.0616891384124756 85.0
  endloop
endfacet
facet normal 0.0 0.0 0.0
  outer loop
    vertex 16.81157875061035 2.0616891384124756 85.0
    vertex 17.059621810913086 2.07081937789917 81.0
    vertex 16.657270431518555 2.0553932189941406 81.0
  endloop
endfacet
facet normal 0.0 0.0 0.0
  outer loop
    vertex 16.81157875061035 2.0616891384124756 85.0
    vertex 16.657270431518555 2.0553932189941406 81.0
    vertex 16.473634719848633 2.047182559967041 85.0
  endloop
endfacet
facet normal 0.0 0.0 0.0
  outer loop
    vertex 16.473634719848633 2.047182559967041 85.0
    vertex 16.657270431518555 2.0553932189941406 81.0
    vertex 16.295637130737305 2.0383498668670654 81.0
  endloop
endfacet
facet normal 0.0 0.0 0.0
  outer loop
    vertex 16.473634719848633 2.047182559967041 85.0
    vertex 16.295637130737305 2.0383498668670654 81.0
    vertex 16.169294357299805 2.0314576625823975 85.0
  endloop
endfacet
facet normal 0.0 0.0 0.0
  outer loop
    vertex 16.169294357299805 2.0314576625823975 85.0
    vertex 16.295637130737305 2.0383498668670654 81.0
    vertex 15.978534698486328 2.019836187362671 81.0
  endloop
endfacet
facet normal 0.0 0.0 0.0
  outer loop
    vertex 16.169294357299805 2.0314576625823975 85.0
    vertex 15.978534698486328 2.019836187362671 81.0
    vertex 15.901224136352539 2.0146172046661377 85.0
  endloop
endfacet
facet normal 0.0 0.0 0.0
  outer loop
    vertex 15.901224136352539 2.0146172046661377 85.0
    vertex 15.978534698486328 2.019836187362671 81.0
    vertex 15.709772109985352 1.9999994039535522 81.0
  endloop
endfacet
facet normal 0.0 0.0 0.0
  outer loop
    vertex 15.901224136352539 2.0146172046661377 85.0
    vertex 15.709772109985352 1.9999994039535522 81.0
    vertex 15.709772109985352 1.9999994039535522 83.0
  endloop
endfacet
facet normal 0.0 0.0 0.0
  outer loop
    vertex 19.0 2.1134161949157715 83.0
    vertex 19.0 2.1134161949157715 81.0
    vertex 18.472881317138672 2.105926752090454 81.0
  endloop
endfacet
facet normal 0.0 0.0 0.0
  outer loop
    vertex 15.901224136352539 2.0146172046661377 85.0
    vertex 15.709772109985352 1.9999994039535522 83.0
    vertex 15.67209529876709 1.996763825416565 85.0
  endloop
endfacet
facet normal 0.0 0.0 0.0
  outer loop
    vertex 15.67209529876709 1.996763825416565 85.0
    vertex 15.709772109985352 1.9999994039535522 83.0
    vertex 15.55685806274414 1.9858589172363281 83.0
  endloop
endfacet
facet normal 0.0 0.0 0.0
  outer loop
    vertex 15.67209529876709 1.996763825416565 85.0
    vertex 15.55685806274414 1.9858589172363281 83.0
    vertex 15.484577178955078 1.9780008792877197 85.0
  endloop
endfacet
facet normal 0.0 0.0 0.0
  outer loop
    vertex 15.484577178955078 1.9780008792877197 85.0
    vertex 15.55685806274414 1.9858589172363281 83.0
    vertex 15.426603317260742 1.9708951711654663 83.0
  endloop
endfacet
facet normal 0.0 0.0 0.0
  outer loop
    vertex 15.484577178955078 1.9780008792877197 85.0
    vertex 15.426603317260742 1.9708951711654663 83.0
    vertex 15.341339111328125 1.9584308862686157 85.0
  endloop
endfacet
facet normal 0.0 0.0 0.0
  outer loop
    vertex 15.341339111328125 1.9584308862686157 85.0
    vertex 15.426603317260742 1.9708951711654663 83.0
    vertex 15.29464054107666 1.9499249458312988 83.0
  endloop
endfacet
facet normal 0.0 0.0 0.0
  outer loop
    vertex 15.341339111328125 1.9584308862686157 85.0
    vertex 15.29464054107666 1.9499249458312988 83.0
    vertex 15.245051383972168 1.9381569623947144 85.0
  endloop
endfacet
facet normal 0.0 0.0 0.0
  outer loop
    vertex 15.245051383972168 1.9381569623947144 85.0
    vertex 15.29464054107666 1.9499249458312988 83.0
    vertex 15.240224838256836 1.9367401599884033 83.0
  endloop
endfacet
facet normal 0.0 0.0 0.0
  outer loop
    vertex 15.245051383972168 1.9381569623947144 85.0
    vertex 15.240224838256836 1.9367401599884033 83.0
    vertex 15.215347290039062 1.9277881383895874 85.0
  endloop
endfacet
facet normal 0.0 0.0 0.0
  outer loop
    vertex 15.215347290039062 1.9277881383895874 85.0
    vertex 15.240224838256836 1.9367401599884033 83.0
    vertex 15.217016220092773 1.9285197257995605 83.0
  endloop
endfacet
facet normal 0.0 0.0 0.0
  outer loop
    vertex 15.215347290039062 1.9277881383895874 85.0
    vertex 15.217016220092773 1.9285197257995605 83.0
    vertex 15.207064628601074 1.9236302375793457 83.0
  endloop
endfacet
facet normal 0.0 0.0 0.0
  outer loop
    vertex 15.215347290039062 1.9277881383895874 85.0
    vertex 15.207064628601074 1.9236302375793457 83.0
    vertex 15.205252647399902 1.9225513935089111 85.0
  endloop
endfacet
facet normal 0.0 0.0 0.0
  outer loop
    vertex 15.205252647399902 1.9225513935089111 85.0
    vertex 15.207064628601074 1.9236302375793457 83.0
    vertex 15.202507972717285 1.9207309484481812 83.0
  endloop
endfacet
facet normal 0.0 0.0 0.0
  outer loop
    vertex 15.205252647399902 1.9225513935089111 85.0
    vertex 15.202507972717285 1.9207309484481812 83.0
    vertex 15.201412200927734 1.919920563697815 85.0
  endloop
endfacet
facet normal 0.0 0.0 0.0
  outer loop
    vertex 15.201412200927734 1.919920563697815 85.0
    vertex 15.202507972717285 1.9207309484481812 83.0
    vertex 15.198383331298828 1.9172818660736084 83.0
  endloop
endfacet
facet normal 0.0 0.0 0.0
  outer loop
    vertex 15.201412200927734 1.919920563697815 85.0
    vertex 15.198383331298828 1.9172818660736084 83.0
    vertex 15.198383331298828 1.9172818660736084 85.0
  endloop
endfacet
facet normal 0.0 0.0 0.0
  outer loop
    vertex -2.8240246772766113 -20.910921096801758 82.0
    vertex -2.8240246772766113 -20.910921096801758 85.0
    vertex -2.858647108078003 -20.91232681274414 82.0
  endloop
endfacet
facet normal 0.0 0.0 0.0
  outer loop
    vertex -2.858647108078003 -20.91232681274414 82.0
    vertex -2.8240246772766113 -20.910921096801758 85.0
    vertex -2.858647108078003 -20.91232681274414 85.0
  endloop
endfacet
facet normal 0.0 0.0 0.0
  outer loop
    vertex 10.093095779418945 0.7620487213134766 83.0
    vertex 10.093095779418945 1.5087873935699463 83.0
    vertex 10.093095779418945 0.7620487213134766 85.0
  endloop
endfacet
facet normal 0.0 0.0 0.0
  outer loop
    vertex 10.093095779418945 0.7620487213134766 85.0
    vertex 10.093095779418945 1.5087873935699463 83.0
    vertex 10.093095779418945 1.5087873935699463 85.0
  endloop
endfacet
facet normal 0.0 0.0 0.0
  outer loop
    vertex -2.8240246772766113 -20.910921096801758 82.0
    vertex -0.694173276424408 -20.8236026763916 82.0
    vertex -2.8240246772766113 -20.910921096801758 85.0
  endloop
endfacet
facet normal 0.0 0.0 0.0
  outer loop
    vertex -2.8240246772766113 -20.910921096801758 85.0
    vertex -0.694173276424408 -20.8236026763916 82.0
    vertex -0.694173276424408 -20.8236026763916 85.0
  endloop
endfacet
facet normal 0.0 0.0 0.0
  outer loop
    vertex 15.198383331298828 1.9172818660736084 83.0
    vertex 15.19302749633789 1.9110510349273682 83.0
    vertex 15.198383331298828 1.9172818660736084 85.0
  endloop
endfacet
facet normal 0.0 0.0 0.0
  outer loop
    vertex 15.198383331298828 1.9172818660736084 85.0
    vertex 15.19302749633789 1.9110510349273682 83.0
    vertex 15.192224502563477 1.9099584817886353 84.5
  endloop
endfacet
facet normal 0.0 0.0 0.0
  outer loop
    vertex 15.198383331298828 1.9172818660736084 85.0
    vertex 15.192224502563477 1.9099584817886353 84.5
    vertex 15.192224502563477 1.9099584817886353 85.0
  endloop
endfacet
facet normal 0.0 0.0 0.0
  outer loop
    vertex 15.192224502563477 1.9099584817886353 85.0
    vertex 15.192224502563477 1.9099584817886353 84.5
    vertex 15.186111450195312 1.9002732038497925 84.5
  endloop
endfacet
facet normal 0.0 0.0 0.0
  outer loop
    vertex 15.192224502563477 1.9099584817886353 85.0
    vertex 15.186111450195312 1.9002732038497925 84.5
    vertex 15.186111450195312 1.9002732038497925 85.0
  endloop
endfacet
facet normal 0.0 0.0 0.0
  outer loop
    vertex 15.186111450195312 1.9002732038497925 85.0
    vertex 15.186111450195312 1.9002732038497925 84.5
    vertex 15.174030303955078 1.8739656209945679 84.5
  endloop
endfacet
facet normal 0.0 0.0 0.0
  outer loop
    vertex 15.186111450195312 1.9002732038497925 85.0
    vertex 15.174030303955078 1.8739656209945679 84.5
    vertex 15.174030303955078 1.8739656209945679 85.0
  endloop
endfacet
facet normal 0.0 0.0 0.0
  outer loop
    vertex 15.174030303955078 1.8739656209945679 85.0
    vertex 15.174030303955078 1.8739656209945679 84.5
    vertex 15.150522232055664 1.7946480512619019 85.0
  endloop
endfacet
facet normal 0.0 0.0 0.0
  outer loop
    vertex 15.150522232055664 1.7946480512619019 85.0
    vertex 15.174030303955078 1.8739656209945679 84.5
    vertex 15.174030303955078 1.8739656209945679 84.0
  endloop
endfacet
facet normal 0.0 0.0 0.0
  outer loop
    vertex 15.150522232055664 1.7946480512619019 85.0
    vertex 15.174030303955078 1.8739656209945679 84.0
    vertex 15.150522232055664 1.7946480512619019 83.0
  endloop
endfacet
facet normal 0.0 0.0 0.0
  outer loop
    vertex 15.150522232055664 1.7946480512619019 83.0
    vertex 15.174030303955078 1.8739656209945679 84.0
    vertex 15.174030303955078 1.8739656209945679 83.5
  endloop
endfacet
facet normal 0.0 0.0 0.0
  outer loop
    vertex 15.150522232055664 1.7946480512619019 83.0
    vertex 15.174030303955078 1.8739656209945679 83.5
    vertex 15.168744087219238 1.8594132661819458 83.0
  endloop
endfacet
facet normal 0.0 0.0 0.0
  outer loop
    vertex 15.168744087219238 1.8594132661819458 83.0
    vertex 15.174030303955078 1.8739656209945679 83.5
    vertex 15.180733680725098 1.8897465467453003 83.0
  endloop
endfacet
facet normal 0.0 0.0 0.0
  outer loop
    vertex 15.180733680725098 1.8897465467453003 83.0
    vertex 15.174030303955078 1.8739656209945679 83.5
    vertex 15.186111450195312 1.9002732038497925 83.5
  endloop
endfacet
facet normal 0.0 0.0 0.0
  outer loop
    vertex 15.180733680725098 1.8897465467453003 83.0
    vertex 15.186111450195312 1.9002732038497925 83.5
    vertex 15.188349723815918 1.904100775718689 83.0
  endloop
endfacet
facet normal 0.0 0.0 0.0
  outer loop
    vertex 15.188349723815918 1.904100775718689 83.0
    vertex 15.186111450195312 1.9002732038497925 83.5
    vertex 15.192224502563477 1.9099584817886353 83.5
  endloop
endfacet
facet normal 0.0 0.0 0.0
  outer loop
    vertex 15.188349723815918 1.904100775718689 83.0
    vertex 15.192224502563477 1.9099584817886353 83.5
    vertex 15.19302749633789 1.9110510349273682 83.0
  endloop
endfacet
facet normal 0.0 0.0 0.0
  outer loop
    vertex 15.19302749633789 1.9110510349273682 83.0
    vertex 15.192224502563477 1.9099584817886353 83.5
    vertex 15.192224502563477 1.9099584817886353 84.0
  endloop
endfacet
facet normal 0.0 0.0 0.0
  outer loop
    vertex 15.19302749633789 1.9110510349273682 83.0
    vertex 15.192224502563477 1.9099584817886353 84.0
    vertex 15.192224502563477 1.9099584817886353 84.5
  endloop
endfacet
facet normal 0.0 0.0 0.0
  outer loop
    vertex 15.192224502563477 1.9099584817886353 84.5
    vertex 15.192224502563477 1.9099584817886353 84.0
    vertex 15.186111450195312 1.9002732038497925 84.0
  endloop
endfacet
facet normal 0.0 0.0 0.0
  outer loop
    vertex 15.192224502563477 1.9099584817886353 84.5
    vertex 15.186111450195312 1.9002732038497925 84.0
    vertex 15.186111450195312 1.9002732038497925 84.5
  endloop
endfacet
facet normal 0.0 0.0 0.0
  outer loop
    vertex 15.186111450195312 1.9002732038497925 84.5
    vertex 15.186111450195312 1.9002732038497925 84.0
    vertex 15.174030303955078 1.8739656209945679 84.0
  endloop
endfacet
facet normal 0.0 0.0 0.0
  outer loop
    vertex 15.186111450195312 1.9002732038497925 84.5
    vertex 15.174030303955078 1.8739656209945679 84.0
    vertex 15.174030303955078 1.8739656209945679 84.5
  endloop
endfacet
facet normal 0.0 0.0 0.0
  outer loop
    vertex 15.192224502563477 1.9099584817886353 84.0
    vertex 15.192224502563477 1.9099584817886353 83.5
    vertex 15.186111450195312 1.9002732038497925 83.5
  endloop
endfacet
facet normal 0.0 0.0 0.0
  outer loop
    vertex 15.174030303955078 1.8739656209945679 84.0
    vertex 15.186111450195312 1.9002732038497925 84.0
    vertex 15.174030303955078 1.8739656209945679 83.5
  endloop
endfacet
facet normal 0.0 0.0 0.0
  outer loop
    vertex 15.174030303955078 1.8739656209945679 83.5
    vertex 15.186111450195312 1.9002732038497925 84.0
    vertex 15.186111450195312 1.9002732038497925 83.5
  endloop
endfacet
facet normal 0.0 0.0 0.0
  outer loop
    vertex 15.186111450195312 1.9002732038497925 84.0
    vertex 15.192224502563477 1.9099584817886353 84.0
    vertex 15.186111450195312 1.9002732038497925 83.5
  endloop
endfacet
facet normal 0.0 0.0 0.0
  outer loop
    vertex 10.093095779418945 1.5087873935699463 83.0
    vertex 10.798227310180664 1.5087873935699463 83.0
    vertex 10.093095779418945 1.5087873935699463 85.0
  endloop
endfacet
facet normal 0.0 0.0 0.0
  outer loop
    vertex 10.093095779418945 1.5087873935699463 85.0
    vertex 10.798227310180664 1.5087873935699463 83.0
    vertex 10.798227310180664 1.5087873935699463 85.0
  endloop
endfacet
facet normal 0.0 0.0 0.0
  outer loop
    vertex -0.6941386461257935 -20.824478149414062 82.0
    vertex -0.6941386461257935 -20.824478149414062 85.0
    vertex -0.694173276424408 -20.8236026763916 82.0
  endloop
endfacet
facet normal 0.0 0.0 0.0
  outer loop
    vertex -0.694173276424408 -20.8236026763916 82.0
    vertex -0.6941386461257935 -20.824478149414062 85.0
    vertex -0.694173276424408 -20.8236026763916 85.0
  endloop
endfacet
facet normal 0.0 0.0 0.0
  outer loop
    vertex 15.150522232055664 1.7946480512619019 83.0
    vertex 15.146628379821777 1.6622051000595093 83.0
    vertex 15.150522232055664 1.7946480512619019 85.0
  endloop
endfacet
facet normal 0.0 0.0 0.0
  outer loop
    vertex 15.150522232055664 1.7946480512619019 85.0
    vertex 15.146628379821777 1.6622051000595093 83.0
    vertex 15.146628379821777 1.6622051000595093 85.0
  endloop
endfacet
facet normal 0.0 0.0 0.0
  outer loop
    vertex 10.798227310180664 1.5087873935699463 83.0
    vertex 12.63188362121582 1.5734812021255493 83.0
    vertex 10.798227310180664 1.5087873935699463 85.0
  endloop
endfacet
facet normal 0.0 0.0 0.0
  outer loop
    vertex 10.798227310180664 1.5087873935699463 85.0
    vertex 12.63188362121582 1.5734812021255493 83.0
    vertex 12.63188362121582 1.5734812021255493 85.0
  endloop
endfacet
facet normal 0.0 0.0 0.0
  outer loop
    vertex -0.6498078107833862 -20.82267951965332 82.0
    vertex -0.6498078107833862 -20.82267951965332 85.0
    vertex -0.6941386461257935 -20.824478149414062 82.0
  endloop
endfacet
facet normal 0.0 0.0 0.0
  outer loop
    vertex -0.6941386461257935 -20.824478149414062 82.0
    vertex -0.6498078107833862 -20.82267951965332 85.0
    vertex -0.6941386461257935 -20.824478149414062 85.0
  endloop
endfacet
facet normal 0.0 0.0 0.0
  outer loop
    vertex 15.124650955200195 1.6614296436309814 83.0
    vertex 15.124650955200195 1.6614296436309814 85.0
    vertex 15.146628379821777 1.6622051000595093 83.0
  endloop
endfacet
facet normal 0.0 0.0 0.0
  outer loop
    vertex 15.146628379821777 1.6622051000595093 83.0
    vertex 15.124650955200195 1.6614296436309814 85.0
    vertex 15.146628379821777 1.6622051000595093 85.0
  endloop
endfacet
facet normal 0.0 0.0 0.0
  outer loop
    vertex 12.63188362121582 1.5734812021255493 83.0
    vertex 15.124650955200195 1.6614296436309814 83.0
    vertex 12.63188362121582 1.5734812021255493 85.0
  endloop
endfacet
facet normal 0.0 0.0 0.0
  outer loop
    vertex 12.63188362121582 1.5734812021255493 85.0
    vertex 15.124650955200195 1.6614296436309814 83.0
    vertex 15.124650955200195 1.6614296436309814 85.0
  endloop
endfacet
facet normal 0.0 0.0 0.0
  outer loop
    vertex 4.886146068572998 -9.211016654968262 83.0
    vertex 4.886146068572998 -4.0040740966796875 83.0
    vertex 4.886146068572998 -9.211016654968262 85.0
  endloop
endfacet
facet normal 0.0 0.0 0.0
  outer loop
    vertex 4.886146068572998 -9.211016654968262 85.0
    vertex 4.886146068572998 -4.0040740966796875 83.0
    vertex 4.886146068572998 -4.0040740966796875 85.0
  endloop
endfacet
facet normal 0.0 0.0 0.0
  outer loop
    vertex -0.6289161443710327 -21.5 82.0
    vertex -0.6289161443710327 -21.5 83.0
    vertex -0.6498078107833862 -20.82267951965332 82.0
  endloop
endfacet
facet normal 0.0 0.0 0.0
  outer loop
    vertex -0.6498078107833862 -20.82267951965332 82.0
    vertex -0.6289161443710327 -21.5 83.0
    vertex -0.6498078107833862 -20.82267951965332 85.0
  endloop
endfacet
facet normal 0.0 0.0 0.0
  outer loop
    vertex -0.6498078107833862 -20.82267951965332 85.0
    vertex -0.6289161443710327 -21.5 83.0
    vertex -0.5620075464248657 -23.669218063354492 85.0
  endloop
endfacet
facet normal 0.0 0.0 0.0
  outer loop
    vertex -0.5620075464248657 -23.669218063354492 85.0
    vertex -0.6289161443710327 -21.5 83.0
    vertex -0.5620075464248657 -23.669218063354492 83.0
  endloop
endfacet
facet normal 0.0 0.0 0.0
  outer loop
    vertex 15.124650955200195 1.6614296436309814 85.0
    vertex 15.124650955200195 1.6614296436309814 83.0
    vertex 15.097125053405762 1.459625482559204 85.0
  endloop
endfacet
facet normal 0.0 0.0 0.0
  outer loop
    vertex 15.097125053405762 1.459625482559204 85.0
    vertex 15.124650955200195 1.6614296436309814 83.0
    vertex 15.095426559448242 1.4449163675308228 83.0
  endloop
endfacet
facet normal 0.0 0.0 0.0
  outer loop
    vertex 15.097125053405762 1.459625482559204 85.0
    vertex 15.095426559448242 1.4449163675308228 83.0
    vertex 15.072052955627441 1.2098265886306763 85.0
  endloop
endfacet
facet normal 0.0 0.0 0.0
  outer loop
    vertex 15.072052955627441 1.2098265886306763 85.0
    vertex 15.095426559448242 1.4449163675308228 83.0
    vertex 15.069043159484863 1.1747779846191406 83.0
  endloop
endfacet
facet normal 0.0 0.0 0.0
  outer loop
    vertex 15.072052955627441 1.2098265886306763 85.0
    vertex 15.069043159484863 1.1747779846191406 83.0
    vertex 15.049808502197266 0.9174750447273254 85.0
  endloop
endfacet
facet normal 0.0 0.0 0.0
  outer loop
    vertex 15.049808502197266 0.9174750447273254 85.0
    vertex 15.069043159484863 1.1747779846191406 83.0
    vertex 15.04593276977539 0.8576079607009888 83.0
  endloop
endfacet
facet normal 0.0 0.0 0.0
  outer loop
    vertex 15.049808502197266 0.9174750447273254 85.0
    vertex 15.04593276977539 0.8576079607009888 83.0
    vertex 15.030768394470215 0.5880129337310791 85.0
  endloop
endfacet
facet normal 0.0 0.0 0.0
  outer loop
    vertex 15.030768394470215 0.5880129337310791 85.0
    vertex 15.04593276977539 0.8576079607009888 83.0
    vertex 15.026530265808105 0.5 83.0
  endloop
endfacet
facet normal 0.0 0.0 0.0
  outer loop
    vertex 15.030768394470215 0.5880129337310791 85.0
    vertex 15.026530265808105 0.5 83.0
    vertex 15.01530647277832 0.2268821895122528 85.0
  endloop
endfacet
facet normal 0.0 0.0 0.0
  outer loop
    vertex 15.01530647277832 0.2268821895122528 85.0
    vertex 15.026530265808105 0.5 83.0
    vertex 15.008091926574707 0.004234480205923319 82.0
  endloop
endfacet
facet normal 0.0 0.0 0.0
  outer loop
    vertex 15.01530647277832 0.2268821895122528 85.0
    vertex 15.008091926574707 0.004234480205923319 82.0
    vertex 15.00379753112793 -0.16047509014606476 85.0
  endloop
endfacet
facet normal 0.0 0.0 0.0
  outer loop
    vertex 15.00379753112793 -0.16047509014606476 85.0
    vertex 15.008091926574707 0.004234480205923319 82.0
    vertex 14.997489929199219 -0.5 82.0
  endloop
endfacet
facet normal 0.0 0.0 0.0
  outer loop
    vertex 15.00379753112793 -0.16047509014606476 85.0
    vertex 14.997489929199219 -0.5 82.0
    vertex 14.997489929199219 -0.5 83.0
  endloop
endfacet
facet normal 0.0 0.0 0.0
  outer loop
    vertex 15.026530265808105 0.5 83.0
    vertex 15.026530265808105 0.5 82.0
    vertex 15.008091926574707 0.004234480205923319 82.0
  endloop
endfacet
facet normal 0.0 0.0 0.0
  outer loop
    vertex 15.00379753112793 -0.16047509014606476 85.0
    vertex 14.997489929199219 -0.5 83.0
    vertex 14.996618270874023 -0.5686169266700745 85.0
  endloop
endfacet
facet normal 0.0 0.0 0.0
  outer loop
    vertex 14.996618270874023 -0.5686169266700745 85.0
    vertex 14.997489929199219 -0.5 83.0
    vertex 14.994141578674316 -0.9921011924743652 83.0
  endloop
endfacet
facet normal 0.0 0.0 0.0
  outer loop
    vertex 14.996618270874023 -0.5686169266700745 85.0
    vertex 14.994141578674316 -0.9921011924743652 83.0
    vertex 14.994141578674316 -0.9921011924743652 85.0
  endloop
endfacet
facet normal 0.0 0.0 0.0
  outer loop
    vertex 4.886146068572998 -4.0040740966796875 83.0
    vertex 5.58974027633667 -4.0040740966796875 83.0
    vertex 4.886146068572998 -4.0040740966796875 85.0
  endloop
endfacet
facet normal 0.0 0.0 0.0
  outer loop
    vertex 4.886146068572998 -4.0040740966796875 85.0
    vertex 5.58974027633667 -4.0040740966796875 83.0
    vertex 5.58974027633667 -4.0040740966796875 85.0
  endloop
endfacet
facet normal 0.0 0.0 0.0
  outer loop
    vertex 5.58974027633667 -4.0040740966796875 83.0
    vertex 7.4138360023498535 -3.939380407333374 83.0
    vertex 5.58974027633667 -4.0040740966796875 85.0
  endloop
endfacet
facet normal 0.0 0.0 0.0
  outer loop
    vertex 5.58974027633667 -4.0040740966796875 85.0
    vertex 7.4138360023498535 -3.939380407333374 83.0
    vertex 7.4138360023498535 -3.939380407333374 85.0
  endloop
endfacet
facet normal 0.0 0.0 0.0
  outer loop
    vertex 30.719139099121094 -5.000000476837158 81.0
    vertex 30.719139099121094 -5.000000476837158 83.0
    vertex 30.552846908569336 -9.672897338867188 81.0
  endloop
endfacet
facet normal 0.0 0.0 0.0
  outer loop
    vertex 30.552846908569336 -9.672897338867188 81.0
    vertex 30.719139099121094 -5.000000476837158 83.0
    vertex 30.552846908569336 -9.672897338867188 85.0
  endloop
endfacet
facet normal 0.0 0.0 0.0
  outer loop
    vertex 30.552846908569336 -9.672897338867188 85.0
    vertex 30.719139099121094 -5.000000476837158 83.0
    vertex 30.75731086730957 -3.927365303039551 85.0
  endloop
endfacet
facet normal 0.0 0.0 0.0
  outer loop
    vertex 30.75731086730957 -3.927365303039551 85.0
    vertex 30.719139099121094 -5.000000476837158 83.0
    vertex 30.75731086730957 -3.927365303039551 83.0
  endloop
endfacet
facet normal 0.0 0.0 0.0
  outer loop
    vertex 7.4138360023498535 -3.939380407333374 83.0
    vertex 9.790578842163086 -3.855924606323242 83.0
    vertex 7.4138360023498535 -3.939380407333374 85.0
  endloop
endfacet
facet normal 0.0 0.0 0.0
  outer loop
    vertex 7.4138360023498535 -3.939380407333374 85.0
    vertex 9.790578842163086 -3.855924606323242 83.0
    vertex 9.790578842163086 -3.855924606323242 85.0
  endloop
endfacet
facet normal 0.0 0.0 0.0
  outer loop
    vertex -0.5620075464248657 -23.669218063354492 83.0
    vertex -0.5 -25.658769607543945 83.0
    vertex -0.5620075464248657 -23.669218063354492 85.0
  endloop
endfacet
facet normal 0.0 0.0 0.0
  outer loop
    vertex -0.5620075464248657 -23.669218063354492 85.0
    vertex -0.5 -25.658769607543945 83.0
    vertex -0.4889395534992218 -26.01365089416504 85.0
  endloop
endfacet
facet normal 0.0 0.0 0.0
  outer loop
    vertex -0.4889395534992218 -26.01365089416504 85.0
    vertex -0.5 -25.658769607543945 83.0
    vertex -0.4889395534992218 -26.01365089416504 82.0
  endloop
endfacet
facet normal 0.0 0.0 0.0
  outer loop
    vertex -0.4889395534992218 -26.01365089416504 82.0
    vertex -0.5 -25.658769607543945 83.0
    vertex -0.5 -25.658769607543945 82.0
  endloop
endfacet
facet normal 0.0 0.0 0.0
  outer loop
    vertex 9.787191390991211 -3.6972386837005615 83.0
    vertex 9.945659637451172 -3.6972386837005615 83.0
    vertex 9.787191390991211 -3.6972386837005615 85.0
  endloop
endfacet
facet normal 0.0 0.0 0.0
  outer loop
    vertex 9.787191390991211 -3.6972386837005615 85.0
    vertex 9.945659637451172 -3.6972386837005615 83.0
    vertex 9.945659637451172 -3.6972386837005615 85.0
  endloop
endfacet
facet normal 0.0 0.0 0.0
  outer loop
    vertex 9.790578842163086 -3.855924606323242 83.0
    vertex 9.815004348754883 -5.000000476837158 83.0
    vertex 9.790578842163086 -3.855924606323242 85.0
  endloop
endfacet
facet normal 0.0 0.0 0.0
  outer loop
    vertex 9.790578842163086 -3.855924606323242 85.0
    vertex 9.815004348754883 -5.000000476837158 83.0
    vertex 9.850961685180664 -6.684250831604004 85.0
  endloop
endfacet
facet normal 0.0 0.0 0.0
  outer loop
    vertex 9.850961685180664 -6.684250831604004 85.0
    vertex 9.815004348754883 -5.000000476837158 83.0
    vertex 9.850961685180664 -6.684250831604004 81.0
  endloop
endfacet
facet normal 0.0 0.0 0.0
  outer loop
    vertex 9.850961685180664 -6.684250831604004 81.0
    vertex 9.815004348754883 -5.000000476837158 83.0
    vertex 9.815004348754883 -5.000000476837158 81.0
  endloop
endfacet
facet normal 0.0 0.0 0.0
  outer loop
    vertex -0.4889395534992218 -26.01365089416504 82.0
    vertex -0.4695959687232971 -26.50282096862793 82.0
    vertex -0.4889395534992218 -26.01365089416504 85.0
  endloop
endfacet
facet normal 0.0 0.0 0.0
  outer loop
    vertex -0.4889395534992218 -26.01365089416504 85.0
    vertex -0.4695959687232971 -26.50282096862793 82.0
    vertex -0.4695959687232971 -26.50282096862793 85.0
  endloop
endfacet
facet normal 0.0 0.0 0.0
  outer loop
    vertex 14.994141578674316 -0.9921011924743652 83.0
    vertex 14.994141578674316 -2.000000238418579 83.0
    vertex 14.994141578674316 -0.9921011924743652 85.0
  endloop
endfacet
facet normal 0.0 0.0 0.0
  outer loop
    vertex 14.994141578674316 -0.9921011924743652 85.0
    vertex 14.994141578674316 -2.000000238418579 83.0
    vertex 14.994141578674316 -3.6972386837005615 85.0
  endloop
endfacet
facet normal 0.0 0.0 0.0
  outer loop
    vertex 14.994141578674316 -3.6972386837005615 85.0
    vertex 14.994141578674316 -2.000000238418579 83.0
    vertex 14.994141578674316 -3.500000238418579 83.0
  endloop
endfacet
facet normal 0.0 0.0 0.0
  outer loop
    vertex 14.994141578674316 -3.6972386837005615 85.0
    vertex 14.994141578674316 -3.500000238418579 83.0
    vertex 14.994141578674316 -3.6972386837005615 83.0
  endloop
endfacet
facet normal 0.0 0.0 0.0
  outer loop
    vertex 14.994141578674316 -2.000000238418579 81.0
    vertex 14.994141578674316 -3.500000238418579 81.0
    vertex 14.994141578674316 -2.000000238418579 83.0
  endloop
endfacet
facet normal 0.0 0.0 0.0
  outer loop
    vertex 14.994141578674316 -2.000000238418579 83.0
    vertex 14.994141578674316 -3.500000238418579 81.0
    vertex 14.994141578674316 -3.500000238418579 83.0
  endloop
endfacet
facet normal 0.0 0.0 0.0
  outer loop
    vertex 10.116209030151367 -4.0040740966796875 83.0
    vertex 10.116209030151367 -4.0040740966796875 85.0
    vertex 10.093095779418945 -4.0040740966796875 83.0
  endloop
endfacet
facet normal 0.0 0.0 0.0
  outer loop
    vertex 10.093095779418945 -4.0040740966796875 83.0
    vertex 10.116209030151367 -4.0040740966796875 85.0
    vertex 10.093095779418945 -4.0040740966796875 85.0
  endloop
endfacet
facet normal 0.0 0.0 0.0
  outer loop
    vertex 10.080788612365723 -5.000000476837158 81.0
    vertex 10.080788612365723 -5.000000476837158 83.0
    vertex 10.015463829040527 -6.836744785308838 81.0
  endloop
endfacet
facet normal 0.0 0.0 0.0
  outer loop
    vertex 10.015463829040527 -6.836744785308838 81.0
    vertex 10.080788612365723 -5.000000476837158 83.0
    vertex 10.015463829040527 -6.836744785308838 85.0
  endloop
endfacet
facet normal 0.0 0.0 0.0
  outer loop
    vertex 10.015463829040527 -6.836744785308838 85.0
    vertex 10.080788612365723 -5.000000476837158 83.0
    vertex 10.093095779418945 -4.653954982757568 85.0
  endloop
endfacet
facet normal 0.0 0.0 0.0
  outer loop
    vertex 10.093095779418945 -4.653954982757568 85.0
    vertex 10.080788612365723 -5.000000476837158 83.0
    vertex 10.093095779418945 -4.653954982757568 83.0
  endloop
endfacet
facet normal 0.0 0.0 0.0
  outer loop
    vertex -0.4690808653831482 -26.515899658203125 82.0
    vertex -0.4690808653831482 -26.515899658203125 85.0
    vertex -0.4695959687232971 -26.50282096862793 82.0
  endloop
endfacet
facet normal 0.0 0.0 0.0
  outer loop
    vertex -0.4695959687232971 -26.50282096862793 82.0
    vertex -0.4690808653831482 -26.515899658203125 85.0
    vertex -0.4695959687232971 -26.50282096862793 85.0
  endloop
endfacet
facet normal 0.0 0.0 0.0
  outer loop
    vertex 10.116209030151367 -4.0040740966796875 83.0
    vertex 10.093095779418945 -4.653954982757568 83.0
    vertex 10.116209030151367 -4.0040740966796875 85.0
  endloop
endfacet
facet normal 0.0 0.0 0.0
  outer loop
    vertex 10.116209030151367 -4.0040740966796875 85.0
    vertex 10.093095779418945 -4.653954982757568 83.0
    vertex 10.093095779418945 -4.653954982757568 85.0
  endloop
endfacet
facet normal 0.0 0.0 0.0
  outer loop
    vertex 0.5 -26.5499267578125 82.0
    vertex 0.5 -26.5499267578125 83.0
    vertex -0.4690808653831482 -26.515899658203125 82.0
  endloop
endfacet
facet normal 0.0 0.0 0.0
  outer loop
    vertex -0.4690808653831482 -26.515899658203125 82.0
    vertex 0.5 -26.5499267578125 83.0
    vertex -0.4690808653831482 -26.515899658203125 85.0
  endloop
endfacet
facet normal 0.0 0.0 0.0
  outer loop
    vertex -0.4690808653831482 -26.515899658203125 85.0
    vertex 0.5 -26.5499267578125 83.0
    vertex 2.0534822940826416 -26.604475021362305 85.0
  endloop
endfacet
facet normal 0.0 0.0 0.0
  outer loop
    vertex 2.0534822940826416 -26.604475021362305 85.0
    vertex 0.5 -26.5499267578125 83.0
    vertex 2.000000238418579 -26.602598190307617 83.0
  endloop
endfacet
facet normal 0.0 0.0 0.0
  outer loop
    vertex 2.0534822940826416 -26.604475021362305 85.0
    vertex 2.000000238418579 -26.602598190307617 83.0
    vertex 2.0534822940826416 -26.604475021362305 81.0
  endloop
endfacet
facet normal 0.0 0.0 0.0
  outer loop
    vertex 2.0534822940826416 -26.604475021362305 81.0
    vertex 2.000000238418579 -26.602598190307617 83.0
    vertex 2.000000238418579 -26.602598190307617 81.0
  endloop
endfacet
facet normal 0.0 0.0 0.0
  outer loop
    vertex 10.093095779418945 -4.653954982757568 83.0
    vertex 10.093095779418945 -5.000000476837158 83.0
    vertex 10.093095779418945 -4.653954982757568 85.0
  endloop
endfacet
facet normal 0.0 0.0 0.0
  outer loop
    vertex 10.093095779418945 -4.653954982757568 85.0
    vertex 10.093095779418945 -5.000000476837158 83.0
    vertex 10.093095779418945 -9.516928672790527 85.0
  endloop
endfacet
facet normal 0.0 0.0 0.0
  outer loop
    vertex 10.093095779418945 -9.516928672790527 85.0
    vertex 10.093095779418945 -5.000000476837158 83.0
    vertex 10.093095779418945 -9.516928672790527 81.0
  endloop
endfacet
facet normal 0.0 0.0 0.0
  outer loop
    vertex 10.093095779418945 -9.516928672790527 81.0
    vertex 10.093095779418945 -5.000000476837158 83.0
    vertex 10.093095779418945 -5.000000476837158 81.0
  endloop
endfacet
facet normal 0.0 0.0 0.0
  outer loop
    vertex 25.4071102142334 -4.0040740966796875 83.0
    vertex 25.4071102142334 -9.211016654968262 83.0
    vertex 25.4071102142334 -4.0040740966796875 85.0
  endloop
endfacet
facet normal 0.0 0.0 0.0
  outer loop
    vertex 25.4071102142334 -4.0040740966796875 85.0
    vertex 25.4071102142334 -9.211016654968262 83.0
    vertex 25.4071102142334 -9.211016654968262 85.0
  endloop
endfacet
facet normal 0.0 0.0 0.0
  outer loop
    vertex 14.898937225341797 -4.0040740966796875 83.0
    vertex 14.994141578674316 -4.0040740966796875 83.0
    vertex 14.898937225341797 -4.0040740966796875 85.0
  endloop
endfacet
facet normal 0.0 0.0 0.0
  outer loop
    vertex 14.898937225341797 -4.0040740966796875 85.0
    vertex 14.994141578674316 -4.0040740966796875 83.0
    vertex 14.994141578674316 -4.0040740966796875 85.0
  endloop
endfacet
facet normal 0.0 0.0 0.0
  outer loop
    vertex 14.994141578674316 -4.0040740966796875 83.0
    vertex 14.994141578674316 -5.000000476837158 83.0
    vertex 14.994141578674316 -4.0040740966796875 85.0
  endloop
endfacet
facet normal 0.0 0.0 0.0
  outer loop
    vertex 14.994141578674316 -4.0040740966796875 85.0
    vertex 14.994141578674316 -5.000000476837158 83.0
    vertex 14.994141578674316 -5.994414806365967 85.0
  endloop
endfacet
facet normal 0.0 0.0 0.0
  outer loop
    vertex 14.994141578674316 -5.994414806365967 85.0
    vertex 14.994141578674316 -5.000000476837158 83.0
    vertex 14.994141578674316 -5.994414806365967 81.0
  endloop
endfacet
facet normal 0.0 0.0 0.0
  outer loop
    vertex 14.994141578674316 -5.994414806365967 81.0
    vertex 14.994141578674316 -5.000000476837158 83.0
    vertex 14.994141578674316 -5.000000476837158 81.0
  endloop
endfacet
facet normal 0.0 0.0 0.0
  outer loop
    vertex 3.500000238418579 -26.6552677154541 81.0
    vertex 3.500000238418579 -26.6552677154541 83.0
    vertex 2.0534822940826416 -26.604475021362305 81.0
  endloop
endfacet
facet normal 0.0 0.0 0.0
  outer loop
    vertex 2.0534822940826416 -26.604475021362305 81.0
    vertex 3.500000238418579 -26.6552677154541 83.0
    vertex 2.0534822940826416 -26.604475021362305 85.0
  endloop
endfacet
facet normal 0.0 0.0 0.0
  outer loop
    vertex 2.0534822940826416 -26.604475021362305 85.0
    vertex 3.500000238418579 -26.6552677154541 83.0
    vertex 3.869584083557129 -26.668245315551758 85.0
  endloop
endfacet
facet normal 0.0 0.0 0.0
  outer loop
    vertex 3.869584083557129 -26.668245315551758 85.0
    vertex 3.500000238418579 -26.6552677154541 83.0
    vertex 3.869584083557129 -26.668245315551758 83.0
  endloop
endfacet
facet normal 0.0 0.0 0.0
  outer loop
    vertex 3.869584083557129 -26.668245315551758 83.0
    vertex 4.580241680145264 -26.668245315551758 83.0
    vertex 3.869584083557129 -26.668245315551758 85.0
  endloop
endfacet
facet normal 0.0 0.0 0.0
  outer loop
    vertex 3.869584083557129 -26.668245315551758 85.0
    vertex 4.580241680145264 -26.668245315551758 83.0
    vertex 4.580241680145264 -26.668245315551758 85.0
  endloop
endfacet
facet normal 0.0 0.0 0.0
  outer loop
    vertex 4.580241680145264 -26.668245315551758 83.0
    vertex 4.580241680145264 -30.832460403442383 83.0
    vertex 4.580241680145264 -26.668245315551758 85.0
  endloop
endfacet
facet normal 0.0 0.0 0.0
  outer loop
    vertex 4.580241680145264 -26.668245315551758 85.0
    vertex 4.580241680145264 -30.832460403442383 83.0
    vertex 4.580241680145264 -30.832460403442383 85.0
  endloop
endfacet
facet normal 0.0 0.0 0.0
  outer loop
    vertex 4.580241680145264 -30.832460403442383 85.0
    vertex 4.580241680145264 -30.832460403442383 83.0
    vertex 4.5895771980285645 -31.05003547668457 85.0
  endloop
endfacet
facet normal 0.0 0.0 0.0
  outer loop
    vertex 4.5895771980285645 -31.05003547668457 85.0
    vertex 4.580241680145264 -30.832460403442383 83.0
    vertex 4.590407848358154 -31.0638370513916 83.0
  endloop
endfacet
facet normal 0.0 0.0 0.0
  outer loop
    vertex 4.5895771980285645 -31.05003547668457 85.0
    vertex 4.590407848358154 -31.0638370513916 83.0
    vertex 4.605623722076416 -31.248384475708008 85.0
  endloop
endfacet
facet normal 0.0 0.0 0.0
  outer loop
    vertex 4.605623722076416 -31.248384475708008 85.0
    vertex 4.590407848358154 -31.0638370513916 83.0
    vertex 4.608374118804932 -31.273780822753906 83.0
  endloop
endfacet
facet normal 0.0 0.0 0.0
  outer loop
    vertex 4.605623722076416 -31.248384475708008 85.0
    vertex 4.608374118804932 -31.273780822753906 83.0
    vertex 4.629922389984131 -31.428295135498047 85.0
  endloop
endfacet
facet normal 0.0 0.0 0.0
  outer loop
    vertex 4.629922389984131 -31.428295135498047 85.0
    vertex 4.608374118804932 -31.273780822753906 83.0
    vertex 4.636104106903076 -31.463220596313477 83.0
  endloop
endfacet
facet normal 0.0 0.0 0.0
  outer loop
    vertex 4.629922389984131 -31.428295135498047 85.0
    vertex 4.636104106903076 -31.463220596313477 83.0
    vertex 4.664016246795654 -31.59055519104004 85.0
  endloop
endfacet
facet normal 0.0 0.0 0.0
  outer loop
    vertex 4.664016246795654 -31.59055519104004 85.0
    vertex 4.636104106903076 -31.463220596313477 83.0
    vertex 4.675622463226318 -31.6332950592041 83.0
  endloop
endfacet
facet normal 0.0 0.0 0.0
  outer loop
    vertex 4.664016246795654 -31.59055519104004 85.0
    vertex 4.675622463226318 -31.6332950592041 83.0
    vertex 4.709446430206299 -31.735952377319336 85.0
  endloop
endfacet
facet normal 0.0 0.0 0.0
  outer loop
    vertex 4.709446430206299 -31.735952377319336 85.0
    vertex 4.675622463226318 -31.6332950592041 83.0
    vertex 4.7295684814453125 -31.78597640991211 83.0
  endloop
endfacet
facet normal 0.0 0.0 0.0
  outer loop
    vertex 4.709446430206299 -31.735952377319336 85.0
    vertex 4.7295684814453125 -31.78597640991211 83.0
    vertex 4.767756462097168 -31.865272521972656 85.0
  endloop
endfacet
facet normal 0.0 0.0 0.0
  outer loop
    vertex 4.767756462097168 -31.865272521972656 85.0
    vertex 4.7295684814453125 -31.78597640991211 83.0
    vertex 4.800732612609863 -31.92180633544922 83.0
  endloop
endfacet
facet normal 0.0 0.0 0.0
  outer loop
    vertex 4.767756462097168 -31.865272521972656 85.0
    vertex 4.800732612609863 -31.92180633544922 83.0
    vertex 4.840487480163574 -31.979307174682617 85.0
  endloop
endfacet
facet normal 0.0 0.0 0.0
  outer loop
    vertex 4.840487480163574 -31.979307174682617 85.0
    vertex 4.800732612609863 -31.92180633544922 83.0
    vertex 4.843263626098633 -31.98296546936035 83.0
  endloop
endfacet
facet normal 0.0 0.0 0.0
  outer loop
    vertex 4.840487480163574 -31.979307174682617 85.0
    vertex 4.843263626098633 -31.98296546936035 83.0
    vertex 4.890516757965088 -32.0394401550293 83.0
  endloop
endfacet
facet normal 0.0 0.0 0.0
  outer loop
    vertex 4.840487480163574 -31.979307174682617 85.0
    vertex 4.890516757965088 -32.0394401550293 83.0
    vertex 4.929182529449463 -32.07884216308594 85.0
  endloop
endfacet
facet normal 0.0 0.0 0.0
  outer loop
    vertex 4.929182529449463 -32.07884216308594 85.0
    vertex 4.890516757965088 -32.0394401550293 83.0
    vertex 4.942694664001465 -32.09142303466797 83.0
  endloop
endfacet
facet normal 0.0 0.0 0.0
  outer loop
    vertex 4.929182529449463 -32.07884216308594 85.0
    vertex 4.942694664001465 -32.09142303466797 83.0
    vertex 5.000000476837158 -32.139102935791016 83.0
  endloop
endfacet
facet normal 0.0 0.0 0.0
  outer loop
    vertex 5.000000476837158 -32.139102935791016 81.0
    vertex 5.108121871948242 -32.20988845825195 81.0
    vertex 5.000000476837158 -32.139102935791016 83.0
  endloop
endfacet
facet normal 0.0 0.0 0.0
  outer loop
    vertex 5.000000476837158 -32.139102935791016 83.0
    vertex 5.108121871948242 -32.20988845825195 81.0
    vertex 5.035383224487305 -32.16466522216797 85.0
  endloop
endfacet
facet normal 0.0 0.0 0.0
  outer loop
    vertex 5.000000476837158 -32.139102935791016 83.0
    vertex 5.035383224487305 -32.16466522216797 85.0
    vertex 4.929182529449463 -32.07884216308594 85.0
  endloop
endfacet
facet normal 0.0 0.0 0.0
  outer loop
    vertex 5.035383224487305 -32.16466522216797 85.0
    vertex 5.108121871948242 -32.20988845825195 81.0
    vertex 5.1606316566467285 -32.2375602722168 85.0
  endloop
endfacet
facet normal 0.0 0.0 0.0
  outer loop
    vertex 5.1606316566467285 -32.2375602722168 85.0
    vertex 5.108121871948242 -32.20988845825195 81.0
    vertex 5.232939720153809 -32.270263671875 81.0
  endloop
endfacet
facet normal 0.0 0.0 0.0
  outer loop
    vertex 5.1606316566467285 -32.2375602722168 85.0
    vertex 5.232939720153809 -32.270263671875 81.0
    vertex 5.3064703941345215 -32.29832077026367 85.0
  endloop
endfacet
facet normal 0.0 0.0 0.0
  outer loop
    vertex 5.3064703941345215 -32.29832077026367 85.0
    vertex 5.232939720153809 -32.270263671875 81.0
    vertex 5.375633716583252 -32.32083511352539 81.0
  endloop
endfacet
facet normal 0.0 0.0 0.0
  outer loop
    vertex 5.3064703941345215 -32.29832077026367 85.0
    vertex 5.375633716583252 -32.32083511352539 81.0
    vertex 5.4744415283203125 -32.34773254394531 85.0
  endloop
endfacet
facet normal 0.0 0.0 0.0
  outer loop
    vertex 5.4744415283203125 -32.34773254394531 85.0
    vertex 5.375633716583252 -32.32083511352539 81.0
    vertex 5.537382125854492 -32.36220169067383 81.0
  endloop
endfacet
facet normal 0.0 0.0 0.0
  outer loop
    vertex 5.4744415283203125 -32.34773254394531 85.0
    vertex 5.537382125854492 -32.36220169067383 81.0
    vertex 5.666087627410889 -32.3865852355957 85.0
  endloop
endfacet
facet normal 0.0 0.0 0.0
  outer loop
    vertex 5.666087627410889 -32.3865852355957 85.0
    vertex 5.537382125854492 -32.36220169067383 81.0
    vertex 5.719363689422607 -32.394962310791016 81.0
  endloop
endfacet
facet normal 0.0 0.0 0.0
  outer loop
    vertex 5.666087627410889 -32.3865852355957 85.0
    vertex 5.719363689422607 -32.394962310791016 81.0
    vertex 5.882950305938721 -32.4156608581543 85.0
  endloop
endfacet
facet normal 0.0 0.0 0.0
  outer loop
    vertex 5.882950305938721 -32.4156608581543 85.0
    vertex 5.719363689422607 -32.394962310791016 81.0
    vertex 5.922757148742676 -32.41971969604492 81.0
  endloop
endfacet
facet normal 0.0 0.0 0.0
  outer loop
    vertex 5.882950305938721 -32.4156608581543 85.0
    vertex 5.922757148742676 -32.41971969604492 81.0
    vertex 6.126572132110596 -32.435752868652344 85.0
  endloop
endfacet
facet normal 0.0 0.0 0.0
  outer loop
    vertex 6.126572132110596 -32.435752868652344 85.0
    vertex 5.922757148742676 -32.41971969604492 81.0
    vertex 6.148741245269775 -32.43708038330078 81.0
  endloop
endfacet
facet normal 0.0 0.0 0.0
  outer loop
    vertex 6.126572132110596 -32.435752868652344 85.0
    vertex 6.148741245269775 -32.43708038330078 81.0
    vertex 6.398494720458984 -32.4476432800293 85.0
  endloop
endfacet
facet normal 0.0 0.0 0.0
  outer loop
    vertex 6.398494720458984 -32.4476432800293 85.0
    vertex 6.148741245269775 -32.43708038330078 81.0
    vertex 6.398494720458984 -32.4476432800293 81.0
  endloop
endfacet
facet normal 0.0 0.0 0.0
  outer loop
    vertex 25.4071102142334 -9.211016654968262 83.0
    vertex 24.5 -9.211016654968262 83.0
    vertex 25.4071102142334 -9.211016654968262 85.0
  endloop
endfacet
facet normal 0.0 0.0 0.0
  outer loop
    vertex 25.4071102142334 -9.211016654968262 85.0
    vertex 24.5 -9.211016654968262 83.0
    vertex 23.0 -9.211016654968262 83.0
  endloop
endfacet
facet normal 0.0 0.0 0.0
  outer loop
    vertex 25.4071102142334 -9.211016654968262 85.0
    vertex 23.0 -9.211016654968262 83.0
    vertex 21.5 -9.211016654968262 83.0
  endloop
endfacet
facet normal 0.0 0.0 0.0
  outer loop
    vertex 24.5 -9.211016654968262 81.0
    vertex 23.0 -9.211016654968262 81.0
    vertex 24.5 -9.211016654968262 83.0
  endloop
endfacet
facet normal 0.0 0.0 0.0
  outer loop
    vertex 24.5 -9.211016654968262 83.0
    vertex 23.0 -9.211016654968262 81.0
    vertex 23.0 -9.211016654968262 83.0
  endloop
endfacet
facet normal 0.0 0.0 0.0
  outer loop
    vertex 21.5 -9.211016654968262 82.0
    vertex 20.5 -9.211016654968262 82.0
    vertex 21.5 -9.211016654968262 83.0
  endloop
endfacet
facet normal 0.0 0.0 0.0
  outer loop
    vertex 21.5 -9.211016654968262 83.0
    vertex 20.5 -9.211016654968262 82.0
    vertex 20.5 -9.211016654968262 83.0
  endloop
endfacet
facet normal 0.0 0.0 0.0
  outer loop
    vertex 21.5 -9.211016654968262 83.0
    vertex 20.5 -9.211016654968262 83.0
    vertex 25.4071102142334 -9.211016654968262 85.0
  endloop
endfacet
facet normal 0.0 0.0 0.0
  outer loop
    vertex 25.4071102142334 -9.211016654968262 85.0
    vertex 20.5 -9.211016654968262 83.0
    vertex 15.30004596710205 -9.211016654968262 85.0
  endloop
endfacet
facet normal 0.0 0.0 0.0
  outer loop
    vertex 15.30004596710205 -9.211016654968262 85.0
    vertex 20.5 -9.211016654968262 83.0
    vertex 19.0 -9.211016654968262 83.0
  endloop
endfacet
facet normal 0.0 0.0 0.0
  outer loop
    vertex 15.30004596710205 -9.211016654968262 85.0
    vertex 19.0 -9.211016654968262 83.0
    vertex 17.5 -9.211016654968262 83.0
  endloop
endfacet
facet normal 0.0 0.0 0.0
  outer loop
    vertex 17.5 -9.211016654968262 83.0
    vertex 19.0 -9.211016654968262 83.0
    vertex 17.5 -9.211016654968262 81.0
  endloop
endfacet
facet normal 0.0 0.0 0.0
  outer loop
    vertex 17.5 -9.211016654968262 81.0
    vertex 19.0 -9.211016654968262 83.0
    vertex 19.0 -9.211016654968262 81.0
  endloop
endfacet
facet normal 0.0 0.0 0.0
  outer loop
    vertex 17.5 -9.211016654968262 83.0
    vertex 16.0 -9.211016654968262 83.0
    vertex 15.30004596710205 -9.211016654968262 85.0
  endloop
endfacet
facet normal 0.0 0.0 0.0
  outer loop
    vertex 15.30004596710205 -9.211016654968262 85.0
    vertex 16.0 -9.211016654968262 83.0
    vertex 15.30004596710205 -9.211016654968262 81.0
  endloop
endfacet
facet normal 0.0 0.0 0.0
  outer loop
    vertex 15.30004596710205 -9.211016654968262 81.0
    vertex 16.0 -9.211016654968262 83.0
    vertex 16.0 -9.211016654968262 81.0
  endloop
endfacet
facet normal 0.0 0.0 0.0
  outer loop
    vertex 15.188684463500977 -14.367828369140625 81.0
    vertex 15.116905212402344 -16.0 81.0
    vertex 15.178006172180176 -14.623659133911133 85.0
  endloop
endfacet
facet normal 0.0 0.0 0.0
  outer loop
    vertex 15.178006172180176 -14.623659133911133 85.0
    vertex 15.116905212402344 -16.0 81.0
    vertex 15.116905212402344 -16.0 83.0
  endloop
endfacet
facet normal 0.0 0.0 0.0
  outer loop
    vertex 15.178006172180176 -14.623659133911133 85.0
    vertex 15.116905212402344 -16.0 83.0
    vertex 15.100415229797363 -16.34861946105957 85.0
  endloop
endfacet
facet normal 0.0 0.0 0.0
  outer loop
    vertex 15.100415229797363 -16.34861946105957 85.0
    vertex 15.116905212402344 -16.0 83.0
    vertex 15.100415229797363 -16.34861946105957 83.0
  endloop
endfacet
facet normal 0.0 0.0 0.0
  outer loop
    vertex 15.178006172180176 -14.623659133911133 85.0
    vertex 15.211912155151367 -13.792131423950195 85.0
    vertex 15.188684463500977 -14.367828369140625 81.0
  endloop
endfacet
facet normal 0.0 0.0 0.0
  outer loop
    vertex 15.188684463500977 -14.367828369140625 81.0
    vertex 15.211912155151367 -13.792131423950195 85.0
    vertex 15.21981430053711 -13.589406967163086 81.0
  endloop
endfacet
facet normal 0.0 0.0 0.0
  outer loop
    vertex 15.21981430053711 -13.589406967163086 81.0
    vertex 15.211912155151367 -13.792131423950195 85.0
    vertex 15.227286338806152 -13.393980979919434 85.0
  endloop
endfacet
facet normal 0.0 0.0 0.0
  outer loop
    vertex 15.21981430053711 -13.589406967163086 81.0
    vertex 15.227286338806152 -13.393980979919434 85.0
    vertex 15.233884811401367 -13.21806526184082 81.0
  endloop
endfacet
facet normal 0.0 0.0 0.0
  outer loop
    vertex 15.233884811401367 -13.21806526184082 81.0
    vertex 15.227286338806152 -13.393980979919434 85.0
    vertex 15.241474151611328 -13.011333465576172 85.0
  endloop
endfacet
facet normal 0.0 0.0 0.0
  outer loop
    vertex 15.233884811401367 -13.21806526184082 81.0
    vertex 15.241474151611328 -13.011333465576172 85.0
    vertex 15.246843338012695 -12.861858367919922 81.0
  endloop
endfacet
facet normal 0.0 0.0 0.0
  outer loop
    vertex 15.246843338012695 -12.861858367919922 81.0
    vertex 15.241474151611328 -13.011333465576172 85.0
    vertex 15.254372596740723 -12.647011756896973 85.0
  endloop
endfacet
facet normal 0.0 0.0 0.0
  outer loop
    vertex 15.246843338012695 -12.861858367919922 81.0
    vertex 15.254372596740723 -12.647011756896973 85.0
    vertex 15.2586030960083 -12.523200035095215 81.0
  endloop
endfacet
facet normal 0.0 0.0 0.0
  outer loop
    vertex 15.2586030960083 -12.523200035095215 81.0
    vertex 15.254372596740723 -12.647011756896973 85.0
    vertex 15.265880584716797 -12.30383586883545 85.0
  endloop
endfacet
facet normal 0.0 0.0 0.0
  outer loop
    vertex 15.2586030960083 -12.523200035095215 81.0
    vertex 15.265880584716797 -12.30383586883545 85.0
    vertex 15.269076347351074 -12.204505920410156 81.0
  endloop
endfacet
facet normal 0.0 0.0 0.0
  outer loop
    vertex 15.269076347351074 -12.204505920410156 81.0
    vertex 15.265880584716797 -12.30383586883545 85.0
    vertex 15.275897026062012 -11.984627723693848 85.0
  endloop
endfacet
facet normal 0.0 0.0 0.0
  outer loop
    vertex 15.269076347351074 -12.204505920410156 81.0
    vertex 15.275897026062012 -11.984627723693848 85.0
    vertex 15.278177261352539 -11.908190727233887 81.0
  endloop
endfacet
facet normal 0.0 0.0 0.0
  outer loop
    vertex 15.278177261352539 -11.908190727233887 81.0
    vertex 15.275897026062012 -11.984627723693848 85.0
    vertex 15.284319877624512 -11.692208290100098 85.0
  endloop
endfacet
facet normal 0.0 0.0 0.0
  outer loop
    vertex 15.278177261352539 -11.908190727233887 81.0
    vertex 15.284319877624512 -11.692208290100098 85.0
    vertex 15.285818099975586 -11.636672019958496 81.0
  endloop
endfacet
facet normal 0.0 0.0 0.0
  outer loop
    vertex 15.285818099975586 -11.636672019958496 81.0
    vertex 15.284319877624512 -11.692208290100098 85.0
    vertex 15.291048049926758 -11.429399490356445 85.0
  endloop
endfacet
facet normal 0.0 0.0 0.0
  outer loop
    vertex 15.285818099975586 -11.636672019958496 81.0
    vertex 15.291048049926758 -11.429399490356445 85.0
    vertex 15.291912078857422 -11.392362594604492 81.0
  endloop
endfacet
facet normal 0.0 0.0 0.0
  outer loop
    vertex 15.291912078857422 -11.392362594604492 81.0
    vertex 15.291048049926758 -11.429399490356445 85.0
    vertex 15.295978546142578 -11.19902229309082 85.0
  endloop
endfacet
facet normal 0.0 0.0 0.0
  outer loop
    vertex 15.291912078857422 -11.392362594604492 81.0
    vertex 15.295978546142578 -11.19902229309082 85.0
    vertex 15.29637336730957 -11.177679061889648 81.0
  endloop
endfacet
facet normal 0.0 0.0 0.0
  outer loop
    vertex 15.29637336730957 -11.177679061889648 81.0
    vertex 15.295978546142578 -11.19902229309082 85.0
    vertex 15.299012184143066 -11.003898620605469 85.0
  endloop
endfacet
facet normal 0.0 0.0 0.0
  outer loop
    vertex 15.29637336730957 -11.177679061889648 81.0
    vertex 15.299012184143066 -11.003898620605469 85.0
    vertex 15.299113273620605 -10.995036125183105 81.0
  endloop
endfacet
facet normal 0.0 0.0 0.0
  outer loop
    vertex 15.299113273620605 -10.995036125183105 81.0
    vertex 15.299012184143066 -11.003898620605469 85.0
    vertex 15.30004596710205 -10.84684944152832 85.0
  endloop
endfacet
facet normal 0.0 0.0 0.0
  outer loop
    vertex 15.299113273620605 -10.995036125183105 81.0
    vertex 15.30004596710205 -10.84684944152832 85.0
    vertex 15.30004596710205 -10.84684944152832 81.0
  endloop
endfacet
facet normal 0.0 0.0 0.0
  outer loop
    vertex 15.100415229797363 -16.34861946105957 83.0
    vertex 15.04505443572998 -17.5 83.0
    vertex 15.100415229797363 -16.34861946105957 85.0
  endloop
endfacet
facet normal 0.0 0.0 0.0
  outer loop
    vertex 15.100415229797363 -16.34861946105957 85.0
    vertex 15.04505443572998 -17.5 83.0
    vertex 14.972930908203125 -19.0 83.0
  endloop
endfacet
facet normal 0.0 0.0 0.0
  outer loop
    vertex 15.100415229797363 -16.34861946105957 85.0
    vertex 14.972930908203125 -19.0 83.0
    vertex 14.89986801147461 -20.51953887939453 85.0
  endloop
endfacet
facet normal 0.0 0.0 0.0
  outer loop
    vertex 14.89986801147461 -20.51953887939453 85.0
    vertex 14.972930908203125 -19.0 83.0
    vertex 14.90080738067627 -20.5 83.0
  endloop
endfacet
facet normal 0.0 0.0 0.0
  outer loop
    vertex 14.89986801147461 -20.51953887939453 85.0
    vertex 14.90080738067627 -20.5 83.0
    vertex 14.89986801147461 -20.51953887939453 82.0
  endloop
endfacet
facet normal 0.0 0.0 0.0
  outer loop
    vertex 14.89986801147461 -20.51953887939453 82.0
    vertex 14.90080738067627 -20.5 83.0
    vertex 14.90080738067627 -20.5 82.0
  endloop
endfacet
facet normal 0.0 0.0 0.0
  outer loop
    vertex 15.04505443572998 -17.5 81.0
    vertex 14.972930908203125 -19.0 81.0
    vertex 15.04505443572998 -17.5 83.0
  endloop
endfacet
facet normal 0.0 0.0 0.0
  outer loop
    vertex 15.04505443572998 -17.5 83.0
    vertex 14.972930908203125 -19.0 81.0
    vertex 14.972930908203125 -19.0 83.0
  endloop
endfacet
facet normal 0.0 0.0 0.0
  outer loop
    vertex 14.89986801147461 -20.51953887939453 82.0
    vertex 12.420238494873047 -20.608261108398438 82.0
    vertex 14.89986801147461 -20.51953887939453 85.0
  endloop
endfacet
facet normal 0.0 0.0 0.0
  outer loop
    vertex 14.89986801147461 -20.51953887939453 85.0
    vertex 12.420238494873047 -20.608261108398438 82.0
    vertex 12.420238494873047 -20.608261108398438 85.0
  endloop
endfacet
facet normal 0.0 0.0 0.0
  outer loop
    vertex 12.420238494873047 -20.608261108398438 82.0
    vertex 9.940608978271484 -20.696062088012695 82.0
    vertex 12.420238494873047 -20.608261108398438 85.0
  endloop
endfacet
facet normal 0.0 0.0 0.0
  outer loop
    vertex 12.420238494873047 -20.608261108398438 85.0
    vertex 9.940608978271484 -20.696062088012695 82.0
    vertex 9.940608978271484 -20.696062088012695 85.0
  endloop
endfacet
facet normal 0.0 0.0 0.0
  outer loop
    vertex 23.0 -4.0040740966796875 81.0
    vertex 24.5 -4.0040740966796875 81.0
    vertex 23.0 -4.0040740966796875 83.0
  endloop
endfacet
facet normal 0.0 0.0 0.0
  outer loop
    vertex 23.0 -4.0040740966796875 83.0
    vertex 24.5 -4.0040740966796875 81.0
    vertex 24.5 -4.0040740966796875 83.0
  endloop
endfacet
facet normal 0.0 0.0 0.0
  outer loop
    vertex 23.0 -4.0040740966796875 83.0
    vertex 24.5 -4.0040740966796875 83.0
    vertex 25.4071102142334 -4.0040740966796875 85.0
  endloop
endfacet
facet normal 0.0 0.0 0.0
  outer loop
    vertex 25.4071102142334 -4.0040740966796875 85.0
    vertex 24.5 -4.0040740966796875 83.0
    vertex 25.4071102142334 -4.0040740966796875 83.0
  endloop
endfacet
facet normal 0.0 0.0 0.0
  outer loop
    vertex 15.30004596710205 -4.0040740966796875 85.0
    vertex 20.5 -4.0040740966796875 83.0
    vertex 25.4071102142334 -4.0040740966796875 85.0
  endloop
endfacet
facet normal 0.0 0.0 0.0
  outer loop
    vertex 25.4071102142334 -4.0040740966796875 85.0
    vertex 20.5 -4.0040740966796875 83.0
    vertex 21.5 -4.0040740966796875 83.0
  endloop
endfacet
facet normal 0.0 0.0 0.0
  outer loop
    vertex 25.4071102142334 -4.0040740966796875 85.0
    vertex 21.5 -4.0040740966796875 83.0
    vertex 23.0 -4.0040740966796875 83.0
  endloop
endfacet
facet normal 0.0 0.0 0.0
  outer loop
    vertex 15.30004596710205 -4.0040740966796875 83.0
    vertex 17.5 -4.0040740966796875 83.0
    vertex 15.30004596710205 -4.0040740966796875 85.0
  endloop
endfacet
facet normal 0.0 0.0 0.0
  outer loop
    vertex 15.30004596710205 -4.0040740966796875 85.0
    vertex 17.5 -4.0040740966796875 83.0
    vertex 19.0 -4.0040740966796875 83.0
  endloop
endfacet
facet normal 0.0 0.0 0.0
  outer loop
    vertex 15.30004596710205 -4.0040740966796875 85.0
    vertex 19.0 -4.0040740966796875 83.0
    vertex 20.5 -4.0040740966796875 83.0
  endloop
endfacet
facet normal 0.0 0.0 0.0
  outer loop
    vertex 17.5 -4.0040740966796875 81.0
    vertex 19.0 -4.0040740966796875 81.0
    vertex 17.5 -4.0040740966796875 83.0
  endloop
endfacet
facet normal 0.0 0.0 0.0
  outer loop
    vertex 17.5 -4.0040740966796875 83.0
    vertex 19.0 -4.0040740966796875 81.0
    vertex 19.0 -4.0040740966796875 83.0
  endloop
endfacet
facet normal 0.0 0.0 0.0
  outer loop
    vertex 20.5 -4.0040740966796875 82.0
    vertex 21.5 -4.0040740966796875 82.0
    vertex 20.5 -4.0040740966796875 83.0
  endloop
endfacet
facet normal 0.0 0.0 0.0
  outer loop
    vertex 20.5 -4.0040740966796875 83.0
    vertex 21.5 -4.0040740966796875 82.0
    vertex 21.5 -4.0040740966796875 83.0
  endloop
endfacet
facet normal 0.0 0.0 0.0
  outer loop
    vertex 15.30004596710205 -4.0040740966796875 83.0
    vertex 15.30004596710205 -4.0040740966796875 85.0
    vertex 15.30004596710205 -5.000000476837158 83.0
  endloop
endfacet
facet normal 0.0 0.0 0.0
  outer loop
    vertex 15.30004596710205 -5.000000476837158 83.0
    vertex 15.30004596710205 -4.0040740966796875 85.0
    vertex 15.30004596710205 -9.211016654968262 85.0
  endloop
endfacet
facet normal 0.0 0.0 0.0
  outer loop
    vertex 15.30004596710205 -5.000000476837158 83.0
    vertex 15.30004596710205 -9.211016654968262 85.0
    vertex 15.30004596710205 -9.211016654968262 81.0
  endloop
endfacet
facet normal 0.0 0.0 0.0
  outer loop
    vertex 15.30004596710205 -9.211016654968262 81.0
    vertex 15.30004596710205 -5.000000476837158 81.0
    vertex 15.30004596710205 -5.000000476837158 83.0
  endloop
endfacet
facet normal 0.0 0.0 0.0
  outer loop
    vertex 14.994141578674316 -9.516928672790527 85.0
    vertex 10.093095779418945 -9.516928672790527 85.0
    vertex 14.994141578674316 -9.516928672790527 81.0
  endloop
endfacet
facet normal 0.0 0.0 0.0
  outer loop
    vertex 14.994141578674316 -9.516928672790527 81.0
    vertex 10.093095779418945 -9.516928672790527 85.0
    vertex 10.093095779418945 -9.516928672790527 81.0
  endloop
endfacet
facet normal 0.0 0.0 0.0
  outer loop
    vertex 10.093095779418945 -4.653954982757568 83.0
    vertex 10.093095779418945 -4.0040740966796875 83.0
    vertex 10.093095779418945 -4.653954982757568 85.0
  endloop
endfacet
facet normal 0.0 0.0 0.0
  outer loop
    vertex 10.093095779418945 -4.653954982757568 85.0
    vertex 10.093095779418945 -4.0040740966796875 83.0
    vertex 10.093095779418945 -4.0040740966796875 85.0
  endloop
endfacet
facet normal 0.0 0.0 0.0
  outer loop
    vertex 10.015463829040527 -6.836744785308838 85.0
    vertex 9.924829483032227 -9.362957000732422 85.0
    vertex 10.015463829040527 -6.836744785308838 81.0
  endloop
endfacet
facet normal 0.0 0.0 0.0
  outer loop
    vertex 10.015463829040527 -6.836744785308838 81.0
    vertex 9.924829483032227 -9.362957000732422 85.0
    vertex 9.924829483032227 -9.362957000732422 81.0
  endloop
endfacet
facet normal 0.0 0.0 0.0
  outer loop
    vertex 9.924829483032227 -9.362957000732422 81.0
    vertex 9.924829483032227 -9.362957000732422 85.0
    vertex 9.907319068908691 -9.36234188079834 81.0
  endloop
endfacet
facet normal 0.0 0.0 0.0
  outer loop
    vertex 9.907319068908691 -9.36234188079834 81.0
    vertex 9.924829483032227 -9.362957000732422 85.0
    vertex 9.907319068908691 -9.36234188079834 85.0
  endloop
endfacet
facet normal 0.0 0.0 0.0
  outer loop
    vertex 9.907319068908691 -9.36234188079834 85.0
    vertex 9.850961685180664 -6.684250831604004 85.0
    vertex 9.907319068908691 -9.36234188079834 81.0
  endloop
endfacet
facet normal 0.0 0.0 0.0
  outer loop
    vertex 9.907319068908691 -9.36234188079834 81.0
    vertex 9.850961685180664 -6.684250831604004 85.0
    vertex 9.850961685180664 -6.684250831604004 81.0
  endloop
endfacet
facet normal 0.0 0.0 0.0
  outer loop
    vertex 9.940608978271484 -3.850656509399414 83.0
    vertex 9.790578842163086 -3.855924606323242 83.0
    vertex 9.940608978271484 -3.850656509399414 85.0
  endloop
endfacet
facet normal 0.0 0.0 0.0
  outer loop
    vertex 9.940608978271484 -3.850656509399414 85.0
    vertex 9.790578842163086 -3.855924606323242 83.0
    vertex 9.790578842163086 -3.855924606323242 85.0
  endloop
endfacet
facet normal 0.0 0.0 0.0
  outer loop
    vertex 9.945659637451172 -3.6972386837005615 83.0
    vertex 9.940608978271484 -3.850656509399414 83.0
    vertex 9.945659637451172 -3.6972386837005615 85.0
  endloop
endfacet
facet normal 0.0 0.0 0.0
  outer loop
    vertex 9.945659637451172 -3.6972386837005615 85.0
    vertex 9.940608978271484 -3.850656509399414 83.0
    vertex 9.940608978271484 -3.850656509399414 85.0
  endloop
endfacet
facet normal 0.0 0.0 0.0
  outer loop
    vertex 14.994141578674316 -3.6972386837005615 83.0
    vertex 9.945659637451172 -3.6972386837005615 83.0
    vertex 14.994141578674316 -3.6972386837005615 85.0
  endloop
endfacet
facet normal 0.0 0.0 0.0
  outer loop
    vertex 14.994141578674316 -3.6972386837005615 85.0
    vertex 9.945659637451172 -3.6972386837005615 83.0
    vertex 9.945659637451172 -3.6972386837005615 85.0
  endloop
endfacet
facet normal 0.0 0.0 0.0
  outer loop
    vertex 20.404401779174805 2.121530771255493 83.0
    vertex 20.404401779174805 2.121530771255493 85.0
    vertex 20.5 2.121530771255493 83.0
  endloop
endfacet
facet normal 0.0 0.0 0.0
  outer loop
    vertex 20.5 2.121530771255493 83.0
    vertex 20.404401779174805 2.121530771255493 85.0
    vertex 21.5 2.121530771255493 83.0
  endloop
endfacet
facet normal 0.0 0.0 0.0
  outer loop
    vertex 20.5 2.121530771255493 83.0
    vertex 21.5 2.121530771255493 83.0
    vertex 20.5 2.121530771255493 82.0
  endloop
endfacet
facet normal 0.0 0.0 0.0
  outer loop
    vertex 20.5 2.121530771255493 82.0
    vertex 21.5 2.121530771255493 83.0
    vertex 21.5 2.121530771255493 82.0
  endloop
endfacet
facet normal 0.0 0.0 0.0
  outer loop
    vertex 21.5 2.121530771255493 83.0
    vertex 20.404401779174805 2.121530771255493 85.0
    vertex 23.0 2.121530771255493 83.0
  endloop
endfacet
facet normal 0.0 0.0 0.0
  outer loop
    vertex 23.0 2.121530771255493 83.0
    vertex 20.404401779174805 2.121530771255493 85.0
    vertex 25.4071102142334 2.121530771255493 85.0
  endloop
endfacet
facet normal 0.0 0.0 0.0
  outer loop
    vertex 23.0 2.121530771255493 83.0
    vertex 25.4071102142334 2.121530771255493 85.0
    vertex 25.4071102142334 2.121530771255493 81.0
  endloop
endfacet
facet normal 0.0 0.0 0.0
  outer loop
    vertex 25.4071102142334 2.121530771255493 81.0
    vertex 23.0 2.121530771255493 81.0
    vertex 23.0 2.121530771255493 83.0
  endloop
endfacet
facet normal 0.0 0.0 0.0
  outer loop
    vertex 12.467368125915527 13.21933364868164 85.0
    vertex 10.093095779418945 13.244302749633789 85.0
    vertex 12.467368125915527 13.21933364868164 81.0
  endloop
endfacet
facet normal 0.0 0.0 0.0
  outer loop
    vertex 12.467368125915527 13.21933364868164 81.0
    vertex 10.093095779418945 13.244302749633789 85.0
    vertex 10.093095779418945 13.244302749633789 81.0
  endloop
endfacet
facet normal 0.0 0.0 0.0
  outer loop
    vertex 10.093095779418945 16.0 81.0
    vertex 10.093095779418945 13.244302749633789 81.0
    vertex 10.093095779418945 16.0 83.0
  endloop
endfacet
facet normal 0.0 0.0 0.0
  outer loop
    vertex 10.093095779418945 16.0 83.0
    vertex 10.093095779418945 13.244302749633789 81.0
    vertex 10.093095779418945 13.244302749633789 85.0
  endloop
endfacet
facet normal 0.0 0.0 0.0
  outer loop
    vertex 10.093095779418945 16.0 83.0
    vertex 10.093095779418945 13.244302749633789 85.0
    vertex 10.093095779418945 18.96693992614746 85.0
  endloop
endfacet
facet normal 0.0 0.0 0.0
  outer loop
    vertex 10.093095779418945 16.0 83.0
    vertex 10.093095779418945 18.96693992614746 85.0
    vertex 10.093095779418945 17.5 83.0
  endloop
endfacet
facet normal 0.0 0.0 0.0
  outer loop
    vertex 10.093095779418945 17.5 83.0
    vertex 10.093095779418945 18.96693992614746 85.0
    vertex 10.093095779418945 18.96693992614746 81.0
  endloop
endfacet
facet normal 0.0 0.0 0.0
  outer loop
    vertex 10.093095779418945 17.5 83.0
    vertex 10.093095779418945 18.96693992614746 81.0
    vertex 10.093095779418945 17.5 81.0
  endloop
endfacet
facet normal 0.0 0.0 0.0
  outer loop
    vertex 19.0 18.96693992614746 81.0
    vertex 10.093095779418945 18.96693992614746 81.0
    vertex 19.0 18.96693992614746 83.0
  endloop
endfacet
facet normal 0.0 0.0 0.0
  outer loop
    vertex 19.0 18.96693992614746 83.0
    vertex 10.093095779418945 18.96693992614746 81.0
    vertex 10.093095779418945 18.96693992614746 85.0
  endloop
endfacet
facet normal 0.0 0.0 0.0
  outer loop
    vertex 19.0 18.96693992614746 83.0
    vertex 10.093095779418945 18.96693992614746 85.0
    vertex 20.506996154785156 18.96693992614746 85.0
  endloop
endfacet
facet normal 0.0 0.0 0.0
  outer loop
    vertex 19.0 18.96693992614746 83.0
    vertex 20.506996154785156 18.96693992614746 85.0
    vertex 20.5 18.96693992614746 83.0
  endloop
endfacet
facet normal 0.0 0.0 0.0
  outer loop
    vertex 20.5 18.96693992614746 83.0
    vertex 20.506996154785156 18.96693992614746 85.0
    vertex 20.506996154785156 18.96693992614746 82.0
  endloop
endfacet
facet normal 0.0 0.0 0.0
  outer loop
    vertex 20.5 18.96693992614746 83.0
    vertex 20.506996154785156 18.96693992614746 82.0
    vertex 20.5 18.96693992614746 82.0
  endloop
endfacet
facet normal 0.0 0.0 0.0
  outer loop
    vertex 20.506996154785156 13.454082489013672 82.0
    vertex 20.506996154785156 18.96693992614746 82.0
    vertex 20.506996154785156 13.454082489013672 85.0
  endloop
endfacet
facet normal 0.0 0.0 0.0
  outer loop
    vertex 20.506996154785156 13.454082489013672 85.0
    vertex 20.506996154785156 18.96693992614746 82.0
    vertex 20.506996154785156 18.96693992614746 85.0
  endloop
endfacet
facet normal 0.0 0.0 0.0
  outer loop
    vertex 21.217653274536133 13.454082489013672 82.0
    vertex 20.506996154785156 13.454082489013672 82.0
    vertex 21.217653274536133 13.454082489013672 85.0
  endloop
endfacet
facet normal 0.0 0.0 0.0
  outer loop
    vertex 21.217653274536133 13.454082489013672 85.0
    vertex 20.506996154785156 13.454082489013672 82.0
    vertex 20.506996154785156 13.454082489013672 85.0
  endloop
endfacet
facet normal 0.0 0.0 0.0
  outer loop
    vertex 21.5 13.444168090820312 82.0
    vertex 21.217653274536133 13.454082489013672 82.0
    vertex 21.5 13.444168090820312 83.0
  endloop
endfacet
facet normal 0.0 0.0 0.0
  outer loop
    vertex 21.5 13.444168090820312 83.0
    vertex 21.217653274536133 13.454082489013672 82.0
    vertex 21.217653274536133 13.454082489013672 85.0
  endloop
endfacet
facet normal 0.0 0.0 0.0
  outer loop
    vertex 21.5 13.444168090820312 83.0
    vertex 21.217653274536133 13.454082489013672 85.0
    vertex 23.033754348754883 13.390312194824219 85.0
  endloop
endfacet
facet normal 0.0 0.0 0.0
  outer loop
    vertex 21.5 13.444168090820312 83.0
    vertex 23.033754348754883 13.390312194824219 85.0
    vertex 23.0 13.391497611999512 83.0
  endloop
endfacet
facet normal 0.0 0.0 0.0
  outer loop
    vertex 23.0 13.391497611999512 83.0
    vertex 23.033754348754883 13.390312194824219 85.0
    vertex 23.033754348754883 13.390312194824219 81.0
  endloop
endfacet
facet normal 0.0 0.0 0.0
  outer loop
    vertex 23.0 13.391497611999512 83.0
    vertex 23.033754348754883 13.390312194824219 81.0
    vertex 23.0 13.391497611999512 81.0
  endloop
endfacet
facet normal 0.0 0.0 0.0
  outer loop
    vertex 25.713945388793945 7.6593427658081055 83.0
    vertex 25.713945388793945 8.371983528137207 83.0
    vertex 25.713945388793945 7.6593427658081055 85.0
  endloop
endfacet
facet normal 0.0 0.0 0.0
  outer loop
    vertex 25.713945388793945 7.6593427658081055 85.0
    vertex 25.713945388793945 8.371983528137207 83.0
    vertex 25.713945388793945 8.371983528137207 85.0
  endloop
endfacet
facet normal 0.0 0.0 0.0
  outer loop
    vertex 25.713945388793945 7.6593427658081055 83.0
    vertex 25.713945388793945 7.6593427658081055 85.0
    vertex 26.0 7.649298191070557 83.0
  endloop
endfacet
facet normal 0.0 0.0 0.0
  outer loop
    vertex 26.0 7.649298191070557 83.0
    vertex 25.713945388793945 7.6593427658081055 85.0
    vertex 28.240703582763672 7.570618629455566 85.0
  endloop
endfacet
facet normal 0.0 0.0 0.0
  outer loop
    vertex 26.0 7.649298191070557 83.0
    vertex 28.240703582763672 7.570618629455566 85.0
    vertex 28.240703582763672 7.570618629455566 81.0
  endloop
endfacet
facet normal 0.0 0.0 0.0
  outer loop
    vertex 28.240703582763672 7.570618629455566 81.0
    vertex 26.0 7.649298191070557 81.0
    vertex 26.0 7.649298191070557 83.0
  endloop
endfacet
facet normal 0.0 0.0 0.0
  outer loop
    vertex 28.240703582763672 7.570618629455566 85.0
    vertex 30.76747703552246 7.4818949699401855 85.0
    vertex 28.240703582763672 7.570618629455566 81.0
  endloop
endfacet
facet normal 0.0 0.0 0.0
  outer loop
    vertex 28.240703582763672 7.570618629455566 81.0
    vertex 30.76747703552246 7.4818949699401855 85.0
    vertex 30.76747703552246 7.4818949699401855 81.0
  endloop
endfacet
facet normal 0.0 0.0 0.0
  outer loop
    vertex 30.844043731689453 4.999999523162842 81.0
    vertex 30.76747703552246 7.4818949699401855 81.0
    vertex 30.844043731689453 4.999999523162842 83.0
  endloop
endfacet
facet normal 0.0 0.0 0.0
  outer loop
    vertex 30.844043731689453 4.999999523162842 83.0
    vertex 30.76747703552246 7.4818949699401855 81.0
    vertex 30.76747703552246 7.4818949699401855 85.0
  endloop
endfacet
facet normal 0.0 0.0 0.0
  outer loop
    vertex 30.844043731689453 4.999999523162842 83.0
    vertex 30.76747703552246 7.4818949699401855 85.0
    vertex 30.85526466369629 4.636281967163086 85.0
  endloop
endfacet
facet normal 0.0 0.0 0.0
  outer loop
    vertex 30.85526466369629 4.636281967163086 85.0
    vertex 30.85526466369629 4.636281967163086 83.0
    vertex 30.844043731689453 4.999999523162842 83.0
  endloop
endfacet
facet normal 0.0 0.0 0.0
  outer loop
    vertex 30.88802719116211 3.5855767726898193 83.0
    vertex 30.85526466369629 4.636281967163086 83.0
    vertex 30.88802719116211 3.5855767726898193 85.0
  endloop
endfacet
facet normal 0.0 0.0 0.0
  outer loop
    vertex 30.88802719116211 3.5855767726898193 85.0
    vertex 30.85526466369629 4.636281967163086 83.0
    vertex 30.85526466369629 4.636281967163086 85.0
  endloop
endfacet
facet normal 0.0 0.0 0.0
  outer loop
    vertex 30.88802719116211 3.5855767726898193 83.0
    vertex 30.88802719116211 3.5855767726898193 85.0
    vertex 30.88855743408203 3.499999523162842 83.0
  endloop
endfacet
facet normal 0.0 0.0 0.0
  outer loop
    vertex 30.88855743408203 3.499999523162842 83.0
    vertex 30.88802719116211 3.5855767726898193 85.0
    vertex 30.88966941833496 3.22098970413208 85.0
  endloop
endfacet
facet normal 0.0 0.0 0.0
  outer loop
    vertex 30.88855743408203 3.499999523162842 83.0
    vertex 30.88966941833496 3.22098970413208 85.0
    vertex 30.88855743408203 3.499999523162842 81.0
  endloop
endfacet
facet normal 0.0 0.0 0.0
  outer loop
    vertex 30.88855743408203 3.499999523162842 81.0
    vertex 30.88966941833496 3.22098970413208 85.0
    vertex 30.889806747436523 3.154932975769043 81.0
  endloop
endfacet
facet normal 0.0 0.0 0.0
  outer loop
    vertex 30.889806747436523 3.154932975769043 81.0
    vertex 30.88966941833496 3.22098970413208 85.0
    vertex 30.889863967895508 2.8316290378570557 85.0
  endloop
endfacet
facet normal 0.0 0.0 0.0
  outer loop
    vertex 30.889806747436523 3.154932975769043 81.0
    vertex 30.889863967895508 2.8316290378570557 85.0
    vertex 30.889799118041992 2.788661241531372 81.0
  endloop
endfacet
facet normal 0.0 0.0 0.0
  outer loop
    vertex 30.889799118041992 2.788661241531372 81.0
    vertex 30.889863967895508 2.8316290378570557 85.0
    vertex 30.88863754272461 2.419804096221924 85.0
  endloop
endfacet
facet normal 0.0 0.0 0.0
  outer loop
    vertex 30.889799118041992 2.788661241531372 81.0
    vertex 30.88863754272461 2.419804096221924 85.0
    vertex 30.888561248779297 2.4030585289001465 81.0
  endloop
endfacet
facet normal 0.0 0.0 0.0
  outer loop
    vertex 30.888561248779297 2.4030585289001465 81.0
    vertex 30.88863754272461 2.419804096221924 85.0
    vertex 30.886022567749023 1.9878243207931519 85.0
  endloop
endfacet
facet normal 0.0 0.0 0.0
  outer loop
    vertex 30.888561248779297 2.4030585289001465 81.0
    vertex 30.886022567749023 1.9878243207931519 85.0
    vertex 30.8861141204834 1.9999994039535522 83.0
  endloop
endfacet
facet normal 0.0 0.0 0.0
  outer loop
    vertex 30.8861141204834 1.9999994039535522 83.0
    vertex 30.886022567749023 1.9878243207931519 85.0
    vertex 30.882047653198242 1.5379992723464966 85.0
  endloop
endfacet
facet normal 0.0 0.0 0.0
  outer loop
    vertex 30.8861141204834 1.9999994039535522 83.0
    vertex 30.882047653198242 1.5379992723464966 85.0
    vertex 30.878833770751953 1.2443654537200928 83.0
  endloop
endfacet
facet normal 0.0 0.0 0.0
  outer loop
    vertex 30.878833770751953 1.2443654537200928 83.0
    vertex 30.882047653198242 1.5379992723464966 85.0
    vertex 30.876745223999023 1.0726383924484253 85.0
  endloop
endfacet
facet normal 0.0 0.0 0.0
  outer loop
    vertex 30.878833770751953 1.2443654537200928 83.0
    vertex 30.876745223999023 1.0726383924484253 85.0
    vertex 30.868717193603516 0.5 83.0
  endloop
endfacet
facet normal 0.0 0.0 0.0
  outer loop
    vertex 30.868717193603516 0.5 83.0
    vertex 30.876745223999023 1.0726383924484253 85.0
    vertex 30.862276077270508 0.10454665869474411 85.0
  endloop
endfacet
facet normal 0.0 0.0 0.0
  outer loop
    vertex 30.868717193603516 0.5 83.0
    vertex 30.862276077270508 0.10454665869474411 85.0
    vertex 30.868717193603516 0.5 82.0
  endloop
endfacet
facet normal 0.0 0.0 0.0
  outer loop
    vertex 30.868717193603516 0.5 82.0
    vertex 30.862276077270508 0.10454665869474411 85.0
    vertex 30.85108184814453 -0.5 82.0
  endloop
endfacet
facet normal 0.0 0.0 0.0
  outer loop
    vertex 30.85108184814453 -0.5 82.0
    vertex 30.862276077270508 0.10454665869474411 85.0
    vertex 30.85108184814453 -0.5 83.0
  endloop
endfacet
facet normal 0.0 0.0 0.0
  outer loop
    vertex 30.85108184814453 -0.5 83.0
    vertex 30.862276077270508 0.10454665869474411 85.0
    vertex 30.842853546142578 -0.8979751467704773 85.0
  endloop
endfacet
facet normal 0.0 0.0 0.0
  outer loop
    vertex 30.85108184814453 -0.5 83.0
    vertex 30.842853546142578 -0.8979751467704773 85.0
    vertex 30.816547393798828 -2.000000238418579 83.0
  endloop
endfacet
facet normal 0.0 0.0 0.0
  outer loop
    vertex 30.816547393798828 -2.000000238418579 83.0
    vertex 30.842853546142578 -0.8979751467704773 85.0
    vertex 30.818723678588867 -1.9164514541625977 85.0
  endloop
endfacet
facet normal 0.0 0.0 0.0
  outer loop
    vertex 30.816547393798828 -2.000000238418579 83.0
    vertex 30.818723678588867 -1.9164514541625977 85.0
    vertex 30.790128707885742 -2.9324066638946533 85.0
  endloop
endfacet
facet normal 0.0 0.0 0.0
  outer loop
    vertex 30.75731086730957 -3.927365303039551 85.0
    vertex 30.77203369140625 -3.500000238418579 83.0
    vertex 30.790128707885742 -2.9324066638946533 85.0
  endloop
endfacet
facet normal 0.0 0.0 0.0
  outer loop
    vertex 30.790128707885742 -2.9324066638946533 85.0
    vertex 30.77203369140625 -3.500000238418579 83.0
    vertex 30.77203369140625 -3.500000238418579 81.0
  endloop
endfacet
facet normal 0.0 0.0 0.0
  outer loop
    vertex 30.790128707885742 -2.9324066638946533 85.0
    vertex 30.77203369140625 -3.500000238418579 81.0
    vertex 30.816547393798828 -2.000000238418579 81.0
  endloop
endfacet
facet normal 0.0 0.0 0.0
  outer loop
    vertex 30.75731086730957 -3.927365303039551 85.0
    vertex 30.75731086730957 -3.927365303039551 83.0
    vertex 30.77203369140625 -3.500000238418579 83.0
  endloop
endfacet
facet normal 0.0 0.0 0.0
  outer loop
    vertex 30.816547393798828 -2.000000238418579 81.0
    vertex 30.816547393798828 -2.000000238418579 83.0
    vertex 30.790128707885742 -2.9324066638946533 85.0
  endloop
endfacet
facet normal 0.0 0.0 0.0
  outer loop
    vertex 30.8861141204834 1.9999994039535522 83.0
    vertex 30.8861141204834 1.9999994039535522 81.0
    vertex 30.888561248779297 2.4030585289001465 81.0
  endloop
endfacet
facet normal 0.0 0.0 0.0
  outer loop
    vertex 30.552846908569336 -9.672897338867188 85.0
    vertex 29.92296600341797 -9.686235427856445 85.0
    vertex 30.552846908569336 -9.672897338867188 81.0
  endloop
endfacet
facet normal 0.0 0.0 0.0
  outer loop
    vertex 30.552846908569336 -9.672897338867188 81.0
    vertex 29.92296600341797 -9.686235427856445 85.0
    vertex 29.92296600341797 -9.686235427856445 81.0
  endloop
endfacet
facet normal 0.0 0.0 0.0
  outer loop
    vertex 29.92296600341797 -9.686235427856445 81.0
    vertex 29.92296600341797 -9.686235427856445 85.0
    vertex 29.316898345947266 -9.701991081237793 85.0
  endloop
endfacet
facet normal 0.0 0.0 0.0
  outer loop
    vertex 29.92296600341797 -9.686235427856445 81.0
    vertex 29.316898345947266 -9.701991081237793 85.0
    vertex 29.316898345947266 -9.701991081237793 81.0
  endloop
endfacet
facet normal 0.0 0.0 0.0
  outer loop
    vertex 29.316898345947266 -9.701991081237793 81.0
    vertex 29.316898345947266 -9.701991081237793 85.0
    vertex 28.750770568847656 -9.719889640808105 85.0
  endloop
endfacet
facet normal 0.0 0.0 0.0
  outer loop
    vertex 29.316898345947266 -9.701991081237793 81.0
    vertex 28.750770568847656 -9.719889640808105 85.0
    vertex 28.750770568847656 -9.719889640808105 81.0
  endloop
endfacet
facet normal 0.0 0.0 0.0
  outer loop
    vertex 28.750770568847656 -9.719889640808105 81.0
    vertex 28.750770568847656 -9.719889640808105 85.0
    vertex 28.487722396850586 -9.729557991027832 85.0
  endloop
endfacet
facet normal 0.0 0.0 0.0
  outer loop
    vertex 28.750770568847656 -9.719889640808105 81.0
    vertex 28.487722396850586 -9.729557991027832 85.0
    vertex 28.487722396850586 -9.729557991027832 81.0
  endloop
endfacet
facet normal 0.0 0.0 0.0
  outer loop
    vertex 28.487722396850586 -9.729557991027832 81.0
    vertex 28.487722396850586 -9.729557991027832 85.0
    vertex 28.240703582763672 -9.73965835571289 85.0
  endloop
endfacet
facet normal 0.0 0.0 0.0
  outer loop
    vertex 28.487722396850586 -9.729557991027832 81.0
    vertex 28.240703582763672 -9.73965835571289 85.0
    vertex 28.240703582763672 -9.73965835571289 81.0
  endloop
endfacet
facet normal 0.0 0.0 0.0
  outer loop
    vertex 28.240703582763672 -9.73965835571289 85.0
    vertex 26.29703140258789 -9.822840690612793 85.0
    vertex 28.240703582763672 -9.73965835571289 81.0
  endloop
endfacet
facet normal 0.0 0.0 0.0
  outer loop
    vertex 28.240703582763672 -9.73965835571289 81.0
    vertex 26.29703140258789 -9.822840690612793 85.0
    vertex 26.29703140258789 -9.822840690612793 81.0
  endloop
endfacet
facet normal 0.0 0.0 0.0
  outer loop
    vertex 26.0 -9.822840690612793 81.0
    vertex 26.29703140258789 -9.822840690612793 81.0
    vertex 26.0 -9.822840690612793 83.0
  endloop
endfacet
facet normal 0.0 0.0 0.0
  outer loop
    vertex 26.0 -9.822840690612793 83.0
    vertex 26.29703140258789 -9.822840690612793 81.0
    vertex 26.29703140258789 -9.822840690612793 85.0
  endloop
endfacet
facet normal 0.0 0.0 0.0
  outer loop
    vertex 26.0 -9.822840690612793 83.0
    vertex 26.29703140258789 -9.822840690612793 85.0
    vertex 25.727807998657227 -9.822840690612793 85.0
  endloop
endfacet
facet normal 0.0 0.0 0.0
  outer loop
    vertex 25.727807998657227 -9.822840690612793 85.0
    vertex 25.727807998657227 -9.822840690612793 83.0
    vertex 26.0 -9.822840690612793 83.0
  endloop
endfacet
facet normal 0.0 0.0 0.0
  outer loop
    vertex 25.727807998657227 -9.822840690612793 83.0
    vertex 25.727807998657227 -9.822840690612793 85.0
    vertex 25.727441787719727 -9.847216606140137 83.0
  endloop
endfacet
facet normal 0.0 0.0 0.0
  outer loop
    vertex 25.727441787719727 -9.847216606140137 83.0
    vertex 25.727807998657227 -9.822840690612793 85.0
    vertex 25.727441787719727 -9.847216606140137 85.0
  endloop
endfacet
facet normal 0.0 0.0 0.0
  outer loop
    vertex 25.727441787719727 -9.847216606140137 83.0
    vertex 25.727441787719727 -9.847216606140137 85.0
    vertex 25.713945388793945 -9.847793579101562 83.0
  endloop
endfacet
facet normal 0.0 0.0 0.0
  outer loop
    vertex 25.713945388793945 -9.847793579101562 83.0
    vertex 25.727441787719727 -9.847216606140137 85.0
    vertex 25.713945388793945 -9.847793579101562 85.0
  endloop
endfacet
facet normal 0.0 0.0 0.0
  outer loop
    vertex 25.713945388793945 -10.744126319885254 83.0
    vertex 25.713945388793945 -9.847793579101562 83.0
    vertex 25.713945388793945 -10.744126319885254 85.0
  endloop
endfacet
facet normal 0.0 0.0 0.0
  outer loop
    vertex 25.713945388793945 -10.744126319885254 85.0
    vertex 25.713945388793945 -9.847793579101562 83.0
    vertex 25.713945388793945 -9.847793579101562 85.0
  endloop
endfacet
facet normal 0.0 0.0 0.0
  outer loop
    vertex 25.643701553344727 -15.412410736083984 83.0
    vertex 25.713945388793945 -10.744126319885254 83.0
    vertex 25.643701553344727 -15.412410736083984 85.0
  endloop
endfacet
facet normal 0.0 0.0 0.0
  outer loop
    vertex 25.643701553344727 -15.412410736083984 85.0
    vertex 25.713945388793945 -10.744126319885254 83.0
    vertex 25.713945388793945 -10.744126319885254 85.0
  endloop
endfacet
facet normal 0.0 0.0 0.0
  outer loop
    vertex 25.643701553344727 -15.412410736083984 83.0
    vertex 25.643701553344727 -15.412410736083984 85.0
    vertex 25.61264419555664 -17.5 83.0
  endloop
endfacet
facet normal 0.0 0.0 0.0
  outer loop
    vertex 25.61264419555664 -17.5 83.0
    vertex 25.643701553344727 -15.412410736083984 85.0
    vertex 25.562641143798828 -20.86089324951172 85.0
  endloop
endfacet
facet normal 0.0 0.0 0.0
  outer loop
    vertex 25.61264419555664 -17.5 83.0
    vertex 25.562641143798828 -20.86089324951172 85.0
    vertex 25.5903263092041 -19.0 83.0
  endloop
endfacet
facet normal 0.0 0.0 0.0
  outer loop
    vertex 25.5903263092041 -19.0 83.0
    vertex 25.562641143798828 -20.86089324951172 85.0
    vertex 25.568010330200195 -20.5 83.0
  endloop
endfacet
facet normal 0.0 0.0 0.0
  outer loop
    vertex 25.568010330200195 -20.5 83.0
    vertex 25.562641143798828 -20.86089324951172 85.0
    vertex 25.562641143798828 -20.86089324951172 82.0
  endloop
endfacet
facet normal 0.0 0.0 0.0
  outer loop
    vertex 25.568010330200195 -20.5 83.0
    vertex 25.562641143798828 -20.86089324951172 82.0
    vertex 25.568010330200195 -20.5 82.0
  endloop
endfacet
facet normal 0.0 0.0 0.0
  outer loop
    vertex 25.5903263092041 -19.0 81.0
    vertex 25.61264419555664 -17.5 81.0
    vertex 25.5903263092041 -19.0 83.0
  endloop
endfacet
facet normal 0.0 0.0 0.0
  outer loop
    vertex 25.5903263092041 -19.0 83.0
    vertex 25.61264419555664 -17.5 81.0
    vertex 25.61264419555664 -17.5 83.0
  endloop
endfacet
facet normal 0.0 0.0 0.0
  outer loop
    vertex 25.4071102142334 -20.86334228515625 82.0
    vertex 25.562641143798828 -20.86089324951172 82.0
    vertex 25.4071102142334 -20.86334228515625 85.0
  endloop
endfacet
facet normal 0.0 0.0 0.0
  outer loop
    vertex 25.4071102142334 -20.86334228515625 85.0
    vertex 25.562641143798828 -20.86089324951172 82.0
    vertex 25.562641143798828 -20.86089324951172 85.0
  endloop
endfacet
facet normal 0.0 0.0 0.0
  outer loop
    vertex 25.4071102142334 -21.008285522460938 82.0
    vertex 25.4071102142334 -20.86334228515625 82.0
    vertex 25.4071102142334 -21.008285522460938 85.0
  endloop
endfacet
facet normal 0.0 0.0 0.0
  outer loop
    vertex 25.4071102142334 -21.008285522460938 85.0
    vertex 25.4071102142334 -20.86334228515625 82.0
    vertex 25.4071102142334 -20.86334228515625 85.0
  endloop
endfacet
facet normal 0.0 0.0 0.0
  outer loop
    vertex 23.033754348754883 -21.09162139892578 82.0
    vertex 25.4071102142334 -21.008285522460938 82.0
    vertex 23.033754348754883 -21.09162139892578 85.0
  endloop
endfacet
facet normal 0.0 0.0 0.0
  outer loop
    vertex 23.033754348754883 -21.09162139892578 85.0
    vertex 25.4071102142334 -21.008285522460938 82.0
    vertex 25.4071102142334 -21.008285522460938 85.0
  endloop
endfacet
facet normal 0.0 0.0 0.0
  outer loop
    vertex 21.217653274536133 -21.155391693115234 82.0
    vertex 23.033754348754883 -21.09162139892578 82.0
    vertex 21.217653274536133 -21.155391693115234 85.0
  endloop
endfacet
facet normal 0.0 0.0 0.0
  outer loop
    vertex 21.217653274536133 -21.155391693115234 85.0
    vertex 23.033754348754883 -21.09162139892578 82.0
    vertex 23.033754348754883 -21.09162139892578 85.0
  endloop
endfacet
facet normal 0.0 0.0 0.0
  outer loop
    vertex 20.506996154785156 -21.155391693115234 82.0
    vertex 21.217653274536133 -21.155391693115234 82.0
    vertex 20.506996154785156 -21.155391693115234 85.0
  endloop
endfacet
facet normal 0.0 0.0 0.0
  outer loop
    vertex 20.506996154785156 -21.155391693115234 85.0
    vertex 21.217653274536133 -21.155391693115234 82.0
    vertex 21.217653274536133 -21.155391693115234 85.0
  endloop
endfacet
facet normal 0.0 0.0 0.0
  outer loop
    vertex 20.506996154785156 -26.668245315551758 82.0
    vertex 20.506996154785156 -21.155391693115234 82.0
    vertex 20.506996154785156 -26.668245315551758 85.0
  endloop
endfacet
facet normal 0.0 0.0 0.0
  outer loop
    vertex 20.506996154785156 -26.668245315551758 85.0
    vertex 20.506996154785156 -21.155391693115234 82.0
    vertex 20.506996154785156 -21.155391693115234 85.0
  endloop
endfacet
facet normal 0.0 0.0 0.0
  outer loop
    vertex 20.5 -26.668245315551758 82.0
    vertex 20.506996154785156 -26.668245315551758 82.0
    vertex 20.5 -26.668245315551758 83.0
  endloop
endfacet
facet normal 0.0 0.0 0.0
  outer loop
    vertex 20.5 -26.668245315551758 83.0
    vertex 20.506996154785156 -26.668245315551758 82.0
    vertex 20.506996154785156 -26.668245315551758 85.0
  endloop
endfacet
facet normal 0.0 0.0 0.0
  outer loop
    vertex 20.5 -26.668245315551758 83.0
    vertex 20.506996154785156 -26.668245315551758 85.0
    vertex 19.0 -26.668245315551758 83.0
  endloop
endfacet
facet normal 0.0 0.0 0.0
  outer loop
    vertex 19.0 -26.668245315551758 83.0
    vertex 20.506996154785156 -26.668245315551758 85.0
    vertex 17.5 -26.668245315551758 83.0
  endloop
endfacet
facet normal 0.0 0.0 0.0
  outer loop
    vertex 19.0 -26.668245315551758 83.0
    vertex 17.5 -26.668245315551758 83.0
    vertex 19.0 -26.668245315551758 81.0
  endloop
endfacet
facet normal 0.0 0.0 0.0
  outer loop
    vertex 19.0 -26.668245315551758 81.0
    vertex 17.5 -26.668245315551758 83.0
    vertex 17.5 -26.668245315551758 81.0
  endloop
endfacet
facet normal 0.0 0.0 0.0
  outer loop
    vertex 20.506996154785156 -26.668245315551758 85.0
    vertex 15.30004596710205 -26.668245315551758 85.0
    vertex 17.5 -26.668245315551758 83.0
  endloop
endfacet
facet normal 0.0 0.0 0.0
  outer loop
    vertex 17.5 -26.668245315551758 83.0
    vertex 15.30004596710205 -26.668245315551758 85.0
    vertex 16.0 -26.668245315551758 83.0
  endloop
endfacet
facet normal 0.0 0.0 0.0
  outer loop
    vertex 16.0 -26.668245315551758 83.0
    vertex 15.30004596710205 -26.668245315551758 85.0
    vertex 15.30004596710205 -26.668245315551758 81.0
  endloop
endfacet
facet normal 0.0 0.0 0.0
  outer loop
    vertex 16.0 -26.668245315551758 83.0
    vertex 15.30004596710205 -26.668245315551758 81.0
    vertex 16.0 -26.668245315551758 81.0
  endloop
endfacet
facet normal 0.0 0.0 0.0
  outer loop
    vertex 15.30004596710205 -26.668245315551758 85.0
    vertex 15.30004596710205 -32.09977340698242 85.0
    vertex 15.30004596710205 -26.668245315551758 81.0
  endloop
endfacet
facet normal 0.0 0.0 0.0
  outer loop
    vertex 15.30004596710205 -26.668245315551758 81.0
    vertex 15.30004596710205 -32.09977340698242 85.0
    vertex 15.30004596710205 -32.09977340698242 81.0
  endloop
endfacet
facet normal 0.0 0.0 0.0
  outer loop
    vertex 15.30004596710205 -32.09977340698242 85.0
    vertex 10.2603759765625 -32.32066345214844 85.0
    vertex 15.30004596710205 -32.09977340698242 81.0
  endloop
endfacet
facet normal 0.0 0.0 0.0
  outer loop
    vertex 15.30004596710205 -32.09977340698242 81.0
    vertex 10.2603759765625 -32.32066345214844 85.0
    vertex 10.2603759765625 -32.32066345214844 81.0
  endloop
endfacet
facet normal 0.0 0.0 0.0
  outer loop
    vertex 10.2603759765625 -32.32066345214844 85.0
    vertex 9.988642692565918 -32.33268356323242 85.0
    vertex 10.2603759765625 -32.32066345214844 81.0
  endloop
endfacet
facet normal 0.0 0.0 0.0
  outer loop
    vertex 10.2603759765625 -32.32066345214844 81.0
    vertex 9.988642692565918 -32.33268356323242 85.0
    vertex 9.988642692565918 -32.33268356323242 81.0
  endloop
endfacet
facet normal 0.0 0.0 0.0
  outer loop
    vertex 9.988642692565918 -32.33268356323242 85.0
    vertex 9.288972854614258 -32.34642028808594 85.0
    vertex 9.988642692565918 -32.33268356323242 81.0
  endloop
endfacet
facet normal 0.0 0.0 0.0
  outer loop
    vertex 9.988642692565918 -32.33268356323242 81.0
    vertex 9.288972854614258 -32.34642028808594 85.0
    vertex 9.288972854614258 -32.34642028808594 81.0
  endloop
endfacet
facet normal 0.0 0.0 0.0
  outer loop
    vertex 9.288972854614258 -32.34642028808594 81.0
    vertex 9.288972854614258 -32.34642028808594 85.0
    vertex 8.612181663513184 -32.36312484741211 85.0
  endloop
endfacet
facet normal 0.0 0.0 0.0
  outer loop
    vertex 9.288972854614258 -32.34642028808594 81.0
    vertex 8.612181663513184 -32.36312484741211 85.0
    vertex 8.612181663513184 -32.36312484741211 81.0
  endloop
endfacet
facet normal 0.0 0.0 0.0
  outer loop
    vertex 8.612181663513184 -32.36312484741211 81.0
    vertex 8.612181663513184 -32.36312484741211 85.0
    vertex 7.979918956756592 -32.38239669799805 85.0
  endloop
endfacet
facet normal 0.0 0.0 0.0
  outer loop
    vertex 8.612181663513184 -32.36312484741211 81.0
    vertex 7.979918956756592 -32.38239669799805 85.0
    vertex 7.979918956756592 -32.38239669799805 81.0
  endloop
endfacet
facet normal 0.0 0.0 0.0
  outer loop
    vertex 7.979918956756592 -32.38239669799805 81.0
    vertex 7.979918956756592 -32.38239669799805 85.0
    vertex 7.687251567840576 -32.39287185668945 85.0
  endloop
endfacet
facet normal 0.0 0.0 0.0
  outer loop
    vertex 7.979918956756592 -32.38239669799805 81.0
    vertex 7.687251567840576 -32.39287185668945 85.0
    vertex 7.687251567840576 -32.39287185668945 81.0
  endloop
endfacet
facet normal 0.0 0.0 0.0
  outer loop
    vertex 7.687251567840576 -32.39287185668945 81.0
    vertex 7.687251567840576 -32.39287185668945 85.0
    vertex 7.4138360023498535 -32.403839111328125 85.0
  endloop
endfacet
facet normal 0.0 0.0 0.0
  outer loop
    vertex 7.687251567840576 -32.39287185668945 81.0
    vertex 7.4138360023498535 -32.403839111328125 85.0
    vertex 7.4138360023498535 -32.403839111328125 81.0
  endloop
endfacet
facet normal 0.0 0.0 0.0
  outer loop
    vertex 7.4138360023498535 -32.403839111328125 85.0
    vertex 6.398494720458984 -32.4476432800293 85.0
    vertex 7.4138360023498535 -32.403839111328125 81.0
  endloop
endfacet
facet normal 0.0 0.0 0.0
  outer loop
    vertex 7.4138360023498535 -32.403839111328125 81.0
    vertex 6.398494720458984 -32.4476432800293 85.0
    vertex 6.398494720458984 -32.4476432800293 81.0
  endloop
endfacet
facet normal 0.0 0.0 0.0
  outer loop
    vertex -5.244017601013184 -26.668245315551758 85.0
    vertex -10.268547058105469 -26.668245315551758 85.0
    vertex -5.244017601013184 -26.668245315551758 81.0
  endloop
endfacet
facet normal 0.0 0.0 0.0
  outer loop
    vertex -5.244017601013184 -26.668245315551758 81.0
    vertex -10.268547058105469 -26.668245315551758 85.0
    vertex -10.268547058105469 -26.668245315551758 81.0
  endloop
endfacet
facet normal 0.0 0.0 0.0
  outer loop
    vertex -10.268547058105469 -26.668245315551758 85.0
    vertex -10.2846040725708 -26.265296936035156 85.0
    vertex -10.268547058105469 -26.668245315551758 81.0
  endloop
endfacet
facet normal 0.0 0.0 0.0
  outer loop
    vertex -10.268547058105469 -26.668245315551758 81.0
    vertex -10.2846040725708 -26.265296936035156 85.0
    vertex -10.2846040725708 -26.265296936035156 81.0
  endloop
endfacet
facet normal 0.0 0.0 0.0
  outer loop
    vertex -10.295604705810547 -26.0 81.0
    vertex -10.2846040725708 -26.265296936035156 81.0
    vertex -10.295604705810547 -26.0 83.0
  endloop
endfacet
facet normal 0.0 0.0 0.0
  outer loop
    vertex -10.295604705810547 -26.0 83.0
    vertex -10.2846040725708 -26.265296936035156 81.0
    vertex -10.2846040725708 -26.265296936035156 85.0
  endloop
endfacet
facet normal 0.0 0.0 0.0
  outer loop
    vertex -10.295604705810547 -26.0 83.0
    vertex -10.2846040725708 -26.265296936035156 85.0
    vertex -10.357804298400879 -24.5 83.0
  endloop
endfacet
facet normal 0.0 0.0 0.0
  outer loop
    vertex -10.357804298400879 -24.5 83.0
    vertex -10.2846040725708 -26.265296936035156 85.0
    vertex -10.42785358428955 -22.8106632232666 85.0
  endloop
endfacet
facet normal 0.0 0.0 0.0
  outer loop
    vertex -10.357804298400879 -24.5 83.0
    vertex -10.42785358428955 -22.8106632232666 85.0
    vertex -10.420002937316895 -23.0 83.0
  endloop
endfacet
facet normal 0.0 0.0 0.0
  outer loop
    vertex -10.420002937316895 -23.0 83.0
    vertex -10.42785358428955 -22.8106632232666 85.0
    vertex -10.42785358428955 -22.8106632232666 83.0
  endloop
endfacet
facet normal 0.0 0.0 0.0
  outer loop
    vertex -10.420002937316895 -23.0 81.0
    vertex -10.357804298400879 -24.5 81.0
    vertex -10.420002937316895 -23.0 83.0
  endloop
endfacet
facet normal 0.0 0.0 0.0
  outer loop
    vertex -10.420002937316895 -23.0 83.0
    vertex -10.357804298400879 -24.5 81.0
    vertex -10.357804298400879 -24.5 83.0
  endloop
endfacet
facet normal 0.0 0.0 0.0
  outer loop
    vertex -20.994239807128906 -9.6703462600708 82.0
    vertex -21.082963943481445 -12.34960651397705 82.0
    vertex -20.994239807128906 -9.6703462600708 85.0
  endloop
endfacet
facet normal 0.0 0.0 0.0
  outer loop
    vertex -20.994239807128906 -9.6703462600708 85.0
    vertex -21.082963943481445 -12.34960651397705 82.0
    vertex -21.082963943481445 -12.34960651397705 85.0
  endloop
endfacet
facet normal 0.0 0.0 0.0
  outer loop
    vertex -20.5 -9.66247844696045 82.0
    vertex -20.994239807128906 -9.6703462600708 82.0
    vertex -20.5 -9.66247844696045 83.0
  endloop
endfacet
facet normal 0.0 0.0 0.0
  outer loop
    vertex -20.5 -9.66247844696045 83.0
    vertex -20.994239807128906 -9.6703462600708 82.0
    vertex -20.994239807128906 -9.6703462600708 85.0
  endloop
endfacet
facet normal 0.0 0.0 0.0
  outer loop
    vertex -20.5 -9.66247844696045 83.0
    vertex -20.994239807128906 -9.6703462600708 85.0
    vertex -19.0 -9.638602256774902 83.0
  endloop
endfacet
facet normal 0.0 0.0 0.0
  outer loop
    vertex -19.0 -9.638602256774902 83.0
    vertex -20.994239807128906 -9.6703462600708 85.0
    vertex -15.710589408874512 -9.586240768432617 85.0
  endloop
endfacet
facet normal 0.0 0.0 0.0
  outer loop
    vertex -19.0 -9.638602256774902 83.0
    vertex -15.710589408874512 -9.586240768432617 85.0
    vertex -17.5 -9.614725112915039 83.0
  endloop
endfacet
facet normal 0.0 0.0 0.0
  outer loop
    vertex -17.5 -9.614725112915039 83.0
    vertex -15.710589408874512 -9.586240768432617 85.0
    vertex -16.0 -9.590847969055176 83.0
  endloop
endfacet
facet normal 0.0 0.0 0.0
  outer loop
    vertex -16.0 -9.590847969055176 83.0
    vertex -15.710589408874512 -9.586240768432617 85.0
    vertex -15.710589408874512 -9.586240768432617 81.0
  endloop
endfacet
facet normal 0.0 0.0 0.0
  outer loop
    vertex -16.0 -9.590847969055176 83.0
    vertex -15.710589408874512 -9.586240768432617 81.0
    vertex -16.0 -9.590847969055176 81.0
  endloop
endfacet
facet normal 0.0 0.0 0.0
  outer loop
    vertex -17.5 -9.614725112915039 81.0
    vertex -19.0 -9.638602256774902 81.0
    vertex -17.5 -9.614725112915039 83.0
  endloop
endfacet
facet normal 0.0 0.0 0.0
  outer loop
    vertex -17.5 -9.614725112915039 83.0
    vertex -19.0 -9.638602256774902 81.0
    vertex -19.0 -9.638602256774902 83.0
  endloop
endfacet
facet normal 0.0 0.0 0.0
  outer loop
    vertex -15.710589408874512 -9.586240768432617 85.0
    vertex -10.42785358428955 -9.502141952514648 85.0
    vertex -15.710589408874512 -9.586240768432617 81.0
  endloop
endfacet
facet normal 0.0 0.0 0.0
  outer loop
    vertex -15.710589408874512 -9.586240768432617 81.0
    vertex -10.42785358428955 -9.502141952514648 85.0
    vertex -10.42785358428955 -9.502141952514648 81.0
  endloop
endfacet
facet normal 0.0 0.0 0.0
  outer loop
    vertex -10.42785358428955 -9.502141952514648 81.0
    vertex -10.42785358428955 -9.502141952514648 85.0
    vertex -10.42785358428955 -9.34693431854248 81.0
  endloop
endfacet
facet normal 0.0 0.0 0.0
  outer loop
    vertex -10.42785358428955 -9.34693431854248 81.0
    vertex -10.42785358428955 -9.502141952514648 85.0
    vertex -10.42785358428955 -9.34693431854248 85.0
  endloop
endfacet
facet normal 0.0 0.0 0.0
  outer loop
    vertex -10.42785358428955 -9.34693431854248 81.0
    vertex -10.42785358428955 -9.34693431854248 85.0
    vertex -10.274435997009277 -9.342251777648926 81.0
  endloop
endfacet
facet normal 0.0 0.0 0.0
  outer loop
    vertex -10.274435997009277 -9.342251777648926 81.0
    vertex -10.42785358428955 -9.34693431854248 85.0
    vertex -10.274435997009277 -9.342251777648926 85.0
  endloop
endfacet
facet normal 0.0 0.0 0.0
  outer loop
    vertex -10.274435997009277 -9.342251777648926 81.0
    vertex -10.274435997009277 -9.342251777648926 85.0
    vertex -10.42785358428955 -9.340346336364746 81.0
  endloop
endfacet
facet normal 0.0 0.0 0.0
  outer loop
    vertex -10.42785358428955 -9.340346336364746 81.0
    vertex -10.274435997009277 -9.342251777648926 85.0
    vertex -10.42785358428955 -9.340346336364746 85.0
  endloop
endfacet
facet normal 0.0 0.0 0.0
  outer loop
    vertex -10.274435997009277 -3.866366386413574 83.0
    vertex -10.42785358428955 -3.8683791160583496 83.0
    vertex -10.274435997009277 -3.866366386413574 85.0
  endloop
endfacet
facet normal 0.0 0.0 0.0
  outer loop
    vertex -10.274435997009277 -3.866366386413574 85.0
    vertex -10.42785358428955 -3.8683791160583496 83.0
    vertex -10.42785358428955 -3.8683791160583496 85.0
  endloop
endfacet
facet normal 0.0 0.0 0.0
  outer loop
    vertex -10.42785358428955 -3.8636300563812256 83.0
    vertex -10.274435997009277 -3.866366386413574 83.0
    vertex -10.42785358428955 -3.8636300563812256 85.0
  endloop
endfacet
facet normal 0.0 0.0 0.0
  outer loop
    vertex -10.42785358428955 -3.8636300563812256 85.0
    vertex -10.274435997009277 -3.866366386413574 83.0
    vertex -10.274435997009277 -3.866366386413574 85.0
  endloop
endfacet
facet normal 0.0 0.0 0.0
  outer loop
    vertex -10.42785358428955 -3.6972386837005615 83.0
    vertex -10.42785358428955 -3.8636300563812256 83.0
    vertex -10.42785358428955 -3.6972386837005615 85.0
  endloop
endfacet
facet normal 0.0 0.0 0.0
  outer loop
    vertex -10.42785358428955 -3.6972386837005615 85.0
    vertex -10.42785358428955 -3.8636300563812256 83.0
    vertex -10.42785358428955 -3.8636300563812256 85.0
  endloop
endfacet
facet normal 0.0 0.0 0.0
  outer loop
    vertex -10.42785358428955 -3.6972386837005615 83.0
    vertex -10.42785358428955 -3.6972386837005615 85.0
    vertex -17.5 -3.6972386837005615 83.0
  endloop
endfacet
facet normal 0.0 0.0 0.0
  outer loop
    vertex -17.5 -3.6972386837005615 83.0
    vertex -10.42785358428955 -3.6972386837005615 85.0
    vertex -19.714126586914062 -3.6972386837005615 85.0
  endloop
endfacet
facet normal 0.0 0.0 0.0
  outer loop
    vertex -17.5 -3.6972386837005615 83.0
    vertex -19.714126586914062 -3.6972386837005615 85.0
    vertex -19.0 -3.6972386837005615 83.0
  endloop
endfacet
facet normal 0.0 0.0 0.0
  outer loop
    vertex -19.0 -3.6972386837005615 83.0
    vertex -19.714126586914062 -3.6972386837005615 85.0
    vertex -19.714126586914062 -3.6972386837005615 83.0
  endloop
endfacet
facet normal 0.0 0.0 0.0
  outer loop
    vertex -19.0 -3.6972386837005615 81.0
    vertex -17.5 -3.6972386837005615 81.0
    vertex -19.0 -3.6972386837005615 83.0
  endloop
endfacet
facet normal 0.0 0.0 0.0
  outer loop
    vertex -19.0 -3.6972386837005615 83.0
    vertex -17.5 -3.6972386837005615 81.0
    vertex -17.5 -3.6972386837005615 83.0
  endloop
endfacet
facet normal 0.0 0.0 0.0
  outer loop
    vertex -20.5349178314209 1.7906689643859863 82.0
    vertex -20.5349178314209 -3.68245267868042 82.0
    vertex -20.5349178314209 1.7906689643859863 85.0
  endloop
endfacet
facet normal 0.0 0.0 0.0
  outer loop
    vertex -20.5349178314209 1.7906689643859863 85.0
    vertex -20.5349178314209 -3.68245267868042 82.0
    vertex -20.5349178314209 -3.68245267868042 85.0
  endloop
endfacet
facet normal 0.0 0.0 0.0
  outer loop
    vertex -20.5 1.7920993566513062 82.0
    vertex -20.5349178314209 1.7906689643859863 82.0
    vertex -20.5 1.7920993566513062 83.0
  endloop
endfacet
facet normal 0.0 0.0 0.0
  outer loop
    vertex -20.5 1.7920993566513062 83.0
    vertex -20.5349178314209 1.7906689643859863 82.0
    vertex -20.5349178314209 1.7906689643859863 85.0
  endloop
endfacet
facet normal 0.0 0.0 0.0
  outer loop
    vertex -20.5 1.7920993566513062 83.0
    vertex -20.5349178314209 1.7906689643859863 85.0
    vertex -19.92577362060547 1.8156226873397827 85.0
  endloop
endfacet
facet normal 0.0 0.0 0.0
  outer loop
    vertex -19.92577362060547 1.8156226873397827 85.0
    vertex -19.92577362060547 1.8156226873397827 83.0
    vertex -20.5 1.7920993566513062 83.0
  endloop
endfacet
facet normal 0.0 0.0 0.0
  outer loop
    vertex -15.633872985839844 1.8156226873397827 83.0
    vertex -19.92577362060547 1.8156226873397827 83.0
    vertex -15.633872985839844 1.8156226873397827 85.0
  endloop
endfacet
facet normal 0.0 0.0 0.0
  outer loop
    vertex -15.633872985839844 1.8156226873397827 85.0
    vertex -19.92577362060547 1.8156226873397827 83.0
    vertex -19.92577362060547 1.8156226873397827 85.0
  endloop
endfacet
facet normal 0.0 0.0 0.0
  outer loop
    vertex -15.633872985839844 1.9905743598937988 83.0
    vertex -15.633872985839844 1.8156226873397827 83.0
    vertex -15.633872985839844 1.9905743598937988 85.0
  endloop
endfacet
facet normal 0.0 0.0 0.0
  outer loop
    vertex -15.633872985839844 1.9905743598937988 85.0
    vertex -15.633872985839844 1.8156226873397827 83.0
    vertex -15.633872985839844 1.8156226873397827 85.0
  endloop
endfacet
facet normal 0.0 0.0 0.0
  outer loop
    vertex -15.481386184692383 1.9967652559280396 83.0
    vertex -15.633872985839844 1.9905743598937988 83.0
    vertex -15.481386184692383 1.9967652559280396 85.0
  endloop
endfacet
facet normal 0.0 0.0 0.0
  outer loop
    vertex -15.481386184692383 1.9967652559280396 85.0
    vertex -15.633872985839844 1.9905743598937988 83.0
    vertex -15.633872985839844 1.9905743598937988 85.0
  endloop
endfacet
facet normal 0.0 0.0 0.0
  outer loop
    vertex -15.608988761901855 1.9999994039535522 83.0
    vertex -15.481386184692383 1.9967652559280396 83.0
    vertex -15.608988761901855 1.9999994039535522 85.0
  endloop
endfacet
facet normal 0.0 0.0 0.0
  outer loop
    vertex -15.608988761901855 1.9999994039535522 85.0
    vertex -15.481386184692383 1.9967652559280396 83.0
    vertex -15.481386184692383 1.9967652559280396 85.0
  endloop
endfacet
facet normal 0.0 0.0 0.0
  outer loop
    vertex -10.42785358428955 7.6343889236450195 85.0
    vertex -15.633872985839844 7.6343889236450195 85.0
    vertex -10.42785358428955 7.6343889236450195 81.0
  endloop
endfacet
facet normal 0.0 0.0 0.0
  outer loop
    vertex -10.42785358428955 7.6343889236450195 81.0
    vertex -15.633872985839844 7.6343889236450195 85.0
    vertex -15.633872985839844 7.6343889236450195 81.0
  endloop
endfacet
facet normal 0.0 0.0 0.0
  outer loop
    vertex -15.633872985839844 7.6343889236450195 85.0
    vertex -15.633872985839844 13.148170471191406 85.0
    vertex -15.633872985839844 7.6343889236450195 81.0
  endloop
endfacet
facet normal 0.0 0.0 0.0
  outer loop
    vertex -15.633872985839844 7.6343889236450195 81.0
    vertex -15.633872985839844 13.148170471191406 85.0
    vertex -15.633872985839844 13.148170471191406 81.0
  endloop
endfacet
facet normal 0.0 0.0 0.0
  outer loop
    vertex -15.633872985839844 13.148170471191406 85.0
    vertex -14.332608222961426 13.149094581604004 85.0
    vertex -15.633872985839844 13.148170471191406 81.0
  endloop
endfacet
facet normal 0.0 0.0 0.0
  outer loop
    vertex -15.633872985839844 13.148170471191406 81.0
    vertex -14.332608222961426 13.149094581604004 85.0
    vertex -14.332608222961426 13.149094581604004 81.0
  endloop
endfacet
facet normal 0.0 0.0 0.0
  outer loop
    vertex -14.332608222961426 13.149094581604004 85.0
    vertex -14.17989444732666 13.150279998779297 85.0
    vertex -14.332608222961426 13.149094581604004 81.0
  endloop
endfacet
facet normal 0.0 0.0 0.0
  outer loop
    vertex -14.332608222961426 13.149094581604004 81.0
    vertex -14.17989444732666 13.150279998779297 85.0
    vertex -14.17989444732666 13.150279998779297 81.0
  endloop
endfacet
facet normal 0.0 0.0 0.0
  outer loop
    vertex -14.17989444732666 13.150279998779297 81.0
    vertex -14.17989444732666 13.150279998779297 85.0
    vertex -13.992116928100586 13.153425216674805 85.0
  endloop
endfacet
facet normal 0.0 0.0 0.0
  outer loop
    vertex -14.17989444732666 13.150279998779297 81.0
    vertex -13.992116928100586 13.153425216674805 85.0
    vertex -13.992116928100586 13.153425216674805 81.0
  endloop
endfacet
facet normal 0.0 0.0 0.0
  outer loop
    vertex -13.992116928100586 13.153425216674805 81.0
    vertex -13.992116928100586 13.153425216674805 85.0
    vertex -13.77192497253418 13.158430099487305 85.0
  endloop
endfacet
facet normal 0.0 0.0 0.0
  outer loop
    vertex -13.992116928100586 13.153425216674805 81.0
    vertex -13.77192497253418 13.158430099487305 85.0
    vertex -13.77192497253418 13.158430099487305 81.0
  endloop
endfacet
facet normal 0.0 0.0 0.0
  outer loop
    vertex -13.77192497253418 13.158430099487305 81.0
    vertex -13.77192497253418 13.158430099487305 85.0
    vertex -13.521965026855469 13.165196418762207 85.0
  endloop
endfacet
facet normal 0.0 0.0 0.0
  outer loop
    vertex -13.77192497253418 13.158430099487305 81.0
    vertex -13.521965026855469 13.165196418762207 85.0
    vertex -13.521965026855469 13.165196418762207 81.0
  endloop
endfacet
facet normal 0.0 0.0 0.0
  outer loop
    vertex -13.521965026855469 13.165196418762207 81.0
    vertex -13.521965026855469 13.165196418762207 85.0
    vertex -13.244885444641113 13.173624992370605 85.0
  endloop
endfacet
facet normal 0.0 0.0 0.0
  outer loop
    vertex -13.521965026855469 13.165196418762207 81.0
    vertex -13.244885444641113 13.173624992370605 85.0
    vertex -13.244885444641113 13.173624992370605 81.0
  endloop
endfacet
facet normal 0.0 0.0 0.0
  outer loop
    vertex -13.244885444641113 13.173624992370605 81.0
    vertex -13.244885444641113 13.173624992370605 85.0
    vertex -12.943334579467773 13.18361759185791 85.0
  endloop
endfacet
facet normal 0.0 0.0 0.0
  outer loop
    vertex -13.244885444641113 13.173624992370605 81.0
    vertex -12.943334579467773 13.18361759185791 85.0
    vertex -12.943334579467773 13.18361759185791 81.0
  endloop
endfacet
facet normal 0.0 0.0 0.0
  outer loop
    vertex -12.943334579467773 13.18361759185791 81.0
    vertex -12.943334579467773 13.18361759185791 85.0
    vertex -12.61996078491211 13.195075035095215 85.0
  endloop
endfacet
facet normal 0.0 0.0 0.0
  outer loop
    vertex -12.943334579467773 13.18361759185791 81.0
    vertex -12.61996078491211 13.195075035095215 85.0
    vertex -12.61996078491211 13.195075035095215 81.0
  endloop
endfacet
facet normal 0.0 0.0 0.0
  outer loop
    vertex -12.61996078491211 13.195075035095215 81.0
    vertex -12.61996078491211 13.195075035095215 85.0
    vertex -12.277412414550781 13.207898139953613 85.0
  endloop
endfacet
facet normal 0.0 0.0 0.0
  outer loop
    vertex -12.61996078491211 13.195075035095215 81.0
    vertex -12.277412414550781 13.207898139953613 85.0
    vertex -12.277412414550781 13.207898139953613 81.0
  endloop
endfacet
facet normal 0.0 0.0 0.0
  outer loop
    vertex -12.277412414550781 13.207898139953613 81.0
    vertex -12.277412414550781 13.207898139953613 85.0
    vertex -11.545379638671875 13.2372465133667 85.0
  endloop
endfacet
facet normal 0.0 0.0 0.0
  outer loop
    vertex -12.277412414550781 13.207898139953613 81.0
    vertex -11.545379638671875 13.2372465133667 85.0
    vertex -11.545379638671875 13.2372465133667 81.0
  endloop
endfacet
facet normal 0.0 0.0 0.0
  outer loop
    vertex -11.545379638671875 13.2372465133667 81.0
    vertex -11.545379638671875 13.2372465133667 85.0
    vertex -10.76842212677002 13.270873069763184 85.0
  endloop
endfacet
facet normal 0.0 0.0 0.0
  outer loop
    vertex -11.545379638671875 13.2372465133667 81.0
    vertex -10.76842212677002 13.270873069763184 85.0
    vertex -10.76842212677002 13.270873069763184 81.0
  endloop
endfacet
facet normal 0.0 0.0 0.0
  outer loop
    vertex -10.76842212677002 13.270873069763184 81.0
    vertex -10.76842212677002 13.270873069763184 85.0
    vertex -9.164467811584473 13.347797393798828 85.0
  endloop
endfacet
facet normal 0.0 0.0 0.0
  outer loop
    vertex -10.76842212677002 13.270873069763184 81.0
    vertex -9.164467811584473 13.347797393798828 85.0
    vertex -9.164467811584473 13.347797393798828 81.0
  endloop
endfacet
facet normal 0.0 0.0 0.0
  outer loop
    vertex -9.164467811584473 13.347797393798828 85.0
    vertex -7.07720947265625 13.454082489013672 85.0
    vertex -9.164467811584473 13.347797393798828 81.0
  endloop
endfacet
facet normal 0.0 0.0 0.0
  outer loop
    vertex -9.164467811584473 13.347797393798828 81.0
    vertex -7.07720947265625 13.454082489013672 85.0
    vertex -7.07720947265625 13.454082489013672 81.0
  endloop
endfacet
facet normal 0.0 0.0 0.0
  outer loop
    vertex -7.07720947265625 13.454082489013672 85.0
    vertex -5.294960975646973 13.454082489013672 85.0
    vertex -7.07720947265625 13.454082489013672 81.0
  endloop
endfacet
facet normal 0.0 0.0 0.0
  outer loop
    vertex -7.07720947265625 13.454082489013672 81.0
    vertex -5.294960975646973 13.454082489013672 85.0
    vertex -5.294960975646973 13.454082489013672 81.0
  endloop
endfacet
facet normal 0.0 0.0 0.0
  outer loop
    vertex -5.294960975646973 13.454082489013672 85.0
    vertex -5.073042869567871 7.833092212677002 85.0
    vertex -5.294960975646973 13.454082489013672 81.0
  endloop
endfacet
facet normal 0.0 0.0 0.0
  outer loop
    vertex -5.294960975646973 13.454082489013672 81.0
    vertex -5.073042869567871 7.833092212677002 85.0
    vertex -5.073042869567871 7.833092212677002 81.0
  endloop
endfacet
facet normal 0.0 0.0 0.0
  outer loop
    vertex -5.073042869567871 7.833092212677002 81.0
    vertex -5.073042869567871 7.833092212677002 85.0
    vertex -5.0701446533203125 7.759693622589111 81.0
  endloop
endfacet
facet normal 0.0 0.0 0.0
  outer loop
    vertex -5.0701446533203125 7.759693622589111 81.0
    vertex -5.073042869567871 7.833092212677002 85.0
    vertex -5.0701446533203125 7.759693622589111 85.0
  endloop
endfacet
facet normal 0.0 0.0 0.0
  outer loop
    vertex -5.0701446533203125 7.759693622589111 85.0
    vertex -5.067486763000488 7.4818949699401855 85.0
    vertex -5.0701446533203125 7.759693622589111 81.0
  endloop
endfacet
facet normal 0.0 0.0 0.0
  outer loop
    vertex -5.0701446533203125 7.759693622589111 81.0
    vertex -5.067486763000488 7.4818949699401855 85.0
    vertex -5.067486763000488 7.4818949699401855 81.0
  endloop
endfacet
facet normal 0.0 0.0 0.0
  outer loop
    vertex -5.067486763000488 7.4818949699401855 81.0
    vertex -5.067486763000488 7.4818949699401855 85.0
    vertex -5.059176445007324 7.4818949699401855 81.0
  endloop
endfacet
facet normal 0.0 0.0 0.0
  outer loop
    vertex -5.059176445007324 7.4818949699401855 81.0
    vertex -5.067486763000488 7.4818949699401855 85.0
    vertex -5.059176445007324 7.4818949699401855 85.0
  endloop
endfacet
facet normal 0.0 0.0 0.0
  outer loop
    vertex -4.999999523162842 5.983084678649902 81.0
    vertex -5.059176445007324 7.4818949699401855 81.0
    vertex -4.999999523162842 5.983084678649902 83.0
  endloop
endfacet
facet normal 0.0 0.0 0.0
  outer loop
    vertex -4.999999523162842 5.983084678649902 83.0
    vertex -5.059176445007324 7.4818949699401855 81.0
    vertex -5.059176445007324 7.4818949699401855 85.0
  endloop
endfacet
facet normal 0.0 0.0 0.0
  outer loop
    vertex -4.999999523162842 5.983084678649902 83.0
    vertex -5.059176445007324 7.4818949699401855 85.0
    vertex -4.914068698883057 3.806675434112549 85.0
  endloop
endfacet
facet normal 0.0 0.0 0.0
  outer loop
    vertex -4.914068698883057 3.806675434112549 85.0
    vertex -4.914068698883057 3.806675434112549 83.0
    vertex -4.999999523162842 5.983084678649902 83.0
  endloop
endfacet
facet normal 0.0 0.0 0.0
  outer loop
    vertex -4.914068698883057 3.806675434112549 83.0
    vertex -4.914068698883057 3.806675434112549 85.0
    vertex -4.914068698883057 3.499999523162842 83.0
  endloop
endfacet
facet normal 0.0 0.0 0.0
  outer loop
    vertex -4.914068698883057 3.499999523162842 83.0
    vertex -4.914068698883057 3.806675434112549 85.0
    vertex -4.914068698883057 2.121530771255493 85.0
  endloop
endfacet
facet normal 0.0 0.0 0.0
  outer loop
    vertex -4.914068698883057 3.499999523162842 83.0
    vertex -4.914068698883057 2.121530771255493 85.0
    vertex -4.914068698883057 2.121530771255493 81.0
  endloop
endfacet
facet normal 0.0 0.0 0.0
  outer loop
    vertex -4.914068698883057 2.121530771255493 81.0
    vertex -4.914068698883057 3.499999523162842 81.0
    vertex -4.914068698883057 3.499999523162842 83.0
  endloop
endfacet
facet normal 0.0 0.0 0.0
  outer loop
    vertex -1.9999994039535522 2.121530771255493 81.0
    vertex -4.914068698883057 2.121530771255493 81.0
    vertex -1.9999994039535522 2.121530771255493 83.0
  endloop
endfacet
facet normal 0.0 0.0 0.0
  outer loop
    vertex -1.9999994039535522 2.121530771255493 83.0
    vertex -4.914068698883057 2.121530771255493 81.0
    vertex -4.914068698883057 2.121530771255493 85.0
  endloop
endfacet
facet normal 0.0 0.0 0.0
  outer loop
    vertex -1.9999994039535522 2.121530771255493 83.0
    vertex -4.914068698883057 2.121530771255493 85.0
    vertex -0.6267083883285522 2.121530771255493 85.0
  endloop
endfacet
facet normal 0.0 0.0 0.0
  outer loop
    vertex -0.6267083883285522 2.121530771255493 85.0
    vertex -0.6267083883285522 2.121530771255493 83.0
    vertex -1.9999994039535522 2.121530771255493 83.0
  endloop
endfacet
facet normal 0.0 0.0 0.0
  outer loop
    vertex -0.6267083883285522 7.4818949699401855 83.0
    vertex -0.6267083883285522 2.121530771255493 83.0
    vertex -0.6267083883285522 7.4818949699401855 85.0
  endloop
endfacet
facet normal 0.0 0.0 0.0
  outer loop
    vertex -0.6267083883285522 7.4818949699401855 85.0
    vertex -0.6267083883285522 2.121530771255493 83.0
    vertex -0.6267083883285522 2.121530771255493 85.0
  endloop
endfacet
facet normal 0.0 0.0 0.0
  outer loop
    vertex -0.6267083883285522 7.4818949699401855 83.0
    vertex -0.6267083883285522 7.4818949699401855 85.0
    vertex -0.5 7.4818949699401855 83.0
  endloop
endfacet
facet normal 0.0 0.0 0.0
  outer loop
    vertex -0.5 7.4818949699401855 83.0
    vertex -0.6267083883285522 7.4818949699401855 85.0
    vertex -0.47329074144363403 7.4818949699401855 85.0
  endloop
endfacet
facet normal 0.0 0.0 0.0
  outer loop
    vertex -0.5 7.4818949699401855 83.0
    vertex -0.47329074144363403 7.4818949699401855 85.0
    vertex -0.47329074144363403 7.4818949699401855 82.0
  endloop
endfacet
facet normal 0.0 0.0 0.0
  outer loop
    vertex -0.47329074144363403 7.4818949699401855 82.0
    vertex -0.5 7.4818949699401855 82.0
    vertex -0.5 7.4818949699401855 83.0
  endloop
endfacet
facet normal 0.0 0.0 0.0
  outer loop
    vertex -0.4718315005302429 7.6343889236450195 82.0
    vertex -0.47329074144363403 7.4818949699401855 82.0
    vertex -0.4718315005302429 7.6343889236450195 85.0
  endloop
endfacet
facet normal 0.0 0.0 0.0
  outer loop
    vertex -0.4718315005302429 7.6343889236450195 85.0
    vertex -0.47329074144363403 7.4818949699401855 82.0
    vertex -0.47329074144363403 7.4818949699401855 85.0
  endloop
endfacet
facet normal 0.0 0.0 0.0
  outer loop
    vertex 0.5 7.6343889236450195 82.0
    vertex -0.4718315005302429 7.6343889236450195 82.0
    vertex 0.5 7.6343889236450195 83.0
  endloop
endfacet
facet normal 0.0 0.0 0.0
  outer loop
    vertex 0.5 7.6343889236450195 83.0
    vertex -0.4718315005302429 7.6343889236450195 82.0
    vertex -0.4718315005302429 7.6343889236450195 85.0
  endloop
endfacet
facet normal 0.0 0.0 0.0
  outer loop
    vertex 0.5 7.6343889236450195 83.0
    vertex -0.4718315005302429 7.6343889236450195 85.0
    vertex 2.000000238418579 7.6343889236450195 83.0
  endloop
endfacet
facet normal 0.0 0.0 0.0
  outer loop
    vertex 2.000000238418579 7.6343889236450195 83.0
    vertex -0.4718315005302429 7.6343889236450195 85.0
    vertex 4.886146068572998 7.6343889236450195 85.0
  endloop
endfacet
facet normal 0.0 0.0 0.0
  outer loop
    vertex 2.000000238418579 7.6343889236450195 83.0
    vertex 4.886146068572998 7.6343889236450195 85.0
    vertex 3.500000238418579 7.6343889236450195 83.0
  endloop
endfacet
facet normal 0.0 0.0 0.0
  outer loop
    vertex 3.500000238418579 7.6343889236450195 83.0
    vertex 4.886146068572998 7.6343889236450195 85.0
    vertex 4.886146068572998 7.6343889236450195 83.0
  endloop
endfacet
facet normal 0.0 0.0 0.0
  outer loop
    vertex 3.500000238418579 7.6343889236450195 81.0
    vertex 2.000000238418579 7.6343889236450195 81.0
    vertex 3.500000238418579 7.6343889236450195 83.0
  endloop
endfacet
facet normal 0.0 0.0 0.0
  outer loop
    vertex 3.500000238418579 7.6343889236450195 83.0
    vertex 2.000000238418579 7.6343889236450195 81.0
    vertex 2.000000238418579 7.6343889236450195 83.0
  endloop
endfacet
facet normal 0.0 0.0 0.0
  outer loop
    vertex 4.886146068572998 7.6343889236450195 83.0
    vertex 4.886146068572998 7.6343889236450195 85.0
    vertex 4.886146068572998 3.499999523162842 83.0
  endloop
endfacet
facet normal 0.0 0.0 0.0
  outer loop
    vertex 4.886146068572998 3.499999523162842 83.0
    vertex 4.886146068572998 7.6343889236450195 85.0
    vertex 4.886146068572998 2.121530771255493 85.0
  endloop
endfacet
facet normal 0.0 0.0 0.0
  outer loop
    vertex 4.886146068572998 3.499999523162842 83.0
    vertex 4.886146068572998 2.121530771255493 85.0
    vertex 4.886146068572998 2.121530771255493 81.0
  endloop
endfacet
facet normal 0.0 0.0 0.0
  outer loop
    vertex 4.886146068572998 2.121530771255493 81.0
    vertex 4.886146068572998 3.499999523162842 81.0
    vertex 4.886146068572998 3.499999523162842 83.0
  endloop
endfacet
facet normal 0.0 0.0 0.0
  outer loop
    vertex 4.886146068572998 2.121530771255493 85.0
    vertex 9.787191390991211 2.121530771255493 85.0
    vertex 4.886146068572998 2.121530771255493 81.0
  endloop
endfacet
facet normal 0.0 0.0 0.0
  outer loop
    vertex 4.886146068572998 2.121530771255493 81.0
    vertex 9.787191390991211 2.121530771255493 85.0
    vertex 9.787191390991211 2.121530771255493 81.0
  endloop
endfacet
facet normal 0.0 0.0 0.0
  outer loop
    vertex 9.787191390991211 7.6343889236450195 85.0
    vertex 15.30004596710205 7.6343889236450195 85.0
    vertex 9.787191390991211 7.6343889236450195 81.0
  endloop
endfacet
facet normal 0.0 0.0 0.0
  outer loop
    vertex 9.787191390991211 7.6343889236450195 81.0
    vertex 15.30004596710205 7.6343889236450195 85.0
    vertex 15.30004596710205 7.6343889236450195 81.0
  endloop
endfacet
facet normal 0.0 0.0 0.0
  outer loop
    vertex 15.30004596710205 7.6343889236450195 85.0
    vertex 15.30004596710205 6.8799519538879395 85.0
    vertex 15.30004596710205 7.6343889236450195 81.0
  endloop
endfacet
facet normal 0.0 0.0 0.0
  outer loop
    vertex 15.30004596710205 7.6343889236450195 81.0
    vertex 15.30004596710205 6.8799519538879395 85.0
    vertex 15.30004596710205 6.8799519538879395 81.0
  endloop
endfacet
facet normal 0.0 0.0 0.0
  outer loop
    vertex 15.244769096374512 4.999999523162842 81.0
    vertex 15.30004596710205 6.8799519538879395 81.0
    vertex 15.244769096374512 4.999999523162842 83.0
  endloop
endfacet
facet normal 0.0 0.0 0.0
  outer loop
    vertex 15.244769096374512 4.999999523162842 83.0
    vertex 15.30004596710205 6.8799519538879395 81.0
    vertex 15.30004596710205 6.8799519538879395 85.0
  endloop
endfacet
facet normal 0.0 0.0 0.0
  outer loop
    vertex 15.244769096374512 4.999999523162842 83.0
    vertex 15.30004596710205 6.8799519538879395 85.0
    vertex 15.150522232055664 1.7946480512619019 85.0
  endloop
endfacet
facet normal 0.0 0.0 0.0
  outer loop
    vertex 15.150522232055664 1.7946480512619019 83.0
    vertex 15.156559944152832 1.9999994039535522 83.0
    vertex 15.150522232055664 1.7946480512619019 85.0
  endloop
endfacet
facet normal 0.0 0.0 0.0
  outer loop
    vertex 15.150522232055664 1.7946480512619019 85.0
    vertex 15.156559944152832 1.9999994039535522 83.0
    vertex 15.200664520263672 3.499999523162842 83.0
  endloop
endfacet
facet normal 0.0 0.0 0.0
  outer loop
    vertex 15.150522232055664 1.7946480512619019 85.0
    vertex 15.200664520263672 3.499999523162842 83.0
    vertex 15.244769096374512 4.999999523162842 83.0
  endloop
endfacet
facet normal 0.0 0.0 0.0
  outer loop
    vertex 15.156559944152832 1.9999994039535522 81.0
    vertex 15.200664520263672 3.499999523162842 81.0
    vertex 15.156559944152832 1.9999994039535522 83.0
  endloop
endfacet
facet normal 0.0 0.0 0.0
  outer loop
    vertex 15.156559944152832 1.9999994039535522 83.0
    vertex 15.200664520263672 3.499999523162842 81.0
    vertex 15.200664520263672 3.499999523162842 83.0
  endloop
endfacet
facet normal 0.0 0.0 0.0
  outer loop
    vertex 15.124650955200195 1.6614296436309814 83.0
    vertex 15.150522232055664 1.7946480512619019 83.0
    vertex 15.124650955200195 1.6614296436309814 85.0
  endloop
endfacet
facet normal 0.0 0.0 0.0
  outer loop
    vertex 15.124650955200195 1.6614296436309814 85.0
    vertex 15.150522232055664 1.7946480512619019 83.0
    vertex 15.150522232055664 1.7946480512619019 85.0
  endloop
endfacet
facet normal 0.0 0.0 0.0
  outer loop
    vertex 10.093095779418945 0.7620487213134766 83.0
    vertex 10.093095779418945 0.7620487213134766 85.0
    vertex 10.084383010864258 0.5 83.0
  endloop
endfacet
facet normal 0.0 0.0 0.0
  outer loop
    vertex 10.084383010864258 0.5 83.0
    vertex 10.093095779418945 0.7620487213134766 85.0
    vertex 10.051132202148438 -0.5 83.0
  endloop
endfacet
facet normal 0.0 0.0 0.0
  outer loop
    vertex 10.084383010864258 0.5 83.0
    vertex 10.051132202148438 -0.5 83.0
    vertex 10.084383010864258 0.5 82.0
  endloop
endfacet
facet normal 0.0 0.0 0.0
  outer loop
    vertex 10.084383010864258 0.5 82.0
    vertex 10.051132202148438 -0.5 83.0
    vertex 10.051132202148438 -0.5 82.0
  endloop
endfacet
facet normal 0.0 0.0 0.0
  outer loop
    vertex 10.093095779418945 0.7620487213134766 85.0
    vertex 10.028409004211426 -1.1834114789962769 85.0
    vertex 10.051132202148438 -0.5 83.0
  endloop
endfacet
facet normal 0.0 0.0 0.0
  outer loop
    vertex 10.051132202148438 -0.5 83.0
    vertex 10.028409004211426 -1.1834114789962769 85.0
    vertex 10.028409004211426 -1.1834114789962769 83.0
  endloop
endfacet
facet normal 0.0 0.0 0.0
  outer loop
    vertex 10.028409004211426 -1.1834114789962769 83.0
    vertex 10.028409004211426 -1.1834114789962769 85.0
    vertex 10.0015287399292 -2.000000238418579 83.0
  endloop
endfacet
facet normal 0.0 0.0 0.0
  outer loop
    vertex 10.0015287399292 -2.000000238418579 83.0
    vertex 10.028409004211426 -1.1834114789962769 85.0
    vertex 9.945659637451172 -3.6972386837005615 85.0
  endloop
endfacet
facet normal 0.0 0.0 0.0
  outer loop
    vertex 10.0015287399292 -2.000000238418579 83.0
    vertex 9.945659637451172 -3.6972386837005615 85.0
    vertex 9.952152252197266 -3.500000238418579 83.0
  endloop
endfacet
facet normal 0.0 0.0 0.0
  outer loop
    vertex 9.952152252197266 -3.500000238418579 83.0
    vertex 9.945659637451172 -3.6972386837005615 85.0
    vertex 9.945659637451172 -3.6972386837005615 83.0
  endloop
endfacet
facet normal 0.0 0.0 0.0
  outer loop
    vertex 9.952152252197266 -3.500000238418579 81.0
    vertex 10.0015287399292 -2.000000238418579 81.0
    vertex 9.952152252197266 -3.500000238418579 83.0
  endloop
endfacet
facet normal 0.0 0.0 0.0
  outer loop
    vertex 9.952152252197266 -3.500000238418579 83.0
    vertex 10.0015287399292 -2.000000238418579 81.0
    vertex 10.0015287399292 -2.000000238418579 83.0
  endloop
endfacet
facet normal 0.0 0.0 0.0
  outer loop
    vertex 9.790578842163086 -3.855924606323242 83.0
    vertex 9.787191390991211 -3.6972386837005615 83.0
    vertex 9.790578842163086 -3.855924606323242 85.0
  endloop
endfacet
facet normal 0.0 0.0 0.0
  outer loop
    vertex 9.790578842163086 -3.855924606323242 85.0
    vertex 9.787191390991211 -3.6972386837005615 83.0
    vertex 9.787191390991211 -3.6972386837005615 85.0
  endloop
endfacet
facet normal 0.0 0.0 0.0
  outer loop
    vertex 4.886146068572998 -9.211016654968262 83.0
    vertex 4.886146068572998 -9.211016654968262 85.0
    vertex 5.000000476837158 -9.211016654968262 83.0
  endloop
endfacet
facet normal 0.0 0.0 0.0
  outer loop
    vertex 5.000000476837158 -9.211016654968262 83.0
    vertex 4.886146068572998 -9.211016654968262 85.0
    vertex 5.597064971923828 -9.211016654968262 85.0
  endloop
endfacet
facet normal 0.0 0.0 0.0
  outer loop
    vertex 5.000000476837158 -9.211016654968262 83.0
    vertex 5.597064971923828 -9.211016654968262 85.0
    vertex 5.597064971923828 -9.211016654968262 81.0
  endloop
endfacet
facet normal 0.0 0.0 0.0
  outer loop
    vertex 5.597064971923828 -9.211016654968262 81.0
    vertex 5.000000476837158 -9.211016654968262 81.0
    vertex 5.000000476837158 -9.211016654968262 83.0
  endloop
endfacet
facet normal 0.0 0.0 0.0
  outer loop
    vertex 5.597064971923828 -9.211016654968262 85.0
    vertex 7.4138360023498535 -9.274786949157715 85.0
    vertex 5.597064971923828 -9.211016654968262 81.0
  endloop
endfacet
facet normal 0.0 0.0 0.0
  outer loop
    vertex 5.597064971923828 -9.211016654968262 81.0
    vertex 7.4138360023498535 -9.274786949157715 85.0
    vertex 7.4138360023498535 -9.274786949157715 81.0
  endloop
endfacet
facet normal 0.0 0.0 0.0
  outer loop
    vertex 7.4138360023498535 -9.274786949157715 85.0
    vertex 9.907319068908691 -9.36234188079834 85.0
    vertex 7.4138360023498535 -9.274786949157715 81.0
  endloop
endfacet
facet normal 0.0 0.0 0.0
  outer loop
    vertex 7.4138360023498535 -9.274786949157715 81.0
    vertex 9.907319068908691 -9.36234188079834 85.0
    vertex 9.907319068908691 -9.36234188079834 81.0
  endloop
endfacet
facet normal 0.0 0.0 0.0
  outer loop
    vertex 9.907319068908691 -9.36234188079834 85.0
    vertex 9.913800239562988 -9.6703462600708 85.0
    vertex 9.907319068908691 -9.36234188079834 81.0
  endloop
endfacet
facet normal 0.0 0.0 0.0
  outer loop
    vertex 9.907319068908691 -9.36234188079834 81.0
    vertex 9.913800239562988 -9.6703462600708 85.0
    vertex 9.913800239562988 -9.6703462600708 81.0
  endloop
endfacet
facet normal 0.0 0.0 0.0
  outer loop
    vertex 9.913800239562988 -9.6703462600708 85.0
    vertex 9.924829483032227 -9.362957000732422 85.0
    vertex 9.913800239562988 -9.6703462600708 81.0
  endloop
endfacet
facet normal 0.0 0.0 0.0
  outer loop
    vertex 9.913800239562988 -9.6703462600708 81.0
    vertex 9.924829483032227 -9.362957000732422 85.0
    vertex 9.924829483032227 -9.362957000732422 81.0
  endloop
endfacet
facet normal 0.0 0.0 0.0
  outer loop
    vertex 9.924829483032227 -9.362957000732422 81.0
    vertex 9.924829483032227 -9.362957000732422 85.0
    vertex 9.940608978271484 -9.363511085510254 81.0
  endloop
endfacet
facet normal 0.0 0.0 0.0
  outer loop
    vertex 9.940608978271484 -9.363511085510254 81.0
    vertex 9.924829483032227 -9.362957000732422 85.0
    vertex 9.940608978271484 -9.363511085510254 85.0
  endloop
endfacet
facet normal 0.0 0.0 0.0
  outer loop
    vertex 9.940608978271484 -9.363511085510254 85.0
    vertex 9.940608978271484 -15.183207511901855 85.0
    vertex 9.940608978271484 -9.363511085510254 81.0
  endloop
endfacet
facet normal 0.0 0.0 0.0
  outer loop
    vertex 9.940608978271484 -9.363511085510254 81.0
    vertex 9.940608978271484 -15.183207511901855 85.0
    vertex 9.940608978271484 -15.183207511901855 81.0
  endloop
endfacet
facet normal 0.0 0.0 0.0
  outer loop
    vertex 9.940608978271484 -15.183207511901855 85.0
    vertex 7.4138360023498535 -15.27192497253418 85.0
    vertex 9.940608978271484 -15.183207511901855 81.0
  endloop
endfacet
facet normal 0.0 0.0 0.0
  outer loop
    vertex 9.940608978271484 -15.183207511901855 81.0
    vertex 7.4138360023498535 -15.27192497253418 85.0
    vertex 7.4138360023498535 -15.27192497253418 81.0
  endloop
endfacet
facet normal 0.0 0.0 0.0
  outer loop
    vertex 5.000000476837158 -15.35665225982666 81.0
    vertex 7.4138360023498535 -15.27192497253418 81.0
    vertex 5.000000476837158 -15.35665225982666 83.0
  endloop
endfacet
facet normal 0.0 0.0 0.0
  outer loop
    vertex 5.000000476837158 -15.35665225982666 83.0
    vertex 7.4138360023498535 -15.27192497253418 81.0
    vertex 7.4138360023498535 -15.27192497253418 85.0
  endloop
endfacet
facet normal 0.0 0.0 0.0
  outer loop
    vertex 5.000000476837158 -15.35665225982666 83.0
    vertex 7.4138360023498535 -15.27192497253418 85.0
    vertex 4.886146068572998 -15.360648155212402 85.0
  endloop
endfacet
facet normal 0.0 0.0 0.0
  outer loop
    vertex 4.886146068572998 -15.360648155212402 85.0
    vertex 4.886146068572998 -15.360648155212402 83.0
    vertex 5.000000476837158 -15.35665225982666 83.0
  endloop
endfacet
facet normal 0.0 0.0 0.0
  outer loop
    vertex 4.886146068572998 -15.360648155212402 83.0
    vertex 4.886146068572998 -15.360648155212402 85.0
    vertex 4.886146068572998 -17.5 83.0
  endloop
endfacet
facet normal 0.0 0.0 0.0
  outer loop
    vertex 4.886146068572998 -17.5 83.0
    vertex 4.886146068572998 -15.360648155212402 85.0
    vertex 4.886146068572998 -19.0 83.0
  endloop
endfacet
facet normal 0.0 0.0 0.0
  outer loop
    vertex 4.886146068572998 -17.5 83.0
    vertex 4.886146068572998 -19.0 83.0
    vertex 4.886146068572998 -17.5 81.0
  endloop
endfacet
facet normal 0.0 0.0 0.0
  outer loop
    vertex 4.886146068572998 -17.5 81.0
    vertex 4.886146068572998 -19.0 83.0
    vertex 4.886146068572998 -19.0 81.0
  endloop
endfacet
facet normal 0.0 0.0 0.0
  outer loop
    vertex 4.886146068572998 -19.0 83.0
    vertex 4.886146068572998 -15.360648155212402 85.0
    vertex 4.886146068572998 -20.5 83.0
  endloop
endfacet
facet normal 0.0 0.0 0.0
  outer loop
    vertex 4.886146068572998 -20.5 83.0
    vertex 4.886146068572998 -15.360648155212402 85.0
    vertex 4.886146068572998 -26.362335205078125 85.0
  endloop
endfacet
facet normal 0.0 0.0 0.0
  outer loop
    vertex 4.886146068572998 -20.5 83.0
    vertex 4.886146068572998 -26.362335205078125 85.0
    vertex 4.886146068572998 -21.5 83.0
  endloop
endfacet
facet normal 0.0 0.0 0.0
  outer loop
    vertex 4.886146068572998 -21.5 83.0
    vertex 4.886146068572998 -26.362335205078125 85.0
    vertex 4.886146068572998 -23.0 83.0
  endloop
endfacet
facet normal 0.0 0.0 0.0
  outer loop
    vertex 4.886146068572998 -23.0 83.0
    vertex 4.886146068572998 -26.362335205078125 85.0
    vertex 4.886146068572998 -24.5 83.0
  endloop
endfacet
facet normal 0.0 0.0 0.0
  outer loop
    vertex 4.886146068572998 -23.0 83.0
    vertex 4.886146068572998 -24.5 83.0
    vertex 4.886146068572998 -23.0 81.0
  endloop
endfacet
facet normal 0.0 0.0 0.0
  outer loop
    vertex 4.886146068572998 -23.0 81.0
    vertex 4.886146068572998 -24.5 83.0
    vertex 4.886146068572998 -24.5 81.0
  endloop
endfacet
facet normal 0.0 0.0 0.0
  outer loop
    vertex 4.886146068572998 -26.362335205078125 85.0
    vertex 4.886146068572998 -26.362335205078125 83.0
    vertex 4.886146068572998 -24.5 83.0
  endloop
endfacet
facet normal 0.0 0.0 0.0
  outer loop
    vertex 4.886146068572998 -21.5 82.0
    vertex 4.886146068572998 -20.5 82.0
    vertex 4.886146068572998 -21.5 83.0
  endloop
endfacet
facet normal 0.0 0.0 0.0
  outer loop
    vertex 4.886146068572998 -21.5 83.0
    vertex 4.886146068572998 -20.5 82.0
    vertex 4.886146068572998 -20.5 83.0
  endloop
endfacet
facet normal 0.0 0.0 0.0
  outer loop
    vertex 4.886146068572998 -26.362335205078125 83.0
    vertex 4.886146068572998 -26.362335205078125 85.0
    vertex 5.000000476837158 -26.362335205078125 83.0
  endloop
endfacet
facet normal 0.0 0.0 0.0
  outer loop
    vertex 5.000000476837158 -26.362335205078125 83.0
    vertex 4.886146068572998 -26.362335205078125 85.0
    vertex 9.764078140258789 -26.362335205078125 85.0
  endloop
endfacet
facet normal 0.0 0.0 0.0
  outer loop
    vertex 5.000000476837158 -26.362335205078125 83.0
    vertex 9.764078140258789 -26.362335205078125 85.0
    vertex 9.764078140258789 -26.362335205078125 81.0
  endloop
endfacet
facet normal 0.0 0.0 0.0
  outer loop
    vertex 9.764078140258789 -26.362335205078125 81.0
    vertex 5.000000476837158 -26.362335205078125 81.0
    vertex 5.000000476837158 -26.362335205078125 83.0
  endloop
endfacet
facet normal 0.0 0.0 0.0
  outer loop
    vertex 9.775308609008789 -26.0 81.0
    vertex 9.764078140258789 -26.362335205078125 81.0
    vertex 9.775308609008789 -26.0 83.0
  endloop
endfacet
facet normal 0.0 0.0 0.0
  outer loop
    vertex 9.775308609008789 -26.0 83.0
    vertex 9.764078140258789 -26.362335205078125 81.0
    vertex 9.764078140258789 -26.362335205078125 85.0
  endloop
endfacet
facet normal 0.0 0.0 0.0
  outer loop
    vertex 9.775308609008789 -26.0 83.0
    vertex 9.764078140258789 -26.362335205078125 85.0
    vertex 9.821802139282227 -24.5 83.0
  endloop
endfacet
facet normal 0.0 0.0 0.0
  outer loop
    vertex 9.821802139282227 -24.5 83.0
    vertex 9.764078140258789 -26.362335205078125 85.0
    vertex 9.85187816619873 -23.5296630859375 85.0
  endloop
endfacet
facet normal 0.0 0.0 0.0
  outer loop
    vertex 9.821802139282227 -24.5 83.0
    vertex 9.85187816619873 -23.5296630859375 85.0
    vertex 9.85187816619873 -23.5296630859375 81.0
  endloop
endfacet
facet normal 0.0 0.0 0.0
  outer loop
    vertex 9.85187816619873 -23.5296630859375 81.0
    vertex 9.821802139282227 -24.5 81.0
    vertex 9.821802139282227 -24.5 83.0
  endloop
endfacet
facet normal 0.0 0.0 0.0
  outer loop
    vertex 9.868463516235352 -23.0 81.0
    vertex 9.85187816619873 -23.5296630859375 81.0
    vertex 9.868463516235352 -23.0 83.0
  endloop
endfacet
facet normal 0.0 0.0 0.0
  outer loop
    vertex 9.868463516235352 -23.0 83.0
    vertex 9.85187816619873 -23.5296630859375 81.0
    vertex 9.85187816619873 -23.5296630859375 85.0
  endloop
endfacet
facet normal 0.0 0.0 0.0
  outer loop
    vertex 9.868463516235352 -23.0 83.0
    vertex 9.85187816619873 -23.5296630859375 85.0
    vertex 9.915434837341309 -21.5 83.0
  endloop
endfacet
facet normal 0.0 0.0 0.0
  outer loop
    vertex 9.915434837341309 -21.5 83.0
    vertex 9.85187816619873 -23.5296630859375 85.0
    vertex 9.940608978271484 -20.696062088012695 85.0
  endloop
endfacet
facet normal 0.0 0.0 0.0
  outer loop
    vertex 9.915434837341309 -21.5 83.0
    vertex 9.940608978271484 -20.696062088012695 85.0
    vertex 9.940608978271484 -20.696062088012695 82.0
  endloop
endfacet
facet normal 0.0 0.0 0.0
  outer loop
    vertex 9.940608978271484 -20.696062088012695 82.0
    vertex 9.915434837341309 -21.5 82.0
    vertex 9.915434837341309 -21.5 83.0
  endloop
endfacet
facet normal 0.0 0.0 0.0
  outer loop
    vertex 15.30004596710205 -10.84684944152832 85.0
    vertex 15.30004596710205 -9.516928672790527 85.0
    vertex 15.30004596710205 -10.84684944152832 81.0
  endloop
endfacet
facet normal 0.0 0.0 0.0
  outer loop
    vertex 15.30004596710205 -10.84684944152832 81.0
    vertex 15.30004596710205 -9.516928672790527 85.0
    vertex 15.30004596710205 -9.516928672790527 81.0
  endloop
endfacet
facet normal 0.0 0.0 0.0
  outer loop
    vertex 15.30004596710205 -9.516928672790527 81.0
    vertex 15.30004596710205 -9.516928672790527 85.0
    vertex 15.146123886108398 -9.516928672790527 81.0
  endloop
endfacet
facet normal 0.0 0.0 0.0
  outer loop
    vertex 15.146123886108398 -9.516928672790527 81.0
    vertex 15.30004596710205 -9.516928672790527 85.0
    vertex 15.146123886108398 -9.516928672790527 85.0
  endloop
endfacet
facet normal 0.0 0.0 0.0
  outer loop
    vertex 15.146123886108398 -9.516928672790527 85.0
    vertex 15.124192237854004 -8.79825496673584 85.0
    vertex 15.146123886108398 -9.516928672790527 81.0
  endloop
endfacet
facet normal 0.0 0.0 0.0
  outer loop
    vertex 15.146123886108398 -9.516928672790527 81.0
    vertex 15.124192237854004 -8.79825496673584 85.0
    vertex 15.124192237854004 -8.79825496673584 81.0
  endloop
endfacet
facet normal 0.0 0.0 0.0
  outer loop
    vertex 15.124192237854004 -8.79825496673584 81.0
    vertex 15.124192237854004 -8.79825496673584 85.0
    vertex 15.111148834228516 -8.460346221923828 85.0
  endloop
endfacet
facet normal 0.0 0.0 0.0
  outer loop
    vertex 15.124192237854004 -8.79825496673584 81.0
    vertex 15.111148834228516 -8.460346221923828 85.0
    vertex 15.111148834228516 -8.460346221923828 81.0
  endloop
endfacet
facet normal 0.0 0.0 0.0
  outer loop
    vertex 15.111148834228516 -8.460346221923828 81.0
    vertex 15.111148834228516 -8.460346221923828 85.0
    vertex 15.096720695495605 -8.138947486877441 85.0
  endloop
endfacet
facet normal 0.0 0.0 0.0
  outer loop
    vertex 15.111148834228516 -8.460346221923828 81.0
    vertex 15.096720695495605 -8.138947486877441 85.0
    vertex 15.096720695495605 -8.138947486877441 81.0
  endloop
endfacet
facet normal 0.0 0.0 0.0
  outer loop
    vertex 15.096720695495605 -8.138947486877441 85.0
    vertex 14.994141578674316 -5.994414806365967 85.0
    vertex 15.096720695495605 -8.138947486877441 81.0
  endloop
endfacet
facet normal 0.0 0.0 0.0
  outer loop
    vertex 15.096720695495605 -8.138947486877441 81.0
    vertex 14.994141578674316 -5.994414806365967 85.0
    vertex 14.994141578674316 -5.994414806365967 81.0
  endloop
endfacet
facet normal 0.0 0.0 0.0
  outer loop
    vertex 14.898937225341797 -4.0040740966796875 83.0
    vertex 14.898937225341797 -4.0040740966796875 85.0
    vertex 14.946575164794922 -5.000000476837158 83.0
  endloop
endfacet
facet normal 0.0 0.0 0.0
  outer loop
    vertex 14.946575164794922 -5.000000476837158 83.0
    vertex 14.898937225341797 -4.0040740966796875 85.0
    vertex 14.994141578674316 -5.994414806365967 85.0
  endloop
endfacet
facet normal 0.0 0.0 0.0
  outer loop
    vertex 14.946575164794922 -5.000000476837158 83.0
    vertex 14.994141578674316 -5.994414806365967 85.0
    vertex 14.994141578674316 -5.994414806365967 81.0
  endloop
endfacet
facet normal 0.0 0.0 0.0
  outer loop
    vertex 14.994141578674316 -5.994414806365967 81.0
    vertex 14.946575164794922 -5.000000476837158 81.0
    vertex 14.946575164794922 -5.000000476837158 83.0
  endloop
endfacet
facet normal 0.0 0.0 0.0
  outer loop
    vertex 14.994141578674316 -5.994414806365967 85.0
    vertex 14.994141578674316 -9.516928672790527 85.0
    vertex 14.994141578674316 -5.994414806365967 81.0
  endloop
endfacet
facet normal 0.0 0.0 0.0
  outer loop
    vertex 14.994141578674316 -5.994414806365967 81.0
    vertex 14.994141578674316 -9.516928672790527 85.0
    vertex 14.994141578674316 -9.516928672790527 81.0
  endloop
endfacet
facet normal 0.0 0.0 0.0
  outer loop
    vertex 15.30004596710205 -9.211016654968262 85.0
    vertex 15.30004596710205 -9.516928672790527 85.0
    vertex 25.4071102142334 -9.211016654968262 85.0
  endloop
endfacet
facet normal 0.0 0.0 0.0
  outer loop
    vertex 25.4071102142334 -9.211016654968262 85.0
    vertex 15.30004596710205 -9.516928672790527 85.0
    vertex 15.30004596710205 -10.84684944152832 85.0
  endloop
endfacet
facet normal 0.0 0.0 0.0
  outer loop
    vertex 25.4071102142334 -9.211016654968262 85.0
    vertex 15.30004596710205 -10.84684944152832 85.0
    vertex 15.299012184143066 -11.003898620605469 85.0
  endloop
endfacet
facet normal 0.0 0.0 0.0
  outer loop
    vertex 15.30004596710205 -4.0040740966796875 85.0
    vertex 15.096720695495605 -8.138947486877441 85.0
    vertex 15.30004596710205 -9.211016654968262 85.0
  endloop
endfacet
facet normal 0.0 0.0 0.0
  outer loop
    vertex 15.30004596710205 -9.211016654968262 85.0
    vertex 15.096720695495605 -8.138947486877441 85.0
    vertex 15.111148834228516 -8.460346221923828 85.0
  endloop
endfacet
facet normal 0.0 0.0 0.0
  outer loop
    vertex 15.30004596710205 -9.211016654968262 85.0
    vertex 15.111148834228516 -8.460346221923828 85.0
    vertex 15.124192237854004 -8.79825496673584 85.0
  endloop
endfacet
facet normal 0.0 0.0 0.0
  outer loop
    vertex 25.4071102142334 -4.0040740966796875 85.0
    vertex 20.404401779174805 2.121530771255493 85.0
    vertex 15.30004596710205 -4.0040740966796875 85.0
  endloop
endfacet
facet normal 0.0 0.0 0.0
  outer loop
    vertex 15.30004596710205 -4.0040740966796875 85.0
    vertex 20.404401779174805 2.121530771255493 85.0
    vertex 19.39535903930664 2.1173791885375977 85.0
  endloop
endfacet
facet normal 0.0 0.0 0.0
  outer loop
    vertex 15.30004596710205 -4.0040740966796875 85.0
    vertex 19.39535903930664 2.1173791885375977 85.0
    vertex 18.9118709564209 2.1123440265655518 85.0
  endloop
endfacet
facet normal 0.0 0.0 0.0
  outer loop
    vertex 25.4071102142334 -9.211016654968262 85.0
    vertex 28.240703582763672 -9.73965835571289 85.0
    vertex 25.4071102142334 -4.0040740966796875 85.0
  endloop
endfacet
facet normal 0.0 0.0 0.0
  outer loop
    vertex 25.4071102142334 -4.0040740966796875 85.0
    vertex 28.240703582763672 -9.73965835571289 85.0
    vertex 30.75731086730957 -3.927365303039551 85.0
  endloop
endfacet
facet normal 0.0 0.0 0.0
  outer loop
    vertex 25.4071102142334 -4.0040740966796875 85.0
    vertex 30.75731086730957 -3.927365303039551 85.0
    vertex 30.790128707885742 -2.9324066638946533 85.0
  endloop
endfacet
facet normal 0.0 0.0 0.0
  outer loop
    vertex 14.994141578674316 -9.516928672790527 85.0
    vertex 14.994141578674316 -5.994414806365967 85.0
    vertex 10.093095779418945 -9.516928672790527 85.0
  endloop
endfacet
facet normal 0.0 0.0 0.0
  outer loop
    vertex 10.093095779418945 -9.516928672790527 85.0
    vertex 14.994141578674316 -5.994414806365967 85.0
    vertex 10.093095779418945 -4.653954982757568 85.0
  endloop
endfacet
facet normal 0.0 0.0 0.0
  outer loop
    vertex 10.093095779418945 -4.653954982757568 85.0
    vertex 14.994141578674316 -5.994414806365967 85.0
    vertex 14.898937225341797 -4.0040740966796875 85.0
  endloop
endfacet
facet normal 0.0 0.0 0.0
  outer loop
    vertex 10.093095779418945 -4.653954982757568 85.0
    vertex 14.898937225341797 -4.0040740966796875 85.0
    vertex 10.116209030151367 -4.0040740966796875 85.0
  endloop
endfacet
facet normal 0.0 0.0 0.0
  outer loop
    vertex 10.116209030151367 -4.0040740966796875 85.0
    vertex 14.898937225341797 -4.0040740966796875 85.0
    vertex 14.994141578674316 -3.6972386837005615 85.0
  endloop
endfacet
facet normal 0.0 0.0 0.0
  outer loop
    vertex 10.116209030151367 -4.0040740966796875 85.0
    vertex 14.994141578674316 -3.6972386837005615 85.0
    vertex 9.945659637451172 -3.6972386837005615 85.0
  endloop
endfacet
facet normal 0.0 0.0 0.0
  outer loop
    vertex 14.898937225341797 -4.0040740966796875 85.0
    vertex 14.994141578674316 -4.0040740966796875 85.0
    vertex 14.994141578674316 -3.6972386837005615 85.0
  endloop
endfacet
facet normal 0.0 0.0 0.0
  outer loop
    vertex 14.994141578674316 -3.6972386837005615 85.0
    vertex 14.994141578674316 -4.0040740966796875 85.0
    vertex 15.30004596710205 -4.0040740966796875 85.0
  endloop
endfacet
facet normal 0.0 0.0 0.0
  outer loop
    vertex 14.994141578674316 -3.6972386837005615 85.0
    vertex 15.30004596710205 -4.0040740966796875 85.0
    vertex 14.994141578674316 -0.9921011924743652 85.0
  endloop
endfacet
facet normal 0.0 0.0 0.0
  outer loop
    vertex 14.994141578674316 -0.9921011924743652 85.0
    vertex 15.30004596710205 -4.0040740966796875 85.0
    vertex 18.9118709564209 2.1123440265655518 85.0
  endloop
endfacet
facet normal 0.0 0.0 0.0
  outer loop
    vertex 14.994141578674316 -0.9921011924743652 85.0
    vertex 18.9118709564209 2.1123440265655518 85.0
    vertex 18.445968627929688 2.105473041534424 85.0
  endloop
endfacet
facet normal 0.0 0.0 0.0
  outer loop
    vertex 14.994141578674316 -4.0040740966796875 85.0
    vertex 14.994141578674316 -5.994414806365967 85.0
    vertex 15.30004596710205 -4.0040740966796875 85.0
  endloop
endfacet
facet normal 0.0 0.0 0.0
  outer loop
    vertex 15.30004596710205 -4.0040740966796875 85.0
    vertex 14.994141578674316 -5.994414806365967 85.0
    vertex 15.096720695495605 -8.138947486877441 85.0
  endloop
endfacet
facet normal 0.0 0.0 0.0
  outer loop
    vertex 15.124192237854004 -8.79825496673584 85.0
    vertex 15.146123886108398 -9.516928672790527 85.0
    vertex 15.30004596710205 -9.211016654968262 85.0
  endloop
endfacet
facet normal 0.0 0.0 0.0
  outer loop
    vertex 15.30004596710205 -9.211016654968262 85.0
    vertex 15.146123886108398 -9.516928672790527 85.0
    vertex 15.30004596710205 -9.516928672790527 85.0
  endloop
endfacet
facet normal 0.0 0.0 0.0
  outer loop
    vertex 25.4071102142334 -9.211016654968262 85.0
    vertex 15.299012184143066 -11.003898620605469 85.0
    vertex 25.713945388793945 -10.744126319885254 85.0
  endloop
endfacet
facet normal 0.0 0.0 0.0
  outer loop
    vertex 25.713945388793945 -10.744126319885254 85.0
    vertex 15.299012184143066 -11.003898620605469 85.0
    vertex 15.295978546142578 -11.19902229309082 85.0
  endloop
endfacet
facet normal 0.0 0.0 0.0
  outer loop
    vertex 25.713945388793945 -10.744126319885254 85.0
    vertex 15.295978546142578 -11.19902229309082 85.0
    vertex 15.291048049926758 -11.429399490356445 85.0
  endloop
endfacet
facet normal 0.0 0.0 0.0
  outer loop
    vertex 15.291048049926758 -11.429399490356445 85.0
    vertex 15.284319877624512 -11.692208290100098 85.0
    vertex 25.713945388793945 -10.744126319885254 85.0
  endloop
endfacet
facet normal 0.0 0.0 0.0
  outer loop
    vertex 25.713945388793945 -10.744126319885254 85.0
    vertex 15.284319877624512 -11.692208290100098 85.0
    vertex 15.275897026062012 -11.984627723693848 85.0
  endloop
endfacet
facet normal 0.0 0.0 0.0
  outer loop
    vertex 25.713945388793945 -10.744126319885254 85.0
    vertex 15.275897026062012 -11.984627723693848 85.0
    vertex 15.265880584716797 -12.30383586883545 85.0
  endloop
endfacet
facet normal 0.0 0.0 0.0
  outer loop
    vertex 15.265880584716797 -12.30383586883545 85.0
    vertex 15.254372596740723 -12.647011756896973 85.0
    vertex 25.713945388793945 -10.744126319885254 85.0
  endloop
endfacet
facet normal 0.0 0.0 0.0
  outer loop
    vertex 25.713945388793945 -10.744126319885254 85.0
    vertex 15.254372596740723 -12.647011756896973 85.0
    vertex 25.643701553344727 -15.412410736083984 85.0
  endloop
endfacet
facet normal 0.0 0.0 0.0
  outer loop
    vertex 25.643701553344727 -15.412410736083984 85.0
    vertex 15.254372596740723 -12.647011756896973 85.0
    vertex 15.241474151611328 -13.011333465576172 85.0
  endloop
endfacet
facet normal 0.0 0.0 0.0
  outer loop
    vertex 25.643701553344727 -15.412410736083984 85.0
    vertex 15.241474151611328 -13.011333465576172 85.0
    vertex 15.227286338806152 -13.393980979919434 85.0
  endloop
endfacet
facet normal 0.0 0.0 0.0
  outer loop
    vertex 15.227286338806152 -13.393980979919434 85.0
    vertex 15.211912155151367 -13.792131423950195 85.0
    vertex 25.643701553344727 -15.412410736083984 85.0
  endloop
endfacet
facet normal 0.0 0.0 0.0
  outer loop
    vertex 25.643701553344727 -15.412410736083984 85.0
    vertex 15.211912155151367 -13.792131423950195 85.0
    vertex 15.178006172180176 -14.623659133911133 85.0
  endloop
endfacet
facet normal 0.0 0.0 0.0
  outer loop
    vertex 25.643701553344727 -15.412410736083984 85.0
    vertex 15.178006172180176 -14.623659133911133 85.0
    vertex 15.100415229797363 -16.34861946105957 85.0
  endloop
endfacet
facet normal 0.0 0.0 0.0
  outer loop
    vertex 25.643701553344727 -15.412410736083984 85.0
    vertex 15.100415229797363 -16.34861946105957 85.0
    vertex 20.506996154785156 -21.155391693115234 85.0
  endloop
endfacet
facet normal 0.0 0.0 0.0
  outer loop
    vertex 20.506996154785156 -21.155391693115234 85.0
    vertex 15.100415229797363 -16.34861946105957 85.0
    vertex 14.89986801147461 -20.51953887939453 85.0
  endloop
endfacet
facet normal 0.0 0.0 0.0
  outer loop
    vertex 20.506996154785156 -21.155391693115234 85.0
    vertex 14.89986801147461 -20.51953887939453 85.0
    vertex 15.30004596710205 -26.668245315551758 85.0
  endloop
endfacet
facet normal 0.0 0.0 0.0
  outer loop
    vertex 15.30004596710205 -26.668245315551758 85.0
    vertex 14.89986801147461 -20.51953887939453 85.0
    vertex 12.420238494873047 -20.608261108398438 85.0
  endloop
endfacet
facet normal 0.0 0.0 0.0
  outer loop
    vertex 15.30004596710205 -26.668245315551758 85.0
    vertex 12.420238494873047 -20.608261108398438 85.0
    vertex 9.85187816619873 -23.5296630859375 85.0
  endloop
endfacet
facet normal 0.0 0.0 0.0
  outer loop
    vertex 9.85187816619873 -23.5296630859375 85.0
    vertex 12.420238494873047 -20.608261108398438 85.0
    vertex 9.940608978271484 -20.696062088012695 85.0
  endloop
endfacet
facet normal 0.0 0.0 0.0
  outer loop
    vertex 9.85187816619873 -23.5296630859375 85.0
    vertex 9.764078140258789 -26.362335205078125 85.0
    vertex 15.30004596710205 -26.668245315551758 85.0
  endloop
endfacet
facet normal 0.0 0.0 0.0
  outer loop
    vertex 15.30004596710205 -26.668245315551758 85.0
    vertex 9.764078140258789 -26.362335205078125 85.0
    vertex 10.2603759765625 -32.32066345214844 85.0
  endloop
endfacet
facet normal 0.0 0.0 0.0
  outer loop
    vertex 15.30004596710205 -26.668245315551758 85.0
    vertex 10.2603759765625 -32.32066345214844 85.0
    vertex 15.30004596710205 -32.09977340698242 85.0
  endloop
endfacet
facet normal 0.0 0.0 0.0
  outer loop
    vertex 4.886146068572998 -26.362335205078125 85.0
    vertex 4.580241680145264 -30.832460403442383 85.0
    vertex 9.764078140258789 -26.362335205078125 85.0
  endloop
endfacet
facet normal 0.0 0.0 0.0
  outer loop
    vertex 9.764078140258789 -26.362335205078125 85.0
    vertex 4.580241680145264 -30.832460403442383 85.0
    vertex 7.687251567840576 -32.39287185668945 85.0
  endloop
endfacet
facet normal 0.0 0.0 0.0
  outer loop
    vertex 9.764078140258789 -26.362335205078125 85.0
    vertex 7.687251567840576 -32.39287185668945 85.0
    vertex 7.979918956756592 -32.38239669799805 85.0
  endloop
endfacet
facet normal 0.0 0.0 0.0
  outer loop
    vertex 4.886146068572998 -15.360648155212402 85.0
    vertex -0.6498078107833862 -20.82267951965332 85.0
    vertex 4.886146068572998 -26.362335205078125 85.0
  endloop
endfacet
facet normal 0.0 0.0 0.0
  outer loop
    vertex 4.886146068572998 -26.362335205078125 85.0
    vertex -0.6498078107833862 -20.82267951965332 85.0
    vertex -0.5620075464248657 -23.669218063354492 85.0
  endloop
endfacet
facet normal 0.0 0.0 0.0
  outer loop
    vertex 4.886146068572998 -26.362335205078125 85.0
    vertex -0.5620075464248657 -23.669218063354492 85.0
    vertex 3.869584083557129 -26.668245315551758 85.0
  endloop
endfacet
facet normal 0.0 0.0 0.0
  outer loop
    vertex 3.869584083557129 -26.668245315551758 85.0
    vertex -0.5620075464248657 -23.669218063354492 85.0
    vertex 2.0534822940826416 -26.604475021362305 85.0
  endloop
endfacet
facet normal 0.0 0.0 0.0
  outer loop
    vertex 2.0534822940826416 -26.604475021362305 85.0
    vertex -0.5620075464248657 -23.669218063354492 85.0
    vertex -0.4889395534992218 -26.01365089416504 85.0
  endloop
endfacet
facet normal 0.0 0.0 0.0
  outer loop
    vertex 2.0534822940826416 -26.604475021362305 85.0
    vertex -0.4889395534992218 -26.01365089416504 85.0
    vertex -0.4695959687232971 -26.50282096862793 85.0
  endloop
endfacet
facet normal 0.0 0.0 0.0
  outer loop
    vertex 7.4138360023498535 -15.27192497253418 85.0
    vertex 5.597064971923828 -9.211016654968262 85.0
    vertex 4.886146068572998 -15.360648155212402 85.0
  endloop
endfacet
facet normal 0.0 0.0 0.0
  outer loop
    vertex 4.886146068572998 -15.360648155212402 85.0
    vertex 5.597064971923828 -9.211016654968262 85.0
    vertex 4.886146068572998 -9.211016654968262 85.0
  endloop
endfacet
facet normal 0.0 0.0 0.0
  outer loop
    vertex 4.886146068572998 -15.360648155212402 85.0
    vertex 4.886146068572998 -9.211016654968262 85.0
    vertex -10.274435997009277 -9.342251777648926 85.0
  endloop
endfacet
facet normal 0.0 0.0 0.0
  outer loop
    vertex -10.274435997009277 -9.342251777648926 85.0
    vertex 4.886146068572998 -9.211016654968262 85.0
    vertex 4.886146068572998 -4.0040740966796875 85.0
  endloop
endfacet
facet normal 0.0 0.0 0.0
  outer loop
    vertex -10.274435997009277 -9.342251777648926 85.0
    vertex 4.886146068572998 -4.0040740966796875 85.0
    vertex -10.274435997009277 -3.866366386413574 85.0
  endloop
endfacet
facet normal 0.0 0.0 0.0
  outer loop
    vertex -10.274435997009277 -3.866366386413574 85.0
    vertex 4.886146068572998 -4.0040740966796875 85.0
    vertex -0.6267083883285522 2.121530771255493 85.0
  endloop
endfacet
facet normal 0.0 0.0 0.0
  outer loop
    vertex -10.274435997009277 -3.866366386413574 85.0
    vertex -0.6267083883285522 2.121530771255493 85.0
    vertex -4.914068698883057 2.121530771255493 85.0
  endloop
endfacet
facet normal 0.0 0.0 0.0
  outer loop
    vertex 9.940608978271484 -15.183207511901855 85.0
    vertex 9.913800239562988 -9.6703462600708 85.0
    vertex 7.4138360023498535 -15.27192497253418 85.0
  endloop
endfacet
facet normal 0.0 0.0 0.0
  outer loop
    vertex 7.4138360023498535 -15.27192497253418 85.0
    vertex 9.913800239562988 -9.6703462600708 85.0
    vertex 7.4138360023498535 -9.274786949157715 85.0
  endloop
endfacet
facet normal 0.0 0.0 0.0
  outer loop
    vertex 7.4138360023498535 -15.27192497253418 85.0
    vertex 7.4138360023498535 -9.274786949157715 85.0
    vertex 5.597064971923828 -9.211016654968262 85.0
  endloop
endfacet
facet normal 0.0 0.0 0.0
  outer loop
    vertex 9.940608978271484 -15.183207511901855 85.0
    vertex 9.940608978271484 -9.363511085510254 85.0
    vertex 9.913800239562988 -9.6703462600708 85.0
  endloop
endfacet
facet normal 0.0 0.0 0.0
  outer loop
    vertex 9.913800239562988 -9.6703462600708 85.0
    vertex 9.940608978271484 -9.363511085510254 85.0
    vertex 9.924829483032227 -9.362957000732422 85.0
  endloop
endfacet
facet normal 0.0 0.0 0.0
  outer loop
    vertex 9.913800239562988 -9.6703462600708 85.0
    vertex 9.907319068908691 -9.36234188079834 85.0
    vertex 7.4138360023498535 -9.274786949157715 85.0
  endloop
endfacet
facet normal 0.0 0.0 0.0
  outer loop
    vertex -0.6267083883285522 2.121530771255493 85.0
    vertex 4.886146068572998 -4.0040740966796875 85.0
    vertex 4.886146068572998 2.121530771255493 85.0
  endloop
endfacet
facet normal 0.0 0.0 0.0
  outer loop
    vertex 4.886146068572998 2.121530771255493 85.0
    vertex 4.886146068572998 -4.0040740966796875 85.0
    vertex 5.58974027633667 -4.0040740966796875 85.0
  endloop
endfacet
facet normal 0.0 0.0 0.0
  outer loop
    vertex 4.886146068572998 2.121530771255493 85.0
    vertex 5.58974027633667 -4.0040740966796875 85.0
    vertex 7.4138360023498535 -3.939380407333374 85.0
  endloop
endfacet
facet normal 0.0 0.0 0.0
  outer loop
    vertex 9.790578842163086 -3.855924606323242 85.0
    vertex 9.787191390991211 -3.6972386837005615 85.0
    vertex 7.4138360023498535 -3.939380407333374 85.0
  endloop
endfacet
facet normal 0.0 0.0 0.0
  outer loop
    vertex 7.4138360023498535 -3.939380407333374 85.0
    vertex 9.787191390991211 -3.6972386837005615 85.0
    vertex 10.028409004211426 -1.1834114789962769 85.0
  endloop
endfacet
facet normal 0.0 0.0 0.0
  outer loop
    vertex 7.4138360023498535 -3.939380407333374 85.0
    vertex 10.028409004211426 -1.1834114789962769 85.0
    vertex 4.886146068572998 2.121530771255493 85.0
  endloop
endfacet
facet normal 0.0 0.0 0.0
  outer loop
    vertex 4.886146068572998 2.121530771255493 85.0
    vertex 10.028409004211426 -1.1834114789962769 85.0
    vertex 10.093095779418945 0.7620487213134766 85.0
  endloop
endfacet
facet normal 0.0 0.0 0.0
  outer loop
    vertex 4.886146068572998 2.121530771255493 85.0
    vertex 10.093095779418945 0.7620487213134766 85.0
    vertex 9.787191390991211 2.121530771255493 85.0
  endloop
endfacet
facet normal 0.0 0.0 0.0
  outer loop
    vertex 9.787191390991211 2.121530771255493 85.0
    vertex 10.093095779418945 0.7620487213134766 85.0
    vertex 10.093095779418945 1.5087873935699463 85.0
  endloop
endfacet
facet normal 0.0 0.0 0.0
  outer loop
    vertex 9.787191390991211 2.121530771255493 85.0
    vertex 10.093095779418945 1.5087873935699463 85.0
    vertex 10.798227310180664 1.5087873935699463 85.0
  endloop
endfacet
facet normal 0.0 0.0 0.0
  outer loop
    vertex 9.787191390991211 -3.6972386837005615 85.0
    vertex 9.945659637451172 -3.6972386837005615 85.0
    vertex 10.028409004211426 -1.1834114789962769 85.0
  endloop
endfacet
facet normal 0.0 0.0 0.0
  outer loop
    vertex 10.798227310180664 1.5087873935699463 85.0
    vertex 12.63188362121582 1.5734812021255493 85.0
    vertex 9.787191390991211 2.121530771255493 85.0
  endloop
endfacet
facet normal 0.0 0.0 0.0
  outer loop
    vertex 9.787191390991211 2.121530771255493 85.0
    vertex 12.63188362121582 1.5734812021255493 85.0
    vertex 9.787191390991211 7.6343889236450195 85.0
  endloop
endfacet
facet normal 0.0 0.0 0.0
  outer loop
    vertex 9.787191390991211 7.6343889236450195 85.0
    vertex 12.63188362121582 1.5734812021255493 85.0
    vertex 15.30004596710205 6.8799519538879395 85.0
  endloop
endfacet
facet normal 0.0 0.0 0.0
  outer loop
    vertex 9.787191390991211 7.6343889236450195 85.0
    vertex 15.30004596710205 6.8799519538879395 85.0
    vertex 15.30004596710205 7.6343889236450195 85.0
  endloop
endfacet
facet normal 0.0 0.0 0.0
  outer loop
    vertex 15.124650955200195 1.6614296436309814 85.0
    vertex 15.150522232055664 1.7946480512619019 85.0
    vertex 12.63188362121582 1.5734812021255493 85.0
  endloop
endfacet
facet normal 0.0 0.0 0.0
  outer loop
    vertex 12.63188362121582 1.5734812021255493 85.0
    vertex 15.150522232055664 1.7946480512619019 85.0
    vertex 15.30004596710205 6.8799519538879395 85.0
  endloop
endfacet
facet normal 0.0 0.0 0.0
  outer loop
    vertex -0.6267083883285522 2.121530771255493 85.0
    vertex 4.886146068572998 2.121530771255493 85.0
    vertex -0.47329074144363403 7.4818949699401855 85.0
  endloop
endfacet
facet normal 0.0 0.0 0.0
  outer loop
    vertex -0.47329074144363403 7.4818949699401855 85.0
    vertex 4.886146068572998 2.121530771255493 85.0
    vertex 4.886146068572998 7.6343889236450195 85.0
  endloop
endfacet
facet normal 0.0 0.0 0.0
  outer loop
    vertex -0.47329074144363403 7.4818949699401855 85.0
    vertex 4.886146068572998 7.6343889236450195 85.0
    vertex -0.4718315005302429 7.6343889236450195 85.0
  endloop
endfacet
facet normal 0.0 0.0 0.0
  outer loop
    vertex -0.47329074144363403 7.4818949699401855 85.0
    vertex -0.6267083883285522 7.4818949699401855 85.0
    vertex -0.6267083883285522 2.121530771255493 85.0
  endloop
endfacet
facet normal 0.0 0.0 0.0
  outer loop
    vertex -4.914068698883057 3.806675434112549 85.0
    vertex -10.42785358428955 1.9999994039535522 85.0
    vertex -4.914068698883057 2.121530771255493 85.0
  endloop
endfacet
facet normal 0.0 0.0 0.0
  outer loop
    vertex -4.914068698883057 2.121530771255493 85.0
    vertex -10.42785358428955 1.9999994039535522 85.0
    vertex -10.42785358428955 -3.6972386837005615 85.0
  endloop
endfacet
facet normal 0.0 0.0 0.0
  outer loop
    vertex -4.914068698883057 2.121530771255493 85.0
    vertex -10.42785358428955 -3.6972386837005615 85.0
    vertex -10.274435997009277 -3.866366386413574 85.0
  endloop
endfacet
facet normal 0.0 0.0 0.0
  outer loop
    vertex -10.274435997009277 -3.866366386413574 85.0
    vertex -10.42785358428955 -3.6972386837005615 85.0
    vertex -10.42785358428955 -3.8636300563812256 85.0
  endloop
endfacet
facet normal 0.0 0.0 0.0
  outer loop
    vertex -5.059176445007324 7.4818949699401855 85.0
    vertex -5.067486763000488 7.4818949699401855 85.0
    vertex -4.914068698883057 3.806675434112549 85.0
  endloop
endfacet
facet normal 0.0 0.0 0.0
  outer loop
    vertex -4.914068698883057 3.806675434112549 85.0
    vertex -5.067486763000488 7.4818949699401855 85.0
    vertex -10.42785358428955 7.6343889236450195 85.0
  endloop
endfacet
facet normal 0.0 0.0 0.0
  outer loop
    vertex -4.914068698883057 3.806675434112549 85.0
    vertex -10.42785358428955 7.6343889236450195 85.0
    vertex -10.42785358428955 1.9999994039535522 85.0
  endloop
endfacet
facet normal 0.0 0.0 0.0
  outer loop
    vertex -5.067486763000488 7.4818949699401855 85.0
    vertex -5.0701446533203125 7.759693622589111 85.0
    vertex -10.42785358428955 7.6343889236450195 85.0
  endloop
endfacet
facet normal 0.0 0.0 0.0
  outer loop
    vertex -10.42785358428955 7.6343889236450195 85.0
    vertex -5.0701446533203125 7.759693622589111 85.0
    vertex -5.073042869567871 7.833092212677002 85.0
  endloop
endfacet
facet normal 0.0 0.0 0.0
  outer loop
    vertex -10.42785358428955 7.6343889236450195 85.0
    vertex -5.073042869567871 7.833092212677002 85.0
    vertex -7.07720947265625 13.454082489013672 85.0
  endloop
endfacet
facet normal 0.0 0.0 0.0
  outer loop
    vertex -7.07720947265625 13.454082489013672 85.0
    vertex -5.073042869567871 7.833092212677002 85.0
    vertex -5.294960975646973 13.454082489013672 85.0
  endloop
endfacet
facet normal 0.0 0.0 0.0
  outer loop
    vertex -7.07720947265625 13.454082489013672 85.0
    vertex -9.164467811584473 13.347797393798828 85.0
    vertex -10.42785358428955 7.6343889236450195 85.0
  endloop
endfacet
facet normal 0.0 0.0 0.0
  outer loop
    vertex -10.42785358428955 7.6343889236450195 85.0
    vertex -9.164467811584473 13.347797393798828 85.0
    vertex -10.76842212677002 13.270873069763184 85.0
  endloop
endfacet
facet normal 0.0 0.0 0.0
  outer loop
    vertex -10.42785358428955 7.6343889236450195 85.0
    vertex -10.76842212677002 13.270873069763184 85.0
    vertex -11.545379638671875 13.2372465133667 85.0
  endloop
endfacet
facet normal 0.0 0.0 0.0
  outer loop
    vertex -11.545379638671875 13.2372465133667 85.0
    vertex -12.277412414550781 13.207898139953613 85.0
    vertex -10.42785358428955 7.6343889236450195 85.0
  endloop
endfacet
facet normal 0.0 0.0 0.0
  outer loop
    vertex -10.42785358428955 7.6343889236450195 85.0
    vertex -12.277412414550781 13.207898139953613 85.0
    vertex -12.61996078491211 13.195075035095215 85.0
  endloop
endfacet
facet normal 0.0 0.0 0.0
  outer loop
    vertex -10.42785358428955 7.6343889236450195 85.0
    vertex -12.61996078491211 13.195075035095215 85.0
    vertex -12.943334579467773 13.18361759185791 85.0
  endloop
endfacet
facet normal 0.0 0.0 0.0
  outer loop
    vertex -12.943334579467773 13.18361759185791 85.0
    vertex -13.244885444641113 13.173624992370605 85.0
    vertex -10.42785358428955 7.6343889236450195 85.0
  endloop
endfacet
facet normal 0.0 0.0 0.0
  outer loop
    vertex -10.42785358428955 7.6343889236450195 85.0
    vertex -13.244885444641113 13.173624992370605 85.0
    vertex -15.633872985839844 7.6343889236450195 85.0
  endloop
endfacet
facet normal 0.0 0.0 0.0
  outer loop
    vertex -15.633872985839844 7.6343889236450195 85.0
    vertex -13.244885444641113 13.173624992370605 85.0
    vertex -13.521965026855469 13.165196418762207 85.0
  endloop
endfacet
facet normal 0.0 0.0 0.0
  outer loop
    vertex -15.633872985839844 7.6343889236450195 85.0
    vertex -13.521965026855469 13.165196418762207 85.0
    vertex -13.77192497253418 13.158430099487305 85.0
  endloop
endfacet
facet normal 0.0 0.0 0.0
  outer loop
    vertex -13.77192497253418 13.158430099487305 85.0
    vertex -13.992116928100586 13.153425216674805 85.0
    vertex -15.633872985839844 7.6343889236450195 85.0
  endloop
endfacet
facet normal 0.0 0.0 0.0
  outer loop
    vertex -15.633872985839844 7.6343889236450195 85.0
    vertex -13.992116928100586 13.153425216674805 85.0
    vertex -14.17989444732666 13.150279998779297 85.0
  endloop
endfacet
facet normal 0.0 0.0 0.0
  outer loop
    vertex -15.633872985839844 7.6343889236450195 85.0
    vertex -14.17989444732666 13.150279998779297 85.0
    vertex -14.332608222961426 13.149094581604004 85.0
  endloop
endfacet
facet normal 0.0 0.0 0.0
  outer loop
    vertex -14.332608222961426 13.149094581604004 85.0
    vertex -15.633872985839844 13.148170471191406 85.0
    vertex -15.633872985839844 7.6343889236450195 85.0
  endloop
endfacet
facet normal 0.0 0.0 0.0
  outer loop
    vertex -15.608988761901855 1.9999994039535522 85.0
    vertex -15.481386184692383 1.9967652559280396 85.0
    vertex -10.42785358428955 1.9999994039535522 85.0
  endloop
endfacet
facet normal 0.0 0.0 0.0
  outer loop
    vertex -10.42785358428955 1.9999994039535522 85.0
    vertex -15.481386184692383 1.9967652559280396 85.0
    vertex -15.633872985839844 1.8156226873397827 85.0
  endloop
endfacet
facet normal 0.0 0.0 0.0
  outer loop
    vertex -10.42785358428955 1.9999994039535522 85.0
    vertex -15.633872985839844 1.8156226873397827 85.0
    vertex -10.42785358428955 -3.6972386837005615 85.0
  endloop
endfacet
facet normal 0.0 0.0 0.0
  outer loop
    vertex -10.42785358428955 -3.6972386837005615 85.0
    vertex -15.633872985839844 1.8156226873397827 85.0
    vertex -19.714126586914062 -3.6972386837005615 85.0
  endloop
endfacet
facet normal 0.0 0.0 0.0
  outer loop
    vertex -19.714126586914062 -3.6972386837005615 85.0
    vertex -15.633872985839844 1.8156226873397827 85.0
    vertex -19.92577362060547 1.8156226873397827 85.0
  endloop
endfacet
facet normal 0.0 0.0 0.0
  outer loop
    vertex -19.714126586914062 -3.6972386837005615 85.0
    vertex -19.92577362060547 1.8156226873397827 85.0
    vertex -20.5349178314209 -3.68245267868042 85.0
  endloop
endfacet
facet normal 0.0 0.0 0.0
  outer loop
    vertex -20.5349178314209 -3.68245267868042 85.0
    vertex -19.92577362060547 1.8156226873397827 85.0
    vertex -20.5349178314209 1.7906689643859863 85.0
  endloop
endfacet
facet normal 0.0 0.0 0.0
  outer loop
    vertex -15.481386184692383 1.9967652559280396 85.0
    vertex -15.633872985839844 1.9905743598937988 85.0
    vertex -15.633872985839844 1.8156226873397827 85.0
  endloop
endfacet
facet normal 0.0 0.0 0.0
  outer loop
    vertex -10.274435997009277 -3.866366386413574 85.0
    vertex -10.42785358428955 -3.8683791160583496 85.0
    vertex -10.274435997009277 -9.342251777648926 85.0
  endloop
endfacet
facet normal 0.0 0.0 0.0
  outer loop
    vertex -10.274435997009277 -9.342251777648926 85.0
    vertex -10.42785358428955 -3.8683791160583496 85.0
    vertex -10.42785358428955 -9.340346336364746 85.0
  endloop
endfacet
facet normal 0.0 0.0 0.0
  outer loop
    vertex -10.42785358428955 -9.34693431854248 85.0
    vertex -10.42785358428955 -9.502141952514648 85.0
    vertex -10.274435997009277 -9.342251777648926 85.0
  endloop
endfacet
facet normal 0.0 0.0 0.0
  outer loop
    vertex -10.274435997009277 -9.342251777648926 85.0
    vertex -10.42785358428955 -9.502141952514648 85.0
    vertex -5.067486763000488 -21.002897262573242 85.0
  endloop
endfacet
facet normal 0.0 0.0 0.0
  outer loop
    vertex -10.274435997009277 -9.342251777648926 85.0
    vertex -5.067486763000488 -21.002897262573242 85.0
    vertex -2.858647108078003 -20.91232681274414 85.0
  endloop
endfacet
facet normal 0.0 0.0 0.0
  outer loop
    vertex -15.710589408874512 -9.586240768432617 85.0
    vertex -15.633872985839844 -15.029789924621582 85.0
    vertex -10.42785358428955 -9.502141952514648 85.0
  endloop
endfacet
facet normal 0.0 0.0 0.0
  outer loop
    vertex -10.42785358428955 -9.502141952514648 85.0
    vertex -15.633872985839844 -15.029789924621582 85.0
    vertex -10.42785358428955 -20.84947967529297 85.0
  endloop
endfacet
facet normal 0.0 0.0 0.0
  outer loop
    vertex -10.42785358428955 -9.502141952514648 85.0
    vertex -10.42785358428955 -20.84947967529297 85.0
    vertex -5.067486763000488 -21.002897262573242 85.0
  endloop
endfacet
facet normal 0.0 0.0 0.0
  outer loop
    vertex -5.067486763000488 -21.002897262573242 85.0
    vertex -10.42785358428955 -20.84947967529297 85.0
    vertex -10.42785358428955 -22.8106632232666 85.0
  endloop
endfacet
facet normal 0.0 0.0 0.0
  outer loop
    vertex -5.067486763000488 -21.002897262573242 85.0
    vertex -10.42785358428955 -22.8106632232666 85.0
    vertex -5.15528678894043 -23.835575103759766 85.0
  endloop
endfacet
facet normal 0.0 0.0 0.0
  outer loop
    vertex -5.15528678894043 -23.835575103759766 85.0
    vertex -10.42785358428955 -22.8106632232666 85.0
    vertex -10.2846040725708 -26.265296936035156 85.0
  endloop
endfacet
facet normal 0.0 0.0 0.0
  outer loop
    vertex -5.15528678894043 -23.835575103759766 85.0
    vertex -10.2846040725708 -26.265296936035156 85.0
    vertex -5.244017601013184 -26.668245315551758 85.0
  endloop
endfacet
facet normal 0.0 0.0 0.0
  outer loop
    vertex -5.244017601013184 -26.668245315551758 85.0
    vertex -10.2846040725708 -26.265296936035156 85.0
    vertex -10.268547058105469 -26.668245315551758 85.0
  endloop
endfacet
facet normal 0.0 0.0 0.0
  outer loop
    vertex -20.994239807128906 -9.6703462600708 85.0
    vertex -21.082963943481445 -12.34960651397705 85.0
    vertex -15.710589408874512 -9.586240768432617 85.0
  endloop
endfacet
facet normal 0.0 0.0 0.0
  outer loop
    vertex -15.710589408874512 -9.586240768432617 85.0
    vertex -21.082963943481445 -12.34960651397705 85.0
    vertex -15.633872985839844 -15.029789924621582 85.0
  endloop
endfacet
facet normal 0.0 0.0 0.0
  outer loop
    vertex -21.082963943481445 -12.34960651397705 85.0
    vertex -21.147659301757812 -14.324444770812988 85.0
    vertex -15.633872985839844 -15.029789924621582 85.0
  endloop
endfacet
facet normal 0.0 0.0 0.0
  outer loop
    vertex -15.633872985839844 -15.029789924621582 85.0
    vertex -21.147659301757812 -14.324444770812988 85.0
    vertex -21.147659301757812 -15.029789924621582 85.0
  endloop
endfacet
facet normal 0.0 0.0 0.0
  outer loop
    vertex -15.633872985839844 -20.695920944213867 85.0
    vertex -12.056559562683105 -20.84947967529297 85.0
    vertex -15.633872985839844 -15.029789924621582 85.0
  endloop
endfacet
facet normal 0.0 0.0 0.0
  outer loop
    vertex -15.633872985839844 -15.029789924621582 85.0
    vertex -12.056559562683105 -20.84947967529297 85.0
    vertex -10.42785358428955 -20.84947967529297 85.0
  endloop
endfacet
facet normal 0.0 0.0 0.0
  outer loop
    vertex -2.858647108078003 -20.91232681274414 85.0
    vertex -2.8240246772766113 -20.910921096801758 85.0
    vertex -10.274435997009277 -9.342251777648926 85.0
  endloop
endfacet
facet normal 0.0 0.0 0.0
  outer loop
    vertex -10.274435997009277 -9.342251777648926 85.0
    vertex -2.8240246772766113 -20.910921096801758 85.0
    vertex 4.886146068572998 -15.360648155212402 85.0
  endloop
endfacet
facet normal 0.0 0.0 0.0
  outer loop
    vertex -2.8240246772766113 -20.910921096801758 85.0
    vertex -0.694173276424408 -20.8236026763916 85.0
    vertex 4.886146068572998 -15.360648155212402 85.0
  endloop
endfacet
facet normal 0.0 0.0 0.0
  outer loop
    vertex 4.886146068572998 -15.360648155212402 85.0
    vertex -0.694173276424408 -20.8236026763916 85.0
    vertex -0.6498078107833862 -20.82267951965332 85.0
  endloop
endfacet
facet normal 0.0 0.0 0.0
  outer loop
    vertex -0.694173276424408 -20.8236026763916 85.0
    vertex -0.6941386461257935 -20.824478149414062 85.0
    vertex -0.6498078107833862 -20.82267951965332 85.0
  endloop
endfacet
facet normal 0.0 0.0 0.0
  outer loop
    vertex -0.4695959687232971 -26.50282096862793 85.0
    vertex -0.4690808653831482 -26.515899658203125 85.0
    vertex 2.0534822940826416 -26.604475021362305 85.0
  endloop
endfacet
facet normal 0.0 0.0 0.0
  outer loop
    vertex 3.869584083557129 -26.668245315551758 85.0
    vertex 4.580241680145264 -26.668245315551758 85.0
    vertex 4.886146068572998 -26.362335205078125 85.0
  endloop
endfacet
facet normal 0.0 0.0 0.0
  outer loop
    vertex 4.886146068572998 -26.362335205078125 85.0
    vertex 4.580241680145264 -26.668245315551758 85.0
    vertex 4.580241680145264 -30.832460403442383 85.0
  endloop
endfacet
facet normal 0.0 0.0 0.0
  outer loop
    vertex 4.5895771980285645 -31.05003547668457 85.0
    vertex 6.126572132110596 -32.435752868652344 85.0
    vertex 4.580241680145264 -30.832460403442383 85.0
  endloop
endfacet
facet normal 0.0 0.0 0.0
  outer loop
    vertex 4.580241680145264 -30.832460403442383 85.0
    vertex 6.126572132110596 -32.435752868652344 85.0
    vertex 6.398494720458984 -32.4476432800293 85.0
  endloop
endfacet
facet normal 0.0 0.0 0.0
  outer loop
    vertex 4.580241680145264 -30.832460403442383 85.0
    vertex 6.398494720458984 -32.4476432800293 85.0
    vertex 7.4138360023498535 -32.403839111328125 85.0
  endloop
endfacet
facet normal 0.0 0.0 0.0
  outer loop
    vertex 6.126572132110596 -32.435752868652344 85.0
    vertex 4.5895771980285645 -31.05003547668457 85.0
    vertex 5.882950305938721 -32.4156608581543 85.0
  endloop
endfacet
facet normal 0.0 0.0 0.0
  outer loop
    vertex 5.882950305938721 -32.4156608581543 85.0
    vertex 4.5895771980285645 -31.05003547668457 85.0
    vertex 4.605623722076416 -31.248384475708008 85.0
  endloop
endfacet
facet normal 0.0 0.0 0.0
  outer loop
    vertex 5.882950305938721 -32.4156608581543 85.0
    vertex 4.605623722076416 -31.248384475708008 85.0
    vertex 5.666087627410889 -32.3865852355957 85.0
  endloop
endfacet
facet normal 0.0 0.0 0.0
  outer loop
    vertex 5.666087627410889 -32.3865852355957 85.0
    vertex 4.605623722076416 -31.248384475708008 85.0
    vertex 4.629922389984131 -31.428295135498047 85.0
  endloop
endfacet
facet normal 0.0 0.0 0.0
  outer loop
    vertex 5.666087627410889 -32.3865852355957 85.0
    vertex 4.629922389984131 -31.428295135498047 85.0
    vertex 5.4744415283203125 -32.34773254394531 85.0
  endloop
endfacet
facet normal 0.0 0.0 0.0
  outer loop
    vertex 5.4744415283203125 -32.34773254394531 85.0
    vertex 4.629922389984131 -31.428295135498047 85.0
    vertex 4.664016246795654 -31.59055519104004 85.0
  endloop
endfacet
facet normal 0.0 0.0 0.0
  outer loop
    vertex 5.4744415283203125 -32.34773254394531 85.0
    vertex 4.664016246795654 -31.59055519104004 85.0
    vertex 5.3064703941345215 -32.29832077026367 85.0
  endloop
endfacet
facet normal 0.0 0.0 0.0
  outer loop
    vertex 5.3064703941345215 -32.29832077026367 85.0
    vertex 4.664016246795654 -31.59055519104004 85.0
    vertex 4.709446430206299 -31.735952377319336 85.0
  endloop
endfacet
facet normal 0.0 0.0 0.0
  outer loop
    vertex 5.3064703941345215 -32.29832077026367 85.0
    vertex 4.709446430206299 -31.735952377319336 85.0
    vertex 4.767756462097168 -31.865272521972656 85.0
  endloop
endfacet
facet normal 0.0 0.0 0.0
  outer loop
    vertex 4.840487480163574 -31.979307174682617 85.0
    vertex 5.035383224487305 -32.16466522216797 85.0
    vertex 4.767756462097168 -31.865272521972656 85.0
  endloop
endfacet
facet normal 0.0 0.0 0.0
  outer loop
    vertex 4.767756462097168 -31.865272521972656 85.0
    vertex 5.035383224487305 -32.16466522216797 85.0
    vertex 5.1606316566467285 -32.2375602722168 85.0
  endloop
endfacet
facet normal 0.0 0.0 0.0
  outer loop
    vertex 4.767756462097168 -31.865272521972656 85.0
    vertex 5.1606316566467285 -32.2375602722168 85.0
    vertex 5.3064703941345215 -32.29832077026367 85.0
  endloop
endfacet
facet normal 0.0 0.0 0.0
  outer loop
    vertex 4.840487480163574 -31.979307174682617 85.0
    vertex 4.929182529449463 -32.07884216308594 85.0
    vertex 5.035383224487305 -32.16466522216797 85.0
  endloop
endfacet
facet normal 0.0 0.0 0.0
  outer loop
    vertex 7.4138360023498535 -32.403839111328125 85.0
    vertex 7.687251567840576 -32.39287185668945 85.0
    vertex 4.580241680145264 -30.832460403442383 85.0
  endloop
endfacet
facet normal 0.0 0.0 0.0
  outer loop
    vertex 7.979918956756592 -32.38239669799805 85.0
    vertex 8.612181663513184 -32.36312484741211 85.0
    vertex 9.764078140258789 -26.362335205078125 85.0
  endloop
endfacet
facet normal 0.0 0.0 0.0
  outer loop
    vertex 9.764078140258789 -26.362335205078125 85.0
    vertex 8.612181663513184 -32.36312484741211 85.0
    vertex 9.288972854614258 -32.34642028808594 85.0
  endloop
endfacet
facet normal 0.0 0.0 0.0
  outer loop
    vertex 9.764078140258789 -26.362335205078125 85.0
    vertex 9.288972854614258 -32.34642028808594 85.0
    vertex 9.988642692565918 -32.33268356323242 85.0
  endloop
endfacet
facet normal 0.0 0.0 0.0
  outer loop
    vertex 9.988642692565918 -32.33268356323242 85.0
    vertex 10.2603759765625 -32.32066345214844 85.0
    vertex 9.764078140258789 -26.362335205078125 85.0
  endloop
endfacet
facet normal 0.0 0.0 0.0
  outer loop
    vertex 15.30004596710205 -26.668245315551758 85.0
    vertex 20.506996154785156 -26.668245315551758 85.0
    vertex 20.506996154785156 -21.155391693115234 85.0
  endloop
endfacet
facet normal 0.0 0.0 0.0
  outer loop
    vertex 20.506996154785156 -21.155391693115234 85.0
    vertex 21.217653274536133 -21.155391693115234 85.0
    vertex 25.643701553344727 -15.412410736083984 85.0
  endloop
endfacet
facet normal 0.0 0.0 0.0
  outer loop
    vertex 25.643701553344727 -15.412410736083984 85.0
    vertex 21.217653274536133 -21.155391693115234 85.0
    vertex 23.033754348754883 -21.09162139892578 85.0
  endloop
endfacet
facet normal 0.0 0.0 0.0
  outer loop
    vertex 25.643701553344727 -15.412410736083984 85.0
    vertex 23.033754348754883 -21.09162139892578 85.0
    vertex 25.4071102142334 -20.86334228515625 85.0
  endloop
endfacet
facet normal 0.0 0.0 0.0
  outer loop
    vertex 25.4071102142334 -20.86334228515625 85.0
    vertex 23.033754348754883 -21.09162139892578 85.0
    vertex 25.4071102142334 -21.008285522460938 85.0
  endloop
endfacet
facet normal 0.0 0.0 0.0
  outer loop
    vertex 25.4071102142334 -20.86334228515625 85.0
    vertex 25.562641143798828 -20.86089324951172 85.0
    vertex 25.643701553344727 -15.412410736083984 85.0
  endloop
endfacet
facet normal 0.0 0.0 0.0
  outer loop
    vertex 25.713945388793945 -10.744126319885254 85.0
    vertex 25.713945388793945 -9.847793579101562 85.0
    vertex 25.4071102142334 -9.211016654968262 85.0
  endloop
endfacet
facet normal 0.0 0.0 0.0
  outer loop
    vertex 25.4071102142334 -9.211016654968262 85.0
    vertex 25.713945388793945 -9.847793579101562 85.0
    vertex 25.727807998657227 -9.822840690612793 85.0
  endloop
endfacet
facet normal 0.0 0.0 0.0
  outer loop
    vertex 25.4071102142334 -9.211016654968262 85.0
    vertex 25.727807998657227 -9.822840690612793 85.0
    vertex 26.29703140258789 -9.822840690612793 85.0
  endloop
endfacet
facet normal 0.0 0.0 0.0
  outer loop
    vertex 25.713945388793945 -9.847793579101562 85.0
    vertex 25.727441787719727 -9.847216606140137 85.0
    vertex 25.727807998657227 -9.822840690612793 85.0
  endloop
endfacet
facet normal 0.0 0.0 0.0
  outer loop
    vertex 26.29703140258789 -9.822840690612793 85.0
    vertex 28.240703582763672 -9.73965835571289 85.0
    vertex 25.4071102142334 -9.211016654968262 85.0
  endloop
endfacet
facet normal 0.0 0.0 0.0
  outer loop
    vertex 28.240703582763672 -9.73965835571289 85.0
    vertex 28.487722396850586 -9.729557991027832 85.0
    vertex 30.75731086730957 -3.927365303039551 85.0
  endloop
endfacet
facet normal 0.0 0.0 0.0
  outer loop
    vertex 30.75731086730957 -3.927365303039551 85.0
    vertex 28.487722396850586 -9.729557991027832 85.0
    vertex 28.750770568847656 -9.719889640808105 85.0
  endloop
endfacet
facet normal 0.0 0.0 0.0
  outer loop
    vertex 30.75731086730957 -3.927365303039551 85.0
    vertex 28.750770568847656 -9.719889640808105 85.0
    vertex 29.316898345947266 -9.701991081237793 85.0
  endloop
endfacet
facet normal 0.0 0.0 0.0
  outer loop
    vertex 29.316898345947266 -9.701991081237793 85.0
    vertex 29.92296600341797 -9.686235427856445 85.0
    vertex 30.75731086730957 -3.927365303039551 85.0
  endloop
endfacet
facet normal 0.0 0.0 0.0
  outer loop
    vertex 30.75731086730957 -3.927365303039551 85.0
    vertex 29.92296600341797 -9.686235427856445 85.0
    vertex 30.552846908569336 -9.672897338867188 85.0
  endloop
endfacet
facet normal 0.0 0.0 0.0
  outer loop
    vertex 30.790128707885742 -2.9324066638946533 85.0
    vertex 30.818723678588867 -1.9164514541625977 85.0
    vertex 25.4071102142334 -4.0040740966796875 85.0
  endloop
endfacet
facet normal 0.0 0.0 0.0
  outer loop
    vertex 25.4071102142334 -4.0040740966796875 85.0
    vertex 30.818723678588867 -1.9164514541625977 85.0
    vertex 30.842853546142578 -0.8979751467704773 85.0
  endloop
endfacet
facet normal 0.0 0.0 0.0
  outer loop
    vertex 25.4071102142334 -4.0040740966796875 85.0
    vertex 30.842853546142578 -0.8979751467704773 85.0
    vertex 25.4071102142334 2.121530771255493 85.0
  endloop
endfacet
facet normal 0.0 0.0 0.0
  outer loop
    vertex 25.4071102142334 2.121530771255493 85.0
    vertex 30.842853546142578 -0.8979751467704773 85.0
    vertex 30.862276077270508 0.10454665869474411 85.0
  endloop
endfacet
facet normal 0.0 0.0 0.0
  outer loop
    vertex 25.4071102142334 2.121530771255493 85.0
    vertex 30.862276077270508 0.10454665869474411 85.0
    vertex 30.876745223999023 1.0726383924484253 85.0
  endloop
endfacet
facet normal 0.0 0.0 0.0
  outer loop
    vertex 30.876745223999023 1.0726383924484253 85.0
    vertex 30.882047653198242 1.5379992723464966 85.0
    vertex 25.4071102142334 2.121530771255493 85.0
  endloop
endfacet
facet normal 0.0 0.0 0.0
  outer loop
    vertex 25.4071102142334 2.121530771255493 85.0
    vertex 30.882047653198242 1.5379992723464966 85.0
    vertex 30.886022567749023 1.9878243207931519 85.0
  endloop
endfacet
facet normal 0.0 0.0 0.0
  outer loop
    vertex 25.4071102142334 2.121530771255493 85.0
    vertex 30.886022567749023 1.9878243207931519 85.0
    vertex 30.88863754272461 2.419804096221924 85.0
  endloop
endfacet
facet normal 0.0 0.0 0.0
  outer loop
    vertex 30.88863754272461 2.419804096221924 85.0
    vertex 30.889863967895508 2.8316290378570557 85.0
    vertex 25.4071102142334 2.121530771255493 85.0
  endloop
endfacet
facet normal 0.0 0.0 0.0
  outer loop
    vertex 25.4071102142334 2.121530771255493 85.0
    vertex 30.889863967895508 2.8316290378570557 85.0
    vertex 30.88966941833496 3.22098970413208 85.0
  endloop
endfacet
facet normal 0.0 0.0 0.0
  outer loop
    vertex 25.4071102142334 2.121530771255493 85.0
    vertex 30.88966941833496 3.22098970413208 85.0
    vertex 30.88802719116211 3.5855767726898193 85.0
  endloop
endfacet
facet normal 0.0 0.0 0.0
  outer loop
    vertex 30.88802719116211 3.5855767726898193 85.0
    vertex 30.85526466369629 4.636281967163086 85.0
    vertex 25.4071102142334 2.121530771255493 85.0
  endloop
endfacet
facet normal 0.0 0.0 0.0
  outer loop
    vertex 25.4071102142334 2.121530771255493 85.0
    vertex 30.85526466369629 4.636281967163086 85.0
    vertex 28.240703582763672 7.570618629455566 85.0
  endloop
endfacet
facet normal 0.0 0.0 0.0
  outer loop
    vertex 25.4071102142334 2.121530771255493 85.0
    vertex 28.240703582763672 7.570618629455566 85.0
    vertex 25.4071102142334 7.3284807205200195 85.0
  endloop
endfacet
facet normal 0.0 0.0 0.0
  outer loop
    vertex 25.4071102142334 7.3284807205200195 85.0
    vertex 28.240703582763672 7.570618629455566 85.0
    vertex 25.713945388793945 7.6593427658081055 85.0
  endloop
endfacet
facet normal 0.0 0.0 0.0
  outer loop
    vertex 25.4071102142334 7.3284807205200195 85.0
    vertex 25.713945388793945 7.6593427658081055 85.0
    vertex 25.713945388793945 8.371983528137207 85.0
  endloop
endfacet
facet normal 0.0 0.0 0.0
  outer loop
    vertex 30.85526466369629 4.636281967163086 85.0
    vertex 30.76747703552246 7.4818949699401855 85.0
    vertex 28.240703582763672 7.570618629455566 85.0
  endloop
endfacet
facet normal 0.0 0.0 0.0
  outer loop
    vertex 25.4071102142334 7.3284807205200195 85.0
    vertex 25.713945388793945 8.371983528137207 85.0
    vertex 20.20016098022461 7.3284807205200195 85.0
  endloop
endfacet
facet normal 0.0 0.0 0.0
  outer loop
    vertex 20.20016098022461 7.3284807205200195 85.0
    vertex 25.713945388793945 8.371983528137207 85.0
    vertex 25.64832878112793 10.480005264282227 85.0
  endloop
endfacet
facet normal 0.0 0.0 0.0
  outer loop
    vertex 20.20016098022461 7.3284807205200195 85.0
    vertex 25.64832878112793 10.480005264282227 85.0
    vertex 23.033754348754883 13.390312194824219 85.0
  endloop
endfacet
facet normal 0.0 0.0 0.0
  outer loop
    vertex 23.033754348754883 13.390312194824219 85.0
    vertex 25.64832878112793 10.480005264282227 85.0
    vertex 25.560527801513672 13.300664901733398 85.0
  endloop
endfacet
facet normal 0.0 0.0 0.0
  outer loop
    vertex 23.033754348754883 13.390312194824219 85.0
    vertex 21.217653274536133 13.454082489013672 85.0
    vertex 20.20016098022461 7.3284807205200195 85.0
  endloop
endfacet
facet normal 0.0 0.0 0.0
  outer loop
    vertex 20.20016098022461 7.3284807205200195 85.0
    vertex 21.217653274536133 13.454082489013672 85.0
    vertex 20.20016098022461 13.148170471191406 85.0
  endloop
endfacet
facet normal 0.0 0.0 0.0
  outer loop
    vertex 20.20016098022461 13.148170471191406 85.0
    vertex 21.217653274536133 13.454082489013672 85.0
    vertex 20.506996154785156 13.454082489013672 85.0
  endloop
endfacet
facet normal 0.0 0.0 0.0
  outer loop
    vertex 20.20016098022461 13.148170471191406 85.0
    vertex 20.506996154785156 13.454082489013672 85.0
    vertex 19.15774154663086 13.148170471191406 85.0
  endloop
endfacet
facet normal 0.0 0.0 0.0
  outer loop
    vertex 19.15774154663086 13.148170471191406 85.0
    vertex 20.506996154785156 13.454082489013672 85.0
    vertex 20.506996154785156 18.96693992614746 85.0
  endloop
endfacet
facet normal 0.0 0.0 0.0
  outer loop
    vertex 19.15774154663086 13.148170471191406 85.0
    vertex 20.506996154785156 18.96693992614746 85.0
    vertex 12.467368125915527 13.21933364868164 85.0
  endloop
endfacet
facet normal 0.0 0.0 0.0
  outer loop
    vertex 12.467368125915527 13.21933364868164 85.0
    vertex 20.506996154785156 18.96693992614746 85.0
    vertex 10.093095779418945 18.96693992614746 85.0
  endloop
endfacet
facet normal 0.0 0.0 0.0
  outer loop
    vertex 12.467368125915527 13.21933364868164 85.0
    vertex 10.093095779418945 18.96693992614746 85.0
    vertex 10.093095779418945 13.244302749633789 85.0
  endloop
endfacet
facet normal 0.0 0.0 0.0
  outer loop
    vertex 25.4071102142334 2.121530771255493 85.0
    vertex 20.404401779174805 2.121530771255493 85.0
    vertex 25.4071102142334 -4.0040740966796875 85.0
  endloop
endfacet
facet normal 0.0 0.0 0.0
  outer loop
    vertex 18.445968627929688 2.105473041534424 85.0
    vertex 18.000316619873047 2.0968692302703857 85.0
    vertex 14.994141578674316 -0.9921011924743652 85.0
  endloop
endfacet
facet normal 0.0 0.0 0.0
  outer loop
    vertex 14.994141578674316 -0.9921011924743652 85.0
    vertex 18.000316619873047 2.0968692302703857 85.0
    vertex 14.996618270874023 -0.5686169266700745 85.0
  endloop
endfacet
facet normal 0.0 0.0 0.0
  outer loop
    vertex 14.996618270874023 -0.5686169266700745 85.0
    vertex 18.000316619873047 2.0968692302703857 85.0
    vertex 17.57758903503418 2.0866353511810303 85.0
  endloop
endfacet
facet normal 0.0 0.0 0.0
  outer loop
    vertex 14.996618270874023 -0.5686169266700745 85.0
    vertex 17.57758903503418 2.0866353511810303 85.0
    vertex 15.00379753112793 -0.16047509014606476 85.0
  endloop
endfacet
facet normal 0.0 0.0 0.0
  outer loop
    vertex 15.00379753112793 -0.16047509014606476 85.0
    vertex 17.57758903503418 2.0866353511810303 85.0
    vertex 17.180452346801758 2.0748744010925293 85.0
  endloop
endfacet
facet normal 0.0 0.0 0.0
  outer loop
    vertex 15.00379753112793 -0.16047509014606476 85.0
    vertex 17.180452346801758 2.0748744010925293 85.0
    vertex 15.01530647277832 0.2268821895122528 85.0
  endloop
endfacet
facet normal 0.0 0.0 0.0
  outer loop
    vertex 15.01530647277832 0.2268821895122528 85.0
    vertex 17.180452346801758 2.0748744010925293 85.0
    vertex 16.81157875061035 2.0616891384124756 85.0
  endloop
endfacet
facet normal 0.0 0.0 0.0
  outer loop
    vertex 15.01530647277832 0.2268821895122528 85.0
    vertex 16.81157875061035 2.0616891384124756 85.0
    vertex 15.030768394470215 0.5880129337310791 85.0
  endloop
endfacet
facet normal 0.0 0.0 0.0
  outer loop
    vertex 15.030768394470215 0.5880129337310791 85.0
    vertex 16.81157875061035 2.0616891384124756 85.0
    vertex 16.473634719848633 2.047182559967041 85.0
  endloop
endfacet
facet normal 0.0 0.0 0.0
  outer loop
    vertex 15.030768394470215 0.5880129337310791 85.0
    vertex 16.473634719848633 2.047182559967041 85.0
    vertex 16.169294357299805 2.0314576625823975 85.0
  endloop
endfacet
facet normal 0.0 0.0 0.0
  outer loop
    vertex 15.030768394470215 0.5880129337310791 85.0
    vertex 16.169294357299805 2.0314576625823975 85.0
    vertex 15.049808502197266 0.9174750447273254 85.0
  endloop
endfacet
facet normal 0.0 0.0 0.0
  outer loop
    vertex 15.049808502197266 0.9174750447273254 85.0
    vertex 16.169294357299805 2.0314576625823975 85.0
    vertex 15.901224136352539 2.0146172046661377 85.0
  endloop
endfacet
facet normal 0.0 0.0 0.0
  outer loop
    vertex 15.049808502197266 0.9174750447273254 85.0
    vertex 15.901224136352539 2.0146172046661377 85.0
    vertex 15.072052955627441 1.2098265886306763 85.0
  endloop
endfacet
facet normal 0.0 0.0 0.0
  outer loop
    vertex 15.072052955627441 1.2098265886306763 85.0
    vertex 15.901224136352539 2.0146172046661377 85.0
    vertex 15.67209529876709 1.996763825416565 85.0
  endloop
endfacet
facet normal 0.0 0.0 0.0
  outer loop
    vertex 15.072052955627441 1.2098265886306763 85.0
    vertex 15.67209529876709 1.996763825416565 85.0
    vertex 15.097125053405762 1.459625482559204 85.0
  endloop
endfacet
facet normal 0.0 0.0 0.0
  outer loop
    vertex 15.097125053405762 1.459625482559204 85.0
    vertex 15.67209529876709 1.996763825416565 85.0
    vertex 15.146628379821777 1.6622051000595093 85.0
  endloop
endfacet
facet normal 0.0 0.0 0.0
  outer loop
    vertex 15.097125053405762 1.459625482559204 85.0
    vertex 15.146628379821777 1.6622051000595093 85.0
    vertex 15.124650955200195 1.6614296436309814 85.0
  endloop
endfacet
facet normal 0.0 0.0 0.0
  outer loop
    vertex 15.67209529876709 1.996763825416565 85.0
    vertex 15.484577178955078 1.9780008792877197 85.0
    vertex 15.146628379821777 1.6622051000595093 85.0
  endloop
endfacet
facet normal 0.0 0.0 0.0
  outer loop
    vertex 15.146628379821777 1.6622051000595093 85.0
    vertex 15.484577178955078 1.9780008792877197 85.0
    vertex 15.341339111328125 1.9584308862686157 85.0
  endloop
endfacet
facet normal 0.0 0.0 0.0
  outer loop
    vertex 15.146628379821777 1.6622051000595093 85.0
    vertex 15.341339111328125 1.9584308862686157 85.0
    vertex 15.150522232055664 1.7946480512619019 85.0
  endloop
endfacet
facet normal 0.0 0.0 0.0
  outer loop
    vertex 15.150522232055664 1.7946480512619019 85.0
    vertex 15.341339111328125 1.9584308862686157 85.0
    vertex 15.245051383972168 1.9381569623947144 85.0
  endloop
endfacet
facet normal 0.0 0.0 0.0
  outer loop
    vertex 15.150522232055664 1.7946480512619019 85.0
    vertex 15.245051383972168 1.9381569623947144 85.0
    vertex 15.174030303955078 1.8739656209945679 85.0
  endloop
endfacet
facet normal 0.0 0.0 0.0
  outer loop
    vertex 15.174030303955078 1.8739656209945679 85.0
    vertex 15.245051383972168 1.9381569623947144 85.0
    vertex 15.186111450195312 1.9002732038497925 85.0
  endloop
endfacet
facet normal 0.0 0.0 0.0
  outer loop
    vertex 15.186111450195312 1.9002732038497925 85.0
    vertex 15.245051383972168 1.9381569623947144 85.0
    vertex 15.215347290039062 1.9277881383895874 85.0
  endloop
endfacet
facet normal 0.0 0.0 0.0
  outer loop
    vertex 15.186111450195312 1.9002732038497925 85.0
    vertex 15.215347290039062 1.9277881383895874 85.0
    vertex 15.192224502563477 1.9099584817886353 85.0
  endloop
endfacet
facet normal 0.0 0.0 0.0
  outer loop
    vertex 15.192224502563477 1.9099584817886353 85.0
    vertex 15.215347290039062 1.9277881383895874 85.0
    vertex 15.205252647399902 1.9225513935089111 85.0
  endloop
endfacet
facet normal 0.0 0.0 0.0
  outer loop
    vertex 15.192224502563477 1.9099584817886353 85.0
    vertex 15.205252647399902 1.9225513935089111 85.0
    vertex 15.201412200927734 1.919920563697815 85.0
  endloop
endfacet
facet normal 0.0 0.0 0.0
  outer loop
    vertex 15.201412200927734 1.919920563697815 85.0
    vertex 15.198383331298828 1.9172818660736084 85.0
    vertex 15.192224502563477 1.9099584817886353 85.0
  endloop
endfacet
facet normal 0.0 0.0 0.0
  outer loop
    vertex 9.945659637451172 -3.6972386837005615 85.0
    vertex 9.940608978271484 -3.850656509399414 85.0
    vertex 10.116209030151367 -4.0040740966796875 85.0
  endloop
endfacet
facet normal 0.0 0.0 0.0
  outer loop
    vertex 10.116209030151367 -4.0040740966796875 85.0
    vertex 9.940608978271484 -3.850656509399414 85.0
    vertex 10.093095779418945 -4.0040740966796875 85.0
  endloop
endfacet
facet normal 0.0 0.0 0.0
  outer loop
    vertex 10.093095779418945 -4.0040740966796875 85.0
    vertex 9.940608978271484 -3.850656509399414 85.0
    vertex 9.790578842163086 -3.855924606323242 85.0
  endloop
endfacet
facet normal 0.0 0.0 0.0
  outer loop
    vertex 10.093095779418945 -4.0040740966796875 85.0
    vertex 9.790578842163086 -3.855924606323242 85.0
    vertex 10.093095779418945 -4.653954982757568 85.0
  endloop
endfacet
facet normal 0.0 0.0 0.0
  outer loop
    vertex 10.093095779418945 -4.653954982757568 85.0
    vertex 9.790578842163086 -3.855924606323242 85.0
    vertex 9.850961685180664 -6.684250831604004 85.0
  endloop
endfacet
facet normal 0.0 0.0 0.0
  outer loop
    vertex 10.093095779418945 -4.653954982757568 85.0
    vertex 9.850961685180664 -6.684250831604004 85.0
    vertex 10.015463829040527 -6.836744785308838 85.0
  endloop
endfacet
facet normal 0.0 0.0 0.0
  outer loop
    vertex 10.015463829040527 -6.836744785308838 85.0
    vertex 9.850961685180664 -6.684250831604004 85.0
    vertex 9.907319068908691 -9.36234188079834 85.0
  endloop
endfacet
facet normal 0.0 0.0 0.0
  outer loop
    vertex 10.015463829040527 -6.836744785308838 85.0
    vertex 9.907319068908691 -9.36234188079834 85.0
    vertex 9.924829483032227 -9.362957000732422 85.0
  endloop
endfacet
facet normal 0.0 0.0 0.0
  outer loop
    vertex -20.5 -15.029789924621582 82.0
    vertex -20.5 -20.5 82.0
    vertex -20.5 -15.029789924621582 83.0
  endloop
endfacet
facet normal 0.0 0.0 0.0
  outer loop
    vertex -20.5 -15.029789924621582 83.0
    vertex -20.5 -20.5 82.0
    vertex -20.5 -20.5 83.0
  endloop
endfacet
facet normal 0.0 0.0 0.0
  outer loop
    vertex -20.5 -9.66247844696045 83.0
    vertex -20.5 -3.68308162689209 83.0
    vertex -20.5 -9.66247844696045 82.0
  endloop
endfacet
facet normal 0.0 0.0 0.0
  outer loop
    vertex -20.5 -9.66247844696045 82.0
    vertex -20.5 -3.68308162689209 83.0
    vertex -20.5 -3.68308162689209 82.0
  endloop
endfacet
facet normal 0.0 0.0 0.0
  outer loop
    vertex -16.0 -15.029789924621582 83.0
    vertex -16.0 -16.0 83.0
    vertex -16.0 -15.029789924621582 81.0
  endloop
endfacet
facet normal 0.0 0.0 0.0
  outer loop
    vertex -16.0 -15.029789924621582 81.0
    vertex -16.0 -16.0 83.0
    vertex -16.0 -16.0 81.0
  endloop
endfacet
facet normal 0.0 0.0 0.0
  outer loop
    vertex -16.0 -9.590847969055176 81.0
    vertex -16.0 -5.000000476837158 81.0
    vertex -16.0 -9.590847969055176 83.0
  endloop
endfacet
facet normal 0.0 0.0 0.0
  outer loop
    vertex -16.0 -9.590847969055176 83.0
    vertex -16.0 -5.000000476837158 81.0
    vertex -16.0 -5.000000476837158 83.0
  endloop
endfacet
facet normal 0.0 0.0 0.0
  outer loop
    vertex -15.633872985839844 -15.029789924621582 81.0
    vertex -16.0 -15.029789924621582 81.0
    vertex -15.633872985839844 -16.0 81.0
  endloop
endfacet
facet normal 0.0 0.0 0.0
  outer loop
    vertex -15.633872985839844 -16.0 81.0
    vertex -16.0 -15.029789924621582 81.0
    vertex -16.0 -16.0 81.0
  endloop
endfacet
facet normal 0.0 0.0 0.0
  outer loop
    vertex -16.0 -9.590847969055176 81.0
    vertex -15.710589408874512 -9.586240768432617 81.0
    vertex -16.0 -5.000000476837158 81.0
  endloop
endfacet
facet normal 0.0 0.0 0.0
  outer loop
    vertex -16.0 -5.000000476837158 81.0
    vertex -15.710589408874512 -9.586240768432617 81.0
    vertex -10.42785358428955 -9.340346336364746 81.0
  endloop
endfacet
facet normal 0.0 0.0 0.0
  outer loop
    vertex -16.0 -5.000000476837158 81.0
    vertex -10.42785358428955 -9.340346336364746 81.0
    vertex -10.42785358428955 -5.000000476837158 81.0
  endloop
endfacet
facet normal 0.0 0.0 0.0
  outer loop
    vertex -10.42785358428955 -9.502141952514648 81.0
    vertex -10.42785358428955 -9.34693431854248 81.0
    vertex -15.710589408874512 -9.586240768432617 81.0
  endloop
endfacet
facet normal 0.0 0.0 0.0
  outer loop
    vertex -15.710589408874512 -9.586240768432617 81.0
    vertex -10.42785358428955 -9.34693431854248 81.0
    vertex -10.42785358428955 -9.340346336364746 81.0
  endloop
endfacet
facet normal 0.0 0.0 0.0
  outer loop
    vertex -10.42785358428955 -9.34693431854248 81.0
    vertex -10.274435997009277 -9.342251777648926 81.0
    vertex -10.42785358428955 -9.340346336364746 81.0
  endloop
endfacet
facet normal 0.0 0.0 0.0
  outer loop
    vertex -17.5 -15.029789924621582 81.0
    vertex -17.5 -17.5 81.0
    vertex -17.5 -15.029789924621582 83.0
  endloop
endfacet
facet normal 0.0 0.0 0.0
  outer loop
    vertex -17.5 -15.029789924621582 83.0
    vertex -17.5 -17.5 81.0
    vertex -17.5 -17.5 83.0
  endloop
endfacet
facet normal 0.0 0.0 0.0
  outer loop
    vertex -17.5 -9.614725112915039 83.0
    vertex -17.5 -3.6972386837005615 83.0
    vertex -17.5 -9.614725112915039 81.0
  endloop
endfacet
facet normal 0.0 0.0 0.0
  outer loop
    vertex -17.5 -9.614725112915039 81.0
    vertex -17.5 -3.6972386837005615 83.0
    vertex -17.5 -3.6972386837005615 81.0
  endloop
endfacet
facet normal 0.0 0.0 0.0
  outer loop
    vertex -20.5 1.7920993566513062 83.0
    vertex -20.5 20.5 83.0
    vertex -20.5 1.7920993566513062 82.0
  endloop
endfacet
facet normal 0.0 0.0 0.0
  outer loop
    vertex -20.5 1.7920993566513062 82.0
    vertex -20.5 20.5 83.0
    vertex -20.5 20.5 82.0
  endloop
endfacet
facet normal 0.0 0.0 0.0
  outer loop
    vertex -19.0 -15.029789924621582 83.0
    vertex -19.0 -19.0 83.0
    vertex -19.0 -15.029789924621582 81.0
  endloop
endfacet
facet normal 0.0 0.0 0.0
  outer loop
    vertex -19.0 -15.029789924621582 81.0
    vertex -19.0 -19.0 83.0
    vertex -19.0 -19.0 81.0
  endloop
endfacet
facet normal 0.0 0.0 0.0
  outer loop
    vertex -19.0 -9.638602256774902 81.0
    vertex -19.0 -3.6972386837005615 81.0
    vertex -19.0 -9.638602256774902 83.0
  endloop
endfacet
facet normal 0.0 0.0 0.0
  outer loop
    vertex -19.0 -9.638602256774902 83.0
    vertex -19.0 -3.6972386837005615 81.0
    vertex -19.0 -3.6972386837005615 83.0
  endloop
endfacet
facet normal 0.0 0.0 0.0
  outer loop
    vertex 10.093095779418945 16.0 83.0
    vertex 5.000000476837158 16.0 83.0
    vertex 10.093095779418945 16.0 81.0
  endloop
endfacet
facet normal 0.0 0.0 0.0
  outer loop
    vertex 10.093095779418945 16.0 81.0
    vertex 5.000000476837158 16.0 83.0
    vertex 5.000000476837158 16.0 81.0
  endloop
endfacet
facet normal 0.0 0.0 0.0
  outer loop
    vertex -16.0 -15.029789924621582 83.0
    vertex -17.5 -15.029789924621582 83.0
    vertex -16.0 -16.0 83.0
  endloop
endfacet
facet normal 0.0 0.0 0.0
  outer loop
    vertex -16.0 -16.0 83.0
    vertex -17.5 -15.029789924621582 83.0
    vertex -17.5 -17.5 83.0
  endloop
endfacet
facet normal 0.0 0.0 0.0
  outer loop
    vertex -16.0 -16.0 83.0
    vertex -17.5 -17.5 83.0
    vertex -15.633872985839844 -17.5 83.0
  endloop
endfacet
facet normal 0.0 0.0 0.0
  outer loop
    vertex -15.633872985839844 -17.5 83.0
    vertex -15.633872985839844 -16.0 83.0
    vertex -16.0 -16.0 83.0
  endloop
endfacet
facet normal 0.0 0.0 0.0
  outer loop
    vertex -16.0 -9.590847969055176 83.0
    vertex -16.0 -5.000000476837158 83.0
    vertex -17.5 -9.614725112915039 83.0
  endloop
endfacet
facet normal 0.0 0.0 0.0
  outer loop
    vertex -17.5 -9.614725112915039 83.0
    vertex -16.0 -5.000000476837158 83.0
    vertex -17.5 -3.6972386837005615 83.0
  endloop
endfacet
facet normal 0.0 0.0 0.0
  outer loop
    vertex -17.5 -3.6972386837005615 83.0
    vertex -16.0 -5.000000476837158 83.0
    vertex -10.42785358428955 -3.6972386837005615 83.0
  endloop
endfacet
facet normal 0.0 0.0 0.0
  outer loop
    vertex -10.42785358428955 -3.6972386837005615 83.0
    vertex -16.0 -5.000000476837158 83.0
    vertex -10.42785358428955 -3.8636300563812256 83.0
  endloop
endfacet
facet normal 0.0 0.0 0.0
  outer loop
    vertex -10.42785358428955 -3.8636300563812256 83.0
    vertex -16.0 -5.000000476837158 83.0
    vertex -10.42785358428955 -3.8683791160583496 83.0
  endloop
endfacet
facet normal 0.0 0.0 0.0
  outer loop
    vertex -10.42785358428955 -3.8636300563812256 83.0
    vertex -10.42785358428955 -3.8683791160583496 83.0
    vertex -10.274435997009277 -3.866366386413574 83.0
  endloop
endfacet
facet normal 0.0 0.0 0.0
  outer loop
    vertex -16.0 -5.000000476837158 83.0
    vertex -10.42785358428955 -5.000000476837158 83.0
    vertex -10.42785358428955 -3.8683791160583496 83.0
  endloop
endfacet
facet normal 0.0 0.0 0.0
  outer loop
    vertex 10.093095779418945 17.5 81.0
    vertex 3.500000238418579 17.5 81.0
    vertex 10.093095779418945 17.5 83.0
  endloop
endfacet
facet normal 0.0 0.0 0.0
  outer loop
    vertex 10.093095779418945 17.5 83.0
    vertex 3.500000238418579 17.5 81.0
    vertex 3.500000238418579 17.5 83.0
  endloop
endfacet
facet normal 0.0 0.0 0.0
  outer loop
    vertex -4.999999523162842 5.983084678649902 83.0
    vertex -4.999999523162842 16.0 83.0
    vertex -4.999999523162842 5.983084678649902 81.0
  endloop
endfacet
facet normal 0.0 0.0 0.0
  outer loop
    vertex -4.999999523162842 5.983084678649902 81.0
    vertex -4.999999523162842 16.0 83.0
    vertex -4.999999523162842 16.0 81.0
  endloop
endfacet
facet normal 0.0 0.0 0.0
  outer loop
    vertex -17.5 -15.029789924621582 81.0
    vertex -19.0 -15.029789924621582 81.0
    vertex -17.5 -17.5 81.0
  endloop
endfacet
facet normal 0.0 0.0 0.0
  outer loop
    vertex -17.5 -17.5 81.0
    vertex -19.0 -15.029789924621582 81.0
    vertex -19.0 -19.0 81.0
  endloop
endfacet
facet normal 0.0 0.0 0.0
  outer loop
    vertex -17.5 -17.5 81.0
    vertex -19.0 -19.0 81.0
    vertex -15.633872985839844 -19.0 81.0
  endloop
endfacet
facet normal 0.0 0.0 0.0
  outer loop
    vertex -15.633872985839844 -19.0 81.0
    vertex -15.633872985839844 -17.5 81.0
    vertex -17.5 -17.5 81.0
  endloop
endfacet
facet normal 0.0 0.0 0.0
  outer loop
    vertex -19.0 -9.638602256774902 81.0
    vertex -17.5 -9.614725112915039 81.0
    vertex -19.0 -3.6972386837005615 81.0
  endloop
endfacet
facet normal 0.0 0.0 0.0
  outer loop
    vertex -19.0 -3.6972386837005615 81.0
    vertex -17.5 -9.614725112915039 81.0
    vertex -17.5 -3.6972386837005615 81.0
  endloop
endfacet
facet normal 0.0 0.0 0.0
  outer loop
    vertex -4.914068698883057 3.806675434112549 83.0
    vertex -3.499999523162842 3.499999523162842 83.0
    vertex -4.999999523162842 5.983084678649902 83.0
  endloop
endfacet
facet normal 0.0 0.0 0.0
  outer loop
    vertex -4.999999523162842 5.983084678649902 83.0
    vertex -3.499999523162842 3.499999523162842 83.0
    vertex -3.499999523162842 17.5 83.0
  endloop
endfacet
facet normal 0.0 0.0 0.0
  outer loop
    vertex -4.999999523162842 5.983084678649902 83.0
    vertex -3.499999523162842 17.5 83.0
    vertex -4.999999523162842 16.0 83.0
  endloop
endfacet
facet normal 0.0 0.0 0.0
  outer loop
    vertex -4.999999523162842 16.0 83.0
    vertex -3.499999523162842 17.5 83.0
    vertex -17.5 17.5 83.0
  endloop
endfacet
facet normal 0.0 0.0 0.0
  outer loop
    vertex -4.999999523162842 16.0 83.0
    vertex -17.5 17.5 83.0
    vertex -16.0 16.0 83.0
  endloop
endfacet
facet normal 0.0 0.0 0.0
  outer loop
    vertex -16.0 16.0 83.0
    vertex -17.5 17.5 83.0
    vertex -17.5 3.499999523162842 83.0
  endloop
endfacet
facet normal 0.0 0.0 0.0
  outer loop
    vertex -16.0 16.0 83.0
    vertex -17.5 3.499999523162842 83.0
    vertex -16.0 4.999999523162842 83.0
  endloop
endfacet
facet normal 0.0 0.0 0.0
  outer loop
    vertex -16.0 4.999999523162842 83.0
    vertex -17.5 3.499999523162842 83.0
    vertex -10.42785358428955 3.499999523162842 83.0
  endloop
endfacet
facet normal 0.0 0.0 0.0
  outer loop
    vertex -16.0 4.999999523162842 83.0
    vertex -10.42785358428955 3.499999523162842 83.0
    vertex -10.42785358428955 4.999999523162842 83.0
  endloop
endfacet
facet normal 0.0 0.0 0.0
  outer loop
    vertex -4.914068698883057 3.806675434112549 83.0
    vertex -4.914068698883057 3.499999523162842 83.0
    vertex -3.499999523162842 3.499999523162842 83.0
  endloop
endfacet
facet normal 0.0 0.0 0.0
  outer loop
    vertex -10.42785358428955 1.9999994039535522 85.0
    vertex -10.42785358428955 1.9999994039535522 81.0
    vertex -15.608988761901855 1.9999994039535522 83.0
  endloop
endfacet
facet normal 0.0 0.0 0.0
  outer loop
    vertex -15.608988761901855 1.9999994039535522 83.0
    vertex -10.42785358428955 1.9999994039535522 81.0
    vertex -15.633872985839844 1.9999994039535522 81.0
  endloop
endfacet
facet normal 0.0 0.0 0.0
  outer loop
    vertex -15.608988761901855 1.9999994039535522 83.0
    vertex -15.633872985839844 1.9999994039535522 81.0
    vertex -15.633872985839844 1.9999994039535522 83.0
  endloop
endfacet
facet normal 0.0 0.0 0.0
  outer loop
    vertex -15.608988761901855 1.9999994039535522 83.0
    vertex -15.608988761901855 1.9999994039535522 85.0
    vertex -10.42785358428955 1.9999994039535522 85.0
  endloop
endfacet
facet normal 0.0 0.0 0.0
  outer loop
    vertex -19.0 -15.029789924621582 83.0
    vertex -20.5 -15.029789924621582 83.0
    vertex -19.0 -19.0 83.0
  endloop
endfacet
facet normal 0.0 0.0 0.0
  outer loop
    vertex -19.0 -19.0 83.0
    vertex -20.5 -15.029789924621582 83.0
    vertex -20.5 -20.5 83.0
  endloop
endfacet
facet normal 0.0 0.0 0.0
  outer loop
    vertex -19.0 -19.0 83.0
    vertex -20.5 -20.5 83.0
    vertex -15.633872985839844 -20.5 83.0
  endloop
endfacet
facet normal 0.0 0.0 0.0
  outer loop
    vertex -15.633872985839844 -20.5 83.0
    vertex -15.633872985839844 -19.0 83.0
    vertex -19.0 -19.0 83.0
  endloop
endfacet
facet normal 0.0 0.0 0.0
  outer loop
    vertex -20.5 -3.68308162689209 83.0
    vertex -20.5 -9.66247844696045 83.0
    vertex -19.714126586914062 -3.6972386837005615 83.0
  endloop
endfacet
facet normal 0.0 0.0 0.0
  outer loop
    vertex -19.714126586914062 -3.6972386837005615 83.0
    vertex -20.5 -9.66247844696045 83.0
    vertex -19.0 -9.638602256774902 83.0
  endloop
endfacet
facet normal 0.0 0.0 0.0
  outer loop
    vertex -19.714126586914062 -3.6972386837005615 83.0
    vertex -19.0 -9.638602256774902 83.0
    vertex -19.0 -3.6972386837005615 83.0
  endloop
endfacet
facet normal 0.0 0.0 0.0
  outer loop
    vertex -4.914068698883057 3.499999523162842 81.0
    vertex -3.499999523162842 3.499999523162842 81.0
    vertex -4.914068698883057 3.499999523162842 83.0
  endloop
endfacet
facet normal 0.0 0.0 0.0
  outer loop
    vertex -4.914068698883057 3.499999523162842 83.0
    vertex -3.499999523162842 3.499999523162842 81.0
    vertex -3.499999523162842 3.499999523162842 83.0
  endloop
endfacet
facet normal 0.0 0.0 0.0
  outer loop
    vertex -1.9999994039535522 2.121530771255493 83.0
    vertex -1.9999994039535522 19.0 83.0
    vertex -1.9999994039535522 2.121530771255493 81.0
  endloop
endfacet
facet normal 0.0 0.0 0.0
  outer loop
    vertex -1.9999994039535522 2.121530771255493 81.0
    vertex -1.9999994039535522 19.0 83.0
    vertex -1.9999994039535522 19.0 81.0
  endloop
endfacet
facet normal 0.0 0.0 0.0
  outer loop
    vertex -19.92577362060547 1.8156226873397827 83.0
    vertex -19.0 2.0855660438537598 83.0
    vertex -20.5 1.7920993566513062 83.0
  endloop
endfacet
facet normal 0.0 0.0 0.0
  outer loop
    vertex -20.5 1.7920993566513062 83.0
    vertex -19.0 2.0855660438537598 83.0
    vertex -19.0 19.0 83.0
  endloop
endfacet
facet normal 0.0 0.0 0.0
  outer loop
    vertex -20.5 1.7920993566513062 83.0
    vertex -19.0 19.0 83.0
    vertex -20.5 20.5 83.0
  endloop
endfacet
facet normal 0.0 0.0 0.0
  outer loop
    vertex -20.5 20.5 83.0
    vertex -19.0 19.0 83.0
    vertex -0.5 20.5 83.0
  endloop
endfacet
facet normal 0.0 0.0 0.0
  outer loop
    vertex -0.5 20.5 83.0
    vertex -19.0 19.0 83.0
    vertex -1.9999994039535522 19.0 83.0
  endloop
endfacet
facet normal 0.0 0.0 0.0
  outer loop
    vertex -0.5 20.5 83.0
    vertex -1.9999994039535522 19.0 83.0
    vertex -0.5 7.4818949699401855 83.0
  endloop
endfacet
facet normal 0.0 0.0 0.0
  outer loop
    vertex -0.5 7.4818949699401855 83.0
    vertex -1.9999994039535522 19.0 83.0
    vertex -0.6267083883285522 7.4818949699401855 83.0
  endloop
endfacet
facet normal 0.0 0.0 0.0
  outer loop
    vertex -0.6267083883285522 7.4818949699401855 83.0
    vertex -1.9999994039535522 19.0 83.0
    vertex -1.9999994039535522 2.121530771255493 83.0
  endloop
endfacet
facet normal 0.0 0.0 0.0
  outer loop
    vertex -0.6267083883285522 7.4818949699401855 83.0
    vertex -1.9999994039535522 2.121530771255493 83.0
    vertex -0.6267083883285522 2.121530771255493 83.0
  endloop
endfacet
facet normal 0.0 0.0 0.0
  outer loop
    vertex -19.0 2.0855660438537598 83.0
    vertex -19.92577362060547 1.8156226873397827 83.0
    vertex -19.0 1.9999994039535522 83.0
  endloop
endfacet
facet normal 0.0 0.0 0.0
  outer loop
    vertex -19.0 1.9999994039535522 83.0
    vertex -19.92577362060547 1.8156226873397827 83.0
    vertex -15.633872985839844 1.8156226873397827 83.0
  endloop
endfacet
facet normal 0.0 0.0 0.0
  outer loop
    vertex -19.0 1.9999994039535522 83.0
    vertex -15.633872985839844 1.8156226873397827 83.0
    vertex -15.633872985839844 1.9905743598937988 83.0
  endloop
endfacet
facet normal 0.0 0.0 0.0
  outer loop
    vertex -15.481386184692383 1.9967652559280396 83.0
    vertex -15.608988761901855 1.9999994039535522 83.0
    vertex -15.633872985839844 1.9905743598937988 83.0
  endloop
endfacet
facet normal 0.0 0.0 0.0
  outer loop
    vertex -15.633872985839844 1.9905743598937988 83.0
    vertex -15.608988761901855 1.9999994039535522 83.0
    vertex -15.633872985839844 1.9999994039535522 83.0
  endloop
endfacet
facet normal 0.0 0.0 0.0
  outer loop
    vertex -15.633872985839844 1.9905743598937988 83.0
    vertex -15.633872985839844 1.9999994039535522 83.0
    vertex -19.0 1.9999994039535522 83.0
  endloop
endfacet
facet normal 0.0 0.0 0.0
  outer loop
    vertex -15.633872985839844 -26.0 81.0
    vertex -10.295604705810547 -26.0 81.0
    vertex -15.633872985839844 -26.0 83.0
  endloop
endfacet
facet normal 0.0 0.0 0.0
  outer loop
    vertex -15.633872985839844 -26.0 83.0
    vertex -10.295604705810547 -26.0 81.0
    vertex -10.295604705810547 -26.0 83.0
  endloop
endfacet
facet normal 0.0 0.0 0.0
  outer loop
    vertex -0.5 7.4818949699401855 82.0
    vertex -0.5 20.5 82.0
    vertex -0.5 7.4818949699401855 83.0
  endloop
endfacet
facet normal 0.0 0.0 0.0
  outer loop
    vertex -0.5 7.4818949699401855 83.0
    vertex -0.5 20.5 82.0
    vertex -0.5 20.5 83.0
  endloop
endfacet
facet normal 0.0 0.0 0.0
  outer loop
    vertex -15.633872985839844 -24.5 83.0
    vertex -10.357804298400879 -24.5 83.0
    vertex -15.633872985839844 -24.5 81.0
  endloop
endfacet
facet normal 0.0 0.0 0.0
  outer loop
    vertex -15.633872985839844 -24.5 81.0
    vertex -10.357804298400879 -24.5 83.0
    vertex -10.357804298400879 -24.5 81.0
  endloop
endfacet
facet normal 0.0 0.0 0.0
  outer loop
    vertex 26.0 7.649298191070557 81.0
    vertex 26.0 16.0 81.0
    vertex 26.0 7.649298191070557 83.0
  endloop
endfacet
facet normal 0.0 0.0 0.0
  outer loop
    vertex 26.0 7.649298191070557 83.0
    vertex 26.0 16.0 81.0
    vertex 26.0 16.0 83.0
  endloop
endfacet
facet normal 0.0 0.0 0.0
  outer loop
    vertex 26.0 7.649298191070557 81.0
    vertex 28.240703582763672 7.570618629455566 81.0
    vertex 26.0 16.0 81.0
  endloop
endfacet
facet normal 0.0 0.0 0.0
  outer loop
    vertex 26.0 16.0 81.0
    vertex 28.240703582763672 7.570618629455566 81.0
    vertex 30.76747703552246 7.4818949699401855 81.0
  endloop
endfacet
facet normal 0.0 0.0 0.0
  outer loop
    vertex 26.0 16.0 81.0
    vertex 30.76747703552246 7.4818949699401855 81.0
    vertex 37.0 16.0 81.0
  endloop
endfacet
facet normal 0.0 0.0 0.0
  outer loop
    vertex 37.0 16.0 81.0
    vertex 30.76747703552246 7.4818949699401855 81.0
    vertex 37.0 4.999999523162842 81.0
  endloop
endfacet
facet normal 0.0 0.0 0.0
  outer loop
    vertex 37.0 4.999999523162842 81.0
    vertex 30.76747703552246 7.4818949699401855 81.0
    vertex 30.844043731689453 4.999999523162842 81.0
  endloop
endfacet
facet normal 0.0 0.0 0.0
  outer loop
    vertex -5.129387855529785 -23.0 81.0
    vertex -1.9999994039535522 -23.0 81.0
    vertex -5.129387855529785 -23.0 83.0
  endloop
endfacet
facet normal 0.0 0.0 0.0
  outer loop
    vertex -5.129387855529785 -23.0 83.0
    vertex -1.9999994039535522 -23.0 81.0
    vertex -1.9999994039535522 -23.0 83.0
  endloop
endfacet
facet normal 0.0 0.0 0.0
  outer loop
    vertex 20.5 7.3284807205200195 83.0
    vertex 20.5 2.121530771255493 83.0
    vertex 20.5 7.3284807205200195 82.0
  endloop
endfacet
facet normal 0.0 0.0 0.0
  outer loop
    vertex 20.5 7.3284807205200195 82.0
    vertex 20.5 2.121530771255493 83.0
    vertex 20.5 2.121530771255493 82.0
  endloop
endfacet
facet normal 0.0 0.0 0.0
  outer loop
    vertex 20.5 18.96693992614746 82.0
    vertex 20.5 20.5 82.0
    vertex 20.5 18.96693992614746 83.0
  endloop
endfacet
facet normal 0.0 0.0 0.0
  outer loop
    vertex 20.5 18.96693992614746 83.0
    vertex 20.5 20.5 82.0
    vertex 20.5 20.5 83.0
  endloop
endfacet
facet normal 0.0 0.0 0.0
  outer loop
    vertex 0.5 7.6343889236450195 83.0
    vertex 0.5 20.5 83.0
    vertex 0.5 7.6343889236450195 82.0
  endloop
endfacet
facet normal 0.0 0.0 0.0
  outer loop
    vertex 0.5 7.6343889236450195 82.0
    vertex 0.5 20.5 83.0
    vertex 0.5 20.5 82.0
  endloop
endfacet
facet normal 0.0 0.0 0.0
  outer loop
    vertex 30.844043731689453 4.999999523162842 83.0
    vertex 37.0 4.999999523162842 83.0
    vertex 30.844043731689453 4.999999523162842 81.0
  endloop
endfacet
facet normal 0.0 0.0 0.0
  outer loop
    vertex 30.844043731689453 4.999999523162842 81.0
    vertex 37.0 4.999999523162842 83.0
    vertex 37.0 4.999999523162842 81.0
  endloop
endfacet
facet normal 0.0 0.0 0.0
  outer loop
    vertex 24.5 7.3284807205200195 81.0
    vertex 24.5 3.499999523162842 81.0
    vertex 24.5 7.3284807205200195 83.0
  endloop
endfacet
facet normal 0.0 0.0 0.0
  outer loop
    vertex 24.5 7.3284807205200195 83.0
    vertex 24.5 3.499999523162842 81.0
    vertex 24.5 3.499999523162842 83.0
  endloop
endfacet
facet normal 0.0 0.0 0.0
  outer loop
    vertex 15.244769096374512 4.999999523162842 83.0
    vertex 16.0 4.999999523162842 83.0
    vertex 15.244769096374512 4.999999523162842 81.0
  endloop
endfacet
facet normal 0.0 0.0 0.0
  outer loop
    vertex 15.244769096374512 4.999999523162842 81.0
    vertex 16.0 4.999999523162842 83.0
    vertex 16.0 4.999999523162842 81.0
  endloop
endfacet
facet normal 0.0 0.0 0.0
  outer loop
    vertex 16.0 13.181757926940918 83.0
    vertex 16.0 4.999999523162842 83.0
    vertex 17.5 13.165802955627441 83.0
  endloop
endfacet
facet normal 0.0 0.0 0.0
  outer loop
    vertex 17.5 13.165802955627441 83.0
    vertex 16.0 4.999999523162842 83.0
    vertex 17.5 3.499999523162842 83.0
  endloop
endfacet
facet normal 0.0 0.0 0.0
  outer loop
    vertex 17.5 3.499999523162842 83.0
    vertex 16.0 4.999999523162842 83.0
    vertex 15.200664520263672 3.499999523162842 83.0
  endloop
endfacet
facet normal 0.0 0.0 0.0
  outer loop
    vertex 15.200664520263672 3.499999523162842 83.0
    vertex 16.0 4.999999523162842 83.0
    vertex 15.244769096374512 4.999999523162842 83.0
  endloop
endfacet
facet normal 0.0 0.0 0.0
  outer loop
    vertex 10.093095779418945 16.0 83.0
    vertex 10.093095779418945 17.5 83.0
    vertex 5.000000476837158 16.0 83.0
  endloop
endfacet
facet normal 0.0 0.0 0.0
  outer loop
    vertex 5.000000476837158 16.0 83.0
    vertex 10.093095779418945 17.5 83.0
    vertex 3.500000238418579 17.5 83.0
  endloop
endfacet
facet normal 0.0 0.0 0.0
  outer loop
    vertex 5.000000476837158 16.0 83.0
    vertex 3.500000238418579 17.5 83.0
    vertex 3.500000238418579 7.6343889236450195 83.0
  endloop
endfacet
facet normal 0.0 0.0 0.0
  outer loop
    vertex 3.500000238418579 7.6343889236450195 83.0
    vertex 4.886146068572998 7.6343889236450195 83.0
    vertex 5.000000476837158 16.0 83.0
  endloop
endfacet
facet normal 0.0 0.0 0.0
  outer loop
    vertex 5.000000476837158 16.0 83.0
    vertex 4.886146068572998 7.6343889236450195 83.0
    vertex 5.000000476837158 4.999999523162842 83.0
  endloop
endfacet
facet normal 0.0 0.0 0.0
  outer loop
    vertex 5.000000476837158 4.999999523162842 83.0
    vertex 4.886146068572998 7.6343889236450195 83.0
    vertex 4.886146068572998 3.499999523162842 83.0
  endloop
endfacet
facet normal 0.0 0.0 0.0
  outer loop
    vertex 5.000000476837158 4.999999523162842 83.0
    vertex 4.886146068572998 3.499999523162842 83.0
    vertex 9.787191390991211 3.499999523162842 83.0
  endloop
endfacet
facet normal 0.0 0.0 0.0
  outer loop
    vertex 9.787191390991211 3.499999523162842 83.0
    vertex 9.787191390991211 4.999999523162842 83.0
    vertex 5.000000476837158 4.999999523162842 83.0
  endloop
endfacet
facet normal 0.0 0.0 0.0
  outer loop
    vertex 21.5 7.3284807205200195 82.0
    vertex 21.5 2.121530771255493 82.0
    vertex 21.5 7.3284807205200195 83.0
  endloop
endfacet
facet normal 0.0 0.0 0.0
  outer loop
    vertex 21.5 7.3284807205200195 83.0
    vertex 21.5 2.121530771255493 82.0
    vertex 21.5 2.121530771255493 83.0
  endloop
endfacet
facet normal 0.0 0.0 0.0
  outer loop
    vertex 21.5 13.444168090820312 83.0
    vertex 21.5 20.5 83.0
    vertex 21.5 13.444168090820312 82.0
  endloop
endfacet
facet normal 0.0 0.0 0.0
  outer loop
    vertex 21.5 13.444168090820312 82.0
    vertex 21.5 20.5 83.0
    vertex 21.5 20.5 82.0
  endloop
endfacet
facet normal 0.0 0.0 0.0
  outer loop
    vertex 25.4071102142334 7.3284807205200195 83.0
    vertex 24.5 7.3284807205200195 83.0
    vertex 25.4071102142334 3.499999523162842 83.0
  endloop
endfacet
facet normal 0.0 0.0 0.0
  outer loop
    vertex 25.4071102142334 3.499999523162842 83.0
    vertex 24.5 7.3284807205200195 83.0
    vertex 24.5 3.499999523162842 83.0
  endloop
endfacet
facet normal 0.0 0.0 0.0
  outer loop
    vertex 19.0 13.149847984313965 81.0
    vertex 19.0 2.1134161949157715 81.0
    vertex 19.0 13.149847984313965 83.0
  endloop
endfacet
facet normal 0.0 0.0 0.0
  outer loop
    vertex 19.0 13.149847984313965 83.0
    vertex 19.0 2.1134161949157715 81.0
    vertex 19.0 2.1134161949157715 83.0
  endloop
endfacet
facet normal 0.0 0.0 0.0
  outer loop
    vertex 19.0 18.96693992614746 81.0
    vertex 19.0 18.96693992614746 83.0
    vertex 19.0 19.0 81.0
  endloop
endfacet
facet normal 0.0 0.0 0.0
  outer loop
    vertex 19.0 19.0 81.0
    vertex 19.0 18.96693992614746 83.0
    vertex 19.0 19.0 83.0
  endloop
endfacet
facet normal 0.0 0.0 0.0
  outer loop
    vertex 2.000000238418579 7.6343889236450195 81.0
    vertex 2.000000238418579 19.0 81.0
    vertex 2.000000238418579 7.6343889236450195 83.0
  endloop
endfacet
facet normal 0.0 0.0 0.0
  outer loop
    vertex 2.000000238418579 7.6343889236450195 83.0
    vertex 2.000000238418579 19.0 81.0
    vertex 2.000000238418579 19.0 83.0
  endloop
endfacet
facet normal 0.0 0.0 0.0
  outer loop
    vertex 15.200664520263672 3.499999523162842 81.0
    vertex 17.5 3.499999523162842 81.0
    vertex 15.200664520263672 3.499999523162842 83.0
  endloop
endfacet
facet normal 0.0 0.0 0.0
  outer loop
    vertex 15.200664520263672 3.499999523162842 83.0
    vertex 17.5 3.499999523162842 81.0
    vertex 17.5 3.499999523162842 83.0
  endloop
endfacet
facet normal 0.0 0.0 0.0
  outer loop
    vertex 4.886146068572998 3.499999523162842 81.0
    vertex 9.787191390991211 3.499999523162842 81.0
    vertex 4.886146068572998 3.499999523162842 83.0
  endloop
endfacet
facet normal 0.0 0.0 0.0
  outer loop
    vertex 4.886146068572998 3.499999523162842 83.0
    vertex 9.787191390991211 3.499999523162842 81.0
    vertex 9.787191390991211 3.499999523162842 83.0
  endloop
endfacet
facet normal 0.0 0.0 0.0
  outer loop
    vertex 23.0 7.3284807205200195 83.0
    vertex 23.0 2.121530771255493 83.0
    vertex 23.0 7.3284807205200195 81.0
  endloop
endfacet
facet normal 0.0 0.0 0.0
  outer loop
    vertex 23.0 7.3284807205200195 81.0
    vertex 23.0 2.121530771255493 83.0
    vertex 23.0 2.121530771255493 81.0
  endloop
endfacet
facet normal 0.0 0.0 0.0
  outer loop
    vertex 23.0 13.391497611999512 81.0
    vertex 23.0 19.0 81.0
    vertex 23.0 13.391497611999512 83.0
  endloop
endfacet
facet normal 0.0 0.0 0.0
  outer loop
    vertex 23.0 13.391497611999512 83.0
    vertex 23.0 19.0 81.0
    vertex 23.0 19.0 83.0
  endloop
endfacet
facet normal 0.0 0.0 0.0
  outer loop
    vertex 4.886146068572998 2.121530771255493 81.0
    vertex 9.787191390991211 2.121530771255493 81.0
    vertex 4.886146068572998 3.499999523162842 81.0
  endloop
endfacet
facet normal 0.0 0.0 0.0
  outer loop
    vertex 4.886146068572998 3.499999523162842 81.0
    vertex 9.787191390991211 2.121530771255493 81.0
    vertex 9.787191390991211 3.499999523162842 81.0
  endloop
endfacet
facet normal 0.0 0.0 0.0
  outer loop
    vertex 17.5 13.165802955627441 81.0
    vertex 17.5 3.499999523162842 81.0
    vertex 19.0 13.149847984313965 81.0
  endloop
endfacet
facet normal 0.0 0.0 0.0
  outer loop
    vertex 19.0 13.149847984313965 81.0
    vertex 17.5 3.499999523162842 81.0
    vertex 18.472881317138672 2.105926752090454 81.0
  endloop
endfacet
facet normal 0.0 0.0 0.0
  outer loop
    vertex 19.0 13.149847984313965 81.0
    vertex 18.472881317138672 2.105926752090454 81.0
    vertex 19.0 2.1134161949157715 81.0
  endloop
endfacet
facet normal 0.0 0.0 0.0
  outer loop
    vertex 15.200664520263672 3.499999523162842 81.0
    vertex 16.295637130737305 2.0383498668670654 81.0
    vertex 17.5 3.499999523162842 81.0
  endloop
endfacet
facet normal 0.0 0.0 0.0
  outer loop
    vertex 17.5 3.499999523162842 81.0
    vertex 16.295637130737305 2.0383498668670654 81.0
    vertex 16.657270431518555 2.0553932189941406 81.0
  endloop
endfacet
facet normal 0.0 0.0 0.0
  outer loop
    vertex 17.5 3.499999523162842 81.0
    vertex 16.657270431518555 2.0553932189941406 81.0
    vertex 17.059621810913086 2.07081937789917 81.0
  endloop
endfacet
facet normal 0.0 0.0 0.0
  outer loop
    vertex 15.156559944152832 1.9999994039535522 81.0
    vertex 15.709772109985352 1.9999994039535522 81.0
    vertex 15.200664520263672 3.499999523162842 81.0
  endloop
endfacet
facet normal 0.0 0.0 0.0
  outer loop
    vertex 15.200664520263672 3.499999523162842 81.0
    vertex 15.709772109985352 1.9999994039535522 81.0
    vertex 15.978534698486328 2.019836187362671 81.0
  endloop
endfacet
facet normal 0.0 0.0 0.0
  outer loop
    vertex 15.200664520263672 3.499999523162842 81.0
    vertex 15.978534698486328 2.019836187362671 81.0
    vertex 16.295637130737305 2.0383498668670654 81.0
  endloop
endfacet
facet normal 0.0 0.0 0.0
  outer loop
    vertex 17.059621810913086 2.07081937789917 81.0
    vertex 17.49888038635254 2.0844814777374268 81.0
    vertex 17.5 3.499999523162842 81.0
  endloop
endfacet
facet normal 0.0 0.0 0.0
  outer loop
    vertex 17.5 3.499999523162842 81.0
    vertex 17.49888038635254 2.0844814777374268 81.0
    vertex 17.971237182617188 2.0962331295013428 81.0
  endloop
endfacet
facet normal 0.0 0.0 0.0
  outer loop
    vertex 17.5 3.499999523162842 81.0
    vertex 17.971237182617188 2.0962331295013428 81.0
    vertex 18.472881317138672 2.105926752090454 81.0
  endloop
endfacet
facet normal 0.0 0.0 0.0
  outer loop
    vertex 10.093095779418945 17.5 81.0
    vertex 10.093095779418945 18.96693992614746 81.0
    vertex 3.500000238418579 17.5 81.0
  endloop
endfacet
facet normal 0.0 0.0 0.0
  outer loop
    vertex 3.500000238418579 17.5 81.0
    vertex 10.093095779418945 18.96693992614746 81.0
    vertex 2.000000238418579 19.0 81.0
  endloop
endfacet
facet normal 0.0 0.0 0.0
  outer loop
    vertex 3.500000238418579 17.5 81.0
    vertex 2.000000238418579 19.0 81.0
    vertex 2.000000238418579 7.6343889236450195 81.0
  endloop
endfacet
facet normal 0.0 0.0 0.0
  outer loop
    vertex 19.0 18.96693992614746 81.0
    vertex 19.0 19.0 81.0
    vertex 10.093095779418945 18.96693992614746 81.0
  endloop
endfacet
facet normal 0.0 0.0 0.0
  outer loop
    vertex 10.093095779418945 18.96693992614746 81.0
    vertex 19.0 19.0 81.0
    vertex 2.000000238418579 19.0 81.0
  endloop
endfacet
facet normal 0.0 0.0 0.0
  outer loop
    vertex 2.000000238418579 7.6343889236450195 81.0
    vertex 3.500000238418579 7.6343889236450195 81.0
    vertex 3.500000238418579 17.5 81.0
  endloop
endfacet
facet normal 0.0 0.0 0.0
  outer loop
    vertex 30.88855743408203 3.499999523162842 81.0
    vertex 38.5 3.499999523162842 81.0
    vertex 30.88855743408203 3.499999523162842 83.0
  endloop
endfacet
facet normal 0.0 0.0 0.0
  outer loop
    vertex 30.88855743408203 3.499999523162842 83.0
    vertex 38.5 3.499999523162842 81.0
    vertex 38.5 3.499999523162842 83.0
  endloop
endfacet
facet normal 0.0 0.0 0.0
  outer loop
    vertex 24.5 7.3284807205200195 81.0
    vertex 23.0 7.3284807205200195 81.0
    vertex 24.5 3.499999523162842 81.0
  endloop
endfacet
facet normal 0.0 0.0 0.0
  outer loop
    vertex 24.5 3.499999523162842 81.0
    vertex 23.0 7.3284807205200195 81.0
    vertex 23.0 2.121530771255493 81.0
  endloop
endfacet
facet normal 0.0 0.0 0.0
  outer loop
    vertex 24.5 3.499999523162842 81.0
    vertex 23.0 2.121530771255493 81.0
    vertex 25.4071102142334 2.121530771255493 81.0
  endloop
endfacet
facet normal 0.0 0.0 0.0
  outer loop
    vertex 25.4071102142334 2.121530771255493 81.0
    vertex 25.4071102142334 3.499999523162842 81.0
    vertex 24.5 3.499999523162842 81.0
  endloop
endfacet
facet normal 0.0 0.0 0.0
  outer loop
    vertex 23.0 19.0 81.0
    vertex 23.0 13.391497611999512 81.0
    vertex 24.5 17.5 81.0
  endloop
endfacet
facet normal 0.0 0.0 0.0
  outer loop
    vertex 24.5 17.5 81.0
    vertex 23.0 13.391497611999512 81.0
    vertex 23.033754348754883 13.390312194824219 81.0
  endloop
endfacet
facet normal 0.0 0.0 0.0
  outer loop
    vertex 24.5 17.5 81.0
    vertex 23.033754348754883 13.390312194824219 81.0
    vertex 24.5 13.33829116821289 81.0
  endloop
endfacet
facet normal 0.0 0.0 0.0
  outer loop
    vertex 24.5 17.5 81.0
    vertex 38.5 17.5 81.0
    vertex 23.0 19.0 81.0
  endloop
endfacet
facet normal 0.0 0.0 0.0
  outer loop
    vertex 23.0 19.0 81.0
    vertex 38.5 17.5 81.0
    vertex 40.0 19.0 81.0
  endloop
endfacet
facet normal 0.0 0.0 0.0
  outer loop
    vertex 40.0 19.0 81.0
    vertex 38.5 17.5 81.0
    vertex 40.0 1.9999994039535522 81.0
  endloop
endfacet
facet normal 0.0 0.0 0.0
  outer loop
    vertex 40.0 1.9999994039535522 81.0
    vertex 38.5 17.5 81.0
    vertex 38.5 3.499999523162842 81.0
  endloop
endfacet
facet normal 0.0 0.0 0.0
  outer loop
    vertex 40.0 1.9999994039535522 81.0
    vertex 38.5 3.499999523162842 81.0
    vertex 30.8861141204834 1.9999994039535522 81.0
  endloop
endfacet
facet normal 0.0 0.0 0.0
  outer loop
    vertex 30.8861141204834 1.9999994039535522 81.0
    vertex 38.5 3.499999523162842 81.0
    vertex 30.888561248779297 2.4030585289001465 81.0
  endloop
endfacet
facet normal 0.0 0.0 0.0
  outer loop
    vertex 30.888561248779297 2.4030585289001465 81.0
    vertex 38.5 3.499999523162842 81.0
    vertex 30.889799118041992 2.788661241531372 81.0
  endloop
endfacet
facet normal 0.0 0.0 0.0
  outer loop
    vertex 30.889799118041992 2.788661241531372 81.0
    vertex 38.5 3.499999523162842 81.0
    vertex 30.889806747436523 3.154932975769043 81.0
  endloop
endfacet
facet normal 0.0 0.0 0.0
  outer loop
    vertex 30.889806747436523 3.154932975769043 81.0
    vertex 38.5 3.499999523162842 81.0
    vertex 30.88855743408203 3.499999523162842 81.0
  endloop
endfacet
facet normal 0.0 0.0 0.0
  outer loop
    vertex 30.8861141204834 1.9999994039535522 83.0
    vertex 40.0 1.9999994039535522 83.0
    vertex 30.8861141204834 1.9999994039535522 81.0
  endloop
endfacet
facet normal 0.0 0.0 0.0
  outer loop
    vertex 30.8861141204834 1.9999994039535522 81.0
    vertex 40.0 1.9999994039535522 83.0
    vertex 40.0 1.9999994039535522 81.0
  endloop
endfacet
facet normal 0.0 0.0 0.0
  outer loop
    vertex 10.084383010864258 0.5 83.0
    vertex 15.026530265808105 0.5 83.0
    vertex 10.093095779418945 0.7620487213134766 83.0
  endloop
endfacet
facet normal 0.0 0.0 0.0
  outer loop
    vertex 10.093095779418945 0.7620487213134766 83.0
    vertex 15.026530265808105 0.5 83.0
    vertex 15.04593276977539 0.8576079607009888 83.0
  endloop
endfacet
facet normal 0.0 0.0 0.0
  outer loop
    vertex 10.093095779418945 0.7620487213134766 83.0
    vertex 15.04593276977539 0.8576079607009888 83.0
    vertex 12.63188362121582 1.5734812021255493 83.0
  endloop
endfacet
facet normal 0.0 0.0 0.0
  outer loop
    vertex 12.63188362121582 1.5734812021255493 83.0
    vertex 15.04593276977539 0.8576079607009888 83.0
    vertex 15.069043159484863 1.1747779846191406 83.0
  endloop
endfacet
facet normal 0.0 0.0 0.0
  outer loop
    vertex 12.63188362121582 1.5734812021255493 83.0
    vertex 15.069043159484863 1.1747779846191406 83.0
    vertex 15.095426559448242 1.4449163675308228 83.0
  endloop
endfacet
facet normal 0.0 0.0 0.0
  outer loop
    vertex 15.095426559448242 1.4449163675308228 83.0
    vertex 15.124650955200195 1.6614296436309814 83.0
    vertex 12.63188362121582 1.5734812021255493 83.0
  endloop
endfacet
facet normal 0.0 0.0 0.0
  outer loop
    vertex 12.63188362121582 1.5734812021255493 83.0
    vertex 10.798227310180664 1.5087873935699463 83.0
    vertex 10.093095779418945 0.7620487213134766 83.0
  endloop
endfacet
facet normal 0.0 0.0 0.0
  outer loop
    vertex 10.093095779418945 0.7620487213134766 83.0
    vertex 10.798227310180664 1.5087873935699463 83.0
    vertex 10.093095779418945 1.5087873935699463 83.0
  endloop
endfacet
facet normal 0.0 0.0 0.0
  outer loop
    vertex 15.19302749633789 1.9110510349273682 83.0
    vertex 15.198383331298828 1.9172818660736084 83.0
    vertex 15.156559944152832 1.9999994039535522 83.0
  endloop
endfacet
facet normal 0.0 0.0 0.0
  outer loop
    vertex 15.156559944152832 1.9999994039535522 83.0
    vertex 15.198383331298828 1.9172818660736084 83.0
    vertex 15.202507972717285 1.9207309484481812 83.0
  endloop
endfacet
facet normal 0.0 0.0 0.0
  outer loop
    vertex 15.156559944152832 1.9999994039535522 83.0
    vertex 15.202507972717285 1.9207309484481812 83.0
    vertex 15.207064628601074 1.9236302375793457 83.0
  endloop
endfacet
facet normal 0.0 0.0 0.0
  outer loop
    vertex 15.207064628601074 1.9236302375793457 83.0
    vertex 15.217016220092773 1.9285197257995605 83.0
    vertex 15.156559944152832 1.9999994039535522 83.0
  endloop
endfacet
facet normal 0.0 0.0 0.0
  outer loop
    vertex 15.156559944152832 1.9999994039535522 83.0
    vertex 15.217016220092773 1.9285197257995605 83.0
    vertex 15.240224838256836 1.9367401599884033 83.0
  endloop
endfacet
facet normal 0.0 0.0 0.0
  outer loop
    vertex 15.156559944152832 1.9999994039535522 83.0
    vertex 15.240224838256836 1.9367401599884033 83.0
    vertex 15.29464054107666 1.9499249458312988 83.0
  endloop
endfacet
facet normal 0.0 0.0 0.0
  outer loop
    vertex 15.29464054107666 1.9499249458312988 83.0
    vertex 15.426603317260742 1.9708951711654663 83.0
    vertex 15.156559944152832 1.9999994039535522 83.0
  endloop
endfacet
facet normal 0.0 0.0 0.0
  outer loop
    vertex 15.156559944152832 1.9999994039535522 83.0
    vertex 15.426603317260742 1.9708951711654663 83.0
    vertex 15.55685806274414 1.9858589172363281 83.0
  endloop
endfacet
facet normal 0.0 0.0 0.0
  outer loop
    vertex 15.156559944152832 1.9999994039535522 83.0
    vertex 15.55685806274414 1.9858589172363281 83.0
    vertex 15.709772109985352 1.9999994039535522 83.0
  endloop
endfacet
facet normal 0.0 0.0 0.0
  outer loop
    vertex 15.150522232055664 1.7946480512619019 83.0
    vertex 15.168744087219238 1.8594132661819458 83.0
    vertex 15.156559944152832 1.9999994039535522 83.0
  endloop
endfacet
facet normal 0.0 0.0 0.0
  outer loop
    vertex 15.156559944152832 1.9999994039535522 83.0
    vertex 15.168744087219238 1.8594132661819458 83.0
    vertex 15.180733680725098 1.8897465467453003 83.0
  endloop
endfacet
facet normal 0.0 0.0 0.0
  outer loop
    vertex 15.156559944152832 1.9999994039535522 83.0
    vertex 15.180733680725098 1.8897465467453003 83.0
    vertex 15.188349723815918 1.904100775718689 83.0
  endloop
endfacet
facet normal 0.0 0.0 0.0
  outer loop
    vertex 15.188349723815918 1.904100775718689 83.0
    vertex 15.19302749633789 1.9110510349273682 83.0
    vertex 15.156559944152832 1.9999994039535522 83.0
  endloop
endfacet
facet normal 0.0 0.0 0.0
  outer loop
    vertex 19.0 13.149847984313965 83.0
    vertex 19.0 2.1134161949157715 83.0
    vertex 19.15774154663086 13.148170471191406 83.0
  endloop
endfacet
facet normal 0.0 0.0 0.0
  outer loop
    vertex 19.15774154663086 13.148170471191406 83.0
    vertex 19.0 2.1134161949157715 83.0
    vertex 19.68907928466797 2.119454860687256 83.0
  endloop
endfacet
facet normal 0.0 0.0 0.0
  outer loop
    vertex 19.15774154663086 13.148170471191406 83.0
    vertex 19.68907928466797 2.119454860687256 83.0
    vertex 20.20016098022461 7.3284807205200195 83.0
  endloop
endfacet
facet normal 0.0 0.0 0.0
  outer loop
    vertex 20.20016098022461 7.3284807205200195 83.0
    vertex 19.68907928466797 2.119454860687256 83.0
    vertex 20.404401779174805 2.121530771255493 83.0
  endloop
endfacet
facet normal 0.0 0.0 0.0
  outer loop
    vertex 20.20016098022461 7.3284807205200195 83.0
    vertex 20.404401779174805 2.121530771255493 83.0
    vertex 20.5 7.3284807205200195 83.0
  endloop
endfacet
facet normal 0.0 0.0 0.0
  outer loop
    vertex 20.5 7.3284807205200195 83.0
    vertex 20.404401779174805 2.121530771255493 83.0
    vertex 20.5 2.121530771255493 83.0
  endloop
endfacet
facet normal 0.0 0.0 0.0
  outer loop
    vertex 20.20016098022461 7.3284807205200195 83.0
    vertex 20.20016098022461 13.148170471191406 83.0
    vertex 19.15774154663086 13.148170471191406 83.0
  endloop
endfacet
facet normal 0.0 0.0 0.0
  outer loop
    vertex 19.0 18.96693992614746 83.0
    vertex 20.5 18.96693992614746 83.0
    vertex 19.0 19.0 83.0
  endloop
endfacet
facet normal 0.0 0.0 0.0
  outer loop
    vertex 19.0 19.0 83.0
    vertex 20.5 18.96693992614746 83.0
    vertex 20.5 20.5 83.0
  endloop
endfacet
facet normal 0.0 0.0 0.0
  outer loop
    vertex 19.0 19.0 83.0
    vertex 20.5 20.5 83.0
    vertex 2.000000238418579 19.0 83.0
  endloop
endfacet
facet normal 0.0 0.0 0.0
  outer loop
    vertex 2.000000238418579 19.0 83.0
    vertex 20.5 20.5 83.0
    vertex 0.5 20.5 83.0
  endloop
endfacet
facet normal 0.0 0.0 0.0
  outer loop
    vertex 2.000000238418579 19.0 83.0
    vertex 0.5 20.5 83.0
    vertex 0.5 7.6343889236450195 83.0
  endloop
endfacet
facet normal 0.0 0.0 0.0
  outer loop
    vertex 0.5 7.6343889236450195 83.0
    vertex 2.000000238418579 7.6343889236450195 83.0
    vertex 2.000000238418579 19.0 83.0
  endloop
endfacet
facet normal 0.0 0.0 0.0
  outer loop
    vertex 23.0 7.3284807205200195 83.0
    vertex 21.5 7.3284807205200195 83.0
    vertex 23.0 2.121530771255493 83.0
  endloop
endfacet
facet normal 0.0 0.0 0.0
  outer loop
    vertex 23.0 2.121530771255493 83.0
    vertex 21.5 7.3284807205200195 83.0
    vertex 21.5 2.121530771255493 83.0
  endloop
endfacet
facet normal 0.0 0.0 0.0
  outer loop
    vertex 23.0 13.391497611999512 83.0
    vertex 23.0 19.0 83.0
    vertex 21.5 13.444168090820312 83.0
  endloop
endfacet
facet normal 0.0 0.0 0.0
  outer loop
    vertex 21.5 13.444168090820312 83.0
    vertex 23.0 19.0 83.0
    vertex 21.5 20.5 83.0
  endloop
endfacet
facet normal 0.0 0.0 0.0
  outer loop
    vertex 21.5 20.5 83.0
    vertex 23.0 19.0 83.0
    vertex 41.5 20.5 83.0
  endloop
endfacet
facet normal 0.0 0.0 0.0
  outer loop
    vertex 41.5 20.5 83.0
    vertex 23.0 19.0 83.0
    vertex 40.0 19.0 83.0
  endloop
endfacet
facet normal 0.0 0.0 0.0
  outer loop
    vertex 41.5 20.5 83.0
    vertex 40.0 19.0 83.0
    vertex 41.5 0.5 83.0
  endloop
endfacet
facet normal 0.0 0.0 0.0
  outer loop
    vertex 41.5 0.5 83.0
    vertex 40.0 19.0 83.0
    vertex 40.0 1.9999994039535522 83.0
  endloop
endfacet
facet normal 0.0 0.0 0.0
  outer loop
    vertex 41.5 0.5 83.0
    vertex 40.0 1.9999994039535522 83.0
    vertex 30.868717193603516 0.5 83.0
  endloop
endfacet
facet normal 0.0 0.0 0.0
  outer loop
    vertex 30.868717193603516 0.5 83.0
    vertex 40.0 1.9999994039535522 83.0
    vertex 30.878833770751953 1.2443654537200928 83.0
  endloop
endfacet
facet normal 0.0 0.0 0.0
  outer loop
    vertex 30.878833770751953 1.2443654537200928 83.0
    vertex 40.0 1.9999994039535522 83.0
    vertex 30.8861141204834 1.9999994039535522 83.0
  endloop
endfacet
facet normal 0.0 0.0 0.0
  outer loop
    vertex 30.868717193603516 0.5 82.0
    vertex 40.5 0.5 82.0
    vertex 30.868717193603516 0.5 83.0
  endloop
endfacet
facet normal 0.0 0.0 0.0
  outer loop
    vertex 30.868717193603516 0.5 83.0
    vertex 40.5 0.5 82.0
    vertex 41.5 0.5 83.0
  endloop
endfacet
facet normal 0.0 0.0 0.0
  outer loop
    vertex 41.5 0.5 83.0
    vertex 40.5 0.5 82.0
    vertex 41.5 0.5 55.400001525878906
  endloop
endfacet
facet normal 0.0 0.0 0.0
  outer loop
    vertex 41.5 0.5 55.400001525878906
    vertex 40.5 0.5 82.0
    vertex 41.5 0.5 27.600000381469727
  endloop
endfacet
facet normal 0.0 0.0 0.0
  outer loop
    vertex 41.5 0.5 27.600000381469727
    vertex 40.5 0.5 82.0
    vertex 40.5 0.5 0.0
  endloop
endfacet
facet normal 0.0 0.0 0.0
  outer loop
    vertex 41.5 0.5 27.600000381469727
    vertex 40.5 0.5 0.0
    vertex 41.5 0.5 0.0
  endloop
endfacet
facet normal 0.0 0.0 0.0
  outer loop
    vertex -5.082894325256348 -21.5 83.0
    vertex -0.6289161443710327 -21.5 83.0
    vertex -5.082894325256348 -21.5 82.0
  endloop
endfacet
facet normal 0.0 0.0 0.0
  outer loop
    vertex -5.082894325256348 -21.5 82.0
    vertex -0.6289161443710327 -21.5 83.0
    vertex -0.6289161443710327 -21.5 82.0
  endloop
endfacet
facet normal 0.0 0.0 0.0
  outer loop
    vertex 10.084383010864258 0.5 82.0
    vertex 15.026530265808105 0.5 82.0
    vertex 10.084383010864258 0.5 83.0
  endloop
endfacet
facet normal 0.0 0.0 0.0
  outer loop
    vertex 10.084383010864258 0.5 83.0
    vertex 15.026530265808105 0.5 82.0
    vertex 15.026530265808105 0.5 83.0
  endloop
endfacet
facet normal 0.0 0.0 0.0
  outer loop
    vertex 30.85108184814453 -0.5 82.0
    vertex 30.85108184814453 -0.5 83.0
    vertex 40.5 -0.5 82.0
  endloop
endfacet
facet normal 0.0 0.0 0.0
  outer loop
    vertex 40.5 -0.5 82.0
    vertex 30.85108184814453 -0.5 83.0
    vertex 41.5 -0.5 83.0
  endloop
endfacet
facet normal 0.0 0.0 0.0
  outer loop
    vertex 40.5 -0.5 82.0
    vertex 41.5 -0.5 83.0
    vertex 41.5 -0.5 55.400001525878906
  endloop
endfacet
facet normal 0.0 0.0 0.0
  outer loop
    vertex 41.5 -0.5 55.400001525878906
    vertex 41.5 -0.5 27.600000381469727
    vertex 40.5 -0.5 82.0
  endloop
endfacet
facet normal 0.0 0.0 0.0
  outer loop
    vertex 40.5 -0.5 82.0
    vertex 41.5 -0.5 27.600000381469727
    vertex 40.5 -0.5 0.0
  endloop
endfacet
facet normal 0.0 0.0 0.0
  outer loop
    vertex 40.5 -0.5 0.0
    vertex 41.5 -0.5 27.600000381469727
    vertex 41.5 -0.5 0.0
  endloop
endfacet
facet normal 0.0 0.0 0.0
  outer loop
    vertex 30.719139099121094 -5.000000476837158 81.0
    vertex 30.552846908569336 -9.672897338867188 81.0
    vertex 37.0 -5.000000476837158 81.0
  endloop
endfacet
facet normal 0.0 0.0 0.0
  outer loop
    vertex 37.0 -5.000000476837158 81.0
    vertex 30.552846908569336 -9.672897338867188 81.0
    vertex 37.0 -16.0 81.0
  endloop
endfacet
facet normal 0.0 0.0 0.0
  outer loop
    vertex 37.0 -16.0 81.0
    vertex 30.552846908569336 -9.672897338867188 81.0
    vertex 26.0 -16.0 81.0
  endloop
endfacet
facet normal 0.0 0.0 0.0
  outer loop
    vertex 26.0 -16.0 81.0
    vertex 30.552846908569336 -9.672897338867188 81.0
    vertex 29.92296600341797 -9.686235427856445 81.0
  endloop
endfacet
facet normal 0.0 0.0 0.0
  outer loop
    vertex 26.0 -16.0 81.0
    vertex 29.92296600341797 -9.686235427856445 81.0
    vertex 29.316898345947266 -9.701991081237793 81.0
  endloop
endfacet
facet normal 0.0 0.0 0.0
  outer loop
    vertex 29.316898345947266 -9.701991081237793 81.0
    vertex 28.750770568847656 -9.719889640808105 81.0
    vertex 26.0 -16.0 81.0
  endloop
endfacet
facet normal 0.0 0.0 0.0
  outer loop
    vertex 26.0 -16.0 81.0
    vertex 28.750770568847656 -9.719889640808105 81.0
    vertex 28.487722396850586 -9.729557991027832 81.0
  endloop
endfacet
facet normal 0.0 0.0 0.0
  outer loop
    vertex 26.0 -16.0 81.0
    vertex 28.487722396850586 -9.729557991027832 81.0
    vertex 28.240703582763672 -9.73965835571289 81.0
  endloop
endfacet
facet normal 0.0 0.0 0.0
  outer loop
    vertex 28.240703582763672 -9.73965835571289 81.0
    vertex 26.29703140258789 -9.822840690612793 81.0
    vertex 26.0 -16.0 81.0
  endloop
endfacet
facet normal 0.0 0.0 0.0
  outer loop
    vertex 26.0 -16.0 81.0
    vertex 26.29703140258789 -9.822840690612793 81.0
    vertex 26.0 -9.822840690612793 81.0
  endloop
endfacet
facet normal 0.0 0.0 0.0
  outer loop
    vertex 5.000000476837158 -15.35665225982666 83.0
    vertex 5.000000476837158 -16.0 83.0
    vertex 5.000000476837158 -15.35665225982666 81.0
  endloop
endfacet
facet normal 0.0 0.0 0.0
  outer loop
    vertex 5.000000476837158 -15.35665225982666 81.0
    vertex 5.000000476837158 -16.0 83.0
    vertex 5.000000476837158 -16.0 81.0
  endloop
endfacet
facet normal 0.0 0.0 0.0
  outer loop
    vertex 5.000000476837158 -9.211016654968262 81.0
    vertex 5.000000476837158 -5.000000476837158 81.0
    vertex 5.000000476837158 -9.211016654968262 83.0
  endloop
endfacet
facet normal 0.0 0.0 0.0
  outer loop
    vertex 5.000000476837158 -9.211016654968262 83.0
    vertex 5.000000476837158 -5.000000476837158 81.0
    vertex 5.000000476837158 -5.000000476837158 83.0
  endloop
endfacet
facet normal 0.0 0.0 0.0
  outer loop
    vertex 26.0 -9.822840690612793 83.0
    vertex 26.0 -16.0 83.0
    vertex 26.0 -9.822840690612793 81.0
  endloop
endfacet
facet normal 0.0 0.0 0.0
  outer loop
    vertex 26.0 -9.822840690612793 81.0
    vertex 26.0 -16.0 83.0
    vertex 26.0 -16.0 81.0
  endloop
endfacet
facet normal 0.0 0.0 0.0
  outer loop
    vertex 10.051132202148438 -0.5 83.0
    vertex 14.997489929199219 -0.5 83.0
    vertex 10.051132202148438 -0.5 82.0
  endloop
endfacet
facet normal 0.0 0.0 0.0
  outer loop
    vertex 10.051132202148438 -0.5 82.0
    vertex 14.997489929199219 -0.5 83.0
    vertex 14.997489929199219 -0.5 82.0
  endloop
endfacet
facet normal 0.0 0.0 0.0
  outer loop
    vertex 30.816547393798828 -2.000000238418579 81.0
    vertex 40.0 -2.000000238418579 81.0
    vertex 30.816547393798828 -2.000000238418579 83.0
  endloop
endfacet
facet normal 0.0 0.0 0.0
  outer loop
    vertex 30.816547393798828 -2.000000238418579 83.0
    vertex 40.0 -2.000000238418579 81.0
    vertex 40.0 -2.000000238418579 83.0
  endloop
endfacet
facet normal 0.0 0.0 0.0
  outer loop
    vertex 10.0015287399292 -2.000000238418579 81.0
    vertex 14.994141578674316 -2.000000238418579 81.0
    vertex 10.0015287399292 -2.000000238418579 83.0
  endloop
endfacet
facet normal 0.0 0.0 0.0
  outer loop
    vertex 10.0015287399292 -2.000000238418579 83.0
    vertex 14.994141578674316 -2.000000238418579 81.0
    vertex 14.994141578674316 -2.000000238418579 83.0
  endloop
endfacet
facet normal 0.0 0.0 0.0
  outer loop
    vertex 9.952152252197266 -3.500000238418579 83.0
    vertex 14.994141578674316 -3.500000238418579 83.0
    vertex 9.952152252197266 -3.500000238418579 81.0
  endloop
endfacet
facet normal 0.0 0.0 0.0
  outer loop
    vertex 9.952152252197266 -3.500000238418579 81.0
    vertex 14.994141578674316 -3.500000238418579 83.0
    vertex 14.994141578674316 -3.500000238418579 81.0
  endloop
endfacet
facet normal 0.0 0.0 0.0
  outer loop
    vertex 25.4071102142334 -4.0040740966796875 83.0
    vertex 24.5 -4.0040740966796875 83.0
    vertex 25.4071102142334 -9.211016654968262 83.0
  endloop
endfacet
facet normal 0.0 0.0 0.0
  outer loop
    vertex 25.4071102142334 -9.211016654968262 83.0
    vertex 24.5 -4.0040740966796875 83.0
    vertex 24.5 -9.211016654968262 83.0
  endloop
endfacet
facet normal 0.0 0.0 0.0
  outer loop
    vertex 25.61264419555664 -17.5 81.0
    vertex 38.5 -17.5 81.0
    vertex 25.61264419555664 -17.5 83.0
  endloop
endfacet
facet normal 0.0 0.0 0.0
  outer loop
    vertex 25.61264419555664 -17.5 83.0
    vertex 38.5 -17.5 81.0
    vertex 38.5 -17.5 83.0
  endloop
endfacet
facet normal 0.0 0.0 0.0
  outer loop
    vertex 25.568010330200195 -20.5 82.0
    vertex 40.5 -20.5 82.0
    vertex 25.568010330200195 -20.5 83.0
  endloop
endfacet
facet normal 0.0 0.0 0.0
  outer loop
    vertex 25.568010330200195 -20.5 83.0
    vertex 40.5 -20.5 82.0
    vertex 41.5 -20.5 83.0
  endloop
endfacet
facet normal 0.0 0.0 0.0
  outer loop
    vertex 41.5 -20.5 83.0
    vertex 40.5 -20.5 82.0
    vertex 41.5 -20.5 55.400001525878906
  endloop
endfacet
facet normal 0.0 0.0 0.0
  outer loop
    vertex 41.5 -20.5 55.400001525878906
    vertex 40.5 -20.5 82.0
    vertex 41.5 -20.5 27.600000381469727
  endloop
endfacet
facet normal 0.0 0.0 0.0
  outer loop
    vertex 41.5 -20.5 27.600000381469727
    vertex 40.5 -20.5 82.0
    vertex 40.5 -20.5 0.0
  endloop
endfacet
facet normal 0.0 0.0 0.0
  outer loop
    vertex 41.5 -20.5 27.600000381469727
    vertex 40.5 -20.5 0.0
    vertex 41.5 -20.5 0.0
  endloop
endfacet
facet normal 0.0 0.0 0.0
  outer loop
    vertex 24.5 -4.0040740966796875 81.0
    vertex 23.0 -4.0040740966796875 81.0
    vertex 24.5 -9.211016654968262 81.0
  endloop
endfacet
facet normal 0.0 0.0 0.0
  outer loop
    vertex 24.5 -9.211016654968262 81.0
    vertex 23.0 -4.0040740966796875 81.0
    vertex 23.0 -9.211016654968262 81.0
  endloop
endfacet
facet normal 0.0 0.0 0.0
  outer loop
    vertex 30.77203369140625 -3.500000238418579 81.0
    vertex 38.5 -3.500000238418579 81.0
    vertex 30.816547393798828 -2.000000238418579 81.0
  endloop
endfacet
facet normal 0.0 0.0 0.0
  outer loop
    vertex 30.816547393798828 -2.000000238418579 81.0
    vertex 38.5 -3.500000238418579 81.0
    vertex 40.0 -2.000000238418579 81.0
  endloop
endfacet
facet normal 0.0 0.0 0.0
  outer loop
    vertex 40.0 -2.000000238418579 81.0
    vertex 38.5 -3.500000238418579 81.0
    vertex 40.0 -19.0 81.0
  endloop
endfacet
facet normal 0.0 0.0 0.0
  outer loop
    vertex 40.0 -19.0 81.0
    vertex 38.5 -3.500000238418579 81.0
    vertex 38.5 -17.5 81.0
  endloop
endfacet
facet normal 0.0 0.0 0.0
  outer loop
    vertex 40.0 -19.0 81.0
    vertex 38.5 -17.5 81.0
    vertex 25.5903263092041 -19.0 81.0
  endloop
endfacet
facet normal 0.0 0.0 0.0
  outer loop
    vertex 25.5903263092041 -19.0 81.0
    vertex 38.5 -17.5 81.0
    vertex 25.61264419555664 -17.5 81.0
  endloop
endfacet
facet normal 0.0 0.0 0.0
  outer loop
    vertex 15.30004596710205 -5.000000476837158 81.0
    vertex 16.0 -5.000000476837158 81.0
    vertex 15.30004596710205 -5.000000476837158 83.0
  endloop
endfacet
facet normal 0.0 0.0 0.0
  outer loop
    vertex 15.30004596710205 -5.000000476837158 83.0
    vertex 16.0 -5.000000476837158 81.0
    vertex 16.0 -5.000000476837158 83.0
  endloop
endfacet
facet normal 0.0 0.0 0.0
  outer loop
    vertex 14.946575164794922 -5.000000476837158 83.0
    vertex 14.946575164794922 -5.000000476837158 81.0
    vertex 14.994141578674316 -5.000000476837158 83.0
  endloop
endfacet
facet normal 0.0 0.0 0.0
  outer loop
    vertex 14.994141578674316 -5.000000476837158 83.0
    vertex 14.946575164794922 -5.000000476837158 81.0
    vertex 14.994141578674316 -5.000000476837158 81.0
  endloop
endfacet
facet normal 0.0 0.0 0.0
  outer loop
    vertex 10.080788612365723 -5.000000476837158 83.0
    vertex 10.080788612365723 -5.000000476837158 81.0
    vertex 10.093095779418945 -5.000000476837158 83.0
  endloop
endfacet
facet normal 0.0 0.0 0.0
  outer loop
    vertex 10.093095779418945 -5.000000476837158 83.0
    vertex 10.080788612365723 -5.000000476837158 81.0
    vertex 10.093095779418945 -5.000000476837158 81.0
  endloop
endfacet
facet normal 0.0 0.0 0.0
  outer loop
    vertex 15.30004596710205 -9.211016654968262 81.0
    vertex 16.0 -9.211016654968262 81.0
    vertex 15.30004596710205 -5.000000476837158 81.0
  endloop
endfacet
facet normal 0.0 0.0 0.0
  outer loop
    vertex 15.30004596710205 -5.000000476837158 81.0
    vertex 16.0 -9.211016654968262 81.0
    vertex 16.0 -5.000000476837158 81.0
  endloop
endfacet
facet normal 0.0 0.0 0.0
  outer loop
    vertex 14.946575164794922 -5.000000476837158 81.0
    vertex 14.994141578674316 -5.994414806365967 81.0
    vertex 14.994141578674316 -5.000000476837158 81.0
  endloop
endfacet
facet normal 0.0 0.0 0.0
  outer loop
    vertex 5.000000476837158 -15.35665225982666 81.0
    vertex 5.000000476837158 -16.0 81.0
    vertex 7.4138360023498535 -15.27192497253418 81.0
  endloop
endfacet
facet normal 0.0 0.0 0.0
  outer loop
    vertex 7.4138360023498535 -15.27192497253418 81.0
    vertex 5.000000476837158 -16.0 81.0
    vertex 9.940608978271484 -15.183207511901855 81.0
  endloop
endfacet
facet normal 0.0 0.0 0.0
  outer loop
    vertex 9.940608978271484 -15.183207511901855 81.0
    vertex 5.000000476837158 -16.0 81.0
    vertex 15.116905212402344 -16.0 81.0
  endloop
endfacet
facet normal 0.0 0.0 0.0
  outer loop
    vertex 9.940608978271484 -15.183207511901855 81.0
    vertex 15.116905212402344 -16.0 81.0
    vertex 15.188684463500977 -14.367828369140625 81.0
  endloop
endfacet
facet normal 0.0 0.0 0.0
  outer loop
    vertex 15.188684463500977 -14.367828369140625 81.0
    vertex 15.21981430053711 -13.589406967163086 81.0
    vertex 9.940608978271484 -15.183207511901855 81.0
  endloop
endfacet
facet normal 0.0 0.0 0.0
  outer loop
    vertex 9.940608978271484 -15.183207511901855 81.0
    vertex 15.21981430053711 -13.589406967163086 81.0
    vertex 15.233884811401367 -13.21806526184082 81.0
  endloop
endfacet
facet normal 0.0 0.0 0.0
  outer loop
    vertex 9.940608978271484 -15.183207511901855 81.0
    vertex 15.233884811401367 -13.21806526184082 81.0
    vertex 15.246843338012695 -12.861858367919922 81.0
  endloop
endfacet
facet normal 0.0 0.0 0.0
  outer loop
    vertex 15.246843338012695 -12.861858367919922 81.0
    vertex 15.2586030960083 -12.523200035095215 81.0
    vertex 9.940608978271484 -15.183207511901855 81.0
  endloop
endfacet
facet normal 0.0 0.0 0.0
  outer loop
    vertex 9.940608978271484 -15.183207511901855 81.0
    vertex 15.2586030960083 -12.523200035095215 81.0
    vertex 10.093095779418945 -9.516928672790527 81.0
  endloop
endfacet
facet normal 0.0 0.0 0.0
  outer loop
    vertex 9.940608978271484 -15.183207511901855 81.0
    vertex 10.093095779418945 -9.516928672790527 81.0
    vertex 9.940608978271484 -9.363511085510254 81.0
  endloop
endfacet
facet normal 0.0 0.0 0.0
  outer loop
    vertex 9.940608978271484 -9.363511085510254 81.0
    vertex 10.093095779418945 -9.516928672790527 81.0
    vertex 10.015463829040527 -6.836744785308838 81.0
  endloop
endfacet
facet normal 0.0 0.0 0.0
  outer loop
    vertex 9.940608978271484 -9.363511085510254 81.0
    vertex 10.015463829040527 -6.836744785308838 81.0
    vertex 9.924829483032227 -9.362957000732422 81.0
  endloop
endfacet
facet normal 0.0 0.0 0.0
  outer loop
    vertex 15.2586030960083 -12.523200035095215 81.0
    vertex 15.269076347351074 -12.204505920410156 81.0
    vertex 10.093095779418945 -9.516928672790527 81.0
  endloop
endfacet
facet normal 0.0 0.0 0.0
  outer loop
    vertex 10.093095779418945 -9.516928672790527 81.0
    vertex 15.269076347351074 -12.204505920410156 81.0
    vertex 15.278177261352539 -11.908190727233887 81.0
  endloop
endfacet
facet normal 0.0 0.0 0.0
  outer loop
    vertex 10.093095779418945 -9.516928672790527 81.0
    vertex 15.278177261352539 -11.908190727233887 81.0
    vertex 15.285818099975586 -11.636672019958496 81.0
  endloop
endfacet
facet normal 0.0 0.0 0.0
  outer loop
    vertex 15.285818099975586 -11.636672019958496 81.0
    vertex 15.291912078857422 -11.392362594604492 81.0
    vertex 10.093095779418945 -9.516928672790527 81.0
  endloop
endfacet
facet normal 0.0 0.0 0.0
  outer loop
    vertex 10.093095779418945 -9.516928672790527 81.0
    vertex 15.291912078857422 -11.392362594604492 81.0
    vertex 15.29637336730957 -11.177679061889648 81.0
  endloop
endfacet
facet normal 0.0 0.0 0.0
  outer loop
    vertex 10.093095779418945 -9.516928672790527 81.0
    vertex 15.29637336730957 -11.177679061889648 81.0
    vertex 15.299113273620605 -10.995036125183105 81.0
  endloop
endfacet
facet normal 0.0 0.0 0.0
  outer loop
    vertex 15.299113273620605 -10.995036125183105 81.0
    vertex 15.30004596710205 -10.84684944152832 81.0
    vertex 10.093095779418945 -9.516928672790527 81.0
  endloop
endfacet
facet normal 0.0 0.0 0.0
  outer loop
    vertex 10.093095779418945 -9.516928672790527 81.0
    vertex 15.30004596710205 -10.84684944152832 81.0
    vertex 14.994141578674316 -9.516928672790527 81.0
  endloop
endfacet
facet normal 0.0 0.0 0.0
  outer loop
    vertex 14.994141578674316 -9.516928672790527 81.0
    vertex 15.30004596710205 -10.84684944152832 81.0
    vertex 15.146123886108398 -9.516928672790527 81.0
  endloop
endfacet
facet normal 0.0 0.0 0.0
  outer loop
    vertex 14.994141578674316 -9.516928672790527 81.0
    vertex 15.146123886108398 -9.516928672790527 81.0
    vertex 15.124192237854004 -8.79825496673584 81.0
  endloop
endfacet
facet normal 0.0 0.0 0.0
  outer loop
    vertex 15.30004596710205 -10.84684944152832 81.0
    vertex 15.30004596710205 -9.516928672790527 81.0
    vertex 15.146123886108398 -9.516928672790527 81.0
  endloop
endfacet
facet normal 0.0 0.0 0.0
  outer loop
    vertex 15.124192237854004 -8.79825496673584 81.0
    vertex 15.111148834228516 -8.460346221923828 81.0
    vertex 14.994141578674316 -9.516928672790527 81.0
  endloop
endfacet
facet normal 0.0 0.0 0.0
  outer loop
    vertex 14.994141578674316 -9.516928672790527 81.0
    vertex 15.111148834228516 -8.460346221923828 81.0
    vertex 15.096720695495605 -8.138947486877441 81.0
  endloop
endfacet
facet normal 0.0 0.0 0.0
  outer loop
    vertex 14.994141578674316 -9.516928672790527 81.0
    vertex 15.096720695495605 -8.138947486877441 81.0
    vertex 14.994141578674316 -5.994414806365967 81.0
  endloop
endfacet
facet normal 0.0 0.0 0.0
  outer loop
    vertex 10.093095779418945 -9.516928672790527 81.0
    vertex 10.093095779418945 -5.000000476837158 81.0
    vertex 10.015463829040527 -6.836744785308838 81.0
  endloop
endfacet
facet normal 0.0 0.0 0.0
  outer loop
    vertex 10.015463829040527 -6.836744785308838 81.0
    vertex 10.093095779418945 -5.000000476837158 81.0
    vertex 10.080788612365723 -5.000000476837158 81.0
  endloop
endfacet
facet normal 0.0 0.0 0.0
  outer loop
    vertex 5.000000476837158 -9.211016654968262 81.0
    vertex 5.597064971923828 -9.211016654968262 81.0
    vertex 5.000000476837158 -5.000000476837158 81.0
  endloop
endfacet
facet normal 0.0 0.0 0.0
  outer loop
    vertex 5.000000476837158 -5.000000476837158 81.0
    vertex 5.597064971923828 -9.211016654968262 81.0
    vertex 7.4138360023498535 -9.274786949157715 81.0
  endloop
endfacet
facet normal 0.0 0.0 0.0
  outer loop
    vertex 5.000000476837158 -5.000000476837158 81.0
    vertex 7.4138360023498535 -9.274786949157715 81.0
    vertex 9.850961685180664 -6.684250831604004 81.0
  endloop
endfacet
facet normal 0.0 0.0 0.0
  outer loop
    vertex 9.850961685180664 -6.684250831604004 81.0
    vertex 7.4138360023498535 -9.274786949157715 81.0
    vertex 9.907319068908691 -9.36234188079834 81.0
  endloop
endfacet
facet normal 0.0 0.0 0.0
  outer loop
    vertex 9.850961685180664 -6.684250831604004 81.0
    vertex 9.815004348754883 -5.000000476837158 81.0
    vertex 5.000000476837158 -5.000000476837158 81.0
  endloop
endfacet
facet normal 0.0 0.0 0.0
  outer loop
    vertex 23.0 -4.0040740966796875 83.0
    vertex 21.5 -4.0040740966796875 83.0
    vertex 23.0 -9.211016654968262 83.0
  endloop
endfacet
facet normal 0.0 0.0 0.0
  outer loop
    vertex 23.0 -9.211016654968262 83.0
    vertex 21.5 -4.0040740966796875 83.0
    vertex 21.5 -9.211016654968262 83.0
  endloop
endfacet
facet normal 0.0 0.0 0.0
  outer loop
    vertex 30.816547393798828 -2.000000238418579 83.0
    vertex 40.0 -2.000000238418579 83.0
    vertex 30.85108184814453 -0.5 83.0
  endloop
endfacet
facet normal 0.0 0.0 0.0
  outer loop
    vertex 30.85108184814453 -0.5 83.0
    vertex 40.0 -2.000000238418579 83.0
    vertex 41.5 -0.5 83.0
  endloop
endfacet
facet normal 0.0 0.0 0.0
  outer loop
    vertex 41.5 -0.5 83.0
    vertex 40.0 -2.000000238418579 83.0
    vertex 41.5 -20.5 83.0
  endloop
endfacet
facet normal 0.0 0.0 0.0
  outer loop
    vertex 41.5 -20.5 83.0
    vertex 40.0 -2.000000238418579 83.0
    vertex 40.0 -19.0 83.0
  endloop
endfacet
facet normal 0.0 0.0 0.0
  outer loop
    vertex 41.5 -20.5 83.0
    vertex 40.0 -19.0 83.0
    vertex 25.568010330200195 -20.5 83.0
  endloop
endfacet
facet normal 0.0 0.0 0.0
  outer loop
    vertex 25.568010330200195 -20.5 83.0
    vertex 40.0 -19.0 83.0
    vertex 25.5903263092041 -19.0 83.0
  endloop
endfacet
facet normal 0.0 0.0 0.0
  outer loop
    vertex 21.5 -4.0040740966796875 82.0
    vertex 21.5 -9.211016654968262 82.0
    vertex 21.5 -4.0040740966796875 83.0
  endloop
endfacet
facet normal 0.0 0.0 0.0
  outer loop
    vertex 21.5 -4.0040740966796875 83.0
    vertex 21.5 -9.211016654968262 82.0
    vertex 21.5 -9.211016654968262 83.0
  endloop
endfacet
facet normal 0.0 0.0 0.0
  outer loop
    vertex 16.0 -9.211016654968262 83.0
    vertex 16.0 -5.000000476837158 83.0
    vertex 16.0 -9.211016654968262 81.0
  endloop
endfacet
facet normal 0.0 0.0 0.0
  outer loop
    vertex 16.0 -9.211016654968262 81.0
    vertex 16.0 -5.000000476837158 83.0
    vertex 16.0 -5.000000476837158 81.0
  endloop
endfacet
facet normal 0.0 0.0 0.0
  outer loop
    vertex 17.5 -9.211016654968262 83.0
    vertex 17.5 -4.0040740966796875 83.0
    vertex 16.0 -5.000000476837158 83.0
  endloop
endfacet
facet normal 0.0 0.0 0.0
  outer loop
    vertex 16.0 -5.000000476837158 83.0
    vertex 17.5 -4.0040740966796875 83.0
    vertex 15.30004596710205 -4.0040740966796875 83.0
  endloop
endfacet
facet normal 0.0 0.0 0.0
  outer loop
    vertex 16.0 -5.000000476837158 83.0
    vertex 15.30004596710205 -4.0040740966796875 83.0
    vertex 15.30004596710205 -5.000000476837158 83.0
  endloop
endfacet
facet normal 0.0 0.0 0.0
  outer loop
    vertex 16.0 -5.000000476837158 83.0
    vertex 16.0 -9.211016654968262 83.0
    vertex 17.5 -9.211016654968262 83.0
  endloop
endfacet
facet normal 0.0 0.0 0.0
  outer loop
    vertex 9.945659637451172 -3.6972386837005615 83.0
    vertex 14.994141578674316 -3.6972386837005615 83.0
    vertex 9.952152252197266 -3.500000238418579 83.0
  endloop
endfacet
facet normal 0.0 0.0 0.0
  outer loop
    vertex 9.952152252197266 -3.500000238418579 83.0
    vertex 14.994141578674316 -3.6972386837005615 83.0
    vertex 14.994141578674316 -3.500000238418579 83.0
  endloop
endfacet
facet normal 0.0 0.0 0.0
  outer loop
    vertex 14.898937225341797 -4.0040740966796875 83.0
    vertex 14.946575164794922 -5.000000476837158 83.0
    vertex 14.994141578674316 -4.0040740966796875 83.0
  endloop
endfacet
facet normal 0.0 0.0 0.0
  outer loop
    vertex 14.994141578674316 -4.0040740966796875 83.0
    vertex 14.946575164794922 -5.000000476837158 83.0
    vertex 14.994141578674316 -5.000000476837158 83.0
  endloop
endfacet
facet normal 0.0 0.0 0.0
  outer loop
    vertex 10.093095779418945 -4.653954982757568 83.0
    vertex 10.080788612365723 -5.000000476837158 83.0
    vertex 10.093095779418945 -5.000000476837158 83.0
  endloop
endfacet
facet normal 0.0 0.0 0.0
  outer loop
    vertex 5.000000476837158 -15.35665225982666 83.0
    vertex 4.886146068572998 -15.360648155212402 83.0
    vertex 5.000000476837158 -16.0 83.0
  endloop
endfacet
facet normal 0.0 0.0 0.0
  outer loop
    vertex 5.000000476837158 -16.0 83.0
    vertex 4.886146068572998 -15.360648155212402 83.0
    vertex 4.886146068572998 -17.5 83.0
  endloop
endfacet
facet normal 0.0 0.0 0.0
  outer loop
    vertex 5.000000476837158 -16.0 83.0
    vertex 4.886146068572998 -17.5 83.0
    vertex 15.100415229797363 -16.34861946105957 83.0
  endloop
endfacet
facet normal 0.0 0.0 0.0
  outer loop
    vertex 15.100415229797363 -16.34861946105957 83.0
    vertex 4.886146068572998 -17.5 83.0
    vertex 15.04505443572998 -17.5 83.0
  endloop
endfacet
facet normal 0.0 0.0 0.0
  outer loop
    vertex 15.100415229797363 -16.34861946105957 83.0
    vertex 15.116905212402344 -16.0 83.0
    vertex 5.000000476837158 -16.0 83.0
  endloop
endfacet
facet normal 0.0 0.0 0.0
  outer loop
    vertex 5.000000476837158 -9.211016654968262 83.0
    vertex 5.000000476837158 -5.000000476837158 83.0
    vertex 4.886146068572998 -9.211016654968262 83.0
  endloop
endfacet
facet normal 0.0 0.0 0.0
  outer loop
    vertex 4.886146068572998 -9.211016654968262 83.0
    vertex 5.000000476837158 -5.000000476837158 83.0
    vertex 4.886146068572998 -4.0040740966796875 83.0
  endloop
endfacet
facet normal 0.0 0.0 0.0
  outer loop
    vertex 4.886146068572998 -4.0040740966796875 83.0
    vertex 5.000000476837158 -5.000000476837158 83.0
    vertex 5.58974027633667 -4.0040740966796875 83.0
  endloop
endfacet
facet normal 0.0 0.0 0.0
  outer loop
    vertex 5.58974027633667 -4.0040740966796875 83.0
    vertex 5.000000476837158 -5.000000476837158 83.0
    vertex 7.4138360023498535 -3.939380407333374 83.0
  endloop
endfacet
facet normal 0.0 0.0 0.0
  outer loop
    vertex 7.4138360023498535 -3.939380407333374 83.0
    vertex 5.000000476837158 -5.000000476837158 83.0
    vertex 9.815004348754883 -5.000000476837158 83.0
  endloop
endfacet
facet normal 0.0 0.0 0.0
  outer loop
    vertex 7.4138360023498535 -3.939380407333374 83.0
    vertex 9.815004348754883 -5.000000476837158 83.0
    vertex 9.790578842163086 -3.855924606323242 83.0
  endloop
endfacet
facet normal 0.0 0.0 0.0
  outer loop
    vertex 10.093095779418945 -4.653954982757568 83.0
    vertex 10.116209030151367 -4.0040740966796875 83.0
    vertex 10.093095779418945 -4.0040740966796875 83.0
  endloop
endfacet
facet normal 0.0 0.0 0.0
  outer loop
    vertex 20.5 -4.0040740966796875 83.0
    vertex 20.5 -9.211016654968262 83.0
    vertex 20.5 -4.0040740966796875 82.0
  endloop
endfacet
facet normal 0.0 0.0 0.0
  outer loop
    vertex 20.5 -4.0040740966796875 82.0
    vertex 20.5 -9.211016654968262 83.0
    vertex 20.5 -9.211016654968262 82.0
  endloop
endfacet
facet normal 0.0 0.0 0.0
  outer loop
    vertex 5.000000476837158 -26.362335205078125 81.0
    vertex 5.000000476837158 -26.0 81.0
    vertex 5.000000476837158 -26.362335205078125 83.0
  endloop
endfacet
facet normal 0.0 0.0 0.0
  outer loop
    vertex 5.000000476837158 -26.362335205078125 83.0
    vertex 5.000000476837158 -26.0 81.0
    vertex 5.000000476837158 -26.0 83.0
  endloop
endfacet
facet normal 0.0 0.0 0.0
  outer loop
    vertex 17.5 -4.0040740966796875 83.0
    vertex 17.5 -9.211016654968262 83.0
    vertex 17.5 -4.0040740966796875 81.0
  endloop
endfacet
facet normal 0.0 0.0 0.0
  outer loop
    vertex 17.5 -4.0040740966796875 81.0
    vertex 17.5 -9.211016654968262 83.0
    vertex 17.5 -9.211016654968262 81.0
  endloop
endfacet
facet normal 0.0 0.0 0.0
  outer loop
    vertex 5.000000476837158 -26.362335205078125 81.0
    vertex 9.764078140258789 -26.362335205078125 81.0
    vertex 5.000000476837158 -26.0 81.0
  endloop
endfacet
facet normal 0.0 0.0 0.0
  outer loop
    vertex 5.000000476837158 -26.0 81.0
    vertex 9.764078140258789 -26.362335205078125 81.0
    vertex 9.775308609008789 -26.0 81.0
  endloop
endfacet
facet normal 0.0 0.0 0.0
  outer loop
    vertex 19.0 -4.0040740966796875 81.0
    vertex 19.0 -9.211016654968262 81.0
    vertex 19.0 -4.0040740966796875 83.0
  endloop
endfacet
facet normal 0.0 0.0 0.0
  outer loop
    vertex 19.0 -4.0040740966796875 83.0
    vertex 19.0 -9.211016654968262 81.0
    vertex 19.0 -9.211016654968262 83.0
  endloop
endfacet
facet normal 0.0 0.0 0.0
  outer loop
    vertex 4.886146068572998 -17.5 81.0
    vertex 15.04505443572998 -17.5 81.0
    vertex 4.886146068572998 -17.5 83.0
  endloop
endfacet
facet normal 0.0 0.0 0.0
  outer loop
    vertex 4.886146068572998 -17.5 83.0
    vertex 15.04505443572998 -17.5 81.0
    vertex 15.04505443572998 -17.5 83.0
  endloop
endfacet
facet normal 0.0 0.0 0.0
  outer loop
    vertex 20.5 -26.668245315551758 82.0
    vertex 20.5 -26.668245315551758 83.0
    vertex 20.5 -40.5 82.0
  endloop
endfacet
facet normal 0.0 0.0 0.0
  outer loop
    vertex 20.5 -40.5 82.0
    vertex 20.5 -26.668245315551758 83.0
    vertex 20.5 -41.5 83.0
  endloop
endfacet
facet normal 0.0 0.0 0.0
  outer loop
    vertex 20.5 -40.5 82.0
    vertex 20.5 -41.5 83.0
    vertex 20.5 -41.5 55.400001525878906
  endloop
endfacet
facet normal 0.0 0.0 0.0
  outer loop
    vertex 20.5 -41.5 55.400001525878906
    vertex 20.5 -41.5 27.600000381469727
    vertex 20.5 -40.5 82.0
  endloop
endfacet
facet normal 0.0 0.0 0.0
  outer loop
    vertex 20.5 -40.5 82.0
    vertex 20.5 -41.5 27.600000381469727
    vertex 20.5 -40.5 0.0
  endloop
endfacet
facet normal 0.0 0.0 0.0
  outer loop
    vertex 20.5 -40.5 0.0
    vertex 20.5 -41.5 27.600000381469727
    vertex 20.5 -41.5 0.0
  endloop
endfacet
facet normal 0.0 0.0 0.0
  outer loop
    vertex 9.775308609008789 -26.0 83.0
    vertex 5.000000476837158 -26.0 83.0
    vertex 9.775308609008789 -26.0 81.0
  endloop
endfacet
facet normal 0.0 0.0 0.0
  outer loop
    vertex 9.775308609008789 -26.0 81.0
    vertex 5.000000476837158 -26.0 83.0
    vertex 5.000000476837158 -26.0 81.0
  endloop
endfacet
facet normal 0.0 0.0 0.0
  outer loop
    vertex 19.0 -4.0040740966796875 81.0
    vertex 17.5 -4.0040740966796875 81.0
    vertex 19.0 -9.211016654968262 81.0
  endloop
endfacet
facet normal 0.0 0.0 0.0
  outer loop
    vertex 19.0 -9.211016654968262 81.0
    vertex 17.5 -4.0040740966796875 81.0
    vertex 17.5 -9.211016654968262 81.0
  endloop
endfacet
facet normal 0.0 0.0 0.0
  outer loop
    vertex 4.886146068572998 -19.0 81.0
    vertex 14.972930908203125 -19.0 81.0
    vertex 4.886146068572998 -17.5 81.0
  endloop
endfacet
facet normal 0.0 0.0 0.0
  outer loop
    vertex 4.886146068572998 -17.5 81.0
    vertex 14.972930908203125 -19.0 81.0
    vertex 15.04505443572998 -17.5 81.0
  endloop
endfacet
facet normal 0.0 0.0 0.0
  outer loop
    vertex 9.821802139282227 -24.5 83.0
    vertex 4.886146068572998 -24.5 83.0
    vertex 5.000000476837158 -26.0 83.0
  endloop
endfacet
facet normal 0.0 0.0 0.0
  outer loop
    vertex 5.000000476837158 -26.0 83.0
    vertex 4.886146068572998 -24.5 83.0
    vertex 4.886146068572998 -26.362335205078125 83.0
  endloop
endfacet
facet normal 0.0 0.0 0.0
  outer loop
    vertex 5.000000476837158 -26.0 83.0
    vertex 4.886146068572998 -26.362335205078125 83.0
    vertex 5.000000476837158 -26.362335205078125 83.0
  endloop
endfacet
facet normal 0.0 0.0 0.0
  outer loop
    vertex 5.000000476837158 -26.0 83.0
    vertex 9.775308609008789 -26.0 83.0
    vertex 9.821802139282227 -24.5 83.0
  endloop
endfacet
facet normal 0.0 0.0 0.0
  outer loop
    vertex 4.886146068572998 -19.0 83.0
    vertex 14.972930908203125 -19.0 83.0
    vertex 4.886146068572998 -19.0 81.0
  endloop
endfacet
facet normal 0.0 0.0 0.0
  outer loop
    vertex 4.886146068572998 -19.0 81.0
    vertex 14.972930908203125 -19.0 83.0
    vertex 14.972930908203125 -19.0 81.0
  endloop
endfacet
facet normal 0.0 0.0 0.0
  outer loop
    vertex 19.0 -26.668245315551758 81.0
    vertex 19.0 -40.0 81.0
    vertex 19.0 -26.668245315551758 83.0
  endloop
endfacet
facet normal 0.0 0.0 0.0
  outer loop
    vertex 19.0 -26.668245315551758 83.0
    vertex 19.0 -40.0 81.0
    vertex 19.0 -40.0 83.0
  endloop
endfacet
facet normal 0.0 0.0 0.0
  outer loop
    vertex 4.886146068572998 -24.5 83.0
    vertex 9.821802139282227 -24.5 83.0
    vertex 4.886146068572998 -24.5 81.0
  endloop
endfacet
facet normal 0.0 0.0 0.0
  outer loop
    vertex 4.886146068572998 -24.5 81.0
    vertex 9.821802139282227 -24.5 83.0
    vertex 9.821802139282227 -24.5 81.0
  endloop
endfacet
facet normal 0.0 0.0 0.0
  outer loop
    vertex 20.5 -4.0040740966796875 83.0
    vertex 19.0 -4.0040740966796875 83.0
    vertex 20.5 -9.211016654968262 83.0
  endloop
endfacet
facet normal 0.0 0.0 0.0
  outer loop
    vertex 20.5 -9.211016654968262 83.0
    vertex 19.0 -4.0040740966796875 83.0
    vertex 19.0 -9.211016654968262 83.0
  endloop
endfacet
facet normal 0.0 0.0 0.0
  outer loop
    vertex 4.886146068572998 -20.5 83.0
    vertex 14.90080738067627 -20.5 83.0
    vertex 4.886146068572998 -19.0 83.0
  endloop
endfacet
facet normal 0.0 0.0 0.0
  outer loop
    vertex 4.886146068572998 -19.0 83.0
    vertex 14.90080738067627 -20.5 83.0
    vertex 14.972930908203125 -19.0 83.0
  endloop
endfacet
facet normal 0.0 0.0 0.0
  outer loop
    vertex 14.997489929199219 -0.5 83.0
    vertex 10.051132202148438 -0.5 83.0
    vertex 14.994141578674316 -0.9921011924743652 83.0
  endloop
endfacet
facet normal 0.0 0.0 0.0
  outer loop
    vertex 14.994141578674316 -0.9921011924743652 83.0
    vertex 10.051132202148438 -0.5 83.0
    vertex 10.028409004211426 -1.1834114789962769 83.0
  endloop
endfacet
facet normal 0.0 0.0 0.0
  outer loop
    vertex 14.994141578674316 -0.9921011924743652 83.0
    vertex 10.028409004211426 -1.1834114789962769 83.0
    vertex 14.994141578674316 -2.000000238418579 83.0
  endloop
endfacet
facet normal 0.0 0.0 0.0
  outer loop
    vertex 14.994141578674316 -2.000000238418579 83.0
    vertex 10.028409004211426 -1.1834114789962769 83.0
    vertex 10.0015287399292 -2.000000238418579 83.0
  endloop
endfacet
facet normal 0.0 0.0 0.0
  outer loop
    vertex 9.868463516235352 -23.0 81.0
    vertex 4.886146068572998 -23.0 81.0
    vertex 9.85187816619873 -23.5296630859375 81.0
  endloop
endfacet
facet normal 0.0 0.0 0.0
  outer loop
    vertex 9.85187816619873 -23.5296630859375 81.0
    vertex 4.886146068572998 -23.0 81.0
    vertex 4.886146068572998 -24.5 81.0
  endloop
endfacet
facet normal 0.0 0.0 0.0
  outer loop
    vertex 9.85187816619873 -23.5296630859375 81.0
    vertex 4.886146068572998 -24.5 81.0
    vertex 9.821802139282227 -24.5 81.0
  endloop
endfacet
facet normal 0.0 0.0 0.0
  outer loop
    vertex 4.886146068572998 -20.5 82.0
    vertex 14.90080738067627 -20.5 82.0
    vertex 4.886146068572998 -20.5 83.0
  endloop
endfacet
facet normal 0.0 0.0 0.0
  outer loop
    vertex 4.886146068572998 -20.5 83.0
    vertex 14.90080738067627 -20.5 82.0
    vertex 14.90080738067627 -20.5 83.0
  endloop
endfacet
facet normal 0.0 0.0 0.0
  outer loop
    vertex 4.886146068572998 -21.5 82.0
    vertex 9.940608978271484 -20.696062088012695 82.0
    vertex 4.886146068572998 -20.5 82.0
  endloop
endfacet
facet normal 0.0 0.0 0.0
  outer loop
    vertex 4.886146068572998 -20.5 82.0
    vertex 9.940608978271484 -20.696062088012695 82.0
    vertex 12.420238494873047 -20.608261108398438 82.0
  endloop
endfacet
facet normal 0.0 0.0 0.0
  outer loop
    vertex 4.886146068572998 -20.5 82.0
    vertex 12.420238494873047 -20.608261108398438 82.0
    vertex 14.90080738067627 -20.5 82.0
  endloop
endfacet
facet normal 0.0 0.0 0.0
  outer loop
    vertex 14.90080738067627 -20.5 82.0
    vertex 12.420238494873047 -20.608261108398438 82.0
    vertex 14.89986801147461 -20.51953887939453 82.0
  endloop
endfacet
facet normal 0.0 0.0 0.0
  outer loop
    vertex 4.886146068572998 -21.5 82.0
    vertex 9.915434837341309 -21.5 82.0
    vertex 9.940608978271484 -20.696062088012695 82.0
  endloop
endfacet
facet normal 0.0 0.0 0.0
  outer loop
    vertex 25.568010330200195 -20.5 82.0
    vertex 25.562641143798828 -20.86089324951172 82.0
    vertex 40.5 -20.5 82.0
  endloop
endfacet
facet normal 0.0 0.0 0.0
  outer loop
    vertex 40.5 -20.5 82.0
    vertex 25.562641143798828 -20.86089324951172 82.0
    vertex 40.5 -21.5 82.0
  endloop
endfacet
facet normal 0.0 0.0 0.0
  outer loop
    vertex 40.5 -21.5 82.0
    vertex 25.562641143798828 -20.86089324951172 82.0
    vertex 25.4071102142334 -21.008285522460938 82.0
  endloop
endfacet
facet normal 0.0 0.0 0.0
  outer loop
    vertex 40.5 -21.5 82.0
    vertex 25.4071102142334 -21.008285522460938 82.0
    vertex 21.5 -21.5 82.0
  endloop
endfacet
facet normal 0.0 0.0 0.0
  outer loop
    vertex 21.5 -21.5 82.0
    vertex 25.4071102142334 -21.008285522460938 82.0
    vertex 23.033754348754883 -21.09162139892578 82.0
  endloop
endfacet
facet normal 0.0 0.0 0.0
  outer loop
    vertex 21.5 -21.5 82.0
    vertex 23.033754348754883 -21.09162139892578 82.0
    vertex 21.217653274536133 -21.155391693115234 82.0
  endloop
endfacet
facet normal 0.0 0.0 0.0
  outer loop
    vertex 25.562641143798828 -20.86089324951172 82.0
    vertex 25.4071102142334 -20.86334228515625 82.0
    vertex 25.4071102142334 -21.008285522460938 82.0
  endloop
endfacet
facet normal 0.0 0.0 0.0
  outer loop
    vertex 21.217653274536133 -21.155391693115234 82.0
    vertex 20.506996154785156 -21.155391693115234 82.0
    vertex 21.5 -21.5 82.0
  endloop
endfacet
facet normal 0.0 0.0 0.0
  outer loop
    vertex 21.5 -21.5 82.0
    vertex 20.506996154785156 -21.155391693115234 82.0
    vertex 20.506996154785156 -26.668245315551758 82.0
  endloop
endfacet
facet normal 0.0 0.0 0.0
  outer loop
    vertex 21.5 -21.5 82.0
    vertex 20.506996154785156 -26.668245315551758 82.0
    vertex 21.5 -40.5 82.0
  endloop
endfacet
facet normal 0.0 0.0 0.0
  outer loop
    vertex 21.5 -40.5 82.0
    vertex 20.506996154785156 -26.668245315551758 82.0
    vertex 20.5 -40.5 82.0
  endloop
endfacet
facet normal 0.0 0.0 0.0
  outer loop
    vertex 20.5 -40.5 82.0
    vertex 20.506996154785156 -26.668245315551758 82.0
    vertex 20.5 -26.668245315551758 82.0
  endloop
endfacet
facet normal 0.0 0.0 0.0
  outer loop
    vertex 30.85108184814453 -0.5 82.0
    vertex 40.5 -0.5 82.0
    vertex 30.868717193603516 0.5 82.0
  endloop
endfacet
facet normal 0.0 0.0 0.0
  outer loop
    vertex 30.868717193603516 0.5 82.0
    vertex 40.5 -0.5 82.0
    vertex 40.5 0.5 82.0
  endloop
endfacet
facet normal 0.0 0.0 0.0
  outer loop
    vertex 21.5 -4.0040740966796875 82.0
    vertex 20.5 -4.0040740966796875 82.0
    vertex 21.5 -9.211016654968262 82.0
  endloop
endfacet
facet normal 0.0 0.0 0.0
  outer loop
    vertex 21.5 -9.211016654968262 82.0
    vertex 20.5 -4.0040740966796875 82.0
    vertex 20.5 -9.211016654968262 82.0
  endloop
endfacet
facet normal 0.0 0.0 0.0
  outer loop
    vertex -0.5 -25.658769607543945 82.0
    vertex -0.5 -40.5 82.0
    vertex -0.4889395534992218 -26.01365089416504 82.0
  endloop
endfacet
facet normal 0.0 0.0 0.0
  outer loop
    vertex -0.4889395534992218 -26.01365089416504 82.0
    vertex -0.5 -40.5 82.0
    vertex -0.4695959687232971 -26.50282096862793 82.0
  endloop
endfacet
facet normal 0.0 0.0 0.0
  outer loop
    vertex -0.4695959687232971 -26.50282096862793 82.0
    vertex -0.5 -40.5 82.0
    vertex -0.4690808653831482 -26.515899658203125 82.0
  endloop
endfacet
facet normal 0.0 0.0 0.0
  outer loop
    vertex -0.4690808653831482 -26.515899658203125 82.0
    vertex -0.5 -40.5 82.0
    vertex 0.5 -40.5 82.0
  endloop
endfacet
facet normal 0.0 0.0 0.0
  outer loop
    vertex -0.4690808653831482 -26.515899658203125 82.0
    vertex 0.5 -40.5 82.0
    vertex 0.5 -26.5499267578125 82.0
  endloop
endfacet
facet normal 0.0 0.0 0.0
  outer loop
    vertex 15.026530265808105 0.5 82.0
    vertex 10.084383010864258 0.5 82.0
    vertex 15.008091926574707 0.004234480205923319 82.0
  endloop
endfacet
facet normal 0.0 0.0 0.0
  outer loop
    vertex 15.008091926574707 0.004234480205923319 82.0
    vertex 10.084383010864258 0.5 82.0
    vertex 10.051132202148438 -0.5 82.0
  endloop
endfacet
facet normal 0.0 0.0 0.0
  outer loop
    vertex 15.008091926574707 0.004234480205923319 82.0
    vertex 10.051132202148438 -0.5 82.0
    vertex 14.997489929199219 -0.5 82.0
  endloop
endfacet
facet normal 0.0 0.0 0.0
  outer loop
    vertex -5.067486763000488 -21.002897262573242 82.0
    vertex -5.082894325256348 -21.5 82.0
    vertex -2.858647108078003 -20.91232681274414 82.0
  endloop
endfacet
facet normal 0.0 0.0 0.0
  outer loop
    vertex -2.858647108078003 -20.91232681274414 82.0
    vertex -5.082894325256348 -21.5 82.0
    vertex -0.6289161443710327 -21.5 82.0
  endloop
endfacet
facet normal 0.0 0.0 0.0
  outer loop
    vertex -2.858647108078003 -20.91232681274414 82.0
    vertex -0.6289161443710327 -21.5 82.0
    vertex -2.8240246772766113 -20.910921096801758 82.0
  endloop
endfacet
facet normal 0.0 0.0 0.0
  outer loop
    vertex -2.8240246772766113 -20.910921096801758 82.0
    vertex -0.6289161443710327 -21.5 82.0
    vertex -0.6941386461257935 -20.824478149414062 82.0
  endloop
endfacet
facet normal 0.0 0.0 0.0
  outer loop
    vertex -2.8240246772766113 -20.910921096801758 82.0
    vertex -0.6941386461257935 -20.824478149414062 82.0
    vertex -0.694173276424408 -20.8236026763916 82.0
  endloop
endfacet
facet normal 0.0 0.0 0.0
  outer loop
    vertex -0.6289161443710327 -21.5 82.0
    vertex -0.6498078107833862 -20.82267951965332 82.0
    vertex -0.6941386461257935 -20.824478149414062 82.0
  endloop
endfacet
facet normal 0.0 0.0 0.0
  outer loop
    vertex 21.5 7.3284807205200195 82.0
    vertex 20.5 7.3284807205200195 82.0
    vertex 21.5 2.121530771255493 82.0
  endloop
endfacet
facet normal 0.0 0.0 0.0
  outer loop
    vertex 21.5 2.121530771255493 82.0
    vertex 20.5 7.3284807205200195 82.0
    vertex 20.5 2.121530771255493 82.0
  endloop
endfacet
facet normal 0.0 0.0 0.0
  outer loop
    vertex 4.886146068572998 -23.0 81.0
    vertex 9.868463516235352 -23.0 81.0
    vertex 4.886146068572998 -23.0 83.0
  endloop
endfacet
facet normal 0.0 0.0 0.0
  outer loop
    vertex 4.886146068572998 -23.0 83.0
    vertex 9.868463516235352 -23.0 81.0
    vertex 9.868463516235352 -23.0 83.0
  endloop
endfacet
facet normal 0.0 0.0 0.0
  outer loop
    vertex 4.886146068572998 -23.0 83.0
    vertex 9.868463516235352 -23.0 83.0
    vertex 4.886146068572998 -21.5 83.0
  endloop
endfacet
facet normal 0.0 0.0 0.0
  outer loop
    vertex 4.886146068572998 -21.5 83.0
    vertex 9.868463516235352 -23.0 83.0
    vertex 9.915434837341309 -21.5 83.0
  endloop
endfacet
facet normal 0.0 0.0 0.0
  outer loop
    vertex 4.886146068572998 -21.5 83.0
    vertex 9.915434837341309 -21.5 83.0
    vertex 4.886146068572998 -21.5 82.0
  endloop
endfacet
facet normal 0.0 0.0 0.0
  outer loop
    vertex 4.886146068572998 -21.5 82.0
    vertex 9.915434837341309 -21.5 83.0
    vertex 9.915434837341309 -21.5 82.0
  endloop
endfacet
facet normal 0.0 0.0 0.0
  outer loop
    vertex -19.0 2.0855660438537598 83.0
    vertex -19.0 1.9999994039535522 83.0
    vertex -19.0 2.0855660438537598 85.0
  endloop
endfacet
facet normal 0.0 0.0 0.0
  outer loop
    vertex -19.0 2.0855660438537598 85.0
    vertex -19.0 1.9999994039535522 83.0
    vertex -19.0 1.9999994039535522 85.0
  endloop
endfacet
facet normal 0.0 0.0 0.0
  outer loop
    vertex -19.0 1.9999994039535522 83.0
    vertex -15.633872985839844 1.9999994039535522 83.0
    vertex -19.0 1.9999994039535522 85.0
  endloop
endfacet
facet normal 0.0 0.0 0.0
  outer loop
    vertex -19.0 1.9999994039535522 85.0
    vertex -15.633872985839844 1.9999994039535522 83.0
    vertex -15.633872985839844 1.9999994039535522 85.0
  endloop
endfacet
facet normal 0.0 0.0 0.0
  outer loop
    vertex -15.633872985839844 1.9999994039535522 81.0
    vertex -15.633872985839844 2.0006301403045654 81.0
    vertex -15.633872985839844 1.9999994039535522 83.0
  endloop
endfacet
facet normal 0.0 0.0 0.0
  outer loop
    vertex -15.633872985839844 1.9999994039535522 83.0
    vertex -15.633872985839844 2.0006301403045654 81.0
    vertex -15.633872985839844 2.0006301403045654 85.0
  endloop
endfacet
facet normal 0.0 0.0 0.0
  outer loop
    vertex -15.633872985839844 1.9999994039535522 83.0
    vertex -15.633872985839844 2.0006301403045654 85.0
    vertex -15.633872985839844 1.9999994039535522 85.0
  endloop
endfacet
facet normal 0.0 0.0 0.0
  outer loop
    vertex -19.0 2.0855660438537598 81.0
    vertex -19.0 2.0855660438537598 83.0
    vertex -17.961015701293945 2.0596117973327637 81.0
  endloop
endfacet
facet normal 0.0 0.0 0.0
  outer loop
    vertex -17.961015701293945 2.0596117973327637 81.0
    vertex -19.0 2.0855660438537598 83.0
    vertex -17.961015701293945 2.0596117973327637 85.0
  endloop
endfacet
facet normal 0.0 0.0 0.0
  outer loop
    vertex -17.961015701293945 2.0596117973327637 85.0
    vertex -19.0 2.0855660438537598 83.0
    vertex -19.0 2.0855660438537598 85.0
  endloop
endfacet
facet normal 0.0 0.0 0.0
  outer loop
    vertex -17.961015701293945 2.0596117973327637 85.0
    vertex -15.633872985839844 2.0006301403045654 85.0
    vertex -17.961015701293945 2.0596117973327637 81.0
  endloop
endfacet
facet normal 0.0 0.0 0.0
  outer loop
    vertex -17.961015701293945 2.0596117973327637 81.0
    vertex -15.633872985839844 2.0006301403045654 85.0
    vertex -15.633872985839844 2.0006301403045654 81.0
  endloop
endfacet
facet normal 0.0 0.0 0.0
  outer loop
    vertex -15.633872985839844 2.0006301403045654 85.0
    vertex -17.961015701293945 2.0596117973327637 85.0
    vertex -15.633872985839844 1.9999994039535522 85.0
  endloop
endfacet
facet normal 0.0 0.0 0.0
  outer loop
    vertex -15.633872985839844 1.9999994039535522 85.0
    vertex -17.961015701293945 2.0596117973327637 85.0
    vertex -19.0 1.9999994039535522 85.0
  endloop
endfacet
facet normal 0.0 0.0 0.0
  outer loop
    vertex -19.0 1.9999994039535522 85.0
    vertex -17.961015701293945 2.0596117973327637 85.0
    vertex -19.0 2.0855660438537598 85.0
  endloop
endfacet
facet normal 0.0 0.0 0.0
  outer loop
    vertex -19.0 2.0855660438537598 81.0
    vertex -19.0 19.0 81.0
    vertex -19.0 2.0855660438537598 83.0
  endloop
endfacet
facet normal 0.0 0.0 0.0
  outer loop
    vertex -19.0 2.0855660438537598 83.0
    vertex -19.0 19.0 81.0
    vertex -19.0 19.0 83.0
  endloop
endfacet
facet normal 0.0 0.0 0.0
  outer loop
    vertex -15.633872985839844 1.9999994039535522 81.0
    vertex -10.42785358428955 1.9999994039535522 81.0
    vertex -15.633872985839844 2.0006301403045654 81.0
  endloop
endfacet
facet normal 0.0 0.0 0.0
  outer loop
    vertex -15.633872985839844 2.0006301403045654 81.0
    vertex -10.42785358428955 1.9999994039535522 81.0
    vertex -10.42785358428955 3.499999523162842 81.0
  endloop
endfacet
facet normal 0.0 0.0 0.0
  outer loop
    vertex -15.633872985839844 2.0006301403045654 81.0
    vertex -10.42785358428955 3.499999523162842 81.0
    vertex -17.5 3.499999523162842 81.0
  endloop
endfacet
facet normal 0.0 0.0 0.0
  outer loop
    vertex -17.5 17.5 81.0
    vertex -19.0 2.0855660438537598 81.0
    vertex -17.5 3.499999523162842 81.0
  endloop
endfacet
facet normal 0.0 0.0 0.0
  outer loop
    vertex -17.5 3.499999523162842 81.0
    vertex -19.0 2.0855660438537598 81.0
    vertex -17.961015701293945 2.0596117973327637 81.0
  endloop
endfacet
facet normal 0.0 0.0 0.0
  outer loop
    vertex -17.5 3.499999523162842 81.0
    vertex -17.961015701293945 2.0596117973327637 81.0
    vertex -15.633872985839844 2.0006301403045654 81.0
  endloop
endfacet
facet normal 0.0 0.0 0.0
  outer loop
    vertex -19.0 2.0855660438537598 81.0
    vertex -17.5 17.5 81.0
    vertex -19.0 19.0 81.0
  endloop
endfacet
facet normal 0.0 0.0 0.0
  outer loop
    vertex -19.0 19.0 81.0
    vertex -17.5 17.5 81.0
    vertex -3.499999523162842 17.5 81.0
  endloop
endfacet
facet normal 0.0 0.0 0.0
  outer loop
    vertex -19.0 19.0 81.0
    vertex -3.499999523162842 17.5 81.0
    vertex -1.9999994039535522 19.0 81.0
  endloop
endfacet
facet normal 0.0 0.0 0.0
  outer loop
    vertex -1.9999994039535522 19.0 81.0
    vertex -3.499999523162842 17.5 81.0
    vertex -1.9999994039535522 2.121530771255493 81.0
  endloop
endfacet
facet normal 0.0 0.0 0.0
  outer loop
    vertex -1.9999994039535522 2.121530771255493 81.0
    vertex -3.499999523162842 17.5 81.0
    vertex -3.499999523162842 3.499999523162842 81.0
  endloop
endfacet
facet normal 0.0 0.0 0.0
  outer loop
    vertex -1.9999994039535522 2.121530771255493 81.0
    vertex -3.499999523162842 3.499999523162842 81.0
    vertex -4.914068698883057 2.121530771255493 81.0
  endloop
endfacet
facet normal 0.0 0.0 0.0
  outer loop
    vertex -4.914068698883057 2.121530771255493 81.0
    vertex -3.499999523162842 3.499999523162842 81.0
    vertex -4.914068698883057 3.499999523162842 81.0
  endloop
endfacet
facet normal 0.0 0.0 0.0
  outer loop
    vertex 41.5 -0.5 27.600000381469727
    vertex 41.5 -20.5 27.600000381469727
    vertex 41.5 -0.5 0.0
  endloop
endfacet
facet normal 0.0 0.0 0.0
  outer loop
    vertex 41.5 -0.5 0.0
    vertex 41.5 -20.5 27.600000381469727
    vertex 41.5 -20.5 0.0
  endloop
endfacet
facet normal 0.0 0.0 0.0
  outer loop
    vertex 41.5 -20.5 55.400001525878906
    vertex 41.5 -0.5 55.400001525878906
    vertex 41.5 -20.5 83.0
  endloop
endfacet
facet normal 0.0 0.0 0.0
  outer loop
    vertex 41.5 -20.5 83.0
    vertex 41.5 -0.5 55.400001525878906
    vertex 41.5 -0.5 83.0
  endloop
endfacet
facet normal 0.0 0.0 0.0
  outer loop
    vertex 37.0 -16.0 83.0
    vertex 37.0 -5.000000476837158 83.0
    vertex 37.0 -16.0 81.0
  endloop
endfacet
facet normal 0.0 0.0 0.0
  outer loop
    vertex 37.0 -16.0 81.0
    vertex 37.0 -5.000000476837158 83.0
    vertex 37.0 -5.000000476837158 81.0
  endloop
endfacet
facet normal 0.0 0.0 0.0
  outer loop
    vertex 30.719139099121094 -5.000000476837158 81.0
    vertex 37.0 -5.000000476837158 81.0
    vertex 30.719139099121094 -5.000000476837158 83.0
  endloop
endfacet
facet normal 0.0 0.0 0.0
  outer loop
    vertex 30.719139099121094 -5.000000476837158 83.0
    vertex 37.0 -5.000000476837158 81.0
    vertex 37.0 -5.000000476837158 83.0
  endloop
endfacet
facet normal 0.0 0.0 0.0
  outer loop
    vertex 26.0 -16.0 83.0
    vertex 37.0 -16.0 83.0
    vertex 26.0 -16.0 81.0
  endloop
endfacet
facet normal 0.0 0.0 0.0
  outer loop
    vertex 26.0 -16.0 81.0
    vertex 37.0 -16.0 83.0
    vertex 37.0 -16.0 81.0
  endloop
endfacet
facet normal 0.0 0.0 0.0
  outer loop
    vertex 30.77203369140625 -3.500000238418579 83.0
    vertex 38.5 -3.500000238418579 83.0
    vertex 30.77203369140625 -3.500000238418579 81.0
  endloop
endfacet
facet normal 0.0 0.0 0.0
  outer loop
    vertex 30.77203369140625 -3.500000238418579 81.0
    vertex 38.5 -3.500000238418579 83.0
    vertex 38.5 -3.500000238418579 81.0
  endloop
endfacet
facet normal 0.0 0.0 0.0
  outer loop
    vertex 38.5 -3.500000238418579 83.0
    vertex 38.5 -17.5 83.0
    vertex 38.5 -3.500000238418579 81.0
  endloop
endfacet
facet normal 0.0 0.0 0.0
  outer loop
    vertex 38.5 -3.500000238418579 81.0
    vertex 38.5 -17.5 83.0
    vertex 38.5 -17.5 81.0
  endloop
endfacet
facet normal 0.0 0.0 0.0
  outer loop
    vertex 24.5 -4.0040740966796875 81.0
    vertex 24.5 -9.211016654968262 81.0
    vertex 24.5 -4.0040740966796875 83.0
  endloop
endfacet
facet normal 0.0 0.0 0.0
  outer loop
    vertex 24.5 -4.0040740966796875 83.0
    vertex 24.5 -9.211016654968262 81.0
    vertex 24.5 -9.211016654968262 83.0
  endloop
endfacet
facet normal 0.0 0.0 0.0
  outer loop
    vertex 25.5903263092041 -19.0 83.0
    vertex 40.0 -19.0 83.0
    vertex 25.5903263092041 -19.0 81.0
  endloop
endfacet
facet normal 0.0 0.0 0.0
  outer loop
    vertex 25.5903263092041 -19.0 81.0
    vertex 40.0 -19.0 83.0
    vertex 40.0 -19.0 81.0
  endloop
endfacet
facet normal 0.0 0.0 0.0
  outer loop
    vertex 40.0 -19.0 83.0
    vertex 40.0 -2.000000238418579 83.0
    vertex 40.0 -19.0 81.0
  endloop
endfacet
facet normal 0.0 0.0 0.0
  outer loop
    vertex 40.0 -19.0 81.0
    vertex 40.0 -2.000000238418579 83.0
    vertex 40.0 -2.000000238418579 81.0
  endloop
endfacet
facet normal 0.0 0.0 0.0
  outer loop
    vertex 23.0 -4.0040740966796875 83.0
    vertex 23.0 -9.211016654968262 83.0
    vertex 23.0 -4.0040740966796875 81.0
  endloop
endfacet
facet normal 0.0 0.0 0.0
  outer loop
    vertex 23.0 -4.0040740966796875 81.0
    vertex 23.0 -9.211016654968262 83.0
    vertex 23.0 -9.211016654968262 81.0
  endloop
endfacet
facet normal 0.0 0.0 0.0
  outer loop
    vertex 30.719139099121094 -5.000000476837158 83.0
    vertex 37.0 -5.000000476837158 83.0
    vertex 30.75731086730957 -3.927365303039551 83.0
  endloop
endfacet
facet normal 0.0 0.0 0.0
  outer loop
    vertex 30.75731086730957 -3.927365303039551 83.0
    vertex 37.0 -5.000000476837158 83.0
    vertex 30.77203369140625 -3.500000238418579 83.0
  endloop
endfacet
facet normal 0.0 0.0 0.0
  outer loop
    vertex 30.77203369140625 -3.500000238418579 83.0
    vertex 37.0 -5.000000476837158 83.0
    vertex 38.5 -3.500000238418579 83.0
  endloop
endfacet
facet normal 0.0 0.0 0.0
  outer loop
    vertex 38.5 -3.500000238418579 83.0
    vertex 37.0 -5.000000476837158 83.0
    vertex 38.5 -17.5 83.0
  endloop
endfacet
facet normal 0.0 0.0 0.0
  outer loop
    vertex 38.5 -17.5 83.0
    vertex 37.0 -5.000000476837158 83.0
    vertex 37.0 -16.0 83.0
  endloop
endfacet
facet normal 0.0 0.0 0.0
  outer loop
    vertex 38.5 -17.5 83.0
    vertex 37.0 -16.0 83.0
    vertex 25.61264419555664 -17.5 83.0
  endloop
endfacet
facet normal 0.0 0.0 0.0
  outer loop
    vertex 25.61264419555664 -17.5 83.0
    vertex 37.0 -16.0 83.0
    vertex 26.0 -16.0 83.0
  endloop
endfacet
facet normal 0.0 0.0 0.0
  outer loop
    vertex 25.61264419555664 -17.5 83.0
    vertex 26.0 -16.0 83.0
    vertex 25.643701553344727 -15.412410736083984 83.0
  endloop
endfacet
facet normal 0.0 0.0 0.0
  outer loop
    vertex 25.643701553344727 -15.412410736083984 83.0
    vertex 26.0 -16.0 83.0
    vertex 25.713945388793945 -10.744126319885254 83.0
  endloop
endfacet
facet normal 0.0 0.0 0.0
  outer loop
    vertex 25.713945388793945 -10.744126319885254 83.0
    vertex 26.0 -16.0 83.0
    vertex 26.0 -9.822840690612793 83.0
  endloop
endfacet
facet normal 0.0 0.0 0.0
  outer loop
    vertex 25.713945388793945 -10.744126319885254 83.0
    vertex 26.0 -9.822840690612793 83.0
    vertex 25.727441787719727 -9.847216606140137 83.0
  endloop
endfacet
facet normal 0.0 0.0 0.0
  outer loop
    vertex 25.727441787719727 -9.847216606140137 83.0
    vertex 26.0 -9.822840690612793 83.0
    vertex 25.727807998657227 -9.822840690612793 83.0
  endloop
endfacet
facet normal 0.0 0.0 0.0
  outer loop
    vertex 25.727441787719727 -9.847216606140137 83.0
    vertex 25.713945388793945 -9.847793579101562 83.0
    vertex 25.713945388793945 -10.744126319885254 83.0
  endloop
endfacet
facet normal 0.0 0.0 0.0
  outer loop
    vertex 41.5 -0.5 27.600000381469727
    vertex 41.5 -0.5 55.400001525878906
    vertex 41.5 0.5 27.600000381469727
  endloop
endfacet
facet normal 0.0 0.0 0.0
  outer loop
    vertex 41.5 0.5 27.600000381469727
    vertex 41.5 -0.5 55.400001525878906
    vertex 41.5 0.5 55.400001525878906
  endloop
endfacet
facet normal 0.0 0.0 0.0
  outer loop
    vertex 41.5 -20.5 55.400001525878906
    vertex 41.5 -20.5 27.600000381469727
    vertex 41.5 -21.5 55.400001525878906
  endloop
endfacet
facet normal 0.0 0.0 0.0
  outer loop
    vertex 41.5 -21.5 55.400001525878906
    vertex 41.5 -20.5 27.600000381469727
    vertex 41.5 -21.5 27.600000381469727
  endloop
endfacet
facet normal 0.0 0.0 0.0
  outer loop
    vertex 9.952152252197266 -3.500000238418579 81.0
    vertex 14.994141578674316 -3.500000238418579 81.0
    vertex 10.0015287399292 -2.000000238418579 81.0
  endloop
endfacet
facet normal 0.0 0.0 0.0
  outer loop
    vertex 10.0015287399292 -2.000000238418579 81.0
    vertex 14.994141578674316 -3.500000238418579 81.0
    vertex 14.994141578674316 -2.000000238418579 81.0
  endloop
endfacet
facet normal 0.0 0.0 0.0
  outer loop
    vertex 9.815004348754883 -5.000000476837158 83.0
    vertex 5.000000476837158 -5.000000476837158 83.0
    vertex 9.815004348754883 -5.000000476837158 81.0
  endloop
endfacet
facet normal 0.0 0.0 0.0
  outer loop
    vertex 9.815004348754883 -5.000000476837158 81.0
    vertex 5.000000476837158 -5.000000476837158 83.0
    vertex 5.000000476837158 -5.000000476837158 81.0
  endloop
endfacet
facet normal 0.0 0.0 0.0
  outer loop
    vertex 15.116905212402344 -16.0 81.0
    vertex 5.000000476837158 -16.0 81.0
    vertex 15.116905212402344 -16.0 83.0
  endloop
endfacet
facet normal 0.0 0.0 0.0
  outer loop
    vertex 15.116905212402344 -16.0 83.0
    vertex 5.000000476837158 -16.0 81.0
    vertex 5.000000476837158 -16.0 83.0
  endloop
endfacet
facet normal 0.0 0.0 0.0
  outer loop
    vertex 9.924829483032227 -9.362957000732422 81.0
    vertex 9.907319068908691 -9.36234188079834 81.0
    vertex 9.913800239562988 -9.6703462600708 81.0
  endloop
endfacet
facet normal 0.0 0.0 0.0
  outer loop
    vertex 9.945659637451172 -3.6972386837005615 83.0
    vertex 9.787191390991211 -3.6972386837005615 83.0
    vertex 9.940608978271484 -3.850656509399414 83.0
  endloop
endfacet
facet normal 0.0 0.0 0.0
  outer loop
    vertex 9.940608978271484 -3.850656509399414 83.0
    vertex 9.787191390991211 -3.6972386837005615 83.0
    vertex 9.790578842163086 -3.855924606323242 83.0
  endloop
endfacet
facet normal 0.0 0.0 0.0
  outer loop
    vertex 20.5 20.5 82.0
    vertex 0.5 20.5 82.0
    vertex 20.5 20.5 83.0
  endloop
endfacet
facet normal 0.0 0.0 0.0
  outer loop
    vertex 20.5 20.5 83.0
    vertex 0.5 20.5 82.0
    vertex 0.5 20.5 83.0
  endloop
endfacet
facet normal 0.0 0.0 0.0
  outer loop
    vertex 16.0 13.181757926940918 81.0
    vertex 16.0 4.999999523162842 81.0
    vertex 16.0 13.181757926940918 83.0
  endloop
endfacet
facet normal 0.0 0.0 0.0
  outer loop
    vertex 16.0 13.181757926940918 83.0
    vertex 16.0 4.999999523162842 81.0
    vertex 16.0 4.999999523162842 83.0
  endloop
endfacet
facet normal 0.0 0.0 0.0
  outer loop
    vertex 5.000000476837158 16.0 83.0
    vertex 5.000000476837158 4.999999523162842 83.0
    vertex 5.000000476837158 16.0 81.0
  endloop
endfacet
facet normal 0.0 0.0 0.0
  outer loop
    vertex 5.000000476837158 16.0 81.0
    vertex 5.000000476837158 4.999999523162842 83.0
    vertex 5.000000476837158 4.999999523162842 81.0
  endloop
endfacet
facet normal 0.0 0.0 0.0
  outer loop
    vertex 9.787191390991211 4.999999523162842 81.0
    vertex 5.000000476837158 4.999999523162842 81.0
    vertex 9.787191390991211 4.999999523162842 83.0
  endloop
endfacet
facet normal 0.0 0.0 0.0
  outer loop
    vertex 9.787191390991211 4.999999523162842 83.0
    vertex 5.000000476837158 4.999999523162842 81.0
    vertex 5.000000476837158 4.999999523162842 83.0
  endloop
endfacet
facet normal 0.0 0.0 0.0
  outer loop
    vertex 10.093095779418945 16.0 81.0
    vertex 5.000000476837158 16.0 81.0
    vertex 10.093095779418945 13.244302749633789 81.0
  endloop
endfacet
facet normal 0.0 0.0 0.0
  outer loop
    vertex 10.093095779418945 13.244302749633789 81.0
    vertex 5.000000476837158 16.0 81.0
    vertex 9.787191390991211 7.6343889236450195 81.0
  endloop
endfacet
facet normal 0.0 0.0 0.0
  outer loop
    vertex 10.093095779418945 13.244302749633789 81.0
    vertex 9.787191390991211 7.6343889236450195 81.0
    vertex 12.467368125915527 13.21933364868164 81.0
  endloop
endfacet
facet normal 0.0 0.0 0.0
  outer loop
    vertex 12.467368125915527 13.21933364868164 81.0
    vertex 9.787191390991211 7.6343889236450195 81.0
    vertex 15.30004596710205 7.6343889236450195 81.0
  endloop
endfacet
facet normal 0.0 0.0 0.0
  outer loop
    vertex 12.467368125915527 13.21933364868164 81.0
    vertex 15.30004596710205 7.6343889236450195 81.0
    vertex 16.0 13.181757926940918 81.0
  endloop
endfacet
facet normal 0.0 0.0 0.0
  outer loop
    vertex 16.0 13.181757926940918 81.0
    vertex 15.30004596710205 7.6343889236450195 81.0
    vertex 16.0 4.999999523162842 81.0
  endloop
endfacet
facet normal 0.0 0.0 0.0
  outer loop
    vertex 16.0 4.999999523162842 81.0
    vertex 15.30004596710205 7.6343889236450195 81.0
    vertex 15.30004596710205 6.8799519538879395 81.0
  endloop
endfacet
facet normal 0.0 0.0 0.0
  outer loop
    vertex 16.0 4.999999523162842 81.0
    vertex 15.30004596710205 6.8799519538879395 81.0
    vertex 15.244769096374512 4.999999523162842 81.0
  endloop
endfacet
facet normal 0.0 0.0 0.0
  outer loop
    vertex 5.000000476837158 16.0 81.0
    vertex 5.000000476837158 4.999999523162842 81.0
    vertex 9.787191390991211 7.6343889236450195 81.0
  endloop
endfacet
facet normal 0.0 0.0 0.0
  outer loop
    vertex 9.787191390991211 7.6343889236450195 81.0
    vertex 5.000000476837158 4.999999523162842 81.0
    vertex 9.787191390991211 4.999999523162842 81.0
  endloop
endfacet
facet normal 0.0 0.0 0.0
  outer loop
    vertex 17.5 13.165802955627441 83.0
    vertex 17.5 3.499999523162842 83.0
    vertex 17.5 13.165802955627441 81.0
  endloop
endfacet
facet normal 0.0 0.0 0.0
  outer loop
    vertex 17.5 13.165802955627441 81.0
    vertex 17.5 3.499999523162842 83.0
    vertex 17.5 3.499999523162842 81.0
  endloop
endfacet
facet normal 0.0 0.0 0.0
  outer loop
    vertex 3.500000238418579 7.6343889236450195 83.0
    vertex 3.500000238418579 17.5 83.0
    vertex 3.500000238418579 7.6343889236450195 81.0
  endloop
endfacet
facet normal 0.0 0.0 0.0
  outer loop
    vertex 3.500000238418579 7.6343889236450195 81.0
    vertex 3.500000238418579 17.5 83.0
    vertex 3.500000238418579 17.5 81.0
  endloop
endfacet
facet normal 0.0 0.0 0.0
  outer loop
    vertex 15.709772109985352 1.9999994039535522 81.0
    vertex 15.156559944152832 1.9999994039535522 81.0
    vertex 15.709772109985352 1.9999994039535522 83.0
  endloop
endfacet
facet normal 0.0 0.0 0.0
  outer loop
    vertex 15.709772109985352 1.9999994039535522 83.0
    vertex 15.156559944152832 1.9999994039535522 81.0
    vertex 15.156559944152832 1.9999994039535522 83.0
  endloop
endfacet
facet normal 0.0 0.0 0.0
  outer loop
    vertex 19.0 19.0 83.0
    vertex 2.000000238418579 19.0 83.0
    vertex 19.0 19.0 81.0
  endloop
endfacet
facet normal 0.0 0.0 0.0
  outer loop
    vertex 19.0 19.0 81.0
    vertex 2.000000238418579 19.0 83.0
    vertex 2.000000238418579 19.0 81.0
  endloop
endfacet
facet normal 0.0 0.0 0.0
  outer loop
    vertex 15.124650955200195 1.6614296436309814 83.0
    vertex 15.146628379821777 1.6622051000595093 83.0
    vertex 15.150522232055664 1.7946480512619019 83.0
  endloop
endfacet
facet normal 0.0 0.0 0.0
  outer loop
    vertex -15.633872985839844 -17.5 83.0
    vertex -17.5 -17.5 83.0
    vertex -15.633872985839844 -17.5 81.0
  endloop
endfacet
facet normal 0.0 0.0 0.0
  outer loop
    vertex -15.633872985839844 -17.5 81.0
    vertex -17.5 -17.5 83.0
    vertex -17.5 -17.5 81.0
  endloop
endfacet
facet normal 0.0 0.0 0.0
  outer loop
    vertex -15.633872985839844 -19.0 81.0
    vertex -19.0 -19.0 81.0
    vertex -15.633872985839844 -19.0 83.0
  endloop
endfacet
facet normal 0.0 0.0 0.0
  outer loop
    vertex -15.633872985839844 -19.0 83.0
    vertex -19.0 -19.0 81.0
    vertex -19.0 -19.0 83.0
  endloop
endfacet
facet normal 0.0 0.0 0.0
  outer loop
    vertex -10.42785358428955 -5.000000476837158 83.0
    vertex -16.0 -5.000000476837158 83.0
    vertex -10.42785358428955 -5.000000476837158 81.0
  endloop
endfacet
facet normal 0.0 0.0 0.0
  outer loop
    vertex -10.42785358428955 -5.000000476837158 81.0
    vertex -16.0 -5.000000476837158 83.0
    vertex -16.0 -5.000000476837158 81.0
  endloop
endfacet
facet normal 0.0 0.0 0.0
  outer loop
    vertex -15.633872985839844 -16.0 81.0
    vertex -16.0 -16.0 81.0
    vertex -15.633872985839844 -16.0 83.0
  endloop
endfacet
facet normal 0.0 0.0 0.0
  outer loop
    vertex -15.633872985839844 -16.0 83.0
    vertex -16.0 -16.0 81.0
    vertex -16.0 -16.0 83.0
  endloop
endfacet
facet normal 0.0 0.0 0.0
  outer loop
    vertex -15.633872985839844 -20.5 83.0
    vertex -20.5 -20.5 83.0
    vertex -15.633872985839844 -20.5 82.0
  endloop
endfacet
facet normal 0.0 0.0 0.0
  outer loop
    vertex -15.633872985839844 -20.5 82.0
    vertex -20.5 -20.5 83.0
    vertex -20.5 -20.5 82.0
  endloop
endfacet
facet normal 0.0 0.0 0.0
  outer loop
    vertex 40.5 -20.5 0.0
    vertex 40.5 -20.5 82.0
    vertex 40.5 -21.5 0.0
  endloop
endfacet
facet normal 0.0 0.0 0.0
  outer loop
    vertex 40.5 -21.5 0.0
    vertex 40.5 -20.5 82.0
    vertex 40.5 -21.5 82.0
  endloop
endfacet
facet normal 0.0 0.0 0.0
  outer loop
    vertex 40.5 0.5 0.0
    vertex 40.5 0.5 82.0
    vertex 40.5 -0.5 0.0
  endloop
endfacet
facet normal 0.0 0.0 0.0
  outer loop
    vertex 40.5 -0.5 0.0
    vertex 40.5 0.5 82.0
    vertex 40.5 -0.5 82.0
  endloop
endfacet
facet normal 0.0 0.0 0.0
  outer loop
    vertex 40.5 21.5 0.0
    vertex 40.5 21.5 82.0
    vertex 40.5 20.5 0.0
  endloop
endfacet
facet normal 0.0 0.0 0.0
  outer loop
    vertex 40.5 20.5 0.0
    vertex 40.5 21.5 82.0
    vertex 40.5 20.5 82.0
  endloop
endfacet
facet normal 0.0 0.0 0.0
  outer loop
    vertex 20.5 40.5 0.0
    vertex 20.5 40.5 82.0
    vertex 21.5 40.5 0.0
  endloop
endfacet
facet normal 0.0 0.0 0.0
  outer loop
    vertex 21.5 40.5 0.0
    vertex 20.5 40.5 82.0
    vertex 21.5 40.5 82.0
  endloop
endfacet
facet normal 0.0 0.0 0.0
  outer loop
    vertex -0.5 40.5 0.0
    vertex -0.5 40.5 82.0
    vertex 0.5 40.5 0.0
  endloop
endfacet
facet normal 0.0 0.0 0.0
  outer loop
    vertex 0.5 40.5 0.0
    vertex -0.5 40.5 82.0
    vertex 0.5 40.5 82.0
  endloop
endfacet
facet normal 0.0 0.0 0.0
  outer loop
    vertex -21.5 40.5 0.0
    vertex -21.5 40.5 82.0
    vertex -20.5 40.5 0.0
  endloop
endfacet
facet normal 0.0 0.0 0.0
  outer loop
    vertex -20.5 40.5 0.0
    vertex -21.5 40.5 82.0
    vertex -20.5 40.5 82.0
  endloop
endfacet
facet normal 0.0 0.0 0.0
  outer loop
    vertex 41.5 -21.5 0.0
    vertex 41.5 -41.5 0.0
    vertex 40.5 -21.5 0.0
  endloop
endfacet
facet normal 0.0 0.0 0.0
  outer loop
    vertex 40.5 -21.5 0.0
    vertex 41.5 -41.5 0.0
    vertex 21.5 -40.5 0.0
  endloop
endfacet
facet normal 0.0 0.0 0.0
  outer loop
    vertex 40.5 -21.5 0.0
    vertex 21.5 -40.5 0.0
    vertex 20.5 -40.5 0.0
  endloop
endfacet
facet normal 0.0 0.0 0.0
  outer loop
    vertex 41.5 -41.5 0.0
    vertex 21.5 -41.5 0.0
    vertex 21.5 -40.5 0.0
  endloop
endfacet
facet normal 0.0 0.0 0.0
  outer loop
    vertex 20.5 -41.5 0.0
    vertex 0.5 -41.5 0.0
    vertex 20.5 -40.5 0.0
  endloop
endfacet
facet normal 0.0 0.0 0.0
  outer loop
    vertex 20.5 -40.5 0.0
    vertex 0.5 -41.5 0.0
    vertex 0.5 -40.5 0.0
  endloop
endfacet
facet normal 0.0 0.0 0.0
  outer loop
    vertex 20.5 -40.5 0.0
    vertex 0.5 -40.5 0.0
    vertex 40.5 -20.5 0.0
  endloop
endfacet
facet normal 0.0 0.0 0.0
  outer loop
    vertex 40.5 -20.5 0.0
    vertex 0.5 -40.5 0.0
    vertex 40.5 -0.5 0.0
  endloop
endfacet
facet normal 0.0 0.0 0.0
  outer loop
    vertex 40.5 -20.5 0.0
    vertex 40.5 -0.5 0.0
    vertex 41.5 -0.5 0.0
  endloop
endfacet
facet normal 0.0 0.0 0.0
  outer loop
    vertex 0.5 -40.5 0.0
    vertex -0.5 -40.5 0.0
    vertex 40.5 -0.5 0.0
  endloop
endfacet
facet normal 0.0 0.0 0.0
  outer loop
    vertex 40.5 -0.5 0.0
    vertex -0.5 -40.5 0.0
    vertex -40.5 -0.5 0.0
  endloop
endfacet
facet normal 0.0 0.0 0.0
  outer loop
    vertex 40.5 -0.5 0.0
    vertex -40.5 -0.5 0.0
    vertex 40.5 0.5 0.0
  endloop
endfacet
facet normal 0.0 0.0 0.0
  outer loop
    vertex 40.5 0.5 0.0
    vertex -40.5 -0.5 0.0
    vertex -40.5 0.5 0.0
  endloop
endfacet
facet normal 0.0 0.0 0.0
  outer loop
    vertex 40.5 0.5 0.0
    vertex -40.5 0.5 0.0
    vertex 0.5 40.5 0.0
  endloop
endfacet
facet normal 0.0 0.0 0.0
  outer loop
    vertex 0.5 40.5 0.0
    vertex -40.5 0.5 0.0
    vertex -0.5 40.5 0.0
  endloop
endfacet
facet normal 0.0 0.0 0.0
  outer loop
    vertex -0.5 40.5 0.0
    vertex -40.5 0.5 0.0
    vertex -40.5 20.5 0.0
  endloop
endfacet
facet normal 0.0 0.0 0.0
  outer loop
    vertex -0.5 40.5 0.0
    vertex -40.5 20.5 0.0
    vertex -20.5 40.5 0.0
  endloop
endfacet
facet normal 0.0 0.0 0.0
  outer loop
    vertex -20.5 40.5 0.0
    vertex -40.5 20.5 0.0
    vertex -40.5 21.5 0.0
  endloop
endfacet
facet normal 0.0 0.0 0.0
  outer loop
    vertex -20.5 40.5 0.0
    vertex -40.5 21.5 0.0
    vertex -21.5 40.5 0.0
  endloop
endfacet
facet normal 0.0 0.0 0.0
  outer loop
    vertex -21.5 40.5 0.0
    vertex -40.5 21.5 0.0
    vertex -41.5 41.5 0.0
  endloop
endfacet
facet normal 0.0 0.0 0.0
  outer loop
    vertex -21.5 40.5 0.0
    vertex -41.5 41.5 0.0
    vertex -21.5 41.5 0.0
  endloop
endfacet
facet normal 0.0 0.0 0.0
  outer loop
    vertex -0.5 -41.5 0.0
    vertex -20.5 -41.5 0.0
    vertex -0.5 -40.5 0.0
  endloop
endfacet
facet normal 0.0 0.0 0.0
  outer loop
    vertex -0.5 -40.5 0.0
    vertex -20.5 -41.5 0.0
    vertex -20.5 -40.5 0.0
  endloop
endfacet
facet normal 0.0 0.0 0.0
  outer loop
    vertex -0.5 -40.5 0.0
    vertex -20.5 -40.5 0.0
    vertex -40.5 -20.5 0.0
  endloop
endfacet
facet normal 0.0 0.0 0.0
  outer loop
    vertex -40.5 -20.5 0.0
    vertex -20.5 -40.5 0.0
    vertex -40.5 -21.5 0.0
  endloop
endfacet
facet normal 0.0 0.0 0.0
  outer loop
    vertex -40.5 -21.5 0.0
    vertex -20.5 -40.5 0.0
    vertex -21.5 -40.5 0.0
  endloop
endfacet
facet normal 0.0 0.0 0.0
  outer loop
    vertex -40.5 -21.5 0.0
    vertex -21.5 -40.5 0.0
    vertex -41.5 -41.5 0.0
  endloop
endfacet
facet normal 0.0 0.0 0.0
  outer loop
    vertex -41.5 -41.5 0.0
    vertex -21.5 -40.5 0.0
    vertex -21.5 -41.5 0.0
  endloop
endfacet
facet normal 0.0 0.0 0.0
  outer loop
    vertex -41.5 -41.5 0.0
    vertex -41.5 -21.5 0.0
    vertex -40.5 -21.5 0.0
  endloop
endfacet
facet normal 0.0 0.0 0.0
  outer loop
    vertex -0.5 -40.5 0.0
    vertex -40.5 -20.5 0.0
    vertex -40.5 -0.5 0.0
  endloop
endfacet
facet normal 0.0 0.0 0.0
  outer loop
    vertex -40.5 -0.5 0.0
    vertex -40.5 -20.5 0.0
    vertex -41.5 -20.5 0.0
  endloop
endfacet
facet normal 0.0 0.0 0.0
  outer loop
    vertex -40.5 -0.5 0.0
    vertex -41.5 -20.5 0.0
    vertex -41.5 -0.5 0.0
  endloop
endfacet
facet normal 0.0 0.0 0.0
  outer loop
    vertex -40.5 0.5 0.0
    vertex -41.5 0.5 0.0
    vertex -40.5 20.5 0.0
  endloop
endfacet
facet normal 0.0 0.0 0.0
  outer loop
    vertex -40.5 20.5 0.0
    vertex -41.5 0.5 0.0
    vertex -41.5 20.5 0.0
  endloop
endfacet
facet normal 0.0 0.0 0.0
  outer loop
    vertex -40.5 21.5 0.0
    vertex -41.5 21.5 0.0
    vertex -41.5 41.5 0.0
  endloop
endfacet
facet normal 0.0 0.0 0.0
  outer loop
    vertex -20.5 41.5 0.0
    vertex -0.5 41.5 0.0
    vertex -20.5 40.5 0.0
  endloop
endfacet
facet normal 0.0 0.0 0.0
  outer loop
    vertex -20.5 40.5 0.0
    vertex -0.5 41.5 0.0
    vertex -0.5 40.5 0.0
  endloop
endfacet
facet normal 0.0 0.0 0.0
  outer loop
    vertex 0.5 41.5 0.0
    vertex 20.5 41.5 0.0
    vertex 0.5 40.5 0.0
  endloop
endfacet
facet normal 0.0 0.0 0.0
  outer loop
    vertex 0.5 40.5 0.0
    vertex 20.5 41.5 0.0
    vertex 20.5 40.5 0.0
  endloop
endfacet
facet normal 0.0 0.0 0.0
  outer loop
    vertex 0.5 40.5 0.0
    vertex 20.5 40.5 0.0
    vertex 40.5 20.5 0.0
  endloop
endfacet
facet normal 0.0 0.0 0.0
  outer loop
    vertex 40.5 20.5 0.0
    vertex 20.5 40.5 0.0
    vertex 40.5 21.5 0.0
  endloop
endfacet
facet normal 0.0 0.0 0.0
  outer loop
    vertex 40.5 21.5 0.0
    vertex 20.5 40.5 0.0
    vertex 21.5 40.5 0.0
  endloop
endfacet
facet normal 0.0 0.0 0.0
  outer loop
    vertex 40.5 21.5 0.0
    vertex 21.5 40.5 0.0
    vertex 41.5 41.5 0.0
  endloop
endfacet
facet normal 0.0 0.0 0.0
  outer loop
    vertex 41.5 41.5 0.0
    vertex 21.5 40.5 0.0
    vertex 21.5 41.5 0.0
  endloop
endfacet
facet normal 0.0 0.0 0.0
  outer loop
    vertex 41.5 41.5 0.0
    vertex 41.5 21.5 0.0
    vertex 40.5 21.5 0.0
  endloop
endfacet
facet normal 0.0 0.0 0.0
  outer loop
    vertex 0.5 40.5 0.0
    vertex 40.5 20.5 0.0
    vertex 40.5 0.5 0.0
  endloop
endfacet
facet normal 0.0 0.0 0.0
  outer loop
    vertex 40.5 0.5 0.0
    vertex 40.5 20.5 0.0
    vertex 41.5 20.5 0.0
  endloop
endfacet
facet normal 0.0 0.0 0.0
  outer loop
    vertex 40.5 0.5 0.0
    vertex 41.5 20.5 0.0
    vertex 41.5 0.5 0.0
  endloop
endfacet
facet normal 0.0 0.0 0.0
  outer loop
    vertex 41.5 -0.5 0.0
    vertex 41.5 -20.5 0.0
    vertex 40.5 -20.5 0.0
  endloop
endfacet
facet normal 0.0 0.0 0.0
  outer loop
    vertex 40.5 -20.5 0.0
    vertex 40.5 -21.5 0.0
    vertex 20.5 -40.5 0.0
  endloop
endfacet
facet normal 0.0 0.0 0.0
  outer loop
    vertex 21.5 -40.5 0.0
    vertex 21.5 -40.5 82.0
    vertex 20.5 -40.5 0.0
  endloop
endfacet
facet normal 0.0 0.0 0.0
  outer loop
    vertex 20.5 -40.5 0.0
    vertex 21.5 -40.5 82.0
    vertex 20.5 -40.5 82.0
  endloop
endfacet
facet normal 0.0 0.0 0.0
  outer loop
    vertex 0.5 -40.5 0.0
    vertex 0.5 -40.5 82.0
    vertex -0.5 -40.5 0.0
  endloop
endfacet
facet normal 0.0 0.0 0.0
  outer loop
    vertex -0.5 -40.5 0.0
    vertex 0.5 -40.5 82.0
    vertex -0.5 -40.5 82.0
  endloop
endfacet
facet normal 0.0 0.0 0.0
  outer loop
    vertex -20.5 -40.5 0.0
    vertex -20.5 -40.5 82.0
    vertex -21.5 -40.5 0.0
  endloop
endfacet
facet normal 0.0 0.0 0.0
  outer loop
    vertex -21.5 -40.5 0.0
    vertex -20.5 -40.5 82.0
    vertex -21.5 -40.5 82.0
  endloop
endfacet
facet normal 0.0 0.0 0.0
  outer loop
    vertex -40.5 -21.5 0.0
    vertex -40.5 -21.5 82.0
    vertex -40.5 -20.5 0.0
  endloop
endfacet
facet normal 0.0 0.0 0.0
  outer loop
    vertex -40.5 -20.5 0.0
    vertex -40.5 -21.5 82.0
    vertex -40.5 -20.5 82.0
  endloop
endfacet
facet normal 0.0 0.0 0.0
  outer loop
    vertex -40.5 -0.5 0.0
    vertex -40.5 -0.5 82.0
    vertex -40.5 0.5 0.0
  endloop
endfacet
facet normal 0.0 0.0 0.0
  outer loop
    vertex -40.5 0.5 0.0
    vertex -40.5 -0.5 82.0
    vertex -40.5 0.5 82.0
  endloop
endfacet
facet normal 0.0 0.0 0.0
  outer loop
    vertex -40.5 20.5 0.0
    vertex -40.5 20.5 82.0
    vertex -40.5 21.5 0.0
  endloop
endfacet
facet normal 0.0 0.0 0.0
  outer loop
    vertex -40.5 21.5 0.0
    vertex -40.5 20.5 82.0
    vertex -40.5 21.5 82.0
  endloop
endfacet
facet normal 0.0 0.0 0.0
  outer loop
    vertex -15.633872985839844 -21.5 82.0
    vertex -12.056559562683105 -20.84947967529297 82.0
    vertex -15.633872985839844 -20.84947967529297 82.0
  endloop
endfacet
facet normal 0.0 0.0 0.0
  outer loop
    vertex -15.633872985839844 -20.84947967529297 82.0
    vertex -12.056559562683105 -20.84947967529297 82.0
    vertex -15.633872985839844 -20.695920944213867 82.0
  endloop
endfacet
facet normal 0.0 0.0 0.0
  outer loop
    vertex -15.633872985839844 -20.84947967529297 82.0
    vertex -15.633872985839844 -20.695920944213867 82.0
    vertex -20.5 -20.5 82.0
  endloop
endfacet
facet normal 0.0 0.0 0.0
  outer loop
    vertex -20.5 -20.5 82.0
    vertex -15.633872985839844 -20.695920944213867 82.0
    vertex -15.633872985839844 -20.5 82.0
  endloop
endfacet
facet normal 0.0 0.0 0.0
  outer loop
    vertex -15.633872985839844 -21.5 82.0
    vertex -10.42785358428955 -21.5 82.0
    vertex -12.056559562683105 -20.84947967529297 82.0
  endloop
endfacet
facet normal 0.0 0.0 0.0
  outer loop
    vertex -12.056559562683105 -20.84947967529297 82.0
    vertex -10.42785358428955 -21.5 82.0
    vertex -10.42785358428955 -20.84947967529297 82.0
  endloop
endfacet
facet normal 0.0 0.0 0.0
  outer loop
    vertex -20.5 -15.029789924621582 82.0
    vertex -21.147659301757812 -15.029789924621582 82.0
    vertex -20.5 -20.5 82.0
  endloop
endfacet
facet normal 0.0 0.0 0.0
  outer loop
    vertex -20.5 -20.5 82.0
    vertex -21.147659301757812 -15.029789924621582 82.0
    vertex -21.5 -20.5 82.0
  endloop
endfacet
facet normal 0.0 0.0 0.0
  outer loop
    vertex -20.5 -20.5 82.0
    vertex -21.5 -20.5 82.0
    vertex -20.840822219848633 -20.84947967529297 82.0
  endloop
endfacet
facet normal 0.0 0.0 0.0
  outer loop
    vertex -20.840822219848633 -20.84947967529297 82.0
    vertex -21.5 -20.5 82.0
    vertex -21.5 -21.5 82.0
  endloop
endfacet
facet normal 0.0 0.0 0.0
  outer loop
    vertex -20.840822219848633 -20.84947967529297 82.0
    vertex -21.5 -21.5 82.0
    vertex -20.840822219848633 -26.362335205078125 82.0
  endloop
endfacet
facet normal 0.0 0.0 0.0
  outer loop
    vertex -20.840822219848633 -26.362335205078125 82.0
    vertex -21.5 -21.5 82.0
    vertex -21.5 -40.5 82.0
  endloop
endfacet
facet normal 0.0 0.0 0.0
  outer loop
    vertex -20.840822219848633 -26.362335205078125 82.0
    vertex -21.5 -40.5 82.0
    vertex -20.5 -40.5 82.0
  endloop
endfacet
facet normal 0.0 0.0 0.0
  outer loop
    vertex -21.147659301757812 -15.029789924621582 82.0
    vertex -21.147659301757812 -14.324444770812988 82.0
    vertex -21.5 -20.5 82.0
  endloop
endfacet
facet normal 0.0 0.0 0.0
  outer loop
    vertex -21.5 -20.5 82.0
    vertex -21.147659301757812 -14.324444770812988 82.0
    vertex -21.5 -0.5 82.0
  endloop
endfacet
facet normal 0.0 0.0 0.0
  outer loop
    vertex -21.5 -0.5 82.0
    vertex -21.147659301757812 -14.324444770812988 82.0
    vertex -21.082963943481445 -12.34960651397705 82.0
  endloop
endfacet
facet normal 0.0 0.0 0.0
  outer loop
    vertex -21.5 -0.5 82.0
    vertex -21.082963943481445 -12.34960651397705 82.0
    vertex -20.994239807128906 -9.6703462600708 82.0
  endloop
endfacet
facet normal 0.0 0.0 0.0
  outer loop
    vertex -21.5 -0.5 82.0
    vertex -20.994239807128906 -9.6703462600708 82.0
    vertex -20.5349178314209 -3.68245267868042 82.0
  endloop
endfacet
facet normal 0.0 0.0 0.0
  outer loop
    vertex -20.5349178314209 -3.68245267868042 82.0
    vertex -20.994239807128906 -9.6703462600708 82.0
    vertex -20.5 -9.66247844696045 82.0
  endloop
endfacet
facet normal 0.0 0.0 0.0
  outer loop
    vertex -20.5349178314209 -3.68245267868042 82.0
    vertex -20.5 -9.66247844696045 82.0
    vertex -20.5 -3.68308162689209 82.0
  endloop
endfacet
facet normal 0.0 0.0 0.0
  outer loop
    vertex -20.5349178314209 -3.68245267868042 82.0
    vertex -20.5349178314209 1.7906689643859863 82.0
    vertex -21.5 -0.5 82.0
  endloop
endfacet
facet normal 0.0 0.0 0.0
  outer loop
    vertex -21.5 -0.5 82.0
    vertex -20.5349178314209 1.7906689643859863 82.0
    vertex -21.5 0.5 82.0
  endloop
endfacet
facet normal 0.0 0.0 0.0
  outer loop
    vertex -21.5 -0.5 82.0
    vertex -21.5 0.5 82.0
    vertex -40.5 0.5 82.0
  endloop
endfacet
facet normal 0.0 0.0 0.0
  outer loop
    vertex -20.5 1.7920993566513062 82.0
    vertex -20.5 20.5 82.0
    vertex -20.5349178314209 1.7906689643859863 82.0
  endloop
endfacet
facet normal 0.0 0.0 0.0
  outer loop
    vertex -20.5349178314209 1.7906689643859863 82.0
    vertex -20.5 20.5 82.0
    vertex -21.5 20.5 82.0
  endloop
endfacet
facet normal 0.0 0.0 0.0
  outer loop
    vertex -20.5349178314209 1.7906689643859863 82.0
    vertex -21.5 20.5 82.0
    vertex -21.5 0.5 82.0
  endloop
endfacet
facet normal 0.0 0.0 0.0
  outer loop
    vertex -0.5 20.5 82.0
    vertex -20.5 21.5 82.0
    vertex -20.5 20.5 82.0
  endloop
endfacet
facet normal 0.0 0.0 0.0
  outer loop
    vertex -20.5 20.5 82.0
    vertex -20.5 21.5 82.0
    vertex -21.5 21.5 82.0
  endloop
endfacet
facet normal 0.0 0.0 0.0
  outer loop
    vertex -20.5 20.5 82.0
    vertex -21.5 21.5 82.0
    vertex -21.5 20.5 82.0
  endloop
endfacet
facet normal 0.0 0.0 0.0
  outer loop
    vertex -21.5 20.5 82.0
    vertex -21.5 21.5 82.0
    vertex -40.5 21.5 82.0
  endloop
endfacet
facet normal 0.0 0.0 0.0
  outer loop
    vertex -21.5 20.5 82.0
    vertex -40.5 21.5 82.0
    vertex -40.5 20.5 82.0
  endloop
endfacet
facet normal 0.0 0.0 0.0
  outer loop
    vertex -0.5 7.4818949699401855 82.0
    vertex -0.4718315005302429 7.6343889236450195 82.0
    vertex -0.5 20.5 82.0
  endloop
endfacet
facet normal 0.0 0.0 0.0
  outer loop
    vertex -0.5 20.5 82.0
    vertex -0.4718315005302429 7.6343889236450195 82.0
    vertex 0.5 20.5 82.0
  endloop
endfacet
facet normal 0.0 0.0 0.0
  outer loop
    vertex -0.5 20.5 82.0
    vertex 0.5 20.5 82.0
    vertex -0.5 21.5 82.0
  endloop
endfacet
facet normal 0.0 0.0 0.0
  outer loop
    vertex -0.5 21.5 82.0
    vertex 0.5 20.5 82.0
    vertex 0.5 21.5 82.0
  endloop
endfacet
facet normal 0.0 0.0 0.0
  outer loop
    vertex -0.5 21.5 82.0
    vertex 0.5 21.5 82.0
    vertex -0.5 40.5 82.0
  endloop
endfacet
facet normal 0.0 0.0 0.0
  outer loop
    vertex -0.5 40.5 82.0
    vertex 0.5 21.5 82.0
    vertex 0.5 40.5 82.0
  endloop
endfacet
facet normal 0.0 0.0 0.0
  outer loop
    vertex -0.5 7.4818949699401855 82.0
    vertex -0.47329074144363403 7.4818949699401855 82.0
    vertex -0.4718315005302429 7.6343889236450195 82.0
  endloop
endfacet
facet normal 0.0 0.0 0.0
  outer loop
    vertex -0.4718315005302429 7.6343889236450195 82.0
    vertex 0.5 7.6343889236450195 82.0
    vertex 0.5 20.5 82.0
  endloop
endfacet
facet normal 0.0 0.0 0.0
  outer loop
    vertex 0.5 20.5 82.0
    vertex 20.5 20.5 82.0
    vertex 0.5 21.5 82.0
  endloop
endfacet
facet normal 0.0 0.0 0.0
  outer loop
    vertex 0.5 21.5 82.0
    vertex 20.5 20.5 82.0
    vertex 20.5 21.5 82.0
  endloop
endfacet
facet normal 0.0 0.0 0.0
  outer loop
    vertex 20.5 21.5 82.0
    vertex 20.5 20.5 82.0
    vertex 21.5 20.5 82.0
  endloop
endfacet
facet normal 0.0 0.0 0.0
  outer loop
    vertex 20.5 21.5 82.0
    vertex 21.5 20.5 82.0
    vertex 21.5 21.5 82.0
  endloop
endfacet
facet normal 0.0 0.0 0.0
  outer loop
    vertex 21.5 21.5 82.0
    vertex 21.5 20.5 82.0
    vertex 40.5 20.5 82.0
  endloop
endfacet
facet normal 0.0 0.0 0.0
  outer loop
    vertex 21.5 21.5 82.0
    vertex 40.5 20.5 82.0
    vertex 40.5 21.5 82.0
  endloop
endfacet
facet normal 0.0 0.0 0.0
  outer loop
    vertex 20.5 18.96693992614746 82.0
    vertex 20.506996154785156 18.96693992614746 82.0
    vertex 20.5 20.5 82.0
  endloop
endfacet
facet normal 0.0 0.0 0.0
  outer loop
    vertex 20.5 20.5 82.0
    vertex 20.506996154785156 18.96693992614746 82.0
    vertex 21.5 20.5 82.0
  endloop
endfacet
facet normal 0.0 0.0 0.0
  outer loop
    vertex 20.506996154785156 13.454082489013672 82.0
    vertex 21.217653274536133 13.454082489013672 82.0
    vertex 20.506996154785156 18.96693992614746 82.0
  endloop
endfacet
facet normal 0.0 0.0 0.0
  outer loop
    vertex 20.506996154785156 18.96693992614746 82.0
    vertex 21.217653274536133 13.454082489013672 82.0
    vertex 21.5 13.444168090820312 82.0
  endloop
endfacet
facet normal 0.0 0.0 0.0
  outer loop
    vertex 20.506996154785156 18.96693992614746 82.0
    vertex 21.5 13.444168090820312 82.0
    vertex 21.5 20.5 82.0
  endloop
endfacet
facet normal 0.0 0.0 0.0
  outer loop
    vertex 21.5 40.5 82.0
    vertex 20.5 40.5 82.0
    vertex 21.5 21.5 82.0
  endloop
endfacet
facet normal 0.0 0.0 0.0
  outer loop
    vertex 21.5 21.5 82.0
    vertex 20.5 40.5 82.0
    vertex 20.5 21.5 82.0
  endloop
endfacet
facet normal 0.0 0.0 0.0
  outer loop
    vertex -0.5 21.5 82.0
    vertex -20.5 21.5 82.0
    vertex -0.5 20.5 82.0
  endloop
endfacet
facet normal 0.0 0.0 0.0
  outer loop
    vertex -20.5 40.5 82.0
    vertex -21.5 40.5 82.0
    vertex -20.5 21.5 82.0
  endloop
endfacet
facet normal 0.0 0.0 0.0
  outer loop
    vertex -20.5 21.5 82.0
    vertex -21.5 40.5 82.0
    vertex -21.5 21.5 82.0
  endloop
endfacet
facet normal 0.0 0.0 0.0
  outer loop
    vertex -40.5 0.5 82.0
    vertex -40.5 -0.5 82.0
    vertex -21.5 -0.5 82.0
  endloop
endfacet
facet normal 0.0 0.0 0.0
  outer loop
    vertex -40.5 -20.5 82.0
    vertex -40.5 -21.5 82.0
    vertex -21.5 -20.5 82.0
  endloop
endfacet
facet normal 0.0 0.0 0.0
  outer loop
    vertex -21.5 -20.5 82.0
    vertex -40.5 -21.5 82.0
    vertex -21.5 -21.5 82.0
  endloop
endfacet
facet normal 0.0 0.0 0.0
  outer loop
    vertex -20.5 -40.5 82.0
    vertex -20.5 -26.362335205078125 82.0
    vertex -20.840822219848633 -26.362335205078125 82.0
  endloop
endfacet
facet normal 0.0 0.0 0.0
  outer loop
    vertex -20.840822219848633 -20.84947967529297 82.0
    vertex -15.633872985839844 -20.84947967529297 82.0
    vertex -20.5 -20.5 82.0
  endloop
endfacet
facet normal 0.0 0.0 0.0
  outer loop
    vertex 41.5 20.5 0.0
    vertex 40.5 20.5 0.0
    vertex 41.5 20.5 27.600000381469727
  endloop
endfacet
facet normal 0.0 0.0 0.0
  outer loop
    vertex 41.5 20.5 27.600000381469727
    vertex 40.5 20.5 0.0
    vertex 40.5 20.5 82.0
  endloop
endfacet
facet normal 0.0 0.0 0.0
  outer loop
    vertex 41.5 20.5 27.600000381469727
    vertex 40.5 20.5 82.0
    vertex 41.5 20.5 55.400001525878906
  endloop
endfacet
facet normal 0.0 0.0 0.0
  outer loop
    vertex 41.5 20.5 55.400001525878906
    vertex 40.5 20.5 82.0
    vertex 41.5 20.5 83.0
  endloop
endfacet
facet normal 0.0 0.0 0.0
  outer loop
    vertex 41.5 20.5 83.0
    vertex 40.5 20.5 82.0
    vertex 21.5 20.5 83.0
  endloop
endfacet
facet normal 0.0 0.0 0.0
  outer loop
    vertex 21.5 20.5 83.0
    vertex 40.5 20.5 82.0
    vertex 21.5 20.5 82.0
  endloop
endfacet
facet normal 0.0 0.0 0.0
  outer loop
    vertex 41.5 -21.5 0.0
    vertex 40.5 -21.5 0.0
    vertex 41.5 -21.5 27.600000381469727
  endloop
endfacet
facet normal 0.0 0.0 0.0
  outer loop
    vertex 41.5 -21.5 27.600000381469727
    vertex 40.5 -21.5 0.0
    vertex 40.5 -21.5 82.0
  endloop
endfacet
facet normal 0.0 0.0 0.0
  outer loop
    vertex 41.5 -21.5 27.600000381469727
    vertex 40.5 -21.5 82.0
    vertex 41.5 -21.5 55.400001525878906
  endloop
endfacet
facet normal 0.0 0.0 0.0
  outer loop
    vertex 41.5 -21.5 55.400001525878906
    vertex 40.5 -21.5 82.0
    vertex 41.5 -21.5 83.0
  endloop
endfacet
facet normal 0.0 0.0 0.0
  outer loop
    vertex 41.5 -21.5 83.0
    vertex 40.5 -21.5 82.0
    vertex 21.5 -21.5 83.0
  endloop
endfacet
facet normal 0.0 0.0 0.0
  outer loop
    vertex 21.5 -21.5 83.0
    vertex 40.5 -21.5 82.0
    vertex 21.5 -21.5 82.0
  endloop
endfacet
facet normal 0.0 0.0 0.0
  outer loop
    vertex -0.5 -25.658769607543945 82.0
    vertex -0.5 -25.658769607543945 83.0
    vertex -0.5 -40.5 82.0
  endloop
endfacet
facet normal 0.0 0.0 0.0
  outer loop
    vertex -0.5 -40.5 82.0
    vertex -0.5 -25.658769607543945 83.0
    vertex -0.5 -41.5 83.0
  endloop
endfacet
facet normal 0.0 0.0 0.0
  outer loop
    vertex -0.5 -40.5 82.0
    vertex -0.5 -41.5 83.0
    vertex -0.5 -41.5 55.400001525878906
  endloop
endfacet
facet normal 0.0 0.0 0.0
  outer loop
    vertex -0.5 -41.5 55.400001525878906
    vertex -0.5 -41.5 27.600000381469727
    vertex -0.5 -40.5 82.0
  endloop
endfacet
facet normal 0.0 0.0 0.0
  outer loop
    vertex -0.5 -40.5 82.0
    vertex -0.5 -41.5 27.600000381469727
    vertex -0.5 -40.5 0.0
  endloop
endfacet
facet normal 0.0 0.0 0.0
  outer loop
    vertex -0.5 -40.5 0.0
    vertex -0.5 -41.5 27.600000381469727
    vertex -0.5 -41.5 0.0
  endloop
endfacet
facet normal 0.0 0.0 0.0
  outer loop
    vertex -15.633872985839844 -21.5 83.0
    vertex -10.42785358428955 -21.5 83.0
    vertex -15.633872985839844 -21.5 82.0
  endloop
endfacet
facet normal 0.0 0.0 0.0
  outer loop
    vertex -15.633872985839844 -21.5 82.0
    vertex -10.42785358428955 -21.5 83.0
    vertex -10.42785358428955 -21.5 82.0
  endloop
endfacet
facet normal 0.0 0.0 0.0
  outer loop
    vertex -21.5 -41.5 0.0
    vertex -21.5 -40.5 0.0
    vertex -21.5 -41.5 27.600000381469727
  endloop
endfacet
facet normal 0.0 0.0 0.0
  outer loop
    vertex -21.5 -41.5 27.600000381469727
    vertex -21.5 -40.5 0.0
    vertex -21.5 -40.5 82.0
  endloop
endfacet
facet normal 0.0 0.0 0.0
  outer loop
    vertex -21.5 -41.5 27.600000381469727
    vertex -21.5 -40.5 82.0
    vertex -21.5 -41.5 55.400001525878906
  endloop
endfacet
facet normal 0.0 0.0 0.0
  outer loop
    vertex -21.5 -41.5 55.400001525878906
    vertex -21.5 -40.5 82.0
    vertex -21.5 -41.5 83.0
  endloop
endfacet
facet normal 0.0 0.0 0.0
  outer loop
    vertex -21.5 -41.5 83.0
    vertex -21.5 -40.5 82.0
    vertex -21.5 -21.5 83.0
  endloop
endfacet
facet normal 0.0 0.0 0.0
  outer loop
    vertex -21.5 -21.5 83.0
    vertex -21.5 -40.5 82.0
    vertex -21.5 -21.5 82.0
  endloop
endfacet
facet normal 0.0 0.0 0.0
  outer loop
    vertex -41.5 -20.5 0.0
    vertex -40.5 -20.5 0.0
    vertex -41.5 -20.5 27.600000381469727
  endloop
endfacet
facet normal 0.0 0.0 0.0
  outer loop
    vertex -41.5 -20.5 27.600000381469727
    vertex -40.5 -20.5 0.0
    vertex -40.5 -20.5 82.0
  endloop
endfacet
facet normal 0.0 0.0 0.0
  outer loop
    vertex -41.5 -20.5 27.600000381469727
    vertex -40.5 -20.5 82.0
    vertex -41.5 -20.5 55.400001525878906
  endloop
endfacet
facet normal 0.0 0.0 0.0
  outer loop
    vertex -41.5 -20.5 55.400001525878906
    vertex -40.5 -20.5 82.0
    vertex -41.5 -20.5 83.0
  endloop
endfacet
facet normal 0.0 0.0 0.0
  outer loop
    vertex -41.5 -20.5 83.0
    vertex -40.5 -20.5 82.0
    vertex -21.5 -20.5 83.0
  endloop
endfacet
facet normal 0.0 0.0 0.0
  outer loop
    vertex -21.5 -20.5 83.0
    vertex -40.5 -20.5 82.0
    vertex -21.5 -20.5 82.0
  endloop
endfacet
facet normal 0.0 0.0 0.0
  outer loop
    vertex -21.5 -20.5 82.0
    vertex -21.5 -0.5 82.0
    vertex -21.5 -20.5 83.0
  endloop
endfacet
facet normal 0.0 0.0 0.0
  outer loop
    vertex -21.5 -20.5 83.0
    vertex -21.5 -0.5 82.0
    vertex -21.5 -0.5 83.0
  endloop
endfacet
facet normal 0.0 0.0 0.0
  outer loop
    vertex -41.5 0.5 0.0
    vertex -40.5 0.5 0.0
    vertex -41.5 0.5 27.600000381469727
  endloop
endfacet
facet normal 0.0 0.0 0.0
  outer loop
    vertex -41.5 0.5 27.600000381469727
    vertex -40.5 0.5 0.0
    vertex -40.5 0.5 82.0
  endloop
endfacet
facet normal 0.0 0.0 0.0
  outer loop
    vertex -41.5 0.5 27.600000381469727
    vertex -40.5 0.5 82.0
    vertex -41.5 0.5 55.400001525878906
  endloop
endfacet
facet normal 0.0 0.0 0.0
  outer loop
    vertex -41.5 0.5 55.400001525878906
    vertex -40.5 0.5 82.0
    vertex -41.5 0.5 83.0
  endloop
endfacet
facet normal 0.0 0.0 0.0
  outer loop
    vertex -41.5 0.5 83.0
    vertex -40.5 0.5 82.0
    vertex -21.5 0.5 83.0
  endloop
endfacet
facet normal 0.0 0.0 0.0
  outer loop
    vertex -21.5 0.5 83.0
    vertex -40.5 0.5 82.0
    vertex -21.5 0.5 82.0
  endloop
endfacet
facet normal 0.0 0.0 0.0
  outer loop
    vertex -21.5 0.5 82.0
    vertex -21.5 20.5 82.0
    vertex -21.5 0.5 83.0
  endloop
endfacet
facet normal 0.0 0.0 0.0
  outer loop
    vertex -21.5 0.5 83.0
    vertex -21.5 20.5 82.0
    vertex -21.5 20.5 83.0
  endloop
endfacet
facet normal 0.0 0.0 0.0
  outer loop
    vertex -41.5 21.5 0.0
    vertex -40.5 21.5 0.0
    vertex -41.5 21.5 27.600000381469727
  endloop
endfacet
facet normal 0.0 0.0 0.0
  outer loop
    vertex -41.5 21.5 27.600000381469727
    vertex -40.5 21.5 0.0
    vertex -40.5 21.5 82.0
  endloop
endfacet
facet normal 0.0 0.0 0.0
  outer loop
    vertex -41.5 21.5 27.600000381469727
    vertex -40.5 21.5 82.0
    vertex -41.5 21.5 55.400001525878906
  endloop
endfacet
facet normal 0.0 0.0 0.0
  outer loop
    vertex -41.5 21.5 55.400001525878906
    vertex -40.5 21.5 82.0
    vertex -41.5 21.5 83.0
  endloop
endfacet
facet normal 0.0 0.0 0.0
  outer loop
    vertex -41.5 21.5 83.0
    vertex -40.5 21.5 82.0
    vertex -21.5 21.5 83.0
  endloop
endfacet
facet normal 0.0 0.0 0.0
  outer loop
    vertex -21.5 21.5 83.0
    vertex -40.5 21.5 82.0
    vertex -21.5 21.5 82.0
  endloop
endfacet
facet normal 0.0 0.0 0.0
  outer loop
    vertex -20.5 41.5 0.0
    vertex -20.5 40.5 0.0
    vertex -20.5 41.5 27.600000381469727
  endloop
endfacet
facet normal 0.0 0.0 0.0
  outer loop
    vertex -20.5 41.5 27.600000381469727
    vertex -20.5 40.5 0.0
    vertex -20.5 40.5 82.0
  endloop
endfacet
facet normal 0.0 0.0 0.0
  outer loop
    vertex -20.5 41.5 27.600000381469727
    vertex -20.5 40.5 82.0
    vertex -20.5 41.5 55.400001525878906
  endloop
endfacet
facet normal 0.0 0.0 0.0
  outer loop
    vertex -20.5 41.5 55.400001525878906
    vertex -20.5 40.5 82.0
    vertex -20.5 41.5 83.0
  endloop
endfacet
facet normal 0.0 0.0 0.0
  outer loop
    vertex -20.5 41.5 83.0
    vertex -20.5 40.5 82.0
    vertex -20.5 21.5 83.0
  endloop
endfacet
facet normal 0.0 0.0 0.0
  outer loop
    vertex -20.5 21.5 83.0
    vertex -20.5 40.5 82.0
    vertex -20.5 21.5 82.0
  endloop
endfacet
facet normal 0.0 0.0 0.0
  outer loop
    vertex -20.5 21.5 82.0
    vertex -0.5 21.5 82.0
    vertex -20.5 21.5 83.0
  endloop
endfacet
facet normal 0.0 0.0 0.0
  outer loop
    vertex -20.5 21.5 83.0
    vertex -0.5 21.5 82.0
    vertex -0.5 21.5 83.0
  endloop
endfacet
facet normal 0.0 0.0 0.0
  outer loop
    vertex 0.5 41.5 0.0
    vertex 0.5 40.5 0.0
    vertex 0.5 41.5 27.600000381469727
  endloop
endfacet
facet normal 0.0 0.0 0.0
  outer loop
    vertex 0.5 41.5 27.600000381469727
    vertex 0.5 40.5 0.0
    vertex 0.5 40.5 82.0
  endloop
endfacet
facet normal 0.0 0.0 0.0
  outer loop
    vertex 0.5 41.5 27.600000381469727
    vertex 0.5 40.5 82.0
    vertex 0.5 41.5 55.400001525878906
  endloop
endfacet
facet normal 0.0 0.0 0.0
  outer loop
    vertex 0.5 41.5 55.400001525878906
    vertex 0.5 40.5 82.0
    vertex 0.5 41.5 83.0
  endloop
endfacet
facet normal 0.0 0.0 0.0
  outer loop
    vertex 0.5 41.5 83.0
    vertex 0.5 40.5 82.0
    vertex 0.5 21.5 83.0
  endloop
endfacet
facet normal 0.0 0.0 0.0
  outer loop
    vertex 0.5 21.5 83.0
    vertex 0.5 40.5 82.0
    vertex 0.5 21.5 82.0
  endloop
endfacet
facet normal 0.0 0.0 0.0
  outer loop
    vertex 0.5 21.5 82.0
    vertex 20.5 21.5 82.0
    vertex 0.5 21.5 83.0
  endloop
endfacet
facet normal 0.0 0.0 0.0
  outer loop
    vertex 0.5 21.5 83.0
    vertex 20.5 21.5 82.0
    vertex 20.5 21.5 83.0
  endloop
endfacet
facet normal 0.0 0.0 0.0
  outer loop
    vertex 41.5 -41.5 27.600000381469727
    vertex 21.5 -41.5 27.600000381469727
    vertex 41.5 -41.5 0.0
  endloop
endfacet
facet normal 0.0 0.0 0.0
  outer loop
    vertex 41.5 -41.5 0.0
    vertex 21.5 -41.5 27.600000381469727
    vertex 21.5 -41.5 0.0
  endloop
endfacet
facet normal 0.0 0.0 0.0
  outer loop
    vertex 21.5 -41.5 55.400001525878906
    vertex 41.5 -41.5 55.400001525878906
    vertex 21.5 -41.5 83.0
  endloop
endfacet
facet normal 0.0 0.0 0.0
  outer loop
    vertex 21.5 -41.5 83.0
    vertex 41.5 -41.5 55.400001525878906
    vertex 41.5 -41.5 83.0
  endloop
endfacet
facet normal 0.0 0.0 0.0
  outer loop
    vertex 41.5 -21.5 27.600000381469727
    vertex 41.5 -41.5 27.600000381469727
    vertex 41.5 -21.5 0.0
  endloop
endfacet
facet normal 0.0 0.0 0.0
  outer loop
    vertex 41.5 -21.5 0.0
    vertex 41.5 -41.5 27.600000381469727
    vertex 41.5 -41.5 0.0
  endloop
endfacet
facet normal 0.0 0.0 0.0
  outer loop
    vertex 41.5 -41.5 55.400001525878906
    vertex 41.5 -21.5 55.400001525878906
    vertex 41.5 -41.5 83.0
  endloop
endfacet
facet normal 0.0 0.0 0.0
  outer loop
    vertex 41.5 -41.5 83.0
    vertex 41.5 -21.5 55.400001525878906
    vertex 41.5 -21.5 83.0
  endloop
endfacet
facet normal 0.0 0.0 0.0
  outer loop
    vertex 37.0 -37.0 83.0
    vertex 37.0 -26.0 83.0
    vertex 37.0 -37.0 81.0
  endloop
endfacet
facet normal 0.0 0.0 0.0
  outer loop
    vertex 37.0 -37.0 81.0
    vertex 37.0 -26.0 83.0
    vertex 37.0 -26.0 81.0
  endloop
endfacet
facet normal 0.0 0.0 0.0
  outer loop
    vertex 37.0 -26.0 83.0
    vertex 26.0 -26.0 83.0
    vertex 37.0 -26.0 81.0
  endloop
endfacet
facet normal 0.0 0.0 0.0
  outer loop
    vertex 37.0 -26.0 81.0
    vertex 26.0 -26.0 83.0
    vertex 26.0 -26.0 81.0
  endloop
endfacet
facet normal 0.0 0.0 0.0
  outer loop
    vertex 26.0 -26.0 83.0
    vertex 26.0 -37.0 83.0
    vertex 26.0 -26.0 81.0
  endloop
endfacet
facet normal 0.0 0.0 0.0
  outer loop
    vertex 26.0 -26.0 81.0
    vertex 26.0 -37.0 83.0
    vertex 26.0 -37.0 81.0
  endloop
endfacet
facet normal 0.0 0.0 0.0
  outer loop
    vertex 26.0 -37.0 83.0
    vertex 37.0 -37.0 83.0
    vertex 26.0 -37.0 81.0
  endloop
endfacet
facet normal 0.0 0.0 0.0
  outer loop
    vertex 26.0 -37.0 81.0
    vertex 37.0 -37.0 83.0
    vertex 37.0 -37.0 81.0
  endloop
endfacet
facet normal 0.0 0.0 0.0
  outer loop
    vertex 26.0 -37.0 81.0
    vertex 37.0 -37.0 81.0
    vertex 26.0 -26.0 81.0
  endloop
endfacet
facet normal 0.0 0.0 0.0
  outer loop
    vertex 26.0 -26.0 81.0
    vertex 37.0 -37.0 81.0
    vertex 37.0 -26.0 81.0
  endloop
endfacet
facet normal 0.0 0.0 0.0
  outer loop
    vertex 24.5 -38.5 83.0
    vertex 24.5 -24.5 83.0
    vertex 24.5 -38.5 81.0
  endloop
endfacet
facet normal 0.0 0.0 0.0
  outer loop
    vertex 24.5 -38.5 81.0
    vertex 24.5 -24.5 83.0
    vertex 24.5 -24.5 81.0
  endloop
endfacet
facet normal 0.0 0.0 0.0
  outer loop
    vertex 24.5 -24.5 83.0
    vertex 38.5 -24.5 83.0
    vertex 24.5 -24.5 81.0
  endloop
endfacet
facet normal 0.0 0.0 0.0
  outer loop
    vertex 24.5 -24.5 81.0
    vertex 38.5 -24.5 83.0
    vertex 38.5 -24.5 81.0
  endloop
endfacet
facet normal 0.0 0.0 0.0
  outer loop
    vertex 38.5 -24.5 83.0
    vertex 38.5 -38.5 83.0
    vertex 38.5 -24.5 81.0
  endloop
endfacet
facet normal 0.0 0.0 0.0
  outer loop
    vertex 38.5 -24.5 81.0
    vertex 38.5 -38.5 83.0
    vertex 38.5 -38.5 81.0
  endloop
endfacet
facet normal 0.0 0.0 0.0
  outer loop
    vertex 38.5 -38.5 83.0
    vertex 24.5 -38.5 83.0
    vertex 38.5 -38.5 81.0
  endloop
endfacet
facet normal 0.0 0.0 0.0
  outer loop
    vertex 38.5 -38.5 81.0
    vertex 24.5 -38.5 83.0
    vertex 24.5 -38.5 81.0
  endloop
endfacet
facet normal 0.0 0.0 0.0
  outer loop
    vertex 40.0 -40.0 83.0
    vertex 40.0 -23.0 83.0
    vertex 40.0 -40.0 81.0
  endloop
endfacet
facet normal 0.0 0.0 0.0
  outer loop
    vertex 40.0 -40.0 81.0
    vertex 40.0 -23.0 83.0
    vertex 40.0 -23.0 81.0
  endloop
endfacet
facet normal 0.0 0.0 0.0
  outer loop
    vertex 40.0 -23.0 83.0
    vertex 23.0 -23.0 83.0
    vertex 40.0 -23.0 81.0
  endloop
endfacet
facet normal 0.0 0.0 0.0
  outer loop
    vertex 40.0 -23.0 81.0
    vertex 23.0 -23.0 83.0
    vertex 23.0 -23.0 81.0
  endloop
endfacet
facet normal 0.0 0.0 0.0
  outer loop
    vertex 23.0 -23.0 83.0
    vertex 23.0 -40.0 83.0
    vertex 23.0 -23.0 81.0
  endloop
endfacet
facet normal 0.0 0.0 0.0
  outer loop
    vertex 23.0 -23.0 81.0
    vertex 23.0 -40.0 83.0
    vertex 23.0 -40.0 81.0
  endloop
endfacet
facet normal 0.0 0.0 0.0
  outer loop
    vertex 23.0 -40.0 83.0
    vertex 40.0 -40.0 83.0
    vertex 23.0 -40.0 81.0
  endloop
endfacet
facet normal 0.0 0.0 0.0
  outer loop
    vertex 23.0 -40.0 81.0
    vertex 40.0 -40.0 83.0
    vertex 40.0 -40.0 81.0
  endloop
endfacet
facet normal 0.0 0.0 0.0
  outer loop
    vertex 38.5 -24.5 81.0
    vertex 38.5 -38.5 81.0
    vertex 40.0 -40.0 81.0
  endloop
endfacet
facet normal 0.0 0.0 0.0
  outer loop
    vertex 40.0 -40.0 81.0
    vertex 38.5 -38.5 81.0
    vertex 24.5 -38.5 81.0
  endloop
endfacet
facet normal 0.0 0.0 0.0
  outer loop
    vertex 40.0 -40.0 81.0
    vertex 24.5 -38.5 81.0
    vertex 23.0 -40.0 81.0
  endloop
endfacet
facet normal 0.0 0.0 0.0
  outer loop
    vertex 23.0 -40.0 81.0
    vertex 24.5 -38.5 81.0
    vertex 24.5 -24.5 81.0
  endloop
endfacet
facet normal 0.0 0.0 0.0
  outer loop
    vertex 23.0 -40.0 81.0
    vertex 24.5 -24.5 81.0
    vertex 23.0 -23.0 81.0
  endloop
endfacet
facet normal 0.0 0.0 0.0
  outer loop
    vertex 23.0 -23.0 81.0
    vertex 24.5 -24.5 81.0
    vertex 38.5 -24.5 81.0
  endloop
endfacet
facet normal 0.0 0.0 0.0
  outer loop
    vertex 23.0 -23.0 81.0
    vertex 38.5 -24.5 81.0
    vertex 40.0 -23.0 81.0
  endloop
endfacet
facet normal 0.0 0.0 0.0
  outer loop
    vertex 40.0 -23.0 81.0
    vertex 38.5 -24.5 81.0
    vertex 40.0 -40.0 81.0
  endloop
endfacet
facet normal 0.0 0.0 0.0
  outer loop
    vertex 41.5 -21.5 83.0
    vertex 40.0 -23.0 83.0
    vertex 41.5 -41.5 83.0
  endloop
endfacet
facet normal 0.0 0.0 0.0
  outer loop
    vertex 41.5 -41.5 83.0
    vertex 40.0 -23.0 83.0
    vertex 40.0 -40.0 83.0
  endloop
endfacet
facet normal 0.0 0.0 0.0
  outer loop
    vertex 41.5 -41.5 83.0
    vertex 40.0 -40.0 83.0
    vertex 23.0 -40.0 83.0
  endloop
endfacet
facet normal 0.0 0.0 0.0
  outer loop
    vertex 40.0 -23.0 83.0
    vertex 41.5 -21.5 83.0
    vertex 23.0 -23.0 83.0
  endloop
endfacet
facet normal 0.0 0.0 0.0
  outer loop
    vertex 23.0 -23.0 83.0
    vertex 41.5 -21.5 83.0
    vertex 21.5 -21.5 83.0
  endloop
endfacet
facet normal 0.0 0.0 0.0
  outer loop
    vertex 23.0 -23.0 83.0
    vertex 21.5 -21.5 83.0
    vertex 21.5 -41.5 83.0
  endloop
endfacet
facet normal 0.0 0.0 0.0
  outer loop
    vertex 23.0 -23.0 83.0
    vertex 21.5 -41.5 83.0
    vertex 23.0 -40.0 83.0
  endloop
endfacet
facet normal 0.0 0.0 0.0
  outer loop
    vertex 23.0 -40.0 83.0
    vertex 21.5 -41.5 83.0
    vertex 41.5 -41.5 83.0
  endloop
endfacet
facet normal 0.0 0.0 0.0
  outer loop
    vertex 21.5 -40.5 0.0
    vertex 21.5 -41.5 27.600000381469727
    vertex 21.5 -40.5 82.0
  endloop
endfacet
facet normal 0.0 0.0 0.0
  outer loop
    vertex 21.5 -40.5 82.0
    vertex 21.5 -41.5 27.600000381469727
    vertex 21.5 -41.5 55.400001525878906
  endloop
endfacet
facet normal 0.0 0.0 0.0
  outer loop
    vertex 21.5 -40.5 82.0
    vertex 21.5 -41.5 55.400001525878906
    vertex 21.5 -41.5 83.0
  endloop
endfacet
facet normal 0.0 0.0 0.0
  outer loop
    vertex 21.5 -40.5 0.0
    vertex 21.5 -41.5 0.0
    vertex 21.5 -41.5 27.600000381469727
  endloop
endfacet
facet normal 0.0 0.0 0.0
  outer loop
    vertex 21.5 -41.5 83.0
    vertex 21.5 -21.5 83.0
    vertex 21.5 -40.5 82.0
  endloop
endfacet
facet normal 0.0 0.0 0.0
  outer loop
    vertex 21.5 -40.5 82.0
    vertex 21.5 -21.5 83.0
    vertex 21.5 -21.5 82.0
  endloop
endfacet
facet normal 0.0 0.0 0.0
  outer loop
    vertex 37.0 -37.0 83.0
    vertex 38.5 -38.5 83.0
    vertex 37.0 -26.0 83.0
  endloop
endfacet
facet normal 0.0 0.0 0.0
  outer loop
    vertex 37.0 -26.0 83.0
    vertex 38.5 -38.5 83.0
    vertex 38.5 -24.5 83.0
  endloop
endfacet
facet normal 0.0 0.0 0.0
  outer loop
    vertex 37.0 -26.0 83.0
    vertex 38.5 -24.5 83.0
    vertex 24.5 -24.5 83.0
  endloop
endfacet
facet normal 0.0 0.0 0.0
  outer loop
    vertex 37.0 -37.0 83.0
    vertex 26.0 -37.0 83.0
    vertex 38.5 -38.5 83.0
  endloop
endfacet
facet normal 0.0 0.0 0.0
  outer loop
    vertex 38.5 -38.5 83.0
    vertex 26.0 -37.0 83.0
    vertex 24.5 -38.5 83.0
  endloop
endfacet
facet normal 0.0 0.0 0.0
  outer loop
    vertex 24.5 -38.5 83.0
    vertex 26.0 -37.0 83.0
    vertex 26.0 -26.0 83.0
  endloop
endfacet
facet normal 0.0 0.0 0.0
  outer loop
    vertex 24.5 -38.5 83.0
    vertex 26.0 -26.0 83.0
    vertex 24.5 -24.5 83.0
  endloop
endfacet
facet normal 0.0 0.0 0.0
  outer loop
    vertex 24.5 -24.5 83.0
    vertex 26.0 -26.0 83.0
    vertex 37.0 -26.0 83.0
  endloop
endfacet
facet normal 0.0 0.0 0.0
  outer loop
    vertex 21.5 -41.5 55.400001525878906
    vertex 21.5 -41.5 27.600000381469727
    vertex 20.5 -41.5 55.400001525878906
  endloop
endfacet
facet normal 0.0 0.0 0.0
  outer loop
    vertex 20.5 -41.5 55.400001525878906
    vertex 21.5 -41.5 27.600000381469727
    vertex 20.5 -41.5 27.600000381469727
  endloop
endfacet
facet normal 0.0 0.0 0.0
  outer loop
    vertex 20.5 -41.5 27.600000381469727
    vertex 0.5 -41.5 27.600000381469727
    vertex 20.5 -41.5 0.0
  endloop
endfacet
facet normal 0.0 0.0 0.0
  outer loop
    vertex 20.5 -41.5 0.0
    vertex 0.5 -41.5 27.600000381469727
    vertex 0.5 -41.5 0.0
  endloop
endfacet
facet normal 0.0 0.0 0.0
  outer loop
    vertex 16.0 -26.668245315551758 81.0
    vertex 16.0 -37.0 81.0
    vertex 16.0 -26.668245315551758 83.0
  endloop
endfacet
facet normal 0.0 0.0 0.0
  outer loop
    vertex 16.0 -26.668245315551758 83.0
    vertex 16.0 -37.0 81.0
    vertex 16.0 -37.0 83.0
  endloop
endfacet
facet normal 0.0 0.0 0.0
  outer loop
    vertex 5.000000476837158 -32.139102935791016 83.0
    vertex 5.000000476837158 -37.0 83.0
    vertex 5.000000476837158 -32.139102935791016 81.0
  endloop
endfacet
facet normal 0.0 0.0 0.0
  outer loop
    vertex 5.000000476837158 -32.139102935791016 81.0
    vertex 5.000000476837158 -37.0 83.0
    vertex 5.000000476837158 -37.0 81.0
  endloop
endfacet
facet normal 0.0 0.0 0.0
  outer loop
    vertex 5.000000476837158 -37.0 83.0
    vertex 16.0 -37.0 83.0
    vertex 5.000000476837158 -37.0 81.0
  endloop
endfacet
facet normal 0.0 0.0 0.0
  outer loop
    vertex 5.000000476837158 -37.0 81.0
    vertex 16.0 -37.0 83.0
    vertex 16.0 -37.0 81.0
  endloop
endfacet
facet normal 0.0 0.0 0.0
  outer loop
    vertex 7.4138360023498535 -32.403839111328125 81.0
    vertex 6.398494720458984 -32.4476432800293 81.0
    vertex 5.000000476837158 -37.0 81.0
  endloop
endfacet
facet normal 0.0 0.0 0.0
  outer loop
    vertex 5.000000476837158 -37.0 81.0
    vertex 6.398494720458984 -32.4476432800293 81.0
    vertex 6.148741245269775 -32.43708038330078 81.0
  endloop
endfacet
facet normal 0.0 0.0 0.0
  outer loop
    vertex 5.000000476837158 -37.0 81.0
    vertex 6.148741245269775 -32.43708038330078 81.0
    vertex 5.922757148742676 -32.41971969604492 81.0
  endloop
endfacet
facet normal 0.0 0.0 0.0
  outer loop
    vertex 5.922757148742676 -32.41971969604492 81.0
    vertex 5.719363689422607 -32.394962310791016 81.0
    vertex 5.000000476837158 -37.0 81.0
  endloop
endfacet
facet normal 0.0 0.0 0.0
  outer loop
    vertex 5.000000476837158 -37.0 81.0
    vertex 5.719363689422607 -32.394962310791016 81.0
    vertex 5.537382125854492 -32.36220169067383 81.0
  endloop
endfacet
facet normal 0.0 0.0 0.0
  outer loop
    vertex 5.000000476837158 -37.0 81.0
    vertex 5.537382125854492 -32.36220169067383 81.0
    vertex 5.375633716583252 -32.32083511352539 81.0
  endloop
endfacet
facet normal 0.0 0.0 0.0
  outer loop
    vertex 5.375633716583252 -32.32083511352539 81.0
    vertex 5.232939720153809 -32.270263671875 81.0
    vertex 5.000000476837158 -37.0 81.0
  endloop
endfacet
facet normal 0.0 0.0 0.0
  outer loop
    vertex 5.000000476837158 -37.0 81.0
    vertex 5.232939720153809 -32.270263671875 81.0
    vertex 5.108121871948242 -32.20988845825195 81.0
  endloop
endfacet
facet normal 0.0 0.0 0.0
  outer loop
    vertex 5.000000476837158 -37.0 81.0
    vertex 5.108121871948242 -32.20988845825195 81.0
    vertex 5.000000476837158 -32.139102935791016 81.0
  endloop
endfacet
facet normal 0.0 0.0 0.0
  outer loop
    vertex 16.0 -37.0 81.0
    vertex 10.2603759765625 -32.32066345214844 81.0
    vertex 5.000000476837158 -37.0 81.0
  endloop
endfacet
facet normal 0.0 0.0 0.0
  outer loop
    vertex 5.000000476837158 -37.0 81.0
    vertex 10.2603759765625 -32.32066345214844 81.0
    vertex 9.988642692565918 -32.33268356323242 81.0
  endloop
endfacet
facet normal 0.0 0.0 0.0
  outer loop
    vertex 5.000000476837158 -37.0 81.0
    vertex 9.988642692565918 -32.33268356323242 81.0
    vertex 9.288972854614258 -32.34642028808594 81.0
  endloop
endfacet
facet normal 0.0 0.0 0.0
  outer loop
    vertex 10.2603759765625 -32.32066345214844 81.0
    vertex 16.0 -37.0 81.0
    vertex 15.30004596710205 -32.09977340698242 81.0
  endloop
endfacet
facet normal 0.0 0.0 0.0
  outer loop
    vertex 15.30004596710205 -32.09977340698242 81.0
    vertex 16.0 -37.0 81.0
    vertex 16.0 -26.668245315551758 81.0
  endloop
endfacet
facet normal 0.0 0.0 0.0
  outer loop
    vertex 15.30004596710205 -32.09977340698242 81.0
    vertex 16.0 -26.668245315551758 81.0
    vertex 15.30004596710205 -26.668245315551758 81.0
  endloop
endfacet
facet normal 0.0 0.0 0.0
  outer loop
    vertex 9.288972854614258 -32.34642028808594 81.0
    vertex 8.612181663513184 -32.36312484741211 81.0
    vertex 5.000000476837158 -37.0 81.0
  endloop
endfacet
facet normal 0.0 0.0 0.0
  outer loop
    vertex 5.000000476837158 -37.0 81.0
    vertex 8.612181663513184 -32.36312484741211 81.0
    vertex 7.979918956756592 -32.38239669799805 81.0
  endloop
endfacet
facet normal 0.0 0.0 0.0
  outer loop
    vertex 5.000000476837158 -37.0 81.0
    vertex 7.979918956756592 -32.38239669799805 81.0
    vertex 7.687251567840576 -32.39287185668945 81.0
  endloop
endfacet
facet normal 0.0 0.0 0.0
  outer loop
    vertex 7.687251567840576 -32.39287185668945 81.0
    vertex 7.4138360023498535 -32.403839111328125 81.0
    vertex 5.000000476837158 -37.0 81.0
  endloop
endfacet
facet normal 0.0 0.0 0.0
  outer loop
    vertex 17.5 -26.668245315551758 83.0
    vertex 17.5 -38.5 83.0
    vertex 17.5 -26.668245315551758 81.0
  endloop
endfacet
facet normal 0.0 0.0 0.0
  outer loop
    vertex 17.5 -26.668245315551758 81.0
    vertex 17.5 -38.5 83.0
    vertex 17.5 -38.5 81.0
  endloop
endfacet
facet normal 0.0 0.0 0.0
  outer loop
    vertex 17.5 -38.5 83.0
    vertex 3.500000238418579 -38.5 83.0
    vertex 17.5 -38.5 81.0
  endloop
endfacet
facet normal 0.0 0.0 0.0
  outer loop
    vertex 17.5 -38.5 81.0
    vertex 3.500000238418579 -38.5 83.0
    vertex 3.500000238418579 -38.5 81.0
  endloop
endfacet
facet normal 0.0 0.0 0.0
  outer loop
    vertex 3.500000238418579 -26.6552677154541 81.0
    vertex 3.500000238418579 -38.5 81.0
    vertex 3.500000238418579 -26.6552677154541 83.0
  endloop
endfacet
facet normal 0.0 0.0 0.0
  outer loop
    vertex 3.500000238418579 -26.6552677154541 83.0
    vertex 3.500000238418579 -38.5 81.0
    vertex 3.500000238418579 -38.5 83.0
  endloop
endfacet
facet normal 0.0 0.0 0.0
  outer loop
    vertex 2.000000238418579 -40.0 83.0
    vertex 19.0 -40.0 83.0
    vertex 2.000000238418579 -40.0 81.0
  endloop
endfacet
facet normal 0.0 0.0 0.0
  outer loop
    vertex 2.000000238418579 -40.0 81.0
    vertex 19.0 -40.0 83.0
    vertex 19.0 -40.0 81.0
  endloop
endfacet
facet normal 0.0 0.0 0.0
  outer loop
    vertex 2.000000238418579 -26.602598190307617 83.0
    vertex 2.000000238418579 -40.0 83.0
    vertex 2.000000238418579 -26.602598190307617 81.0
  endloop
endfacet
facet normal 0.0 0.0 0.0
  outer loop
    vertex 2.000000238418579 -26.602598190307617 81.0
    vertex 2.000000238418579 -40.0 83.0
    vertex 2.000000238418579 -40.0 81.0
  endloop
endfacet
facet normal 0.0 0.0 0.0
  outer loop
    vertex 3.500000238418579 -26.6552677154541 81.0
    vertex 2.0534822940826416 -26.604475021362305 81.0
    vertex 3.500000238418579 -38.5 81.0
  endloop
endfacet
facet normal 0.0 0.0 0.0
  outer loop
    vertex 3.500000238418579 -38.5 81.0
    vertex 2.0534822940826416 -26.604475021362305 81.0
    vertex 2.000000238418579 -26.602598190307617 81.0
  endloop
endfacet
facet normal 0.0 0.0 0.0
  outer loop
    vertex 3.500000238418579 -38.5 81.0
    vertex 2.000000238418579 -26.602598190307617 81.0
    vertex 2.000000238418579 -40.0 81.0
  endloop
endfacet
facet normal 0.0 0.0 0.0
  outer loop
    vertex 2.000000238418579 -40.0 81.0
    vertex 19.0 -40.0 81.0
    vertex 3.500000238418579 -38.5 81.0
  endloop
endfacet
facet normal 0.0 0.0 0.0
  outer loop
    vertex 3.500000238418579 -38.5 81.0
    vertex 19.0 -40.0 81.0
    vertex 17.5 -38.5 81.0
  endloop
endfacet
facet normal 0.0 0.0 0.0
  outer loop
    vertex 17.5 -38.5 81.0
    vertex 19.0 -40.0 81.0
    vertex 19.0 -26.668245315551758 81.0
  endloop
endfacet
facet normal 0.0 0.0 0.0
  outer loop
    vertex 17.5 -38.5 81.0
    vertex 19.0 -26.668245315551758 81.0
    vertex 17.5 -26.668245315551758 81.0
  endloop
endfacet
facet normal 0.0 0.0 0.0
  outer loop
    vertex 2.000000238418579 -26.602598190307617 83.0
    vertex 0.5 -26.5499267578125 83.0
    vertex 2.000000238418579 -40.0 83.0
  endloop
endfacet
facet normal 0.0 0.0 0.0
  outer loop
    vertex 2.000000238418579 -40.0 83.0
    vertex 0.5 -26.5499267578125 83.0
    vertex 0.5 -41.5 83.0
  endloop
endfacet
facet normal 0.0 0.0 0.0
  outer loop
    vertex 2.000000238418579 -40.0 83.0
    vertex 0.5 -41.5 83.0
    vertex 20.5 -41.5 83.0
  endloop
endfacet
facet normal 0.0 0.0 0.0
  outer loop
    vertex 2.000000238418579 -40.0 83.0
    vertex 20.5 -41.5 83.0
    vertex 19.0 -40.0 83.0
  endloop
endfacet
facet normal 0.0 0.0 0.0
  outer loop
    vertex 19.0 -40.0 83.0
    vertex 20.5 -41.5 83.0
    vertex 20.5 -26.668245315551758 83.0
  endloop
endfacet
facet normal 0.0 0.0 0.0
  outer loop
    vertex 19.0 -40.0 83.0
    vertex 20.5 -26.668245315551758 83.0
    vertex 19.0 -26.668245315551758 83.0
  endloop
endfacet
facet normal 0.0 0.0 0.0
  outer loop
    vertex 0.5 -41.5 55.400001525878906
    vertex 20.5 -41.5 55.400001525878906
    vertex 0.5 -41.5 83.0
  endloop
endfacet
facet normal 0.0 0.0 0.0
  outer loop
    vertex 0.5 -41.5 83.0
    vertex 20.5 -41.5 55.400001525878906
    vertex 20.5 -41.5 83.0
  endloop
endfacet
facet normal 0.0 0.0 0.0
  outer loop
    vertex 0.5 -26.5499267578125 82.0
    vertex 0.5 -40.5 82.0
    vertex 0.5 -26.5499267578125 83.0
  endloop
endfacet
facet normal 0.0 0.0 0.0
  outer loop
    vertex 0.5 -26.5499267578125 83.0
    vertex 0.5 -40.5 82.0
    vertex 0.5 -41.5 83.0
  endloop
endfacet
facet normal 0.0 0.0 0.0
  outer loop
    vertex 0.5 -41.5 83.0
    vertex 0.5 -40.5 82.0
    vertex 0.5 -41.5 55.400001525878906
  endloop
endfacet
facet normal 0.0 0.0 0.0
  outer loop
    vertex 0.5 -41.5 55.400001525878906
    vertex 0.5 -40.5 82.0
    vertex 0.5 -41.5 27.600000381469727
  endloop
endfacet
facet normal 0.0 0.0 0.0
  outer loop
    vertex 0.5 -41.5 27.600000381469727
    vertex 0.5 -40.5 82.0
    vertex 0.5 -40.5 0.0
  endloop
endfacet
facet normal 0.0 0.0 0.0
  outer loop
    vertex 0.5 -41.5 27.600000381469727
    vertex 0.5 -40.5 0.0
    vertex 0.5 -41.5 0.0
  endloop
endfacet
facet normal 0.0 0.0 0.0
  outer loop
    vertex 4.580241680145264 -26.668245315551758 83.0
    vertex 3.869584083557129 -26.668245315551758 83.0
    vertex 4.580241680145264 -30.832460403442383 83.0
  endloop
endfacet
facet normal 0.0 0.0 0.0
  outer loop
    vertex 4.580241680145264 -30.832460403442383 83.0
    vertex 3.869584083557129 -26.668245315551758 83.0
    vertex 3.500000238418579 -26.6552677154541 83.0
  endloop
endfacet
facet normal 0.0 0.0 0.0
  outer loop
    vertex 4.580241680145264 -30.832460403442383 83.0
    vertex 3.500000238418579 -26.6552677154541 83.0
    vertex 4.590407848358154 -31.0638370513916 83.0
  endloop
endfacet
facet normal 0.0 0.0 0.0
  outer loop
    vertex 4.590407848358154 -31.0638370513916 83.0
    vertex 3.500000238418579 -26.6552677154541 83.0
    vertex 4.608374118804932 -31.273780822753906 83.0
  endloop
endfacet
facet normal 0.0 0.0 0.0
  outer loop
    vertex 4.608374118804932 -31.273780822753906 83.0
    vertex 3.500000238418579 -26.6552677154541 83.0
    vertex 3.500000238418579 -38.5 83.0
  endloop
endfacet
facet normal 0.0 0.0 0.0
  outer loop
    vertex 4.608374118804932 -31.273780822753906 83.0
    vertex 3.500000238418579 -38.5 83.0
    vertex 4.636104106903076 -31.463220596313477 83.0
  endloop
endfacet
facet normal 0.0 0.0 0.0
  outer loop
    vertex 4.636104106903076 -31.463220596313477 83.0
    vertex 3.500000238418579 -38.5 83.0
    vertex 4.675622463226318 -31.6332950592041 83.0
  endloop
endfacet
facet normal 0.0 0.0 0.0
  outer loop
    vertex 4.675622463226318 -31.6332950592041 83.0
    vertex 3.500000238418579 -38.5 83.0
    vertex 4.7295684814453125 -31.78597640991211 83.0
  endloop
endfacet
facet normal 0.0 0.0 0.0
  outer loop
    vertex 4.7295684814453125 -31.78597640991211 83.0
    vertex 3.500000238418579 -38.5 83.0
    vertex 4.800732612609863 -31.92180633544922 83.0
  endloop
endfacet
facet normal 0.0 0.0 0.0
  outer loop
    vertex 4.800732612609863 -31.92180633544922 83.0
    vertex 3.500000238418579 -38.5 83.0
    vertex 4.843263626098633 -31.98296546936035 83.0
  endloop
endfacet
facet normal 0.0 0.0 0.0
  outer loop
    vertex 4.843263626098633 -31.98296546936035 83.0
    vertex 3.500000238418579 -38.5 83.0
    vertex 5.000000476837158 -37.0 83.0
  endloop
endfacet
facet normal 0.0 0.0 0.0
  outer loop
    vertex 4.843263626098633 -31.98296546936035 83.0
    vertex 5.000000476837158 -37.0 83.0
    vertex 4.890516757965088 -32.0394401550293 83.0
  endloop
endfacet
facet normal 0.0 0.0 0.0
  outer loop
    vertex 4.890516757965088 -32.0394401550293 83.0
    vertex 5.000000476837158 -37.0 83.0
    vertex 4.942694664001465 -32.09142303466797 83.0
  endloop
endfacet
facet normal 0.0 0.0 0.0
  outer loop
    vertex 4.942694664001465 -32.09142303466797 83.0
    vertex 5.000000476837158 -37.0 83.0
    vertex 5.000000476837158 -32.139102935791016 83.0
  endloop
endfacet
facet normal 0.0 0.0 0.0
  outer loop
    vertex 3.500000238418579 -38.5 83.0
    vertex 17.5 -38.5 83.0
    vertex 5.000000476837158 -37.0 83.0
  endloop
endfacet
facet normal 0.0 0.0 0.0
  outer loop
    vertex 5.000000476837158 -37.0 83.0
    vertex 17.5 -38.5 83.0
    vertex 16.0 -37.0 83.0
  endloop
endfacet
facet normal 0.0 0.0 0.0
  outer loop
    vertex 16.0 -37.0 83.0
    vertex 17.5 -38.5 83.0
    vertex 17.5 -26.668245315551758 83.0
  endloop
endfacet
facet normal 0.0 0.0 0.0
  outer loop
    vertex 16.0 -37.0 83.0
    vertex 17.5 -26.668245315551758 83.0
    vertex 16.0 -26.668245315551758 83.0
  endloop
endfacet
facet normal 0.0 0.0 0.0
  outer loop
    vertex 0.5 -41.5 55.400001525878906
    vertex 0.5 -41.5 27.600000381469727
    vertex -0.5 -41.5 55.400001525878906
  endloop
endfacet
facet normal 0.0 0.0 0.0
  outer loop
    vertex -0.5 -41.5 55.400001525878906
    vertex 0.5 -41.5 27.600000381469727
    vertex -0.5 -41.5 27.600000381469727
  endloop
endfacet
facet normal 0.0 0.0 0.0
  outer loop
    vertex -21.5 41.5 55.400001525878906
    vertex -41.5 41.5 55.400001525878906
    vertex -21.5 41.5 83.0
  endloop
endfacet
facet normal 0.0 0.0 0.0
  outer loop
    vertex -21.5 41.5 83.0
    vertex -41.5 41.5 55.400001525878906
    vertex -41.5 41.5 83.0
  endloop
endfacet
facet normal 0.0 0.0 0.0
  outer loop
    vertex -41.5 21.5 27.600000381469727
    vertex -41.5 41.5 27.600000381469727
    vertex -41.5 21.5 0.0
  endloop
endfacet
facet normal 0.0 0.0 0.0
  outer loop
    vertex -41.5 21.5 0.0
    vertex -41.5 41.5 27.600000381469727
    vertex -41.5 41.5 0.0
  endloop
endfacet
facet normal 0.0 0.0 0.0
  outer loop
    vertex -26.0 26.0 83.0
    vertex -26.0 37.0 83.0
    vertex -26.0 26.0 81.0
  endloop
endfacet
facet normal 0.0 0.0 0.0
  outer loop
    vertex -26.0 26.0 81.0
    vertex -26.0 37.0 83.0
    vertex -26.0 37.0 81.0
  endloop
endfacet
facet normal 0.0 0.0 0.0
  outer loop
    vertex -26.0 37.0 83.0
    vertex -37.0 37.0 83.0
    vertex -26.0 37.0 81.0
  endloop
endfacet
facet normal 0.0 0.0 0.0
  outer loop
    vertex -26.0 37.0 81.0
    vertex -37.0 37.0 83.0
    vertex -37.0 37.0 81.0
  endloop
endfacet
facet normal 0.0 0.0 0.0
  outer loop
    vertex -37.0 37.0 83.0
    vertex -37.0 26.0 83.0
    vertex -37.0 37.0 81.0
  endloop
endfacet
facet normal 0.0 0.0 0.0
  outer loop
    vertex -37.0 37.0 81.0
    vertex -37.0 26.0 83.0
    vertex -37.0 26.0 81.0
  endloop
endfacet
facet normal 0.0 0.0 0.0
  outer loop
    vertex -37.0 26.0 83.0
    vertex -26.0 26.0 83.0
    vertex -37.0 26.0 81.0
  endloop
endfacet
facet normal 0.0 0.0 0.0
  outer loop
    vertex -37.0 26.0 81.0
    vertex -26.0 26.0 83.0
    vertex -26.0 26.0 81.0
  endloop
endfacet
facet normal 0.0 0.0 0.0
  outer loop
    vertex -37.0 26.0 81.0
    vertex -26.0 26.0 81.0
    vertex -37.0 37.0 81.0
  endloop
endfacet
facet normal 0.0 0.0 0.0
  outer loop
    vertex -37.0 37.0 81.0
    vertex -26.0 26.0 81.0
    vertex -26.0 37.0 81.0
  endloop
endfacet
facet normal 0.0 0.0 0.0
  outer loop
    vertex -38.5 38.5 83.0
    vertex -24.5 38.5 83.0
    vertex -38.5 38.5 81.0
  endloop
endfacet
facet normal 0.0 0.0 0.0
  outer loop
    vertex -38.5 38.5 81.0
    vertex -24.5 38.5 83.0
    vertex -24.5 38.5 81.0
  endloop
endfacet
facet normal 0.0 0.0 0.0
  outer loop
    vertex -24.5 38.5 83.0
    vertex -24.5 24.5 83.0
    vertex -24.5 38.5 81.0
  endloop
endfacet
facet normal 0.0 0.0 0.0
  outer loop
    vertex -24.5 38.5 81.0
    vertex -24.5 24.5 83.0
    vertex -24.5 24.5 81.0
  endloop
endfacet
facet normal 0.0 0.0 0.0
  outer loop
    vertex -24.5 24.5 83.0
    vertex -38.5 24.5 83.0
    vertex -24.5 24.5 81.0
  endloop
endfacet
facet normal 0.0 0.0 0.0
  outer loop
    vertex -24.5 24.5 81.0
    vertex -38.5 24.5 83.0
    vertex -38.5 24.5 81.0
  endloop
endfacet
facet normal 0.0 0.0 0.0
  outer loop
    vertex -38.5 24.5 83.0
    vertex -38.5 38.5 83.0
    vertex -38.5 24.5 81.0
  endloop
endfacet
facet normal 0.0 0.0 0.0
  outer loop
    vertex -38.5 24.5 81.0
    vertex -38.5 38.5 83.0
    vertex -38.5 38.5 81.0
  endloop
endfacet
facet normal 0.0 0.0 0.0
  outer loop
    vertex -40.0 23.0 83.0
    vertex -23.0 23.0 83.0
    vertex -40.0 23.0 81.0
  endloop
endfacet
facet normal 0.0 0.0 0.0
  outer loop
    vertex -40.0 23.0 81.0
    vertex -23.0 23.0 83.0
    vertex -23.0 23.0 81.0
  endloop
endfacet
facet normal 0.0 0.0 0.0
  outer loop
    vertex -23.0 23.0 83.0
    vertex -23.0 40.0 83.0
    vertex -23.0 23.0 81.0
  endloop
endfacet
facet normal 0.0 0.0 0.0
  outer loop
    vertex -23.0 23.0 81.0
    vertex -23.0 40.0 83.0
    vertex -23.0 40.0 81.0
  endloop
endfacet
facet normal 0.0 0.0 0.0
  outer loop
    vertex -23.0 40.0 83.0
    vertex -40.0 40.0 83.0
    vertex -23.0 40.0 81.0
  endloop
endfacet
facet normal 0.0 0.0 0.0
  outer loop
    vertex -23.0 40.0 81.0
    vertex -40.0 40.0 83.0
    vertex -40.0 40.0 81.0
  endloop
endfacet
facet normal 0.0 0.0 0.0
  outer loop
    vertex -40.0 40.0 83.0
    vertex -40.0 23.0 83.0
    vertex -40.0 40.0 81.0
  endloop
endfacet
facet normal 0.0 0.0 0.0
  outer loop
    vertex -40.0 40.0 81.0
    vertex -40.0 23.0 83.0
    vertex -40.0 23.0 81.0
  endloop
endfacet
facet normal 0.0 0.0 0.0
  outer loop
    vertex -38.5 38.5 81.0
    vertex -40.0 23.0 81.0
    vertex -38.5 24.5 81.0
  endloop
endfacet
facet normal 0.0 0.0 0.0
  outer loop
    vertex -38.5 24.5 81.0
    vertex -40.0 23.0 81.0
    vertex -23.0 23.0 81.0
  endloop
endfacet
facet normal 0.0 0.0 0.0
  outer loop
    vertex -38.5 24.5 81.0
    vertex -23.0 23.0 81.0
    vertex -24.5 24.5 81.0
  endloop
endfacet
facet normal 0.0 0.0 0.0
  outer loop
    vertex -24.5 24.5 81.0
    vertex -23.0 23.0 81.0
    vertex -24.5 38.5 81.0
  endloop
endfacet
facet normal 0.0 0.0 0.0
  outer loop
    vertex -24.5 38.5 81.0
    vertex -23.0 23.0 81.0
    vertex -23.0 40.0 81.0
  endloop
endfacet
facet normal 0.0 0.0 0.0
  outer loop
    vertex -24.5 38.5 81.0
    vertex -23.0 40.0 81.0
    vertex -40.0 40.0 81.0
  endloop
endfacet
facet normal 0.0 0.0 0.0
  outer loop
    vertex -40.0 23.0 81.0
    vertex -38.5 38.5 81.0
    vertex -40.0 40.0 81.0
  endloop
endfacet
facet normal 0.0 0.0 0.0
  outer loop
    vertex -40.0 40.0 81.0
    vertex -38.5 38.5 81.0
    vertex -24.5 38.5 81.0
  endloop
endfacet
facet normal 0.0 0.0 0.0
  outer loop
    vertex -21.5 21.5 83.0
    vertex -40.0 23.0 83.0
    vertex -41.5 21.5 83.0
  endloop
endfacet
facet normal 0.0 0.0 0.0
  outer loop
    vertex -41.5 21.5 83.0
    vertex -40.0 23.0 83.0
    vertex -40.0 40.0 83.0
  endloop
endfacet
facet normal 0.0 0.0 0.0
  outer loop
    vertex -41.5 21.5 83.0
    vertex -40.0 40.0 83.0
    vertex -41.5 41.5 83.0
  endloop
endfacet
facet normal 0.0 0.0 0.0
  outer loop
    vertex -41.5 41.5 83.0
    vertex -40.0 40.0 83.0
    vertex -21.5 41.5 83.0
  endloop
endfacet
facet normal 0.0 0.0 0.0
  outer loop
    vertex -21.5 41.5 83.0
    vertex -40.0 40.0 83.0
    vertex -23.0 40.0 83.0
  endloop
endfacet
facet normal 0.0 0.0 0.0
  outer loop
    vertex -21.5 41.5 83.0
    vertex -23.0 40.0 83.0
    vertex -21.5 21.5 83.0
  endloop
endfacet
facet normal 0.0 0.0 0.0
  outer loop
    vertex -21.5 21.5 83.0
    vertex -23.0 40.0 83.0
    vertex -23.0 23.0 83.0
  endloop
endfacet
facet normal 0.0 0.0 0.0
  outer loop
    vertex -21.5 21.5 83.0
    vertex -23.0 23.0 83.0
    vertex -40.0 23.0 83.0
  endloop
endfacet
facet normal 0.0 0.0 0.0
  outer loop
    vertex -41.5 41.5 55.400001525878906
    vertex -41.5 21.5 55.400001525878906
    vertex -41.5 41.5 83.0
  endloop
endfacet
facet normal 0.0 0.0 0.0
  outer loop
    vertex -41.5 41.5 83.0
    vertex -41.5 21.5 55.400001525878906
    vertex -41.5 21.5 83.0
  endloop
endfacet
facet normal 0.0 0.0 0.0
  outer loop
    vertex -41.5 41.5 27.600000381469727
    vertex -21.5 41.5 27.600000381469727
    vertex -41.5 41.5 0.0
  endloop
endfacet
facet normal 0.0 0.0 0.0
  outer loop
    vertex -41.5 41.5 0.0
    vertex -21.5 41.5 27.600000381469727
    vertex -21.5 41.5 0.0
  endloop
endfacet
facet normal 0.0 0.0 0.0
  outer loop
    vertex -21.5 40.5 0.0
    vertex -21.5 41.5 27.600000381469727
    vertex -21.5 40.5 82.0
  endloop
endfacet
facet normal 0.0 0.0 0.0
  outer loop
    vertex -21.5 40.5 82.0
    vertex -21.5 41.5 27.600000381469727
    vertex -21.5 41.5 55.400001525878906
  endloop
endfacet
facet normal 0.0 0.0 0.0
  outer loop
    vertex -21.5 40.5 82.0
    vertex -21.5 41.5 55.400001525878906
    vertex -21.5 41.5 83.0
  endloop
endfacet
facet normal 0.0 0.0 0.0
  outer loop
    vertex -21.5 40.5 0.0
    vertex -21.5 41.5 0.0
    vertex -21.5 41.5 27.600000381469727
  endloop
endfacet
facet normal 0.0 0.0 0.0
  outer loop
    vertex -21.5 41.5 83.0
    vertex -21.5 21.5 83.0
    vertex -21.5 40.5 82.0
  endloop
endfacet
facet normal 0.0 0.0 0.0
  outer loop
    vertex -21.5 40.5 82.0
    vertex -21.5 21.5 83.0
    vertex -21.5 21.5 82.0
  endloop
endfacet
facet normal 0.0 0.0 0.0
  outer loop
    vertex -26.0 26.0 83.0
    vertex -24.5 24.5 83.0
    vertex -26.0 37.0 83.0
  endloop
endfacet
facet normal 0.0 0.0 0.0
  outer loop
    vertex -26.0 37.0 83.0
    vertex -24.5 24.5 83.0
    vertex -24.5 38.5 83.0
  endloop
endfacet
facet normal 0.0 0.0 0.0
  outer loop
    vertex -26.0 37.0 83.0
    vertex -24.5 38.5 83.0
    vertex -38.5 38.5 83.0
  endloop
endfacet
facet normal 0.0 0.0 0.0
  outer loop
    vertex -26.0 26.0 83.0
    vertex -37.0 26.0 83.0
    vertex -24.5 24.5 83.0
  endloop
endfacet
facet normal 0.0 0.0 0.0
  outer loop
    vertex -24.5 24.5 83.0
    vertex -37.0 26.0 83.0
    vertex -38.5 24.5 83.0
  endloop
endfacet
facet normal 0.0 0.0 0.0
  outer loop
    vertex -38.5 24.5 83.0
    vertex -37.0 26.0 83.0
    vertex -37.0 37.0 83.0
  endloop
endfacet
facet normal 0.0 0.0 0.0
  outer loop
    vertex -38.5 24.5 83.0
    vertex -37.0 37.0 83.0
    vertex -38.5 38.5 83.0
  endloop
endfacet
facet normal 0.0 0.0 0.0
  outer loop
    vertex -38.5 38.5 83.0
    vertex -37.0 37.0 83.0
    vertex -26.0 37.0 83.0
  endloop
endfacet
facet normal 0.0 0.0 0.0
  outer loop
    vertex 0.5 41.5 27.600000381469727
    vertex 20.5 41.5 27.600000381469727
    vertex 0.5 41.5 0.0
  endloop
endfacet
facet normal 0.0 0.0 0.0
  outer loop
    vertex 0.5 41.5 0.0
    vertex 20.5 41.5 27.600000381469727
    vertex 20.5 41.5 0.0
  endloop
endfacet
facet normal 0.0 0.0 0.0
  outer loop
    vertex 20.5 41.5 55.400001525878906
    vertex 0.5 41.5 55.400001525878906
    vertex 20.5 41.5 83.0
  endloop
endfacet
facet normal 0.0 0.0 0.0
  outer loop
    vertex 20.5 41.5 83.0
    vertex 0.5 41.5 55.400001525878906
    vertex 0.5 41.5 83.0
  endloop
endfacet
facet normal 0.0 0.0 0.0
  outer loop
    vertex 16.0 26.0 83.0
    vertex 16.0 37.0 83.0
    vertex 16.0 26.0 81.0
  endloop
endfacet
facet normal 0.0 0.0 0.0
  outer loop
    vertex 16.0 26.0 81.0
    vertex 16.0 37.0 83.0
    vertex 16.0 37.0 81.0
  endloop
endfacet
facet normal 0.0 0.0 0.0
  outer loop
    vertex 16.0 37.0 83.0
    vertex 5.000000476837158 37.0 83.0
    vertex 16.0 37.0 81.0
  endloop
endfacet
facet normal 0.0 0.0 0.0
  outer loop
    vertex 16.0 37.0 81.0
    vertex 5.000000476837158 37.0 83.0
    vertex 5.000000476837158 37.0 81.0
  endloop
endfacet
facet normal 0.0 0.0 0.0
  outer loop
    vertex 5.000000476837158 37.0 83.0
    vertex 5.000000476837158 26.0 83.0
    vertex 5.000000476837158 37.0 81.0
  endloop
endfacet
facet normal 0.0 0.0 0.0
  outer loop
    vertex 5.000000476837158 37.0 81.0
    vertex 5.000000476837158 26.0 83.0
    vertex 5.000000476837158 26.0 81.0
  endloop
endfacet
facet normal 0.0 0.0 0.0
  outer loop
    vertex 5.000000476837158 26.0 83.0
    vertex 16.0 26.0 83.0
    vertex 5.000000476837158 26.0 81.0
  endloop
endfacet
facet normal 0.0 0.0 0.0
  outer loop
    vertex 5.000000476837158 26.0 81.0
    vertex 16.0 26.0 83.0
    vertex 16.0 26.0 81.0
  endloop
endfacet
facet normal 0.0 0.0 0.0
  outer loop
    vertex 5.000000476837158 26.0 81.0
    vertex 16.0 26.0 81.0
    vertex 5.000000476837158 37.0 81.0
  endloop
endfacet
facet normal 0.0 0.0 0.0
  outer loop
    vertex 5.000000476837158 37.0 81.0
    vertex 16.0 26.0 81.0
    vertex 16.0 37.0 81.0
  endloop
endfacet
facet normal 0.0 0.0 0.0
  outer loop
    vertex 3.500000238418579 38.5 83.0
    vertex 17.5 38.5 83.0
    vertex 3.500000238418579 38.5 81.0
  endloop
endfacet
facet normal 0.0 0.0 0.0
  outer loop
    vertex 3.500000238418579 38.5 81.0
    vertex 17.5 38.5 83.0
    vertex 17.5 38.5 81.0
  endloop
endfacet
facet normal 0.0 0.0 0.0
  outer loop
    vertex 17.5 38.5 83.0
    vertex 17.5 24.5 83.0
    vertex 17.5 38.5 81.0
  endloop
endfacet
facet normal 0.0 0.0 0.0
  outer loop
    vertex 17.5 38.5 81.0
    vertex 17.5 24.5 83.0
    vertex 17.5 24.5 81.0
  endloop
endfacet
facet normal 0.0 0.0 0.0
  outer loop
    vertex 17.5 24.5 83.0
    vertex 3.500000238418579 24.5 83.0
    vertex 17.5 24.5 81.0
  endloop
endfacet
facet normal 0.0 0.0 0.0
  outer loop
    vertex 17.5 24.5 81.0
    vertex 3.500000238418579 24.5 83.0
    vertex 3.500000238418579 24.5 81.0
  endloop
endfacet
facet normal 0.0 0.0 0.0
  outer loop
    vertex 3.500000238418579 24.5 83.0
    vertex 3.500000238418579 38.5 83.0
    vertex 3.500000238418579 24.5 81.0
  endloop
endfacet
facet normal 0.0 0.0 0.0
  outer loop
    vertex 3.500000238418579 24.5 81.0
    vertex 3.500000238418579 38.5 83.0
    vertex 3.500000238418579 38.5 81.0
  endloop
endfacet
facet normal 0.0 0.0 0.0
  outer loop
    vertex 2.000000238418579 23.0 83.0
    vertex 19.0 23.0 83.0
    vertex 2.000000238418579 23.0 81.0
  endloop
endfacet
facet normal 0.0 0.0 0.0
  outer loop
    vertex 2.000000238418579 23.0 81.0
    vertex 19.0 23.0 83.0
    vertex 19.0 23.0 81.0
  endloop
endfacet
facet normal 0.0 0.0 0.0
  outer loop
    vertex 19.0 23.0 83.0
    vertex 19.0 40.0 83.0
    vertex 19.0 23.0 81.0
  endloop
endfacet
facet normal 0.0 0.0 0.0
  outer loop
    vertex 19.0 23.0 81.0
    vertex 19.0 40.0 83.0
    vertex 19.0 40.0 81.0
  endloop
endfacet
facet normal 0.0 0.0 0.0
  outer loop
    vertex 19.0 40.0 83.0
    vertex 2.000000238418579 40.0 83.0
    vertex 19.0 40.0 81.0
  endloop
endfacet
facet normal 0.0 0.0 0.0
  outer loop
    vertex 19.0 40.0 81.0
    vertex 2.000000238418579 40.0 83.0
    vertex 2.000000238418579 40.0 81.0
  endloop
endfacet
facet normal 0.0 0.0 0.0
  outer loop
    vertex 2.000000238418579 40.0 83.0
    vertex 2.000000238418579 23.0 83.0
    vertex 2.000000238418579 40.0 81.0
  endloop
endfacet
facet normal 0.0 0.0 0.0
  outer loop
    vertex 2.000000238418579 40.0 81.0
    vertex 2.000000238418579 23.0 83.0
    vertex 2.000000238418579 23.0 81.0
  endloop
endfacet
facet normal 0.0 0.0 0.0
  outer loop
    vertex 3.500000238418579 38.5 81.0
    vertex 2.000000238418579 23.0 81.0
    vertex 3.500000238418579 24.5 81.0
  endloop
endfacet
facet normal 0.0 0.0 0.0
  outer loop
    vertex 3.500000238418579 24.5 81.0
    vertex 2.000000238418579 23.0 81.0
    vertex 19.0 23.0 81.0
  endloop
endfacet
facet normal 0.0 0.0 0.0
  outer loop
    vertex 3.500000238418579 24.5 81.0
    vertex 19.0 23.0 81.0
    vertex 17.5 24.5 81.0
  endloop
endfacet
facet normal 0.0 0.0 0.0
  outer loop
    vertex 17.5 24.5 81.0
    vertex 19.0 23.0 81.0
    vertex 17.5 38.5 81.0
  endloop
endfacet
facet normal 0.0 0.0 0.0
  outer loop
    vertex 17.5 38.5 81.0
    vertex 19.0 23.0 81.0
    vertex 19.0 40.0 81.0
  endloop
endfacet
facet normal 0.0 0.0 0.0
  outer loop
    vertex 17.5 38.5 81.0
    vertex 19.0 40.0 81.0
    vertex 2.000000238418579 40.0 81.0
  endloop
endfacet
facet normal 0.0 0.0 0.0
  outer loop
    vertex 2.000000238418579 23.0 81.0
    vertex 3.500000238418579 38.5 81.0
    vertex 2.000000238418579 40.0 81.0
  endloop
endfacet
facet normal 0.0 0.0 0.0
  outer loop
    vertex 2.000000238418579 40.0 81.0
    vertex 3.500000238418579 38.5 81.0
    vertex 17.5 38.5 81.0
  endloop
endfacet
facet normal 0.0 0.0 0.0
  outer loop
    vertex 20.5 41.5 83.0
    vertex 19.0 40.0 83.0
    vertex 20.5 21.5 83.0
  endloop
endfacet
facet normal 0.0 0.0 0.0
  outer loop
    vertex 20.5 21.5 83.0
    vertex 19.0 40.0 83.0
    vertex 19.0 23.0 83.0
  endloop
endfacet
facet normal 0.0 0.0 0.0
  outer loop
    vertex 20.5 21.5 83.0
    vertex 19.0 23.0 83.0
    vertex 2.000000238418579 23.0 83.0
  endloop
endfacet
facet normal 0.0 0.0 0.0
  outer loop
    vertex 19.0 40.0 83.0
    vertex 20.5 41.5 83.0
    vertex 2.000000238418579 40.0 83.0
  endloop
endfacet
facet normal 0.0 0.0 0.0
  outer loop
    vertex 2.000000238418579 40.0 83.0
    vertex 20.5 41.5 83.0
    vertex 0.5 41.5 83.0
  endloop
endfacet
facet normal 0.0 0.0 0.0
  outer loop
    vertex 2.000000238418579 40.0 83.0
    vertex 0.5 41.5 83.0
    vertex 0.5 21.5 83.0
  endloop
endfacet
facet normal 0.0 0.0 0.0
  outer loop
    vertex 2.000000238418579 40.0 83.0
    vertex 0.5 21.5 83.0
    vertex 2.000000238418579 23.0 83.0
  endloop
endfacet
facet normal 0.0 0.0 0.0
  outer loop
    vertex 2.000000238418579 23.0 83.0
    vertex 0.5 21.5 83.0
    vertex 20.5 21.5 83.0
  endloop
endfacet
facet normal 0.0 0.0 0.0
  outer loop
    vertex 20.5 40.5 0.0
    vertex 20.5 41.5 27.600000381469727
    vertex 20.5 40.5 82.0
  endloop
endfacet
facet normal 0.0 0.0 0.0
  outer loop
    vertex 20.5 40.5 82.0
    vertex 20.5 41.5 27.600000381469727
    vertex 20.5 41.5 55.400001525878906
  endloop
endfacet
facet normal 0.0 0.0 0.0
  outer loop
    vertex 20.5 40.5 82.0
    vertex 20.5 41.5 55.400001525878906
    vertex 20.5 41.5 83.0
  endloop
endfacet
facet normal 0.0 0.0 0.0
  outer loop
    vertex 20.5 40.5 0.0
    vertex 20.5 41.5 0.0
    vertex 20.5 41.5 27.600000381469727
  endloop
endfacet
facet normal 0.0 0.0 0.0
  outer loop
    vertex 20.5 41.5 83.0
    vertex 20.5 21.5 83.0
    vertex 20.5 40.5 82.0
  endloop
endfacet
facet normal 0.0 0.0 0.0
  outer loop
    vertex 20.5 40.5 82.0
    vertex 20.5 21.5 83.0
    vertex 20.5 21.5 82.0
  endloop
endfacet
facet normal 0.0 0.0 0.0
  outer loop
    vertex 16.0 26.0 83.0
    vertex 17.5 24.5 83.0
    vertex 16.0 37.0 83.0
  endloop
endfacet
facet normal 0.0 0.0 0.0
  outer loop
    vertex 16.0 37.0 83.0
    vertex 17.5 24.5 83.0
    vertex 17.5 38.5 83.0
  endloop
endfacet
facet normal 0.0 0.0 0.0
  outer loop
    vertex 16.0 37.0 83.0
    vertex 17.5 38.5 83.0
    vertex 3.500000238418579 38.5 83.0
  endloop
endfacet
facet normal 0.0 0.0 0.0
  outer loop
    vertex 16.0 26.0 83.0
    vertex 5.000000476837158 26.0 83.0
    vertex 17.5 24.5 83.0
  endloop
endfacet
facet normal 0.0 0.0 0.0
  outer loop
    vertex 17.5 24.5 83.0
    vertex 5.000000476837158 26.0 83.0
    vertex 3.500000238418579 24.5 83.0
  endloop
endfacet
facet normal 0.0 0.0 0.0
  outer loop
    vertex 3.500000238418579 24.5 83.0
    vertex 5.000000476837158 26.0 83.0
    vertex 5.000000476837158 37.0 83.0
  endloop
endfacet
facet normal 0.0 0.0 0.0
  outer loop
    vertex 3.500000238418579 24.5 83.0
    vertex 5.000000476837158 37.0 83.0
    vertex 3.500000238418579 38.5 83.0
  endloop
endfacet
facet normal 0.0 0.0 0.0
  outer loop
    vertex 3.500000238418579 38.5 83.0
    vertex 5.000000476837158 37.0 83.0
    vertex 16.0 37.0 83.0
  endloop
endfacet
facet normal 0.0 0.0 0.0
  outer loop
    vertex 0.5 41.5 27.600000381469727
    vertex 0.5 41.5 55.400001525878906
    vertex -0.5 41.5 27.600000381469727
  endloop
endfacet
facet normal 0.0 0.0 0.0
  outer loop
    vertex -0.5 41.5 27.600000381469727
    vertex 0.5 41.5 55.400001525878906
    vertex -0.5 41.5 55.400001525878906
  endloop
endfacet
facet normal 0.0 0.0 0.0
  outer loop
    vertex 20.5 41.5 55.400001525878906
    vertex 20.5 41.5 27.600000381469727
    vertex 21.5 41.5 55.400001525878906
  endloop
endfacet
facet normal 0.0 0.0 0.0
  outer loop
    vertex 21.5 41.5 55.400001525878906
    vertex 20.5 41.5 27.600000381469727
    vertex 21.5 41.5 27.600000381469727
  endloop
endfacet
facet normal 0.0 0.0 0.0
  outer loop
    vertex 41.5 41.5 27.600000381469727
    vertex 41.5 21.5 27.600000381469727
    vertex 41.5 41.5 0.0
  endloop
endfacet
facet normal 0.0 0.0 0.0
  outer loop
    vertex 41.5 41.5 0.0
    vertex 41.5 21.5 27.600000381469727
    vertex 41.5 21.5 0.0
  endloop
endfacet
facet normal 0.0 0.0 0.0
  outer loop
    vertex 41.5 21.5 55.400001525878906
    vertex 41.5 41.5 55.400001525878906
    vertex 41.5 21.5 83.0
  endloop
endfacet
facet normal 0.0 0.0 0.0
  outer loop
    vertex 41.5 21.5 83.0
    vertex 41.5 41.5 55.400001525878906
    vertex 41.5 41.5 83.0
  endloop
endfacet
facet normal 0.0 0.0 0.0
  outer loop
    vertex 41.5 41.5 55.400001525878906
    vertex 21.5 41.5 55.400001525878906
    vertex 41.5 41.5 83.0
  endloop
endfacet
facet normal 0.0 0.0 0.0
  outer loop
    vertex 41.5 41.5 83.0
    vertex 21.5 41.5 55.400001525878906
    vertex 21.5 41.5 83.0
  endloop
endfacet
facet normal 0.0 0.0 0.0
  outer loop
    vertex 21.5 41.5 27.600000381469727
    vertex 41.5 41.5 27.600000381469727
    vertex 21.5 41.5 0.0
  endloop
endfacet
facet normal 0.0 0.0 0.0
  outer loop
    vertex 21.5 41.5 0.0
    vertex 41.5 41.5 27.600000381469727
    vertex 41.5 41.5 0.0
  endloop
endfacet
facet normal 0.0 0.0 0.0
  outer loop
    vertex 37.0 26.0 83.0
    vertex 37.0 37.0 83.0
    vertex 37.0 26.0 81.0
  endloop
endfacet
facet normal 0.0 0.0 0.0
  outer loop
    vertex 37.0 26.0 81.0
    vertex 37.0 37.0 83.0
    vertex 37.0 37.0 81.0
  endloop
endfacet
facet normal 0.0 0.0 0.0
  outer loop
    vertex 37.0 37.0 83.0
    vertex 26.0 37.0 83.0
    vertex 37.0 37.0 81.0
  endloop
endfacet
facet normal 0.0 0.0 0.0
  outer loop
    vertex 37.0 37.0 81.0
    vertex 26.0 37.0 83.0
    vertex 26.0 37.0 81.0
  endloop
endfacet
facet normal 0.0 0.0 0.0
  outer loop
    vertex 26.0 37.0 83.0
    vertex 26.0 26.0 83.0
    vertex 26.0 37.0 81.0
  endloop
endfacet
facet normal 0.0 0.0 0.0
  outer loop
    vertex 26.0 37.0 81.0
    vertex 26.0 26.0 83.0
    vertex 26.0 26.0 81.0
  endloop
endfacet
facet normal 0.0 0.0 0.0
  outer loop
    vertex 26.0 26.0 83.0
    vertex 37.0 26.0 83.0
    vertex 26.0 26.0 81.0
  endloop
endfacet
facet normal 0.0 0.0 0.0
  outer loop
    vertex 26.0 26.0 81.0
    vertex 37.0 26.0 83.0
    vertex 37.0 26.0 81.0
  endloop
endfacet
facet normal 0.0 0.0 0.0
  outer loop
    vertex 26.0 26.0 81.0
    vertex 37.0 26.0 81.0
    vertex 26.0 37.0 81.0
  endloop
endfacet
facet normal 0.0 0.0 0.0
  outer loop
    vertex 26.0 37.0 81.0
    vertex 37.0 26.0 81.0
    vertex 37.0 37.0 81.0
  endloop
endfacet
facet normal 0.0 0.0 0.0
  outer loop
    vertex 24.5 38.5 83.0
    vertex 38.5 38.5 83.0
    vertex 24.5 38.5 81.0
  endloop
endfacet
facet normal 0.0 0.0 0.0
  outer loop
    vertex 24.5 38.5 81.0
    vertex 38.5 38.5 83.0
    vertex 38.5 38.5 81.0
  endloop
endfacet
facet normal 0.0 0.0 0.0
  outer loop
    vertex 38.5 38.5 83.0
    vertex 38.5 24.5 83.0
    vertex 38.5 38.5 81.0
  endloop
endfacet
facet normal 0.0 0.0 0.0
  outer loop
    vertex 38.5 38.5 81.0
    vertex 38.5 24.5 83.0
    vertex 38.5 24.5 81.0
  endloop
endfacet
facet normal 0.0 0.0 0.0
  outer loop
    vertex 38.5 24.5 83.0
    vertex 24.5 24.5 83.0
    vertex 38.5 24.5 81.0
  endloop
endfacet
facet normal 0.0 0.0 0.0
  outer loop
    vertex 38.5 24.5 81.0
    vertex 24.5 24.5 83.0
    vertex 24.5 24.5 81.0
  endloop
endfacet
facet normal 0.0 0.0 0.0
  outer loop
    vertex 24.5 24.5 83.0
    vertex 24.5 38.5 83.0
    vertex 24.5 24.5 81.0
  endloop
endfacet
facet normal 0.0 0.0 0.0
  outer loop
    vertex 24.5 24.5 81.0
    vertex 24.5 38.5 83.0
    vertex 24.5 38.5 81.0
  endloop
endfacet
facet normal 0.0 0.0 0.0
  outer loop
    vertex 23.0 23.0 83.0
    vertex 40.0 23.0 83.0
    vertex 23.0 23.0 81.0
  endloop
endfacet
facet normal 0.0 0.0 0.0
  outer loop
    vertex 23.0 23.0 81.0
    vertex 40.0 23.0 83.0
    vertex 40.0 23.0 81.0
  endloop
endfacet
facet normal 0.0 0.0 0.0
  outer loop
    vertex 40.0 23.0 83.0
    vertex 40.0 40.0 83.0
    vertex 40.0 23.0 81.0
  endloop
endfacet
facet normal 0.0 0.0 0.0
  outer loop
    vertex 40.0 23.0 81.0
    vertex 40.0 40.0 83.0
    vertex 40.0 40.0 81.0
  endloop
endfacet
facet normal 0.0 0.0 0.0
  outer loop
    vertex 40.0 40.0 83.0
    vertex 23.0 40.0 83.0
    vertex 40.0 40.0 81.0
  endloop
endfacet
facet normal 0.0 0.0 0.0
  outer loop
    vertex 40.0 40.0 81.0
    vertex 23.0 40.0 83.0
    vertex 23.0 40.0 81.0
  endloop
endfacet
facet normal 0.0 0.0 0.0
  outer loop
    vertex 23.0 40.0 83.0
    vertex 23.0 23.0 83.0
    vertex 23.0 40.0 81.0
  endloop
endfacet
facet normal 0.0 0.0 0.0
  outer loop
    vertex 23.0 40.0 81.0
    vertex 23.0 23.0 83.0
    vertex 23.0 23.0 81.0
  endloop
endfacet
facet normal 0.0 0.0 0.0
  outer loop
    vertex 24.5 38.5 81.0
    vertex 23.0 23.0 81.0
    vertex 24.5 24.5 81.0
  endloop
endfacet
facet normal 0.0 0.0 0.0
  outer loop
    vertex 24.5 24.5 81.0
    vertex 23.0 23.0 81.0
    vertex 40.0 23.0 81.0
  endloop
endfacet
facet normal 0.0 0.0 0.0
  outer loop
    vertex 24.5 24.5 81.0
    vertex 40.0 23.0 81.0
    vertex 38.5 24.5 81.0
  endloop
endfacet
facet normal 0.0 0.0 0.0
  outer loop
    vertex 38.5 24.5 81.0
    vertex 40.0 23.0 81.0
    vertex 38.5 38.5 81.0
  endloop
endfacet
facet normal 0.0 0.0 0.0
  outer loop
    vertex 38.5 38.5 81.0
    vertex 40.0 23.0 81.0
    vertex 40.0 40.0 81.0
  endloop
endfacet
facet normal 0.0 0.0 0.0
  outer loop
    vertex 38.5 38.5 81.0
    vertex 40.0 40.0 81.0
    vertex 23.0 40.0 81.0
  endloop
endfacet
facet normal 0.0 0.0 0.0
  outer loop
    vertex 23.0 23.0 81.0
    vertex 24.5 38.5 81.0
    vertex 23.0 40.0 81.0
  endloop
endfacet
facet normal 0.0 0.0 0.0
  outer loop
    vertex 23.0 40.0 81.0
    vertex 24.5 38.5 81.0
    vertex 38.5 38.5 81.0
  endloop
endfacet
facet normal 0.0 0.0 0.0
  outer loop
    vertex 41.5 41.5 83.0
    vertex 40.0 40.0 83.0
    vertex 41.5 21.5 83.0
  endloop
endfacet
facet normal 0.0 0.0 0.0
  outer loop
    vertex 41.5 21.5 83.0
    vertex 40.0 40.0 83.0
    vertex 40.0 23.0 83.0
  endloop
endfacet
facet normal 0.0 0.0 0.0
  outer loop
    vertex 41.5 21.5 83.0
    vertex 40.0 23.0 83.0
    vertex 23.0 23.0 83.0
  endloop
endfacet
facet normal 0.0 0.0 0.0
  outer loop
    vertex 40.0 40.0 83.0
    vertex 41.5 41.5 83.0
    vertex 23.0 40.0 83.0
  endloop
endfacet
facet normal 0.0 0.0 0.0
  outer loop
    vertex 23.0 40.0 83.0
    vertex 41.5 41.5 83.0
    vertex 21.5 41.5 83.0
  endloop
endfacet
facet normal 0.0 0.0 0.0
  outer loop
    vertex 23.0 40.0 83.0
    vertex 21.5 41.5 83.0
    vertex 21.5 21.5 83.0
  endloop
endfacet
facet normal 0.0 0.0 0.0
  outer loop
    vertex 23.0 40.0 83.0
    vertex 21.5 21.5 83.0
    vertex 23.0 23.0 83.0
  endloop
endfacet
facet normal 0.0 0.0 0.0
  outer loop
    vertex 23.0 23.0 83.0
    vertex 21.5 21.5 83.0
    vertex 41.5 21.5 83.0
  endloop
endfacet
facet normal 0.0 0.0 0.0
  outer loop
    vertex 40.5 21.5 0.0
    vertex 41.5 21.5 27.600000381469727
    vertex 40.5 21.5 82.0
  endloop
endfacet
facet normal 0.0 0.0 0.0
  outer loop
    vertex 40.5 21.5 82.0
    vertex 41.5 21.5 27.600000381469727
    vertex 41.5 21.5 55.400001525878906
  endloop
endfacet
facet normal 0.0 0.0 0.0
  outer loop
    vertex 40.5 21.5 82.0
    vertex 41.5 21.5 55.400001525878906
    vertex 41.5 21.5 83.0
  endloop
endfacet
facet normal 0.0 0.0 0.0
  outer loop
    vertex 40.5 21.5 0.0
    vertex 41.5 21.5 0.0
    vertex 41.5 21.5 27.600000381469727
  endloop
endfacet
facet normal 0.0 0.0 0.0
  outer loop
    vertex 41.5 21.5 83.0
    vertex 21.5 21.5 83.0
    vertex 40.5 21.5 82.0
  endloop
endfacet
facet normal 0.0 0.0 0.0
  outer loop
    vertex 40.5 21.5 82.0
    vertex 21.5 21.5 83.0
    vertex 21.5 21.5 82.0
  endloop
endfacet
facet normal 0.0 0.0 0.0
  outer loop
    vertex 21.5 21.5 82.0
    vertex 21.5 21.5 83.0
    vertex 21.5 40.5 82.0
  endloop
endfacet
facet normal 0.0 0.0 0.0
  outer loop
    vertex 21.5 40.5 82.0
    vertex 21.5 21.5 83.0
    vertex 21.5 41.5 83.0
  endloop
endfacet
facet normal 0.0 0.0 0.0
  outer loop
    vertex 21.5 40.5 82.0
    vertex 21.5 41.5 83.0
    vertex 21.5 41.5 55.400001525878906
  endloop
endfacet
facet normal 0.0 0.0 0.0
  outer loop
    vertex 21.5 41.5 55.400001525878906
    vertex 21.5 41.5 27.600000381469727
    vertex 21.5 40.5 82.0
  endloop
endfacet
facet normal 0.0 0.0 0.0
  outer loop
    vertex 21.5 40.5 82.0
    vertex 21.5 41.5 27.600000381469727
    vertex 21.5 40.5 0.0
  endloop
endfacet
facet normal 0.0 0.0 0.0
  outer loop
    vertex 21.5 40.5 0.0
    vertex 21.5 41.5 27.600000381469727
    vertex 21.5 41.5 0.0
  endloop
endfacet
facet normal 0.0 0.0 0.0
  outer loop
    vertex 37.0 26.0 83.0
    vertex 38.5 24.5 83.0
    vertex 37.0 37.0 83.0
  endloop
endfacet
facet normal 0.0 0.0 0.0
  outer loop
    vertex 37.0 37.0 83.0
    vertex 38.5 24.5 83.0
    vertex 38.5 38.5 83.0
  endloop
endfacet
facet normal 0.0 0.0 0.0
  outer loop
    vertex 37.0 37.0 83.0
    vertex 38.5 38.5 83.0
    vertex 24.5 38.5 83.0
  endloop
endfacet
facet normal 0.0 0.0 0.0
  outer loop
    vertex 37.0 26.0 83.0
    vertex 26.0 26.0 83.0
    vertex 38.5 24.5 83.0
  endloop
endfacet
facet normal 0.0 0.0 0.0
  outer loop
    vertex 38.5 24.5 83.0
    vertex 26.0 26.0 83.0
    vertex 24.5 24.5 83.0
  endloop
endfacet
facet normal 0.0 0.0 0.0
  outer loop
    vertex 24.5 24.5 83.0
    vertex 26.0 26.0 83.0
    vertex 26.0 37.0 83.0
  endloop
endfacet
facet normal 0.0 0.0 0.0
  outer loop
    vertex 24.5 24.5 83.0
    vertex 26.0 37.0 83.0
    vertex 24.5 38.5 83.0
  endloop
endfacet
facet normal 0.0 0.0 0.0
  outer loop
    vertex 24.5 38.5 83.0
    vertex 26.0 37.0 83.0
    vertex 37.0 37.0 83.0
  endloop
endfacet
facet normal 0.0 0.0 0.0
  outer loop
    vertex 41.5 21.5 55.400001525878906
    vertex 41.5 21.5 27.600000381469727
    vertex 41.5 20.5 55.400001525878906
  endloop
endfacet
facet normal 0.0 0.0 0.0
  outer loop
    vertex 41.5 20.5 55.400001525878906
    vertex 41.5 21.5 27.600000381469727
    vertex 41.5 20.5 27.600000381469727
  endloop
endfacet
facet normal 0.0 0.0 0.0
  outer loop
    vertex 41.5 20.5 27.600000381469727
    vertex 41.5 0.5 27.600000381469727
    vertex 41.5 20.5 0.0
  endloop
endfacet
facet normal 0.0 0.0 0.0
  outer loop
    vertex 41.5 20.5 0.0
    vertex 41.5 0.5 27.600000381469727
    vertex 41.5 0.5 0.0
  endloop
endfacet
facet normal 0.0 0.0 0.0
  outer loop
    vertex 41.5 0.5 55.400001525878906
    vertex 41.5 20.5 55.400001525878906
    vertex 41.5 0.5 83.0
  endloop
endfacet
facet normal 0.0 0.0 0.0
  outer loop
    vertex 41.5 0.5 83.0
    vertex 41.5 20.5 55.400001525878906
    vertex 41.5 20.5 83.0
  endloop
endfacet
facet normal 0.0 0.0 0.0
  outer loop
    vertex 24.5 17.5 83.0
    vertex 38.5 17.5 83.0
    vertex 24.5 17.5 81.0
  endloop
endfacet
facet normal 0.0 0.0 0.0
  outer loop
    vertex 24.5 17.5 81.0
    vertex 38.5 17.5 83.0
    vertex 38.5 17.5 81.0
  endloop
endfacet
facet normal 0.0 0.0 0.0
  outer loop
    vertex 38.5 17.5 83.0
    vertex 38.5 3.499999523162842 83.0
    vertex 38.5 17.5 81.0
  endloop
endfacet
facet normal 0.0 0.0 0.0
  outer loop
    vertex 38.5 17.5 81.0
    vertex 38.5 3.499999523162842 83.0
    vertex 38.5 3.499999523162842 81.0
  endloop
endfacet
facet normal 0.0 0.0 0.0
  outer loop
    vertex 25.4071102142334 3.499999523162842 83.0
    vertex 24.5 3.499999523162842 83.0
    vertex 25.4071102142334 3.499999523162842 81.0
  endloop
endfacet
facet normal 0.0 0.0 0.0
  outer loop
    vertex 25.4071102142334 3.499999523162842 81.0
    vertex 24.5 3.499999523162842 83.0
    vertex 24.5 3.499999523162842 81.0
  endloop
endfacet
facet normal 0.0 0.0 0.0
  outer loop
    vertex 24.5 13.33829116821289 83.0
    vertex 24.5 17.5 83.0
    vertex 24.5 13.33829116821289 81.0
  endloop
endfacet
facet normal 0.0 0.0 0.0
  outer loop
    vertex 24.5 13.33829116821289 81.0
    vertex 24.5 17.5 83.0
    vertex 24.5 17.5 81.0
  endloop
endfacet
facet normal 0.0 0.0 0.0
  outer loop
    vertex 40.0 1.9999994039535522 83.0
    vertex 40.0 19.0 83.0
    vertex 40.0 1.9999994039535522 81.0
  endloop
endfacet
facet normal 0.0 0.0 0.0
  outer loop
    vertex 40.0 1.9999994039535522 81.0
    vertex 40.0 19.0 83.0
    vertex 40.0 19.0 81.0
  endloop
endfacet
facet normal 0.0 0.0 0.0
  outer loop
    vertex 40.0 19.0 83.0
    vertex 23.0 19.0 83.0
    vertex 40.0 19.0 81.0
  endloop
endfacet
facet normal 0.0 0.0 0.0
  outer loop
    vertex 40.0 19.0 81.0
    vertex 23.0 19.0 83.0
    vertex 23.0 19.0 81.0
  endloop
endfacet
facet normal 0.0 0.0 0.0
  outer loop
    vertex 37.0 4.999999523162842 83.0
    vertex 37.0 16.0 83.0
    vertex 37.0 4.999999523162842 81.0
  endloop
endfacet
facet normal 0.0 0.0 0.0
  outer loop
    vertex 37.0 4.999999523162842 81.0
    vertex 37.0 16.0 83.0
    vertex 37.0 16.0 81.0
  endloop
endfacet
facet normal 0.0 0.0 0.0
  outer loop
    vertex 37.0 16.0 83.0
    vertex 26.0 16.0 83.0
    vertex 37.0 16.0 81.0
  endloop
endfacet
facet normal 0.0 0.0 0.0
  outer loop
    vertex 37.0 16.0 81.0
    vertex 26.0 16.0 83.0
    vertex 26.0 16.0 81.0
  endloop
endfacet
facet normal 0.0 0.0 0.0
  outer loop
    vertex 25.713945388793945 7.6593427658081055 83.0
    vertex 26.0 7.649298191070557 83.0
    vertex 25.713945388793945 8.371983528137207 83.0
  endloop
endfacet
facet normal 0.0 0.0 0.0
  outer loop
    vertex 25.713945388793945 8.371983528137207 83.0
    vertex 26.0 7.649298191070557 83.0
    vertex 25.64832878112793 10.480005264282227 83.0
  endloop
endfacet
facet normal 0.0 0.0 0.0
  outer loop
    vertex 25.64832878112793 10.480005264282227 83.0
    vertex 26.0 7.649298191070557 83.0
    vertex 26.0 16.0 83.0
  endloop
endfacet
facet normal 0.0 0.0 0.0
  outer loop
    vertex 25.64832878112793 10.480005264282227 83.0
    vertex 26.0 16.0 83.0
    vertex 25.560527801513672 13.300664901733398 83.0
  endloop
endfacet
facet normal 0.0 0.0 0.0
  outer loop
    vertex 25.560527801513672 13.300664901733398 83.0
    vertex 26.0 16.0 83.0
    vertex 24.5 13.33829116821289 83.0
  endloop
endfacet
facet normal 0.0 0.0 0.0
  outer loop
    vertex 24.5 13.33829116821289 83.0
    vertex 26.0 16.0 83.0
    vertex 24.5 17.5 83.0
  endloop
endfacet
facet normal 0.0 0.0 0.0
  outer loop
    vertex 24.5 17.5 83.0
    vertex 26.0 16.0 83.0
    vertex 37.0 16.0 83.0
  endloop
endfacet
facet normal 0.0 0.0 0.0
  outer loop
    vertex 24.5 17.5 83.0
    vertex 37.0 16.0 83.0
    vertex 38.5 17.5 83.0
  endloop
endfacet
facet normal 0.0 0.0 0.0
  outer loop
    vertex 38.5 17.5 83.0
    vertex 37.0 16.0 83.0
    vertex 38.5 3.499999523162842 83.0
  endloop
endfacet
facet normal 0.0 0.0 0.0
  outer loop
    vertex 38.5 3.499999523162842 83.0
    vertex 37.0 16.0 83.0
    vertex 37.0 4.999999523162842 83.0
  endloop
endfacet
facet normal 0.0 0.0 0.0
  outer loop
    vertex 38.5 3.499999523162842 83.0
    vertex 37.0 4.999999523162842 83.0
    vertex 30.88855743408203 3.499999523162842 83.0
  endloop
endfacet
facet normal 0.0 0.0 0.0
  outer loop
    vertex 30.88855743408203 3.499999523162842 83.0
    vertex 37.0 4.999999523162842 83.0
    vertex 30.88802719116211 3.5855767726898193 83.0
  endloop
endfacet
facet normal 0.0 0.0 0.0
  outer loop
    vertex 30.88802719116211 3.5855767726898193 83.0
    vertex 37.0 4.999999523162842 83.0
    vertex 30.85526466369629 4.636281967163086 83.0
  endloop
endfacet
facet normal 0.0 0.0 0.0
  outer loop
    vertex 30.85526466369629 4.636281967163086 83.0
    vertex 37.0 4.999999523162842 83.0
    vertex 30.844043731689453 4.999999523162842 83.0
  endloop
endfacet
facet normal 0.0 0.0 0.0
  outer loop
    vertex -41.5 21.5 27.600000381469727
    vertex -41.5 21.5 55.400001525878906
    vertex -41.5 20.5 27.600000381469727
  endloop
endfacet
facet normal 0.0 0.0 0.0
  outer loop
    vertex -41.5 20.5 27.600000381469727
    vertex -41.5 21.5 55.400001525878906
    vertex -41.5 20.5 55.400001525878906
  endloop
endfacet
facet normal 0.0 0.0 0.0
  outer loop
    vertex -41.5 -20.5 27.600000381469727
    vertex -41.5 -20.5 55.400001525878906
    vertex -41.5 -21.5 27.600000381469727
  endloop
endfacet
facet normal 0.0 0.0 0.0
  outer loop
    vertex -41.5 -21.5 27.600000381469727
    vertex -41.5 -20.5 55.400001525878906
    vertex -41.5 -21.5 55.400001525878906
  endloop
endfacet
facet normal 0.0 0.0 0.0
  outer loop
    vertex -43.5 35.706634521484375 47.26783752441406
    vertex -43.5 32.79951095581055 47.21214294433594
    vertex -43.0 35.706634521484375 47.26783752441406
  endloop
endfacet
facet normal 0.0 0.0 0.0
  outer loop
    vertex -43.0 35.706634521484375 47.26783752441406
    vertex -43.5 32.79951095581055 47.21214294433594
    vertex -43.0 32.79951095581055 47.21214294433594
  endloop
endfacet
facet normal 0.0 0.0 0.0
  outer loop
    vertex -43.5 32.79951095581055 47.21214294433594
    vertex -43.5 29.903522491455078 47.14531326293945
    vertex -43.0 32.79951095581055 47.21214294433594
  endloop
endfacet
facet normal 0.0 0.0 0.0
  outer loop
    vertex -43.0 32.79951095581055 47.21214294433594
    vertex -43.5 29.903522491455078 47.14531326293945
    vertex -43.0 29.903522491455078 47.14531326293945
  endloop
endfacet
facet normal 0.0 0.0 0.0
  outer loop
    vertex -43.5 29.903522491455078 47.14531326293945
    vertex -43.5 29.84783172607422 38.34596633911133
    vertex -43.0 29.903522491455078 47.14531326293945
  endloop
endfacet
facet normal 0.0 0.0 0.0
  outer loop
    vertex -43.0 29.903522491455078 47.14531326293945
    vertex -43.5 29.84783172607422 38.34596633911133
    vertex -43.0 29.84783172607422 38.34596633911133
  endloop
endfacet
facet normal 0.0 0.0 0.0
  outer loop
    vertex -43.5 29.84783172607422 38.34596633911133
    vertex -43.5 29.80327796936035 29.54662322998047
    vertex -43.0 29.84783172607422 38.34596633911133
  endloop
endfacet
facet normal 0.0 0.0 0.0
  outer loop
    vertex -43.0 29.84783172607422 38.34596633911133
    vertex -43.5 29.80327796936035 29.54662322998047
    vertex -43.0 29.80327796936035 29.54662322998047
  endloop
endfacet
facet normal 0.0 0.0 0.0
  outer loop
    vertex -43.5 29.80327796936035 29.54662322998047
    vertex -43.5 23.877641677856445 29.54662322998047
    vertex -43.0 29.80327796936035 29.54662322998047
  endloop
endfacet
facet normal 0.0 0.0 0.0
  outer loop
    vertex -43.0 29.80327796936035 29.54662322998047
    vertex -43.5 23.877641677856445 29.54662322998047
    vertex -43.0 23.877641677856445 29.54662322998047
  endloop
endfacet
facet normal 0.0 0.0 0.0
  outer loop
    vertex -43.5 23.877641677856445 29.54662322998047
    vertex -43.5 23.899919509887695 38.40166091918945
    vertex -43.0 23.877641677856445 29.54662322998047
  endloop
endfacet
facet normal 0.0 0.0 0.0
  outer loop
    vertex -43.0 23.877641677856445 29.54662322998047
    vertex -43.5 23.899919509887695 38.40166091918945
    vertex -43.0 23.899919509887695 38.40166091918945
  endloop
endfacet
facet normal 0.0 0.0 0.0
  outer loop
    vertex -43.5 23.899919509887695 38.40166091918945
    vertex -43.5 23.911056518554688 47.25669860839844
    vertex -43.0 23.899919509887695 38.40166091918945
  endloop
endfacet
facet normal 0.0 0.0 0.0
  outer loop
    vertex -43.0 23.899919509887695 38.40166091918945
    vertex -43.5 23.911056518554688 47.25669860839844
    vertex -43.0 23.911056518554688 47.25669860839844
  endloop
endfacet
facet normal 0.0 0.0 0.0
  outer loop
    vertex -43.5 23.911056518554688 47.25669860839844
    vertex -43.5 17.87403678894043 47.25669860839844
    vertex -43.0 23.911056518554688 47.25669860839844
  endloop
endfacet
facet normal 0.0 0.0 0.0
  outer loop
    vertex -43.0 23.911056518554688 47.25669860839844
    vertex -43.5 17.87403678894043 47.25669860839844
    vertex -43.0 17.87403678894043 47.25669860839844
  endloop
endfacet
facet normal 0.0 0.0 0.0
  outer loop
    vertex -43.5 17.87403678894043 47.25669860839844
    vertex -43.5 17.929729461669922 50.208377838134766
    vertex -43.0 17.87403678894043 47.25669860839844
  endloop
endfacet
facet normal 0.0 0.0 0.0
  outer loop
    vertex -43.0 17.87403678894043 47.25669860839844
    vertex -43.5 17.929729461669922 50.208377838134766
    vertex -43.0 17.929729461669922 50.208377838134766
  endloop
endfacet
facet normal 0.0 0.0 0.0
  outer loop
    vertex -43.5 17.929729461669922 50.208377838134766
    vertex -43.5 17.996559143066406 53.160057067871094
    vertex -43.0 17.929729461669922 50.208377838134766
  endloop
endfacet
facet normal 0.0 0.0 0.0
  outer loop
    vertex -43.0 17.929729461669922 50.208377838134766
    vertex -43.5 17.996559143066406 53.160057067871094
    vertex -43.0 17.996559143066406 53.160057067871094
  endloop
endfacet
facet normal 0.0 0.0 0.0
  outer loop
    vertex -43.5 17.996559143066406 53.160057067871094
    vertex -43.5 35.706634521484375 53.27144241333008
    vertex -43.0 17.996559143066406 53.160057067871094
  endloop
endfacet
facet normal 0.0 0.0 0.0
  outer loop
    vertex -43.0 17.996559143066406 53.160057067871094
    vertex -43.5 35.706634521484375 53.27144241333008
    vertex -43.0 35.706634521484375 53.27144241333008
  endloop
endfacet
facet normal 0.0 0.0 0.0
  outer loop
    vertex -43.5 35.706634521484375 53.27144241333008
    vertex -43.5 35.706634521484375 47.26783752441406
    vertex -43.0 35.706634521484375 53.27144241333008
  endloop
endfacet
facet normal 0.0 0.0 0.0
  outer loop
    vertex -43.0 35.706634521484375 53.27144241333008
    vertex -43.5 35.706634521484375 47.26783752441406
    vertex -43.0 35.706634521484375 47.26783752441406
  endloop
endfacet
facet normal 0.0 0.0 0.0
  outer loop
    vertex -43.0 35.706634521484375 47.26783752441406
    vertex -43.0 32.79951095581055 47.21214294433594
    vertex -43.0 35.706634521484375 53.27144241333008
  endloop
endfacet
facet normal 0.0 0.0 0.0
  outer loop
    vertex -43.0 35.706634521484375 53.27144241333008
    vertex -43.0 32.79951095581055 47.21214294433594
    vertex -43.0 29.903522491455078 47.14531326293945
  endloop
endfacet
facet normal 0.0 0.0 0.0
  outer loop
    vertex -43.0 35.706634521484375 53.27144241333008
    vertex -43.0 29.903522491455078 47.14531326293945
    vertex -43.0 23.911056518554688 47.25669860839844
  endloop
endfacet
facet normal 0.0 0.0 0.0
  outer loop
    vertex -43.0 23.911056518554688 47.25669860839844
    vertex -43.0 29.903522491455078 47.14531326293945
    vertex -43.0 23.899919509887695 38.40166091918945
  endloop
endfacet
facet normal 0.0 0.0 0.0
  outer loop
    vertex -43.0 23.899919509887695 38.40166091918945
    vertex -43.0 29.903522491455078 47.14531326293945
    vertex -43.0 29.84783172607422 38.34596633911133
  endloop
endfacet
facet normal 0.0 0.0 0.0
  outer loop
    vertex -43.0 23.899919509887695 38.40166091918945
    vertex -43.0 29.84783172607422 38.34596633911133
    vertex -43.0 29.80327796936035 29.54662322998047
  endloop
endfacet
facet normal 0.0 0.0 0.0
  outer loop
    vertex -43.0 29.80327796936035 29.54662322998047
    vertex -43.0 23.877641677856445 29.54662322998047
    vertex -43.0 23.899919509887695 38.40166091918945
  endloop
endfacet
facet normal 0.0 0.0 0.0
  outer loop
    vertex -43.0 17.87403678894043 47.25669860839844
    vertex -43.0 17.929729461669922 50.208377838134766
    vertex -43.0 23.911056518554688 47.25669860839844
  endloop
endfacet
facet normal 0.0 0.0 0.0
  outer loop
    vertex -43.0 23.911056518554688 47.25669860839844
    vertex -43.0 17.929729461669922 50.208377838134766
    vertex -43.0 17.996559143066406 53.160057067871094
  endloop
endfacet
facet normal 0.0 0.0 0.0
  outer loop
    vertex -43.0 23.911056518554688 47.25669860839844
    vertex -43.0 17.996559143066406 53.160057067871094
    vertex -43.0 35.706634521484375 53.27144241333008
  endloop
endfacet
facet normal 0.0 0.0 0.0
  outer loop
    vertex -43.5 11.948402404785156 53.12664031982422
    vertex -43.5 11.948859214782715 53.126060485839844
    vertex -43.0 11.948402404785156 53.12664031982422
  endloop
endfacet
facet normal 0.0 0.0 0.0
  outer loop
    vertex -43.0 11.948402404785156 53.12664031982422
    vertex -43.5 11.948859214782715 53.126060485839844
    vertex -43.0 11.948859214782715 53.126060485839844
  endloop
endfacet
facet normal 0.0 0.0 0.0
  outer loop
    vertex -43.0 11.948859214782715 53.126060485839844
    vertex -43.5 11.948859214782715 53.126060485839844
    vertex -43.5 11.949315071105957 53.1253547668457
  endloop
endfacet
facet normal 0.0 0.0 0.0
  outer loop
    vertex -43.0 11.948859214782715 53.126060485839844
    vertex -43.5 11.949315071105957 53.1253547668457
    vertex -43.0 11.949315071105957 53.1253547668457
  endloop
endfacet
facet normal 0.0 0.0 0.0
  outer loop
    vertex -43.0 11.949315071105957 53.1253547668457
    vertex -43.5 11.949315071105957 53.1253547668457
    vertex -43.5 11.950227737426758 53.12358856201172
  endloop
endfacet
facet normal 0.0 0.0 0.0
  outer loop
    vertex -43.0 11.949315071105957 53.1253547668457
    vertex -43.5 11.950227737426758 53.12358856201172
    vertex -43.0 11.950227737426758 53.12358856201172
  endloop
endfacet
facet normal 0.0 0.0 0.0
  outer loop
    vertex -43.0 11.950227737426758 53.12358856201172
    vertex -43.5 11.950227737426758 53.12358856201172
    vertex -43.5 11.952048301696777 53.118621826171875
  endloop
endfacet
facet normal 0.0 0.0 0.0
  outer loop
    vertex -43.0 11.950227737426758 53.12358856201172
    vertex -43.5 11.952048301696777 53.118621826171875
    vertex -43.0 11.952048301696777 53.118621826171875
  endloop
endfacet
facet normal 0.0 0.0 0.0
  outer loop
    vertex -43.0 11.952048301696777 53.118621826171875
    vertex -43.5 11.952048301696777 53.118621826171875
    vertex -43.5 11.955677032470703 53.10297775268555
  endloop
endfacet
facet normal 0.0 0.0 0.0
  outer loop
    vertex -43.0 11.952048301696777 53.118621826171875
    vertex -43.5 11.955677032470703 53.10297775268555
    vertex -43.0 11.955677032470703 53.10297775268555
  endloop
endfacet
facet normal 0.0 0.0 0.0
  outer loop
    vertex -43.0 11.955677032470703 53.10297775268555
    vertex -43.5 11.955677032470703 53.10297775268555
    vertex -43.5 11.96287727355957 53.04920959472656
  endloop
endfacet
facet normal 0.0 0.0 0.0
  outer loop
    vertex -43.0 11.955677032470703 53.10297775268555
    vertex -43.5 11.96287727355957 53.04920959472656
    vertex -43.0 11.96287727355957 53.04920959472656
  endloop
endfacet
facet normal 0.0 0.0 0.0
  outer loop
    vertex -43.0 11.96287727355957 53.04920959472656
    vertex -43.5 11.96287727355957 53.04920959472656
    vertex -43.5 11.969991683959961 52.966087341308594
  endloop
endfacet
facet normal 0.0 0.0 0.0
  outer loop
    vertex -43.0 11.96287727355957 53.04920959472656
    vertex -43.5 11.969991683959961 52.966087341308594
    vertex -43.0 11.969991683959961 52.966087341308594
  endloop
endfacet
facet normal 0.0 0.0 0.0
  outer loop
    vertex -43.0 11.969991683959961 52.966087341308594
    vertex -43.5 11.969991683959961 52.966087341308594
    vertex -43.5 11.977009773254395 52.8543815612793
  endloop
endfacet
facet normal 0.0 0.0 0.0
  outer loop
    vertex -43.0 11.969991683959961 52.966087341308594
    vertex -43.5 11.977009773254395 52.8543815612793
    vertex -43.0 11.977009773254395 52.8543815612793
  endloop
endfacet
facet normal 0.0 0.0 0.0
  outer loop
    vertex -43.0 11.977009773254395 52.8543815612793
    vertex -43.5 11.977009773254395 52.8543815612793
    vertex -43.5 11.983922004699707 52.714847564697266
  endloop
endfacet
facet normal 0.0 0.0 0.0
  outer loop
    vertex -43.0 11.977009773254395 52.8543815612793
    vertex -43.5 11.983922004699707 52.714847564697266
    vertex -43.0 11.983922004699707 52.714847564697266
  endloop
endfacet
facet normal 0.0 0.0 0.0
  outer loop
    vertex -43.0 11.983922004699707 52.714847564697266
    vertex -43.5 11.983922004699707 52.714847564697266
    vertex -43.5 11.990717887878418 52.54824447631836
  endloop
endfacet
facet normal 0.0 0.0 0.0
  outer loop
    vertex -43.0 11.983922004699707 52.714847564697266
    vertex -43.5 11.990717887878418 52.54824447631836
    vertex -43.0 11.990717887878418 52.54824447631836
  endloop
endfacet
facet normal 0.0 0.0 0.0
  outer loop
    vertex -43.0 11.990717887878418 52.54824447631836
    vertex -43.5 11.990717887878418 52.54824447631836
    vertex -43.5 11.997386932373047 52.35533905029297
  endloop
endfacet
facet normal 0.0 0.0 0.0
  outer loop
    vertex -43.0 11.990717887878418 52.54824447631836
    vertex -43.5 11.997386932373047 52.35533905029297
    vertex -43.0 11.997386932373047 52.35533905029297
  endloop
endfacet
facet normal 0.0 0.0 0.0
  outer loop
    vertex -43.0 11.997386932373047 52.35533905029297
    vertex -43.5 11.997386932373047 52.35533905029297
    vertex -43.5 12.003920555114746 52.13689041137695
  endloop
endfacet
facet normal 0.0 0.0 0.0
  outer loop
    vertex -43.0 11.997386932373047 52.35533905029297
    vertex -43.5 12.003920555114746 52.13689041137695
    vertex -43.0 12.003920555114746 52.13689041137695
  endloop
endfacet
facet normal 0.0 0.0 0.0
  outer loop
    vertex -43.0 12.003920555114746 52.13689041137695
    vertex -43.5 12.003920555114746 52.13689041137695
    vertex -43.5 12.010306358337402 51.893653869628906
  endloop
endfacet
facet normal 0.0 0.0 0.0
  outer loop
    vertex -43.0 12.003920555114746 52.13689041137695
    vertex -43.5 12.010306358337402 51.893653869628906
    vertex -43.0 12.010306358337402 51.893653869628906
  endloop
endfacet
facet normal 0.0 0.0 0.0
  outer loop
    vertex -43.0 12.010306358337402 51.893653869628906
    vertex -43.5 12.010306358337402 51.893653869628906
    vertex -43.5 12.016534805297852 51.62639617919922
  endloop
endfacet
facet normal 0.0 0.0 0.0
  outer loop
    vertex -43.0 12.010306358337402 51.893653869628906
    vertex -43.5 12.016534805297852 51.62639617919922
    vertex -43.0 12.016534805297852 51.62639617919922
  endloop
endfacet
facet normal 0.0 0.0 0.0
  outer loop
    vertex -43.0 12.016534805297852 51.62639617919922
    vertex -43.5 12.016534805297852 51.62639617919922
    vertex -43.5 12.022597312927246 51.33587646484375
  endloop
endfacet
facet normal 0.0 0.0 0.0
  outer loop
    vertex -43.0 12.016534805297852 51.62639617919922
    vertex -43.5 12.022597312927246 51.33587646484375
    vertex -43.0 12.022597312927246 51.33587646484375
  endloop
endfacet
facet normal 0.0 0.0 0.0
  outer loop
    vertex -43.0 12.022597312927246 51.33587646484375
    vertex -43.5 12.022597312927246 51.33587646484375
    vertex -43.5 12.028481483459473 51.02285385131836
  endloop
endfacet
facet normal 0.0 0.0 0.0
  outer loop
    vertex -43.0 12.022597312927246 51.33587646484375
    vertex -43.5 12.028481483459473 51.02285385131836
    vertex -43.0 12.028481483459473 51.02285385131836
  endloop
endfacet
facet normal 0.0 0.0 0.0
  outer loop
    vertex -43.0 12.028481483459473 51.02285385131836
    vertex -43.5 12.028481483459473 51.02285385131836
    vertex -43.5 12.034177780151367 50.688087463378906
  endloop
endfacet
facet normal 0.0 0.0 0.0
  outer loop
    vertex -43.0 12.028481483459473 51.02285385131836
    vertex -43.5 12.034177780151367 50.688087463378906
    vertex -43.0 12.034177780151367 50.688087463378906
  endloop
endfacet
facet normal 0.0 0.0 0.0
  outer loop
    vertex -43.0 12.034177780151367 50.688087463378906
    vertex -43.5 12.034177780151367 50.688087463378906
    vertex -43.5 12.039676666259766 50.33234405517578
  endloop
endfacet
facet normal 0.0 0.0 0.0
  outer loop
    vertex -43.0 12.034177780151367 50.688087463378906
    vertex -43.5 12.039676666259766 50.33234405517578
    vertex -43.0 12.039676666259766 50.33234405517578
  endloop
endfacet
facet normal 0.0 0.0 0.0
  outer loop
    vertex -43.0 12.039676666259766 50.33234405517578
    vertex -43.5 12.039676666259766 50.33234405517578
    vertex -43.5 12.044967651367188 49.95637893676758
  endloop
endfacet
facet normal 0.0 0.0 0.0
  outer loop
    vertex -43.0 12.039676666259766 50.33234405517578
    vertex -43.5 12.044967651367188 49.95637893676758
    vertex -43.0 12.044967651367188 49.95637893676758
  endloop
endfacet
facet normal 0.0 0.0 0.0
  outer loop
    vertex -43.0 12.044967651367188 49.95637893676758
    vertex -43.5 12.044967651367188 49.95637893676758
    vertex -43.5 12.050040245056152 49.56095886230469
  endloop
endfacet
facet normal 0.0 0.0 0.0
  outer loop
    vertex -43.0 12.044967651367188 49.95637893676758
    vertex -43.5 12.050040245056152 49.56095886230469
    vertex -43.0 12.050040245056152 49.56095886230469
  endloop
endfacet
facet normal 0.0 0.0 0.0
  outer loop
    vertex -43.0 12.050040245056152 49.56095886230469
    vertex -43.5 12.050040245056152 49.56095886230469
    vertex -43.5 12.05488395690918 49.14683532714844
  endloop
endfacet
facet normal 0.0 0.0 0.0
  outer loop
    vertex -43.0 12.050040245056152 49.56095886230469
    vertex -43.5 12.05488395690918 49.14683532714844
    vertex -43.0 12.05488395690918 49.14683532714844
  endloop
endfacet
facet normal 0.0 0.0 0.0
  outer loop
    vertex -43.0 12.05488395690918 49.14683532714844
    vertex -43.5 12.05488395690918 49.14683532714844
    vertex -43.5 12.059490203857422 48.714778900146484
  endloop
endfacet
facet normal 0.0 0.0 0.0
  outer loop
    vertex -43.0 12.05488395690918 49.14683532714844
    vertex -43.5 12.059490203857422 48.714778900146484
    vertex -43.0 12.059490203857422 48.714778900146484
  endloop
endfacet
facet normal 0.0 0.0 0.0
  outer loop
    vertex -43.0 12.059490203857422 48.714778900146484
    vertex -43.5 12.059490203857422 48.714778900146484
    vertex -43.5 12.063846588134766 48.265541076660156
  endloop
endfacet
facet normal 0.0 0.0 0.0
  outer loop
    vertex -43.0 12.059490203857422 48.714778900146484
    vertex -43.5 12.063846588134766 48.265541076660156
    vertex -43.0 12.063846588134766 48.265541076660156
  endloop
endfacet
facet normal 0.0 0.0 0.0
  outer loop
    vertex -43.0 12.063846588134766 48.265541076660156
    vertex -43.5 12.063846588134766 48.265541076660156
    vertex -43.5 12.067944526672363 47.79989242553711
  endloop
endfacet
facet normal 0.0 0.0 0.0
  outer loop
    vertex -43.0 12.063846588134766 48.265541076660156
    vertex -43.5 12.067944526672363 47.79989242553711
    vertex -43.0 12.067944526672363 47.79989242553711
  endloop
endfacet
facet normal 0.0 0.0 0.0
  outer loop
    vertex -43.0 12.067944526672363 47.79989242553711
    vertex -43.5 12.067944526672363 47.79989242553711
    vertex -43.5 12.075322151184082 46.822383880615234
  endloop
endfacet
facet normal 0.0 0.0 0.0
  outer loop
    vertex -43.0 12.067944526672363 47.79989242553711
    vertex -43.5 12.075322151184082 46.822383880615234
    vertex -43.0 12.075322151184082 46.822383880615234
  endloop
endfacet
facet normal 0.0 0.0 0.0
  outer loop
    vertex -43.0 12.075322151184082 46.822383880615234
    vertex -43.5 12.075322151184082 46.822383880615234
    vertex -43.5 12.081541061401367 45.7883415222168
  endloop
endfacet
facet normal 0.0 0.0 0.0
  outer loop
    vertex -43.0 12.075322151184082 46.822383880615234
    vertex -43.5 12.081541061401367 45.7883415222168
    vertex -43.0 12.081541061401367 45.7883415222168
  endloop
endfacet
facet normal 0.0 0.0 0.0
  outer loop
    vertex -43.0 12.081541061401367 45.7883415222168
    vertex -43.5 12.081541061401367 45.7883415222168
    vertex -43.5 12.086520195007324 44.70384979248047
  endloop
endfacet
facet normal 0.0 0.0 0.0
  outer loop
    vertex -43.0 12.081541061401367 45.7883415222168
    vertex -43.5 12.086520195007324 44.70384979248047
    vertex -43.0 12.086520195007324 44.70384979248047
  endloop
endfacet
facet normal 0.0 0.0 0.0
  outer loop
    vertex -43.0 12.086520195007324 44.70384979248047
    vertex -43.5 12.086520195007324 44.70384979248047
    vertex -43.5 12.090177536010742 43.57499694824219
  endloop
endfacet
facet normal 0.0 0.0 0.0
  outer loop
    vertex -43.0 12.086520195007324 44.70384979248047
    vertex -43.5 12.090177536010742 43.57499694824219
    vertex -43.0 12.090177536010742 43.57499694824219
  endloop
endfacet
facet normal 0.0 0.0 0.0
  outer loop
    vertex -43.0 12.090177536010742 43.57499694824219
    vertex -43.5 12.090177536010742 43.57499694824219
    vertex -43.5 12.092432022094727 42.40786361694336
  endloop
endfacet
facet normal 0.0 0.0 0.0
  outer loop
    vertex -43.0 12.090177536010742 43.57499694824219
    vertex -43.5 12.092432022094727 42.40786361694336
    vertex -43.0 12.092432022094727 42.40786361694336
  endloop
endfacet
facet normal 0.0 0.0 0.0
  outer loop
    vertex -43.0 12.092432022094727 42.40786361694336
    vertex -43.5 12.092432022094727 42.40786361694336
    vertex -43.5 12.093201637268066 41.20854187011719
  endloop
endfacet
facet normal 0.0 0.0 0.0
  outer loop
    vertex -43.0 12.092432022094727 42.40786361694336
    vertex -43.5 12.093201637268066 41.20854187011719
    vertex -43.0 12.093201637268066 41.20854187011719
  endloop
endfacet
facet normal 0.0 0.0 0.0
  outer loop
    vertex -43.5 12.093201637268066 41.20854187011719
    vertex -43.5 12.093201637268066 29.435237884521484
    vertex -43.0 12.093201637268066 41.20854187011719
  endloop
endfacet
facet normal 0.0 0.0 0.0
  outer loop
    vertex -43.0 12.093201637268066 41.20854187011719
    vertex -43.5 12.093201637268066 29.435237884521484
    vertex -43.0 12.093201637268066 29.435237884521484
  endloop
endfacet
facet normal 0.0 0.0 0.0
  outer loop
    vertex -43.5 12.093201637268066 29.435237884521484
    vertex -43.5 6.078458786010742 29.435237884521484
    vertex -43.0 12.093201637268066 29.435237884521484
  endloop
endfacet
facet normal 0.0 0.0 0.0
  outer loop
    vertex -43.0 12.093201637268066 29.435237884521484
    vertex -43.5 6.078458786010742 29.435237884521484
    vertex -43.0 6.078458786010742 29.435237884521484
  endloop
endfacet
facet normal 0.0 0.0 0.0
  outer loop
    vertex -43.5 6.078458786010742 29.435237884521484
    vertex -43.5 6.078458786010742 41.2419548034668
    vertex -43.0 6.078458786010742 29.435237884521484
  endloop
endfacet
facet normal 0.0 0.0 0.0
  outer loop
    vertex -43.0 6.078458786010742 29.435237884521484
    vertex -43.5 6.078458786010742 41.2419548034668
    vertex -43.0 6.078458786010742 41.2419548034668
  endloop
endfacet
facet normal 0.0 0.0 0.0
  outer loop
    vertex -43.5 6.078458786010742 41.2419548034668
    vertex -43.5 0.28648436069488525 41.2419548034668
    vertex -43.0 6.078458786010742 41.2419548034668
  endloop
endfacet
facet normal 0.0 0.0 0.0
  outer loop
    vertex -43.0 6.078458786010742 41.2419548034668
    vertex -43.5 0.28648436069488525 41.2419548034668
    vertex -43.0 0.28648436069488525 41.2419548034668
  endloop
endfacet
facet normal 0.0 0.0 0.0
  outer loop
    vertex -43.5 0.28648436069488525 41.2419548034668
    vertex -43.5 0.28648436069488525 35.449981689453125
    vertex -43.0 0.28648436069488525 41.2419548034668
  endloop
endfacet
facet normal 0.0 0.0 0.0
  outer loop
    vertex -43.0 0.28648436069488525 41.2419548034668
    vertex -43.5 0.28648436069488525 35.449981689453125
    vertex -43.0 0.28648436069488525 35.449981689453125
  endloop
endfacet
facet normal 0.0 0.0 0.0
  outer loop
    vertex -43.5 0.28648436069488525 35.449981689453125
    vertex -43.5 -5.72825813293457 35.449981689453125
    vertex -43.0 0.28648436069488525 35.449981689453125
  endloop
endfacet
facet normal 0.0 0.0 0.0
  outer loop
    vertex -43.0 0.28648436069488525 35.449981689453125
    vertex -43.5 -5.72825813293457 35.449981689453125
    vertex -43.0 -5.72825813293457 35.449981689453125
  endloop
endfacet
facet normal 0.0 0.0 0.0
  outer loop
    vertex -43.5 -5.72825813293457 35.449981689453125
    vertex -43.5 -5.72825813293457 29.42409896850586
    vertex -43.0 -5.72825813293457 35.449981689453125
  endloop
endfacet
facet normal 0.0 0.0 0.0
  outer loop
    vertex -43.0 -5.72825813293457 35.449981689453125
    vertex -43.5 -5.72825813293457 29.42409896850586
    vertex -43.0 -5.72825813293457 29.42409896850586
  endloop
endfacet
facet normal 0.0 0.0 0.0
  outer loop
    vertex -43.5 -5.72825813293457 29.42409896850586
    vertex -43.5 -8.679937362670898 29.47979164123535
    vertex -43.0 -5.72825813293457 29.42409896850586
  endloop
endfacet
facet normal 0.0 0.0 0.0
  outer loop
    vertex -43.0 -5.72825813293457 29.42409896850586
    vertex -43.5 -8.679937362670898 29.47979164123535
    vertex -43.0 -8.679937362670898 29.47979164123535
  endloop
endfacet
facet normal 0.0 0.0 0.0
  outer loop
    vertex -43.5 -8.679937362670898 29.47979164123535
    vertex -43.5 -11.631616592407227 29.54662322998047
    vertex -43.0 -8.679937362670898 29.47979164123535
  endloop
endfacet
facet normal 0.0 0.0 0.0
  outer loop
    vertex -43.0 -8.679937362670898 29.47979164123535
    vertex -43.5 -11.631616592407227 29.54662322998047
    vertex -43.0 -11.631616592407227 29.54662322998047
  endloop
endfacet
facet normal 0.0 0.0 0.0
  outer loop
    vertex -43.5 -11.631616592407227 29.54662322998047
    vertex -43.5 -11.631616592407227 53.160057067871094
    vertex -43.0 -11.631616592407227 29.54662322998047
  endloop
endfacet
facet normal 0.0 0.0 0.0
  outer loop
    vertex -43.0 -11.631616592407227 29.54662322998047
    vertex -43.5 -11.631616592407227 53.160057067871094
    vertex -43.0 -11.631616592407227 53.160057067871094
  endloop
endfacet
facet normal 0.0 0.0 0.0
  outer loop
    vertex -43.5 -11.631616592407227 53.160057067871094
    vertex -43.5 -8.679937362670898 53.22688674926758
    vertex -43.0 -11.631616592407227 53.160057067871094
  endloop
endfacet
facet normal 0.0 0.0 0.0
  outer loop
    vertex -43.0 -11.631616592407227 53.160057067871094
    vertex -43.5 -8.679937362670898 53.22688674926758
    vertex -43.0 -8.679937362670898 53.22688674926758
  endloop
endfacet
facet normal 0.0 0.0 0.0
  outer loop
    vertex -43.5 -8.679937362670898 53.22688674926758
    vertex -43.5 -5.72825813293457 53.28257751464844
    vertex -43.0 -8.679937362670898 53.22688674926758
  endloop
endfacet
facet normal 0.0 0.0 0.0
  outer loop
    vertex -43.0 -8.679937362670898 53.22688674926758
    vertex -43.5 -5.72825813293457 53.28257751464844
    vertex -43.0 -5.72825813293457 53.28257751464844
  endloop
endfacet
facet normal 0.0 0.0 0.0
  outer loop
    vertex -43.5 -5.72825813293457 53.28257751464844
    vertex -43.5 -5.72825813293457 41.464725494384766
    vertex -43.0 -5.72825813293457 53.28257751464844
  endloop
endfacet
facet normal 0.0 0.0 0.0
  outer loop
    vertex -43.0 -5.72825813293457 53.28257751464844
    vertex -43.5 -5.72825813293457 41.464725494384766
    vertex -43.0 -5.72825813293457 41.464725494384766
  endloop
endfacet
facet normal 0.0 0.0 0.0
  outer loop
    vertex -43.5 -5.72825813293457 41.464725494384766
    vertex -43.5 0.0637161061167717 41.464725494384766
    vertex -43.0 -5.72825813293457 41.464725494384766
  endloop
endfacet
facet normal 0.0 0.0 0.0
  outer loop
    vertex -43.0 -5.72825813293457 41.464725494384766
    vertex -43.5 0.0637161061167717 41.464725494384766
    vertex -43.0 0.0637161061167717 41.464725494384766
  endloop
endfacet
facet normal 0.0 0.0 0.0
  outer loop
    vertex -43.5 0.0637161061167717 41.464725494384766
    vertex -43.5 0.0637161061167717 47.25669860839844
    vertex -43.0 0.0637161061167717 41.464725494384766
  endloop
endfacet
facet normal 0.0 0.0 0.0
  outer loop
    vertex -43.0 0.0637161061167717 41.464725494384766
    vertex -43.5 0.0637161061167717 47.25669860839844
    vertex -43.0 0.0637161061167717 47.25669860839844
  endloop
endfacet
facet normal 0.0 0.0 0.0
  outer loop
    vertex -43.5 0.0637161061167717 47.25669860839844
    vertex -43.5 6.078458786010742 47.25669860839844
    vertex -43.0 0.0637161061167717 47.25669860839844
  endloop
endfacet
facet normal 0.0 0.0 0.0
  outer loop
    vertex -43.0 0.0637161061167717 47.25669860839844
    vertex -43.5 6.078458786010742 47.25669860839844
    vertex -43.0 6.078458786010742 47.25669860839844
  endloop
endfacet
facet normal 0.0 0.0 0.0
  outer loop
    vertex -43.5 6.078458786010742 47.25669860839844
    vertex -43.5 6.078458786010742 53.27144241333008
    vertex -43.0 6.078458786010742 47.25669860839844
  endloop
endfacet
facet normal 0.0 0.0 0.0
  outer loop
    vertex -43.0 6.078458786010742 47.25669860839844
    vertex -43.5 6.078458786010742 53.27144241333008
    vertex -43.0 6.078458786010742 53.27144241333008
  endloop
endfacet
facet normal 0.0 0.0 0.0
  outer loop
    vertex -43.5 6.078458786010742 53.27144241333008
    vertex -43.5 8.941030502319336 53.27144241333008
    vertex -43.0 6.078458786010742 53.27144241333008
  endloop
endfacet
facet normal 0.0 0.0 0.0
  outer loop
    vertex -43.0 6.078458786010742 53.27144241333008
    vertex -43.5 8.941030502319336 53.27144241333008
    vertex -43.0 8.941030502319336 53.27144241333008
  endloop
endfacet
facet normal 0.0 0.0 0.0
  outer loop
    vertex -43.5 8.941030502319336 53.27144241333008
    vertex -43.5 9.517508506774902 53.26841735839844
    vertex -43.0 8.941030502319336 53.27144241333008
  endloop
endfacet
facet normal 0.0 0.0 0.0
  outer loop
    vertex -43.0 8.941030502319336 53.27144241333008
    vertex -43.5 9.517508506774902 53.26841735839844
    vertex -43.0 9.517508506774902 53.26841735839844
  endloop
endfacet
facet normal 0.0 0.0 0.0
  outer loop
    vertex -43.0 9.517508506774902 53.26841735839844
    vertex -43.5 9.517508506774902 53.26841735839844
    vertex -43.5 10.06096363067627 53.25978088378906
  endloop
endfacet
facet normal 0.0 0.0 0.0
  outer loop
    vertex -43.0 9.517508506774902 53.26841735839844
    vertex -43.5 10.06096363067627 53.25978088378906
    vertex -43.0 10.06096363067627 53.25978088378906
  endloop
endfacet
facet normal 0.0 0.0 0.0
  outer loop
    vertex -43.0 10.06096363067627 53.25978088378906
    vertex -43.5 10.06096363067627 53.25978088378906
    vertex -43.5 10.55925464630127 53.246185302734375
  endloop
endfacet
facet normal 0.0 0.0 0.0
  outer loop
    vertex -43.0 10.06096363067627 53.25978088378906
    vertex -43.5 10.55925464630127 53.246185302734375
    vertex -43.0 10.55925464630127 53.246185302734375
  endloop
endfacet
facet normal 0.0 0.0 0.0
  outer loop
    vertex -43.0 10.55925464630127 53.246185302734375
    vertex -43.5 10.55925464630127 53.246185302734375
    vertex -43.5 10.787671089172363 53.237728118896484
  endloop
endfacet
facet normal 0.0 0.0 0.0
  outer loop
    vertex -43.0 10.55925464630127 53.246185302734375
    vertex -43.5 10.787671089172363 53.237728118896484
    vertex -43.0 10.787671089172363 53.237728118896484
  endloop
endfacet
facet normal 0.0 0.0 0.0
  outer loop
    vertex -43.0 10.787671089172363 53.237728118896484
    vertex -43.5 10.787671089172363 53.237728118896484
    vertex -43.5 11.000245094299316 53.22827911376953
  endloop
endfacet
facet normal 0.0 0.0 0.0
  outer loop
    vertex -43.0 10.787671089172363 53.237728118896484
    vertex -43.5 11.000245094299316 53.22827911376953
    vertex -43.0 11.000245094299316 53.22827911376953
  endloop
endfacet
facet normal 0.0 0.0 0.0
  outer loop
    vertex -43.0 11.000245094299316 53.22827911376953
    vertex -43.5 11.000245094299316 53.22827911376953
    vertex -43.5 11.19545841217041 53.21791458129883
  endloop
endfacet
facet normal 0.0 0.0 0.0
  outer loop
    vertex -43.0 11.000245094299316 53.22827911376953
    vertex -43.5 11.19545841217041 53.21791458129883
    vertex -43.0 11.19545841217041 53.21791458129883
  endloop
endfacet
facet normal 0.0 0.0 0.0
  outer loop
    vertex -43.0 11.19545841217041 53.21791458129883
    vertex -43.5 11.19545841217041 53.21791458129883
    vertex -43.5 11.371793746948242 53.206722259521484
  endloop
endfacet
facet normal 0.0 0.0 0.0
  outer loop
    vertex -43.0 11.19545841217041 53.21791458129883
    vertex -43.5 11.371793746948242 53.206722259521484
    vertex -43.0 11.371793746948242 53.206722259521484
  endloop
endfacet
facet normal 0.0 0.0 0.0
  outer loop
    vertex -43.0 11.371793746948242 53.206722259521484
    vertex -43.5 11.371793746948242 53.206722259521484
    vertex -43.5 11.52773380279541 53.19477462768555
  endloop
endfacet
facet normal 0.0 0.0 0.0
  outer loop
    vertex -43.0 11.371793746948242 53.206722259521484
    vertex -43.5 11.52773380279541 53.19477462768555
    vertex -43.0 11.52773380279541 53.19477462768555
  endloop
endfacet
facet normal 0.0 0.0 0.0
  outer loop
    vertex -43.0 11.52773380279541 53.19477462768555
    vertex -43.5 11.52773380279541 53.19477462768555
    vertex -43.5 11.661762237548828 53.182159423828125
  endloop
endfacet
facet normal 0.0 0.0 0.0
  outer loop
    vertex -43.0 11.52773380279541 53.19477462768555
    vertex -43.5 11.661762237548828 53.182159423828125
    vertex -43.0 11.661762237548828 53.182159423828125
  endloop
endfacet
facet normal 0.0 0.0 0.0
  outer loop
    vertex -43.0 11.661762237548828 53.182159423828125
    vertex -43.5 11.661762237548828 53.182159423828125
    vertex -43.5 11.772359848022461 53.1689567565918
  endloop
endfacet
facet normal 0.0 0.0 0.0
  outer loop
    vertex -43.0 11.661762237548828 53.182159423828125
    vertex -43.5 11.772359848022461 53.1689567565918
    vertex -43.0 11.772359848022461 53.1689567565918
  endloop
endfacet
facet normal 0.0 0.0 0.0
  outer loop
    vertex -43.0 11.772359848022461 53.1689567565918
    vertex -43.5 11.772359848022461 53.1689567565918
    vertex -43.5 11.858011245727539 53.155250549316406
  endloop
endfacet
facet normal 0.0 0.0 0.0
  outer loop
    vertex -43.0 11.772359848022461 53.1689567565918
    vertex -43.5 11.858011245727539 53.155250549316406
    vertex -43.0 11.858011245727539 53.155250549316406
  endloop
endfacet
facet normal 0.0 0.0 0.0
  outer loop
    vertex -43.0 11.858011245727539 53.155250549316406
    vertex -43.5 11.858011245727539 53.155250549316406
    vertex -43.5 11.917198181152344 53.141117095947266
  endloop
endfacet
facet normal 0.0 0.0 0.0
  outer loop
    vertex -43.0 11.858011245727539 53.155250549316406
    vertex -43.5 11.917198181152344 53.141117095947266
    vertex -43.0 11.917198181152344 53.141117095947266
  endloop
endfacet
facet normal 0.0 0.0 0.0
  outer loop
    vertex -43.0 11.917198181152344 53.141117095947266
    vertex -43.5 11.917198181152344 53.141117095947266
    vertex -43.5 11.936392784118652 53.133914947509766
  endloop
endfacet
facet normal 0.0 0.0 0.0
  outer loop
    vertex -43.0 11.917198181152344 53.141117095947266
    vertex -43.5 11.936392784118652 53.133914947509766
    vertex -43.0 11.936392784118652 53.133914947509766
  endloop
endfacet
facet normal 0.0 0.0 0.0
  outer loop
    vertex -43.0 11.936392784118652 53.133914947509766
    vertex -43.5 11.936392784118652 53.133914947509766
    vertex -43.5 11.943306922912598 53.130287170410156
  endloop
endfacet
facet normal 0.0 0.0 0.0
  outer loop
    vertex -43.0 11.936392784118652 53.133914947509766
    vertex -43.5 11.943306922912598 53.130287170410156
    vertex -43.0 11.943306922912598 53.130287170410156
  endloop
endfacet
facet normal 0.0 0.0 0.0
  outer loop
    vertex -43.0 11.943306922912598 53.130287170410156
    vertex -43.5 11.943306922912598 53.130287170410156
    vertex -43.5 11.948402404785156 53.12664031982422
  endloop
endfacet
facet normal 0.0 0.0 0.0
  outer loop
    vertex -43.0 11.943306922912598 53.130287170410156
    vertex -43.5 11.948402404785156 53.12664031982422
    vertex -43.0 11.948402404785156 53.12664031982422
  endloop
endfacet
facet normal 0.0 0.0 0.0
  outer loop
    vertex -43.0 9.517508506774902 53.26841735839844
    vertex -43.0 12.039676666259766 50.33234405517578
    vertex -43.0 8.941030502319336 53.27144241333008
  endloop
endfacet
facet normal 0.0 0.0 0.0
  outer loop
    vertex -43.0 8.941030502319336 53.27144241333008
    vertex -43.0 12.039676666259766 50.33234405517578
    vertex -43.0 12.044967651367188 49.95637893676758
  endloop
endfacet
facet normal 0.0 0.0 0.0
  outer loop
    vertex -43.0 8.941030502319336 53.27144241333008
    vertex -43.0 12.044967651367188 49.95637893676758
    vertex -43.0 6.078458786010742 47.25669860839844
  endloop
endfacet
facet normal 0.0 0.0 0.0
  outer loop
    vertex -43.0 6.078458786010742 47.25669860839844
    vertex -43.0 12.044967651367188 49.95637893676758
    vertex -43.0 12.050040245056152 49.56095886230469
  endloop
endfacet
facet normal 0.0 0.0 0.0
  outer loop
    vertex -43.0 6.078458786010742 47.25669860839844
    vertex -43.0 12.050040245056152 49.56095886230469
    vertex -43.0 12.05488395690918 49.14683532714844
  endloop
endfacet
facet normal 0.0 0.0 0.0
  outer loop
    vertex -43.0 10.06096363067627 53.25978088378906
    vertex -43.0 12.028481483459473 51.02285385131836
    vertex -43.0 9.517508506774902 53.26841735839844
  endloop
endfacet
facet normal 0.0 0.0 0.0
  outer loop
    vertex -43.0 9.517508506774902 53.26841735839844
    vertex -43.0 12.028481483459473 51.02285385131836
    vertex -43.0 12.034177780151367 50.688087463378906
  endloop
endfacet
facet normal 0.0 0.0 0.0
  outer loop
    vertex -43.0 9.517508506774902 53.26841735839844
    vertex -43.0 12.034177780151367 50.688087463378906
    vertex -43.0 12.039676666259766 50.33234405517578
  endloop
endfacet
facet normal 0.0 0.0 0.0
  outer loop
    vertex -43.0 10.55925464630127 53.246185302734375
    vertex -43.0 12.016534805297852 51.62639617919922
    vertex -43.0 10.06096363067627 53.25978088378906
  endloop
endfacet
facet normal 0.0 0.0 0.0
  outer loop
    vertex -43.0 10.06096363067627 53.25978088378906
    vertex -43.0 12.016534805297852 51.62639617919922
    vertex -43.0 12.022597312927246 51.33587646484375
  endloop
endfacet
facet normal 0.0 0.0 0.0
  outer loop
    vertex -43.0 10.06096363067627 53.25978088378906
    vertex -43.0 12.022597312927246 51.33587646484375
    vertex -43.0 12.028481483459473 51.02285385131836
  endloop
endfacet
facet normal 0.0 0.0 0.0
  outer loop
    vertex -43.0 12.016534805297852 51.62639617919922
    vertex -43.0 10.55925464630127 53.246185302734375
    vertex -43.0 12.010306358337402 51.893653869628906
  endloop
endfacet
facet normal 0.0 0.0 0.0
  outer loop
    vertex -43.0 12.010306358337402 51.893653869628906
    vertex -43.0 10.55925464630127 53.246185302734375
    vertex -43.0 10.787671089172363 53.237728118896484
  endloop
endfacet
facet normal 0.0 0.0 0.0
  outer loop
    vertex -43.0 12.010306358337402 51.893653869628906
    vertex -43.0 10.787671089172363 53.237728118896484
    vertex -43.0 12.003920555114746 52.13689041137695
  endloop
endfacet
facet normal 0.0 0.0 0.0
  outer loop
    vertex -43.0 12.003920555114746 52.13689041137695
    vertex -43.0 10.787671089172363 53.237728118896484
    vertex -43.0 11.000245094299316 53.22827911376953
  endloop
endfacet
facet normal 0.0 0.0 0.0
  outer loop
    vertex -43.0 12.003920555114746 52.13689041137695
    vertex -43.0 11.000245094299316 53.22827911376953
    vertex -43.0 11.997386932373047 52.35533905029297
  endloop
endfacet
facet normal 0.0 0.0 0.0
  outer loop
    vertex -43.0 11.997386932373047 52.35533905029297
    vertex -43.0 11.000245094299316 53.22827911376953
    vertex -43.0 11.19545841217041 53.21791458129883
  endloop
endfacet
facet normal 0.0 0.0 0.0
  outer loop
    vertex -43.0 11.997386932373047 52.35533905029297
    vertex -43.0 11.19545841217041 53.21791458129883
    vertex -43.0 11.990717887878418 52.54824447631836
  endloop
endfacet
facet normal 0.0 0.0 0.0
  outer loop
    vertex -43.0 11.990717887878418 52.54824447631836
    vertex -43.0 11.19545841217041 53.21791458129883
    vertex -43.0 11.371793746948242 53.206722259521484
  endloop
endfacet
facet normal 0.0 0.0 0.0
  outer loop
    vertex -43.0 11.990717887878418 52.54824447631836
    vertex -43.0 11.371793746948242 53.206722259521484
    vertex -43.0 11.52773380279541 53.19477462768555
  endloop
endfacet
facet normal 0.0 0.0 0.0
  outer loop
    vertex -43.0 11.990717887878418 52.54824447631836
    vertex -43.0 11.52773380279541 53.19477462768555
    vertex -43.0 11.983922004699707 52.714847564697266
  endloop
endfacet
facet normal 0.0 0.0 0.0
  outer loop
    vertex -43.0 11.983922004699707 52.714847564697266
    vertex -43.0 11.52773380279541 53.19477462768555
    vertex -43.0 11.661762237548828 53.182159423828125
  endloop
endfacet
facet normal 0.0 0.0 0.0
  outer loop
    vertex -43.0 11.983922004699707 52.714847564697266
    vertex -43.0 11.661762237548828 53.182159423828125
    vertex -43.0 11.977009773254395 52.8543815612793
  endloop
endfacet
facet normal 0.0 0.0 0.0
  outer loop
    vertex -43.0 11.977009773254395 52.8543815612793
    vertex -43.0 11.661762237548828 53.182159423828125
    vertex -43.0 11.772359848022461 53.1689567565918
  endloop
endfacet
facet normal 0.0 0.0 0.0
  outer loop
    vertex -43.0 11.977009773254395 52.8543815612793
    vertex -43.0 11.772359848022461 53.1689567565918
    vertex -43.0 11.969991683959961 52.966087341308594
  endloop
endfacet
facet normal 0.0 0.0 0.0
  outer loop
    vertex -43.0 11.969991683959961 52.966087341308594
    vertex -43.0 11.772359848022461 53.1689567565918
    vertex -43.0 11.858011245727539 53.155250549316406
  endloop
endfacet
facet normal 0.0 0.0 0.0
  outer loop
    vertex -43.0 11.969991683959961 52.966087341308594
    vertex -43.0 11.858011245727539 53.155250549316406
    vertex -43.0 11.96287727355957 53.04920959472656
  endloop
endfacet
facet normal 0.0 0.0 0.0
  outer loop
    vertex -43.0 11.96287727355957 53.04920959472656
    vertex -43.0 11.858011245727539 53.155250549316406
    vertex -43.0 11.917198181152344 53.141117095947266
  endloop
endfacet
facet normal 0.0 0.0 0.0
  outer loop
    vertex -43.0 11.96287727355957 53.04920959472656
    vertex -43.0 11.917198181152344 53.141117095947266
    vertex -43.0 11.955677032470703 53.10297775268555
  endloop
endfacet
facet normal 0.0 0.0 0.0
  outer loop
    vertex -43.0 11.955677032470703 53.10297775268555
    vertex -43.0 11.917198181152344 53.141117095947266
    vertex -43.0 11.936392784118652 53.133914947509766
  endloop
endfacet
facet normal 0.0 0.0 0.0
  outer loop
    vertex -43.0 11.955677032470703 53.10297775268555
    vertex -43.0 11.936392784118652 53.133914947509766
    vertex -43.0 11.952048301696777 53.118621826171875
  endloop
endfacet
facet normal 0.0 0.0 0.0
  outer loop
    vertex -43.0 11.952048301696777 53.118621826171875
    vertex -43.0 11.936392784118652 53.133914947509766
    vertex -43.0 11.943306922912598 53.130287170410156
  endloop
endfacet
facet normal 0.0 0.0 0.0
  outer loop
    vertex -43.0 11.952048301696777 53.118621826171875
    vertex -43.0 11.943306922912598 53.130287170410156
    vertex -43.0 11.950227737426758 53.12358856201172
  endloop
endfacet
facet normal 0.0 0.0 0.0
  outer loop
    vertex -43.0 11.950227737426758 53.12358856201172
    vertex -43.0 11.943306922912598 53.130287170410156
    vertex -43.0 11.949315071105957 53.1253547668457
  endloop
endfacet
facet normal 0.0 0.0 0.0
  outer loop
    vertex -43.0 11.949315071105957 53.1253547668457
    vertex -43.0 11.943306922912598 53.130287170410156
    vertex -43.0 11.948402404785156 53.12664031982422
  endloop
endfacet
facet normal 0.0 0.0 0.0
  outer loop
    vertex -43.0 11.949315071105957 53.1253547668457
    vertex -43.0 11.948402404785156 53.12664031982422
    vertex -43.0 11.948859214782715 53.126060485839844
  endloop
endfacet
facet normal 0.0 0.0 0.0
  outer loop
    vertex -43.0 12.05488395690918 49.14683532714844
    vertex -43.0 12.059490203857422 48.714778900146484
    vertex -43.0 6.078458786010742 47.25669860839844
  endloop
endfacet
facet normal 0.0 0.0 0.0
  outer loop
    vertex -43.0 6.078458786010742 47.25669860839844
    vertex -43.0 12.059490203857422 48.714778900146484
    vertex -43.0 12.063846588134766 48.265541076660156
  endloop
endfacet
facet normal 0.0 0.0 0.0
  outer loop
    vertex -43.0 6.078458786010742 47.25669860839844
    vertex -43.0 12.063846588134766 48.265541076660156
    vertex -43.0 12.067944526672363 47.79989242553711
  endloop
endfacet
facet normal 0.0 0.0 0.0
  outer loop
    vertex -43.0 12.067944526672363 47.79989242553711
    vertex -43.0 12.075322151184082 46.822383880615234
    vertex -43.0 6.078458786010742 47.25669860839844
  endloop
endfacet
facet normal 0.0 0.0 0.0
  outer loop
    vertex -43.0 6.078458786010742 47.25669860839844
    vertex -43.0 12.075322151184082 46.822383880615234
    vertex -43.0 12.081541061401367 45.7883415222168
  endloop
endfacet
facet normal 0.0 0.0 0.0
  outer loop
    vertex -43.0 6.078458786010742 47.25669860839844
    vertex -43.0 12.081541061401367 45.7883415222168
    vertex -43.0 12.086520195007324 44.70384979248047
  endloop
endfacet
facet normal 0.0 0.0 0.0
  outer loop
    vertex -43.0 6.078458786010742 47.25669860839844
    vertex -43.0 12.086520195007324 44.70384979248047
    vertex -43.0 6.078458786010742 41.2419548034668
  endloop
endfacet
facet normal 0.0 0.0 0.0
  outer loop
    vertex -43.0 6.078458786010742 41.2419548034668
    vertex -43.0 12.086520195007324 44.70384979248047
    vertex -43.0 12.090177536010742 43.57499694824219
  endloop
endfacet
facet normal 0.0 0.0 0.0
  outer loop
    vertex -43.0 6.078458786010742 41.2419548034668
    vertex -43.0 12.090177536010742 43.57499694824219
    vertex -43.0 12.092432022094727 42.40786361694336
  endloop
endfacet
facet normal 0.0 0.0 0.0
  outer loop
    vertex -43.0 12.092432022094727 42.40786361694336
    vertex -43.0 12.093201637268066 41.20854187011719
    vertex -43.0 6.078458786010742 41.2419548034668
  endloop
endfacet
facet normal 0.0 0.0 0.0
  outer loop
    vertex -43.0 6.078458786010742 41.2419548034668
    vertex -43.0 12.093201637268066 41.20854187011719
    vertex -43.0 6.078458786010742 29.435237884521484
  endloop
endfacet
facet normal 0.0 0.0 0.0
  outer loop
    vertex -43.0 6.078458786010742 29.435237884521484
    vertex -43.0 12.093201637268066 41.20854187011719
    vertex -43.0 12.093201637268066 29.435237884521484
  endloop
endfacet
facet normal 0.0 0.0 0.0
  outer loop
    vertex -43.0 6.078458786010742 41.2419548034668
    vertex -43.0 0.28648436069488525 41.2419548034668
    vertex -43.0 6.078458786010742 47.25669860839844
  endloop
endfacet
facet normal 0.0 0.0 0.0
  outer loop
    vertex -43.0 6.078458786010742 47.25669860839844
    vertex -43.0 0.28648436069488525 41.2419548034668
    vertex -43.0 0.0637161061167717 41.464725494384766
  endloop
endfacet
facet normal 0.0 0.0 0.0
  outer loop
    vertex -43.0 6.078458786010742 47.25669860839844
    vertex -43.0 0.0637161061167717 41.464725494384766
    vertex -43.0 0.0637161061167717 47.25669860839844
  endloop
endfacet
facet normal 0.0 0.0 0.0
  outer loop
    vertex -43.0 0.28648436069488525 35.449981689453125
    vertex -43.0 -5.72825813293457 35.449981689453125
    vertex -43.0 0.28648436069488525 41.2419548034668
  endloop
endfacet
facet normal 0.0 0.0 0.0
  outer loop
    vertex -43.0 0.28648436069488525 41.2419548034668
    vertex -43.0 -5.72825813293457 35.449981689453125
    vertex -43.0 0.0637161061167717 41.464725494384766
  endloop
endfacet
facet normal 0.0 0.0 0.0
  outer loop
    vertex -43.0 -5.72825813293457 29.42409896850586
    vertex -43.0 -8.679937362670898 29.47979164123535
    vertex -43.0 -5.72825813293457 35.449981689453125
  endloop
endfacet
facet normal 0.0 0.0 0.0
  outer loop
    vertex -43.0 -5.72825813293457 35.449981689453125
    vertex -43.0 -8.679937362670898 29.47979164123535
    vertex -43.0 -11.631616592407227 29.54662322998047
  endloop
endfacet
facet normal 0.0 0.0 0.0
  outer loop
    vertex -43.0 -5.72825813293457 35.449981689453125
    vertex -43.0 -11.631616592407227 29.54662322998047
    vertex -43.0 -5.72825813293457 41.464725494384766
  endloop
endfacet
facet normal 0.0 0.0 0.0
  outer loop
    vertex -43.0 -5.72825813293457 41.464725494384766
    vertex -43.0 -11.631616592407227 29.54662322998047
    vertex -43.0 -11.631616592407227 53.160057067871094
  endloop
endfacet
facet normal 0.0 0.0 0.0
  outer loop
    vertex -43.0 -5.72825813293457 41.464725494384766
    vertex -43.0 -11.631616592407227 53.160057067871094
    vertex -43.0 -8.679937362670898 53.22688674926758
  endloop
endfacet
facet normal 0.0 0.0 0.0
  outer loop
    vertex -43.0 -8.679937362670898 53.22688674926758
    vertex -43.0 -5.72825813293457 53.28257751464844
    vertex -43.0 -5.72825813293457 41.464725494384766
  endloop
endfacet
facet normal 0.0 0.0 0.0
  outer loop
    vertex -43.0 -5.72825813293457 41.464725494384766
    vertex -43.0 0.0637161061167717 41.464725494384766
    vertex -43.0 -5.72825813293457 35.449981689453125
  endloop
endfacet
facet normal 0.0 0.0 0.0
  outer loop
    vertex -43.0 6.078458786010742 47.25669860839844
    vertex -43.0 6.078458786010742 53.27144241333008
    vertex -43.0 8.941030502319336 53.27144241333008
  endloop
endfacet
facet normal 0.0 0.0 0.0
  outer loop
    vertex -43.5 -17.534975051879883 47.25669860839844
    vertex -43.5 -23.326950073242188 47.25669860839844
    vertex -43.0 -17.534975051879883 47.25669860839844
  endloop
endfacet
facet normal 0.0 0.0 0.0
  outer loop
    vertex -43.0 -17.534975051879883 47.25669860839844
    vertex -43.5 -23.326950073242188 47.25669860839844
    vertex -43.0 -23.326950073242188 47.25669860839844
  endloop
endfacet
facet normal 0.0 0.0 0.0
  outer loop
    vertex -43.5 -23.326950073242188 47.25669860839844
    vertex -43.5 -23.43833351135254 29.54662322998047
    vertex -43.0 -23.326950073242188 47.25669860839844
  endloop
endfacet
facet normal 0.0 0.0 0.0
  outer loop
    vertex -43.0 -23.326950073242188 47.25669860839844
    vertex -43.5 -23.43833351135254 29.54662322998047
    vertex -43.0 -23.43833351135254 29.54662322998047
  endloop
endfacet
facet normal 0.0 0.0 0.0
  outer loop
    vertex -43.5 -23.43833351135254 29.54662322998047
    vertex -43.5 -29.45307731628418 29.54662322998047
    vertex -43.0 -23.43833351135254 29.54662322998047
  endloop
endfacet
facet normal 0.0 0.0 0.0
  outer loop
    vertex -43.0 -23.43833351135254 29.54662322998047
    vertex -43.5 -29.45307731628418 29.54662322998047
    vertex -43.0 -29.45307731628418 29.54662322998047
  endloop
endfacet
facet normal 0.0 0.0 0.0
  outer loop
    vertex -43.5 -29.45307731628418 29.54662322998047
    vertex -43.5 -29.45307731628418 47.14531326293945
    vertex -43.0 -29.45307731628418 29.54662322998047
  endloop
endfacet
facet normal 0.0 0.0 0.0
  outer loop
    vertex -43.0 -29.45307731628418 29.54662322998047
    vertex -43.5 -29.45307731628418 47.14531326293945
    vertex -43.0 -29.45307731628418 47.14531326293945
  endloop
endfacet
facet normal 0.0 0.0 0.0
  outer loop
    vertex -43.5 -29.45307731628418 47.14531326293945
    vertex -43.5 -32.4158935546875 47.21214294433594
    vertex -43.0 -29.45307731628418 47.14531326293945
  endloop
endfacet
facet normal 0.0 0.0 0.0
  outer loop
    vertex -43.0 -29.45307731628418 47.14531326293945
    vertex -43.5 -32.4158935546875 47.21214294433594
    vertex -43.0 -32.4158935546875 47.21214294433594
  endloop
endfacet
facet normal 0.0 0.0 0.0
  outer loop
    vertex -43.5 -32.4158935546875 47.21214294433594
    vertex -43.5 -35.36757278442383 47.26783752441406
    vertex -43.0 -32.4158935546875 47.21214294433594
  endloop
endfacet
facet normal 0.0 0.0 0.0
  outer loop
    vertex -43.0 -32.4158935546875 47.21214294433594
    vertex -43.5 -35.36757278442383 47.26783752441406
    vertex -43.0 -35.36757278442383 47.26783752441406
  endloop
endfacet
facet normal 0.0 0.0 0.0
  outer loop
    vertex -43.5 -35.36757278442383 47.26783752441406
    vertex -43.5 -35.31188201904297 50.21951675415039
    vertex -43.0 -35.36757278442383 47.26783752441406
  endloop
endfacet
facet normal 0.0 0.0 0.0
  outer loop
    vertex -43.0 -35.36757278442383 47.26783752441406
    vertex -43.5 -35.31188201904297 50.21951675415039
    vertex -43.0 -35.31188201904297 50.21951675415039
  endloop
endfacet
facet normal 0.0 0.0 0.0
  outer loop
    vertex -43.5 -35.31188201904297 50.21951675415039
    vertex -43.5 -35.245052337646484 53.160057067871094
    vertex -43.0 -35.31188201904297 50.21951675415039
  endloop
endfacet
facet normal 0.0 0.0 0.0
  outer loop
    vertex -43.0 -35.31188201904297 50.21951675415039
    vertex -43.5 -35.245052337646484 53.160057067871094
    vertex -43.0 -35.245052337646484 53.160057067871094
  endloop
endfacet
facet normal 0.0 0.0 0.0
  outer loop
    vertex -43.5 -35.245052337646484 53.160057067871094
    vertex -43.5 -17.534975051879883 53.27144241333008
    vertex -43.0 -35.245052337646484 53.160057067871094
  endloop
endfacet
facet normal 0.0 0.0 0.0
  outer loop
    vertex -43.0 -35.245052337646484 53.160057067871094
    vertex -43.5 -17.534975051879883 53.27144241333008
    vertex -43.0 -17.534975051879883 53.27144241333008
  endloop
endfacet
facet normal 0.0 0.0 0.0
  outer loop
    vertex -43.5 -17.534975051879883 53.27144241333008
    vertex -43.5 -17.534975051879883 47.25669860839844
    vertex -43.0 -17.534975051879883 53.27144241333008
  endloop
endfacet
facet normal 0.0 0.0 0.0
  outer loop
    vertex -43.0 -17.534975051879883 53.27144241333008
    vertex -43.5 -17.534975051879883 47.25669860839844
    vertex -43.0 -17.534975051879883 47.25669860839844
  endloop
endfacet
facet normal 0.0 0.0 0.0
  outer loop
    vertex -43.0 -17.534975051879883 47.25669860839844
    vertex -43.0 -23.326950073242188 47.25669860839844
    vertex -43.0 -17.534975051879883 53.27144241333008
  endloop
endfacet
facet normal 0.0 0.0 0.0
  outer loop
    vertex -43.0 -17.534975051879883 53.27144241333008
    vertex -43.0 -23.326950073242188 47.25669860839844
    vertex -43.0 -35.245052337646484 53.160057067871094
  endloop
endfacet
facet normal 0.0 0.0 0.0
  outer loop
    vertex -43.0 -35.245052337646484 53.160057067871094
    vertex -43.0 -23.326950073242188 47.25669860839844
    vertex -43.0 -29.45307731628418 47.14531326293945
  endloop
endfacet
facet normal 0.0 0.0 0.0
  outer loop
    vertex -43.0 -35.245052337646484 53.160057067871094
    vertex -43.0 -29.45307731628418 47.14531326293945
    vertex -43.0 -32.4158935546875 47.21214294433594
  endloop
endfacet
facet normal 0.0 0.0 0.0
  outer loop
    vertex -43.0 -23.326950073242188 47.25669860839844
    vertex -43.0 -23.43833351135254 29.54662322998047
    vertex -43.0 -29.45307731628418 47.14531326293945
  endloop
endfacet
facet normal 0.0 0.0 0.0
  outer loop
    vertex -43.0 -29.45307731628418 47.14531326293945
    vertex -43.0 -23.43833351135254 29.54662322998047
    vertex -43.0 -29.45307731628418 29.54662322998047
  endloop
endfacet
facet normal 0.0 0.0 0.0
  outer loop
    vertex -43.0 -35.36757278442383 47.26783752441406
    vertex -43.0 -35.31188201904297 50.21951675415039
    vertex -43.0 -32.4158935546875 47.21214294433594
  endloop
endfacet
facet normal 0.0 0.0 0.0
  outer loop
    vertex -43.0 -32.4158935546875 47.21214294433594
    vertex -43.0 -35.31188201904297 50.21951675415039
    vertex -43.0 -35.245052337646484 53.160057067871094
  endloop
endfacet
facet normal 0.0 0.0 0.0
  outer loop
    vertex 35.679447174072266 43.5 47.17245101928711
    vertex 32.765628814697266 43.5 47.11663055419922
    vertex 35.679447174072266 43.0 47.17245101928711
  endloop
endfacet
facet normal 0.0 0.0 0.0
  outer loop
    vertex 35.679447174072266 43.0 47.17245101928711
    vertex 32.765628814697266 43.5 47.11663055419922
    vertex 32.765628814697266 43.0 47.11663055419922
  endloop
endfacet
facet normal 0.0 0.0 0.0
  outer loop
    vertex 32.765628814697266 43.5 47.11663055419922
    vertex 29.862974166870117 43.5 47.04964828491211
    vertex 32.765628814697266 43.0 47.11663055419922
  endloop
endfacet
facet normal 0.0 0.0 0.0
  outer loop
    vertex 32.765628814697266 43.0 47.11663055419922
    vertex 29.862974166870117 43.5 47.04964828491211
    vertex 29.862974166870117 43.0 47.04964828491211
  endloop
endfacet
facet normal 0.0 0.0 0.0
  outer loop
    vertex 29.862974166870117 43.5 47.04964828491211
    vertex 29.807153701782227 43.5 38.230037689208984
    vertex 29.862974166870117 43.0 47.04964828491211
  endloop
endfacet
facet normal 0.0 0.0 0.0
  outer loop
    vertex 29.862974166870117 43.0 47.04964828491211
    vertex 29.807153701782227 43.5 38.230037689208984
    vertex 29.807153701782227 43.0 38.230037689208984
  endloop
endfacet
facet normal 0.0 0.0 0.0
  outer loop
    vertex 29.807153701782227 43.5 38.230037689208984
    vertex 29.762496948242188 43.5 29.410430908203125
    vertex 29.807153701782227 43.0 38.230037689208984
  endloop
endfacet
facet normal 0.0 0.0 0.0
  outer loop
    vertex 29.807153701782227 43.0 38.230037689208984
    vertex 29.762496948242188 43.5 29.410430908203125
    vertex 29.762496948242188 43.0 29.410430908203125
  endloop
endfacet
facet normal 0.0 0.0 0.0
  outer loop
    vertex 29.762496948242188 43.5 29.410430908203125
    vertex 23.823217391967773 43.5 29.410430908203125
    vertex 29.762496948242188 43.0 29.410430908203125
  endloop
endfacet
facet normal 0.0 0.0 0.0
  outer loop
    vertex 29.762496948242188 43.0 29.410430908203125
    vertex 23.823217391967773 43.5 29.410430908203125
    vertex 23.823217391967773 43.0 29.410430908203125
  endloop
endfacet
facet normal 0.0 0.0 0.0
  outer loop
    vertex 23.823217391967773 43.5 29.410430908203125
    vertex 23.845544815063477 43.5 38.285858154296875
    vertex 23.823217391967773 43.0 29.410430908203125
  endloop
endfacet
facet normal 0.0 0.0 0.0
  outer loop
    vertex 23.823217391967773 43.0 29.410430908203125
    vertex 23.845544815063477 43.5 38.285858154296875
    vertex 23.845544815063477 43.0 38.285858154296875
  endloop
endfacet
facet normal 0.0 0.0 0.0
  outer loop
    vertex 23.845544815063477 43.5 38.285858154296875
    vertex 23.856708526611328 43.5 47.16128921508789
    vertex 23.845544815063477 43.0 38.285858154296875
  endloop
endfacet
facet normal 0.0 0.0 0.0
  outer loop
    vertex 23.845544815063477 43.0 38.285858154296875
    vertex 23.856708526611328 43.5 47.16128921508789
    vertex 23.856708526611328 43.0 47.16128921508789
  endloop
endfacet
facet normal 0.0 0.0 0.0
  outer loop
    vertex 23.856708526611328 43.5 47.16128921508789
    vertex 17.805788040161133 43.5 47.16128921508789
    vertex 23.856708526611328 43.0 47.16128921508789
  endloop
endfacet
facet normal 0.0 0.0 0.0
  outer loop
    vertex 23.856708526611328 43.0 47.16128921508789
    vertex 17.805788040161133 43.5 47.16128921508789
    vertex 17.805788040161133 43.0 47.16128921508789
  endloop
endfacet
facet normal 0.0 0.0 0.0
  outer loop
    vertex 17.805788040161133 43.5 47.16128921508789
    vertex 17.861608505249023 43.5 50.1197624206543
    vertex 17.805788040161133 43.0 47.16128921508789
  endloop
endfacet
facet normal 0.0 0.0 0.0
  outer loop
    vertex 17.805788040161133 43.0 47.16128921508789
    vertex 17.861608505249023 43.5 50.1197624206543
    vertex 17.861608505249023 43.0 50.1197624206543
  endloop
endfacet
facet normal 0.0 0.0 0.0
  outer loop
    vertex 17.861608505249023 43.5 50.1197624206543
    vertex 17.928592681884766 43.5 53.07823944091797
    vertex 17.861608505249023 43.0 50.1197624206543
  endloop
endfacet
facet normal 0.0 0.0 0.0
  outer loop
    vertex 17.861608505249023 43.0 50.1197624206543
    vertex 17.928592681884766 43.5 53.07823944091797
    vertex 17.928592681884766 43.0 53.07823944091797
  endloop
endfacet
facet normal 0.0 0.0 0.0
  outer loop
    vertex 17.928592681884766 43.5 53.07823944091797
    vertex 35.679447174072266 43.5 53.18988037109375
    vertex 17.928592681884766 43.0 53.07823944091797
  endloop
endfacet
facet normal 0.0 0.0 0.0
  outer loop
    vertex 17.928592681884766 43.0 53.07823944091797
    vertex 35.679447174072266 43.5 53.18988037109375
    vertex 35.679447174072266 43.0 53.18988037109375
  endloop
endfacet
facet normal 0.0 0.0 0.0
  outer loop
    vertex 35.679447174072266 43.5 53.18988037109375
    vertex 35.679447174072266 43.5 47.17245101928711
    vertex 35.679447174072266 43.0 53.18988037109375
  endloop
endfacet
facet normal 0.0 0.0 0.0
  outer loop
    vertex 35.679447174072266 43.0 53.18988037109375
    vertex 35.679447174072266 43.5 47.17245101928711
    vertex 35.679447174072266 43.0 47.17245101928711
  endloop
endfacet
facet normal 0.0 0.0 0.0
  outer loop
    vertex 35.679447174072266 43.0 47.17245101928711
    vertex 32.765628814697266 43.0 47.11663055419922
    vertex 35.679447174072266 43.0 53.18988037109375
  endloop
endfacet
facet normal 0.0 0.0 0.0
  outer loop
    vertex 35.679447174072266 43.0 53.18988037109375
    vertex 32.765628814697266 43.0 47.11663055419922
    vertex 29.862974166870117 43.0 47.04964828491211
  endloop
endfacet
facet normal 0.0 0.0 0.0
  outer loop
    vertex 35.679447174072266 43.0 53.18988037109375
    vertex 29.862974166870117 43.0 47.04964828491211
    vertex 23.856708526611328 43.0 47.16128921508789
  endloop
endfacet
facet normal 0.0 0.0 0.0
  outer loop
    vertex 23.856708526611328 43.0 47.16128921508789
    vertex 29.862974166870117 43.0 47.04964828491211
    vertex 23.845544815063477 43.0 38.285858154296875
  endloop
endfacet
facet normal 0.0 0.0 0.0
  outer loop
    vertex 23.845544815063477 43.0 38.285858154296875
    vertex 29.862974166870117 43.0 47.04964828491211
    vertex 29.807153701782227 43.0 38.230037689208984
  endloop
endfacet
facet normal 0.0 0.0 0.0
  outer loop
    vertex 23.845544815063477 43.0 38.285858154296875
    vertex 29.807153701782227 43.0 38.230037689208984
    vertex 29.762496948242188 43.0 29.410430908203125
  endloop
endfacet
facet normal 0.0 0.0 0.0
  outer loop
    vertex 29.762496948242188 43.0 29.410430908203125
    vertex 23.823217391967773 43.0 29.410430908203125
    vertex 23.845544815063477 43.0 38.285858154296875
  endloop
endfacet
facet normal 0.0 0.0 0.0
  outer loop
    vertex 17.805788040161133 43.0 47.16128921508789
    vertex 17.861608505249023 43.0 50.1197624206543
    vertex 23.856708526611328 43.0 47.16128921508789
  endloop
endfacet
facet normal 0.0 0.0 0.0
  outer loop
    vertex 23.856708526611328 43.0 47.16128921508789
    vertex 17.861608505249023 43.0 50.1197624206543
    vertex 17.928592681884766 43.0 53.07823944091797
  endloop
endfacet
facet normal 0.0 0.0 0.0
  outer loop
    vertex 23.856708526611328 43.0 47.16128921508789
    vertex 17.928592681884766 43.0 53.07823944091797
    vertex 35.679447174072266 43.0 53.18988037109375
  endloop
endfacet
facet normal 0.0 0.0 0.0
  outer loop
    vertex 11.866508483886719 43.5 53.04474639892578
    vertex 11.866966247558594 43.5 53.04416275024414
    vertex 11.866508483886719 43.0 53.04474639892578
  endloop
endfacet
facet normal 0.0 0.0 0.0
  outer loop
    vertex 11.866508483886719 43.0 53.04474639892578
    vertex 11.866966247558594 43.5 53.04416275024414
    vertex 11.866966247558594 43.0 53.04416275024414
  endloop
endfacet
facet normal 0.0 0.0 0.0
  outer loop
    vertex 11.866966247558594 43.0 53.04416275024414
    vertex 11.866966247558594 43.5 53.04416275024414
    vertex 11.867423057556152 43.5 53.043460845947266
  endloop
endfacet
facet normal 0.0 0.0 0.0
  outer loop
    vertex 11.866966247558594 43.0 53.04416275024414
    vertex 11.867423057556152 43.5 53.043460845947266
    vertex 11.867423057556152 43.0 53.043460845947266
  endloop
endfacet
facet normal 0.0 0.0 0.0
  outer loop
    vertex 11.867423057556152 43.0 53.043460845947266
    vertex 11.867423057556152 43.5 53.043460845947266
    vertex 11.868337631225586 43.5 53.041690826416016
  endloop
endfacet
facet normal 0.0 0.0 0.0
  outer loop
    vertex 11.867423057556152 43.0 53.043460845947266
    vertex 11.868337631225586 43.5 53.041690826416016
    vertex 11.868337631225586 43.0 53.041690826416016
  endloop
endfacet
facet normal 0.0 0.0 0.0
  outer loop
    vertex 11.868337631225586 43.0 53.041690826416016
    vertex 11.868337631225586 43.5 53.041690826416016
    vertex 11.870162963867188 43.5 53.03670883178711
  endloop
endfacet
facet normal 0.0 0.0 0.0
  outer loop
    vertex 11.868337631225586 43.0 53.041690826416016
    vertex 11.870162963867188 43.5 53.03670883178711
    vertex 11.870162963867188 43.0 53.03670883178711
  endloop
endfacet
facet normal 0.0 0.0 0.0
  outer loop
    vertex 11.870162963867188 43.0 53.03670883178711
    vertex 11.870162963867188 43.5 53.03670883178711
    vertex 11.873800277709961 43.5 53.02103042602539
  endloop
endfacet
facet normal 0.0 0.0 0.0
  outer loop
    vertex 11.870162963867188 43.0 53.03670883178711
    vertex 11.873800277709961 43.5 53.02103042602539
    vertex 11.873800277709961 43.0 53.02103042602539
  endloop
endfacet
facet normal 0.0 0.0 0.0
  outer loop
    vertex 11.873800277709961 43.0 53.02103042602539
    vertex 11.873800277709961 43.5 53.02103042602539
    vertex 11.881016731262207 43.5 52.96713638305664
  endloop
endfacet
facet normal 0.0 0.0 0.0
  outer loop
    vertex 11.873800277709961 43.0 53.02103042602539
    vertex 11.881016731262207 43.5 52.96713638305664
    vertex 11.881016731262207 43.0 52.96713638305664
  endloop
endfacet
facet normal 0.0 0.0 0.0
  outer loop
    vertex 11.881016731262207 43.0 52.96713638305664
    vertex 11.881016731262207 43.5 52.96713638305664
    vertex 11.888147354125977 43.5 52.88382339477539
  endloop
endfacet
facet normal 0.0 0.0 0.0
  outer loop
    vertex 11.881016731262207 43.0 52.96713638305664
    vertex 11.888147354125977 43.5 52.88382339477539
    vertex 11.888147354125977 43.0 52.88382339477539
  endloop
endfacet
facet normal 0.0 0.0 0.0
  outer loop
    vertex 11.888147354125977 43.0 52.88382339477539
    vertex 11.888147354125977 43.5 52.88382339477539
    vertex 11.895181655883789 43.5 52.77185821533203
  endloop
endfacet
facet normal 0.0 0.0 0.0
  outer loop
    vertex 11.888147354125977 43.0 52.88382339477539
    vertex 11.895181655883789 43.5 52.77185821533203
    vertex 11.895181655883789 43.0 52.77185821533203
  endloop
endfacet
facet normal 0.0 0.0 0.0
  outer loop
    vertex 11.895181655883789 43.0 52.77185821533203
    vertex 11.895181655883789 43.5 52.77185821533203
    vertex 11.902109146118164 43.5 52.63200378417969
  endloop
endfacet
facet normal 0.0 0.0 0.0
  outer loop
    vertex 11.895181655883789 43.0 52.77185821533203
    vertex 11.902109146118164 43.5 52.63200378417969
    vertex 11.902109146118164 43.0 52.63200378417969
  endloop
endfacet
facet normal 0.0 0.0 0.0
  outer loop
    vertex 11.902109146118164 43.0 52.63200378417969
    vertex 11.902109146118164 43.5 52.63200378417969
    vertex 11.908921241760254 43.5 52.46501922607422
  endloop
endfacet
facet normal 0.0 0.0 0.0
  outer loop
    vertex 11.902109146118164 43.0 52.63200378417969
    vertex 11.908921241760254 43.5 52.46501922607422
    vertex 11.908921241760254 43.0 52.46501922607422
  endloop
endfacet
facet normal 0.0 0.0 0.0
  outer loop
    vertex 11.908921241760254 43.0 52.46501922607422
    vertex 11.908921241760254 43.5 52.46501922607422
    vertex 11.915605545043945 43.5 52.271671295166016
  endloop
endfacet
facet normal 0.0 0.0 0.0
  outer loop
    vertex 11.908921241760254 43.0 52.46501922607422
    vertex 11.915605545043945 43.5 52.271671295166016
    vertex 11.915605545043945 43.0 52.271671295166016
  endloop
endfacet
facet normal 0.0 0.0 0.0
  outer loop
    vertex 11.915605545043945 43.0 52.271671295166016
    vertex 11.915605545043945 43.5 52.271671295166016
    vertex 11.92215347290039 43.5 52.05271530151367
  endloop
endfacet
facet normal 0.0 0.0 0.0
  outer loop
    vertex 11.915605545043945 43.0 52.271671295166016
    vertex 11.92215347290039 43.5 52.05271530151367
    vertex 11.92215347290039 43.0 52.05271530151367
  endloop
endfacet
facet normal 0.0 0.0 0.0
  outer loop
    vertex 11.92215347290039 43.0 52.05271530151367
    vertex 11.92215347290039 43.5 52.05271530151367
    vertex 11.92855453491211 43.5 51.808921813964844
  endloop
endfacet
facet normal 0.0 0.0 0.0
  outer loop
    vertex 11.92215347290039 43.0 52.05271530151367
    vertex 11.92855453491211 43.5 51.808921813964844
    vertex 11.92855453491211 43.0 51.808921813964844
  endloop
endfacet
facet normal 0.0 0.0 0.0
  outer loop
    vertex 11.92855453491211 43.0 51.808921813964844
    vertex 11.92855453491211 43.5 51.808921813964844
    vertex 11.934798240661621 43.5 51.541046142578125
  endloop
endfacet
facet normal 0.0 0.0 0.0
  outer loop
    vertex 11.92855453491211 43.0 51.808921813964844
    vertex 11.934798240661621 43.5 51.541046142578125
    vertex 11.934798240661621 43.0 51.541046142578125
  endloop
endfacet
facet normal 0.0 0.0 0.0
  outer loop
    vertex 11.934798240661621 43.0 51.541046142578125
    vertex 11.934798240661621 43.5 51.541046142578125
    vertex 11.940874099731445 43.5 51.24985885620117
  endloop
endfacet
facet normal 0.0 0.0 0.0
  outer loop
    vertex 11.934798240661621 43.0 51.541046142578125
    vertex 11.940874099731445 43.5 51.24985885620117
    vertex 11.940874099731445 43.0 51.24985885620117
  endloop
endfacet
facet normal 0.0 0.0 0.0
  outer loop
    vertex 11.940874099731445 43.0 51.24985885620117
    vertex 11.940874099731445 43.5 51.24985885620117
    vertex 11.946771621704102 43.5 50.93611526489258
  endloop
endfacet
facet normal 0.0 0.0 0.0
  outer loop
    vertex 11.940874099731445 43.0 51.24985885620117
    vertex 11.946771621704102 43.5 50.93611526489258
    vertex 11.946771621704102 43.0 50.93611526489258
  endloop
endfacet
facet normal 0.0 0.0 0.0
  outer loop
    vertex 11.946771621704102 43.0 50.93611526489258
    vertex 11.946771621704102 43.5 50.93611526489258
    vertex 11.952481269836426 43.5 50.60057830810547
  endloop
endfacet
facet normal 0.0 0.0 0.0
  outer loop
    vertex 11.946771621704102 43.0 50.93611526489258
    vertex 11.952481269836426 43.5 50.60057830810547
    vertex 11.952481269836426 43.0 50.60057830810547
  endloop
endfacet
facet normal 0.0 0.0 0.0
  outer loop
    vertex 11.952481269836426 43.0 50.60057830810547
    vertex 11.952481269836426 43.5 50.60057830810547
    vertex 11.957992553710938 43.5 50.244014739990234
  endloop
endfacet
facet normal 0.0 0.0 0.0
  outer loop
    vertex 11.952481269836426 43.0 50.60057830810547
    vertex 11.957992553710938 43.5 50.244014739990234
    vertex 11.957992553710938 43.0 50.244014739990234
  endloop
endfacet
facet normal 0.0 0.0 0.0
  outer loop
    vertex 11.957992553710938 43.0 50.244014739990234
    vertex 11.957992553710938 43.5 50.244014739990234
    vertex 11.963295936584473 43.5 49.8671875
  endloop
endfacet
facet normal 0.0 0.0 0.0
  outer loop
    vertex 11.957992553710938 43.0 50.244014739990234
    vertex 11.963295936584473 43.5 49.8671875
    vertex 11.963295936584473 43.0 49.8671875
  endloop
endfacet
facet normal 0.0 0.0 0.0
  outer loop
    vertex 11.963295936584473 43.0 49.8671875
    vertex 11.963295936584473 43.5 49.8671875
    vertex 11.968379974365234 43.5 49.47085189819336
  endloop
endfacet
facet normal 0.0 0.0 0.0
  outer loop
    vertex 11.963295936584473 43.0 49.8671875
    vertex 11.968379974365234 43.5 49.47085189819336
    vertex 11.968379974365234 43.0 49.47085189819336
  endloop
endfacet
facet normal 0.0 0.0 0.0
  outer loop
    vertex 11.968379974365234 43.0 49.47085189819336
    vertex 11.968379974365234 43.5 49.47085189819336
    vertex 11.973235130310059 43.5 49.05577850341797
  endloop
endfacet
facet normal 0.0 0.0 0.0
  outer loop
    vertex 11.968379974365234 43.0 49.47085189819336
    vertex 11.973235130310059 43.5 49.05577850341797
    vertex 11.973235130310059 43.0 49.05577850341797
  endloop
endfacet
facet normal 0.0 0.0 0.0
  outer loop
    vertex 11.973235130310059 43.0 49.05577850341797
    vertex 11.973235130310059 43.5 49.05577850341797
    vertex 11.977851867675781 43.5 48.62272262573242
  endloop
endfacet
facet normal 0.0 0.0 0.0
  outer loop
    vertex 11.973235130310059 43.0 49.05577850341797
    vertex 11.977851867675781 43.5 48.62272262573242
    vertex 11.977851867675781 43.0 48.62272262573242
  endloop
endfacet
facet normal 0.0 0.0 0.0
  outer loop
    vertex 11.977851867675781 43.0 48.62272262573242
    vertex 11.977851867675781 43.5 48.62272262573242
    vertex 11.982218742370605 43.5 48.172454833984375
  endloop
endfacet
facet normal 0.0 0.0 0.0
  outer loop
    vertex 11.977851867675781 43.0 48.62272262573242
    vertex 11.982218742370605 43.5 48.172454833984375
    vertex 11.982218742370605 43.0 48.172454833984375
  endloop
endfacet
facet normal 0.0 0.0 0.0
  outer loop
    vertex 11.982218742370605 43.0 48.172454833984375
    vertex 11.982218742370605 43.5 48.172454833984375
    vertex 11.98632526397705 43.5 47.70573043823242
  endloop
endfacet
facet normal 0.0 0.0 0.0
  outer loop
    vertex 11.982218742370605 43.0 48.172454833984375
    vertex 11.98632526397705 43.5 47.70573043823242
    vertex 11.98632526397705 43.0 47.70573043823242
  endloop
endfacet
facet normal 0.0 0.0 0.0
  outer loop
    vertex 11.98632526397705 43.0 47.70573043823242
    vertex 11.98632526397705 43.5 47.70573043823242
    vertex 11.993720054626465 43.5 46.725975036621094
  endloop
endfacet
facet normal 0.0 0.0 0.0
  outer loop
    vertex 11.98632526397705 43.0 47.70573043823242
    vertex 11.993720054626465 43.5 46.725975036621094
    vertex 11.993720054626465 43.0 46.725975036621094
  endloop
endfacet
facet normal 0.0 0.0 0.0
  outer loop
    vertex 11.993720054626465 43.0 46.725975036621094
    vertex 11.993720054626465 43.5 46.725975036621094
    vertex 11.999953269958496 43.5 45.68954849243164
  endloop
endfacet
facet normal 0.0 0.0 0.0
  outer loop
    vertex 11.993720054626465 43.0 46.725975036621094
    vertex 11.999953269958496 43.5 45.68954849243164
    vertex 11.999953269958496 43.0 45.68954849243164
  endloop
endfacet
facet normal 0.0 0.0 0.0
  outer loop
    vertex 11.999953269958496 43.0 45.68954849243164
    vertex 11.999953269958496 43.5 45.68954849243164
    vertex 12.00494384765625 43.5 44.602561950683594
  endloop
endfacet
facet normal 0.0 0.0 0.0
  outer loop
    vertex 11.999953269958496 43.0 45.68954849243164
    vertex 12.00494384765625 43.5 44.602561950683594
    vertex 12.00494384765625 43.0 44.602561950683594
  endloop
endfacet
facet normal 0.0 0.0 0.0
  outer loop
    vertex 12.00494384765625 43.0 44.602561950683594
    vertex 12.00494384765625 43.5 44.602561950683594
    vertex 12.008609771728516 43.5 43.471107482910156
  endloop
endfacet
facet normal 0.0 0.0 0.0
  outer loop
    vertex 12.00494384765625 43.0 44.602561950683594
    vertex 12.008609771728516 43.5 43.471107482910156
    vertex 12.008609771728516 43.0 43.471107482910156
  endloop
endfacet
facet normal 0.0 0.0 0.0
  outer loop
    vertex 12.008609771728516 43.0 43.471107482910156
    vertex 12.008609771728516 43.5 43.471107482910156
    vertex 12.010869026184082 43.5 42.30128860473633
  endloop
endfacet
facet normal 0.0 0.0 0.0
  outer loop
    vertex 12.008609771728516 43.0 43.471107482910156
    vertex 12.010869026184082 43.5 42.30128860473633
    vertex 12.010869026184082 43.0 42.30128860473633
  endloop
endfacet
facet normal 0.0 0.0 0.0
  outer loop
    vertex 12.010869026184082 43.0 42.30128860473633
    vertex 12.010869026184082 43.5 42.30128860473633
    vertex 12.011640548706055 43.5 41.09920120239258
  endloop
endfacet
facet normal 0.0 0.0 0.0
  outer loop
    vertex 12.010869026184082 43.0 42.30128860473633
    vertex 12.011640548706055 43.5 41.09920120239258
    vertex 12.011640548706055 43.0 41.09920120239258
  endloop
endfacet
facet normal 0.0 0.0 0.0
  outer loop
    vertex 12.011640548706055 43.5 41.09920120239258
    vertex 12.011640548706055 43.5 29.298789978027344
    vertex 12.011640548706055 43.0 41.09920120239258
  endloop
endfacet
facet normal 0.0 0.0 0.0
  outer loop
    vertex 12.011640548706055 43.0 41.09920120239258
    vertex 12.011640548706055 43.5 29.298789978027344
    vertex 12.011640548706055 43.0 29.298789978027344
  endloop
endfacet
facet normal 0.0 0.0 0.0
  outer loop
    vertex 12.011640548706055 43.5 29.298789978027344
    vertex 5.983047962188721 43.5 29.298789978027344
    vertex 12.011640548706055 43.0 29.298789978027344
  endloop
endfacet
facet normal 0.0 0.0 0.0
  outer loop
    vertex 12.011640548706055 43.0 29.298789978027344
    vertex 5.983047962188721 43.5 29.298789978027344
    vertex 5.983047962188721 43.0 29.298789978027344
  endloop
endfacet
facet normal 0.0 0.0 0.0
  outer loop
    vertex 5.983047962188721 43.5 29.298789978027344
    vertex 5.983047962188721 43.5 41.132694244384766
    vertex 5.983047962188721 43.0 29.298789978027344
  endloop
endfacet
facet normal 0.0 0.0 0.0
  outer loop
    vertex 5.983047962188721 43.0 29.298789978027344
    vertex 5.983047962188721 43.5 41.132694244384766
    vertex 5.983047962188721 43.0 41.132694244384766
  endloop
endfacet
facet normal 0.0 0.0 0.0
  outer loop
    vertex 5.983047962188721 43.5 41.132694244384766
    vertex 0.17773675918579102 43.5 41.132694244384766
    vertex 5.983047962188721 43.0 41.132694244384766
  endloop
endfacet
facet normal 0.0 0.0 0.0
  outer loop
    vertex 5.983047962188721 43.0 41.132694244384766
    vertex 0.17773675918579102 43.5 41.132694244384766
    vertex 0.17773675918579102 43.0 41.132694244384766
  endloop
endfacet
facet normal 0.0 0.0 0.0
  outer loop
    vertex 0.17773675918579102 43.5 41.132694244384766
    vertex 0.17773675918579102 43.5 35.32738494873047
    vertex 0.17773675918579102 43.0 41.132694244384766
  endloop
endfacet
facet normal 0.0 0.0 0.0
  outer loop
    vertex 0.17773675918579102 43.0 41.132694244384766
    vertex 0.17773675918579102 43.5 35.32738494873047
    vertex 0.17773675918579102 43.0 35.32738494873047
  endloop
endfacet
facet normal 0.0 0.0 0.0
  outer loop
    vertex 0.17773675918579102 43.5 35.32738494873047
    vertex -5.850855827331543 43.5 35.32738494873047
    vertex 0.17773675918579102 43.0 35.32738494873047
  endloop
endfacet
facet normal 0.0 0.0 0.0
  outer loop
    vertex 0.17773675918579102 43.0 35.32738494873047
    vertex -5.850855827331543 43.5 35.32738494873047
    vertex -5.850855827331543 43.0 35.32738494873047
  endloop
endfacet
facet normal 0.0 0.0 0.0
  outer loop
    vertex -5.850855827331543 43.5 35.32738494873047
    vertex -5.850855827331543 43.5 29.287626266479492
    vertex -5.850855827331543 43.0 35.32738494873047
  endloop
endfacet
facet normal 0.0 0.0 0.0
  outer loop
    vertex -5.850855827331543 43.0 35.32738494873047
    vertex -5.850855827331543 43.5 29.287626266479492
    vertex -5.850855827331543 43.0 29.287626266479492
  endloop
endfacet
facet normal 0.0 0.0 0.0
  outer loop
    vertex -5.850855827331543 43.5 29.287626266479492
    vertex -8.809331893920898 43.5 29.343446731567383
    vertex -5.850855827331543 43.0 29.287626266479492
  endloop
endfacet
facet normal 0.0 0.0 0.0
  outer loop
    vertex -5.850855827331543 43.0 29.287626266479492
    vertex -8.809331893920898 43.5 29.343446731567383
    vertex -8.809331893920898 43.0 29.343446731567383
  endloop
endfacet
facet normal 0.0 0.0 0.0
  outer loop
    vertex -8.809331893920898 43.5 29.343446731567383
    vertex -11.767807960510254 43.5 29.410430908203125
    vertex -8.809331893920898 43.0 29.343446731567383
  endloop
endfacet
facet normal 0.0 0.0 0.0
  outer loop
    vertex -8.809331893920898 43.0 29.343446731567383
    vertex -11.767807960510254 43.5 29.410430908203125
    vertex -11.767807960510254 43.0 29.410430908203125
  endloop
endfacet
facet normal 0.0 0.0 0.0
  outer loop
    vertex -11.767807960510254 43.5 29.410430908203125
    vertex -11.767807960510254 43.5 53.07823944091797
    vertex -11.767807960510254 43.0 29.410430908203125
  endloop
endfacet
facet normal 0.0 0.0 0.0
  outer loop
    vertex -11.767807960510254 43.0 29.410430908203125
    vertex -11.767807960510254 43.5 53.07823944091797
    vertex -11.767807960510254 43.0 53.07823944091797
  endloop
endfacet
facet normal 0.0 0.0 0.0
  outer loop
    vertex -11.767807960510254 43.5 53.07823944091797
    vertex -8.809331893920898 43.5 53.145225524902344
    vertex -11.767807960510254 43.0 53.07823944091797
  endloop
endfacet
facet normal 0.0 0.0 0.0
  outer loop
    vertex -11.767807960510254 43.0 53.07823944091797
    vertex -8.809331893920898 43.5 53.145225524902344
    vertex -8.809331893920898 43.0 53.145225524902344
  endloop
endfacet
facet normal 0.0 0.0 0.0
  outer loop
    vertex -8.809331893920898 43.5 53.145225524902344
    vertex -5.850855827331543 43.5 53.201045989990234
    vertex -8.809331893920898 43.0 53.145225524902344
  endloop
endfacet
facet normal 0.0 0.0 0.0
  outer loop
    vertex -8.809331893920898 43.0 53.145225524902344
    vertex -5.850855827331543 43.5 53.201045989990234
    vertex -5.850855827331543 43.0 53.201045989990234
  endloop
endfacet
facet normal 0.0 0.0 0.0
  outer loop
    vertex -5.850855827331543 43.5 53.201045989990234
    vertex -5.850855827331543 43.5 41.35597610473633
    vertex -5.850855827331543 43.0 53.201045989990234
  endloop
endfacet
facet normal 0.0 0.0 0.0
  outer loop
    vertex -5.850855827331543 43.0 53.201045989990234
    vertex -5.850855827331543 43.5 41.35597610473633
    vertex -5.850855827331543 43.0 41.35597610473633
  endloop
endfacet
facet normal 0.0 0.0 0.0
  outer loop
    vertex -5.850855827331543 43.5 41.35597610473633
    vertex -0.045544445514678955 43.5 41.35597610473633
    vertex -5.850855827331543 43.0 41.35597610473633
  endloop
endfacet
facet normal 0.0 0.0 0.0
  outer loop
    vertex -5.850855827331543 43.0 41.35597610473633
    vertex -0.045544445514678955 43.5 41.35597610473633
    vertex -0.045544445514678955 43.0 41.35597610473633
  endloop
endfacet
facet normal 0.0 0.0 0.0
  outer loop
    vertex -0.045544445514678955 43.5 41.35597610473633
    vertex -0.045544445514678955 43.5 47.16128921508789
    vertex -0.045544445514678955 43.0 41.35597610473633
  endloop
endfacet
facet normal 0.0 0.0 0.0
  outer loop
    vertex -0.045544445514678955 43.0 41.35597610473633
    vertex -0.045544445514678955 43.5 47.16128921508789
    vertex -0.045544445514678955 43.0 47.16128921508789
  endloop
endfacet
facet normal 0.0 0.0 0.0
  outer loop
    vertex -0.045544445514678955 43.5 47.16128921508789
    vertex 5.983047962188721 43.5 47.16128921508789
    vertex -0.045544445514678955 43.0 47.16128921508789
  endloop
endfacet
facet normal 0.0 0.0 0.0
  outer loop
    vertex -0.045544445514678955 43.0 47.16128921508789
    vertex 5.983047962188721 43.5 47.16128921508789
    vertex 5.983047962188721 43.0 47.16128921508789
  endloop
endfacet
facet normal 0.0 0.0 0.0
  outer loop
    vertex 5.983047962188721 43.5 47.16128921508789
    vertex 5.983047962188721 43.5 53.18988037109375
    vertex 5.983047962188721 43.0 47.16128921508789
  endloop
endfacet
facet normal 0.0 0.0 0.0
  outer loop
    vertex 5.983047962188721 43.0 47.16128921508789
    vertex 5.983047962188721 43.5 53.18988037109375
    vertex 5.983047962188721 43.0 53.18988037109375
  endloop
endfacet
facet normal 0.0 0.0 0.0
  outer loop
    vertex 5.983047962188721 43.5 53.18988037109375
    vertex 8.852211952209473 43.5 53.18988037109375
    vertex 5.983047962188721 43.0 53.18988037109375
  endloop
endfacet
facet normal 0.0 0.0 0.0
  outer loop
    vertex 5.983047962188721 43.0 53.18988037109375
    vertex 8.852211952209473 43.5 53.18988037109375
    vertex 8.852211952209473 43.0 53.18988037109375
  endloop
endfacet
facet normal 0.0 0.0 0.0
  outer loop
    vertex 8.852211952209473 43.5 53.18988037109375
    vertex 9.430017471313477 43.5 53.18684768676758
    vertex 8.852211952209473 43.0 53.18988037109375
  endloop
endfacet
facet normal 0.0 0.0 0.0
  outer loop
    vertex 8.852211952209473 43.0 53.18988037109375
    vertex 9.430017471313477 43.5 53.18684768676758
    vertex 9.430017471313477 43.0 53.18684768676758
  endloop
endfacet
facet normal 0.0 0.0 0.0
  outer loop
    vertex 9.430017471313477 43.0 53.18684768676758
    vertex 9.430017471313477 43.5 53.18684768676758
    vertex 9.974722862243652 43.5 53.178192138671875
  endloop
endfacet
facet normal 0.0 0.0 0.0
  outer loop
    vertex 9.430017471313477 43.0 53.18684768676758
    vertex 9.974722862243652 43.5 53.178192138671875
    vertex 9.974722862243652 43.0 53.178192138671875
  endloop
endfacet
facet normal 0.0 0.0 0.0
  outer loop
    vertex 9.974722862243652 43.0 53.178192138671875
    vertex 9.974722862243652 43.5 53.178192138671875
    vertex 10.474162101745605 43.5 53.16456604003906
  endloop
endfacet
facet normal 0.0 0.0 0.0
  outer loop
    vertex 9.974722862243652 43.0 53.178192138671875
    vertex 10.474162101745605 43.5 53.16456604003906
    vertex 10.474162101745605 43.0 53.16456604003906
  endloop
endfacet
facet normal 0.0 0.0 0.0
  outer loop
    vertex 10.474162101745605 43.0 53.16456604003906
    vertex 10.474162101745605 43.5 53.16456604003906
    vertex 10.703104019165039 43.5 53.156089782714844
  endloop
endfacet
facet normal 0.0 0.0 0.0
  outer loop
    vertex 10.474162101745605 43.0 53.16456604003906
    vertex 10.703104019165039 43.5 53.156089782714844
    vertex 10.703104019165039 43.0 53.156089782714844
  endloop
endfacet
facet normal 0.0 0.0 0.0
  outer loop
    vertex 10.703104019165039 43.0 53.156089782714844
    vertex 10.703104019165039 43.5 53.156089782714844
    vertex 10.916167259216309 43.5 53.1466178894043
  endloop
endfacet
facet normal 0.0 0.0 0.0
  outer loop
    vertex 10.703104019165039 43.0 53.156089782714844
    vertex 10.916167259216309 43.5 53.1466178894043
    vertex 10.916167259216309 43.0 53.1466178894043
  endloop
endfacet
facet normal 0.0 0.0 0.0
  outer loop
    vertex 10.916167259216309 43.0 53.1466178894043
    vertex 10.916167259216309 43.5 53.1466178894043
    vertex 11.11182975769043 43.5 53.13623046875
  endloop
endfacet
facet normal 0.0 0.0 0.0
  outer loop
    vertex 10.916167259216309 43.0 53.1466178894043
    vertex 11.11182975769043 43.5 53.13623046875
    vertex 11.11182975769043 43.0 53.13623046875
  endloop
endfacet
facet normal 0.0 0.0 0.0
  outer loop
    vertex 11.11182975769043 43.0 53.13623046875
    vertex 11.11182975769043 43.5 53.13623046875
    vertex 11.28857135772705 43.5 53.1250114440918
  endloop
endfacet
facet normal 0.0 0.0 0.0
  outer loop
    vertex 11.11182975769043 43.0 53.13623046875
    vertex 11.28857135772705 43.5 53.1250114440918
    vertex 11.28857135772705 43.0 53.1250114440918
  endloop
endfacet
facet normal 0.0 0.0 0.0
  outer loop
    vertex 11.28857135772705 43.0 53.1250114440918
    vertex 11.28857135772705 43.5 53.1250114440918
    vertex 11.444870948791504 43.5 53.113037109375
  endloop
endfacet
facet normal 0.0 0.0 0.0
  outer loop
    vertex 11.28857135772705 43.0 53.1250114440918
    vertex 11.444870948791504 43.5 53.113037109375
    vertex 11.444870948791504 43.0 53.113037109375
  endloop
endfacet
facet normal 0.0 0.0 0.0
  outer loop
    vertex 11.444870948791504 43.0 53.113037109375
    vertex 11.444870948791504 43.5 53.113037109375
    vertex 11.579208374023438 43.5 53.10039138793945
  endloop
endfacet
facet normal 0.0 0.0 0.0
  outer loop
    vertex 11.444870948791504 43.0 53.113037109375
    vertex 11.579208374023438 43.5 53.10039138793945
    vertex 11.579208374023438 43.0 53.10039138793945
  endloop
endfacet
facet normal 0.0 0.0 0.0
  outer loop
    vertex 11.579208374023438 43.0 53.10039138793945
    vertex 11.579208374023438 43.5 53.10039138793945
    vertex 11.69006061553955 43.5 53.087162017822266
  endloop
endfacet
facet normal 0.0 0.0 0.0
  outer loop
    vertex 11.579208374023438 43.0 53.10039138793945
    vertex 11.69006061553955 43.5 53.087162017822266
    vertex 11.69006061553955 43.0 53.087162017822266
  endloop
endfacet
facet normal 0.0 0.0 0.0
  outer loop
    vertex 11.69006061553955 43.0 53.087162017822266
    vertex 11.69006061553955 43.5 53.087162017822266
    vertex 11.775909423828125 43.5 53.073421478271484
  endloop
endfacet
facet normal 0.0 0.0 0.0
  outer loop
    vertex 11.69006061553955 43.0 53.087162017822266
    vertex 11.775909423828125 43.5 53.073421478271484
    vertex 11.775909423828125 43.0 53.073421478271484
  endloop
endfacet
facet normal 0.0 0.0 0.0
  outer loop
    vertex 11.775909423828125 43.0 53.073421478271484
    vertex 11.775909423828125 43.5 53.073421478271484
    vertex 11.83523178100586 43.5 53.05925750732422
  endloop
endfacet
facet normal 0.0 0.0 0.0
  outer loop
    vertex 11.775909423828125 43.0 53.073421478271484
    vertex 11.83523178100586 43.5 53.05925750732422
    vertex 11.83523178100586 43.0 53.05925750732422
  endloop
endfacet
facet normal 0.0 0.0 0.0
  outer loop
    vertex 11.83523178100586 43.0 53.05925750732422
    vertex 11.83523178100586 43.5 53.05925750732422
    vertex 11.854471206665039 43.5 53.052040100097656
  endloop
endfacet
facet normal 0.0 0.0 0.0
  outer loop
    vertex 11.83523178100586 43.0 53.05925750732422
    vertex 11.854471206665039 43.5 53.052040100097656
    vertex 11.854471206665039 43.0 53.052040100097656
  endloop
endfacet
facet normal 0.0 0.0 0.0
  outer loop
    vertex 11.854471206665039 43.0 53.052040100097656
    vertex 11.854471206665039 43.5 53.052040100097656
    vertex 11.861401557922363 43.5 53.04840087890625
  endloop
endfacet
facet normal 0.0 0.0 0.0
  outer loop
    vertex 11.854471206665039 43.0 53.052040100097656
    vertex 11.861401557922363 43.5 53.04840087890625
    vertex 11.861401557922363 43.0 53.04840087890625
  endloop
endfacet
facet normal 0.0 0.0 0.0
  outer loop
    vertex 11.861401557922363 43.0 53.04840087890625
    vertex 11.861401557922363 43.5 53.04840087890625
    vertex 11.866508483886719 43.5 53.04474639892578
  endloop
endfacet
facet normal 0.0 0.0 0.0
  outer loop
    vertex 11.861401557922363 43.0 53.04840087890625
    vertex 11.866508483886719 43.5 53.04474639892578
    vertex 11.866508483886719 43.0 53.04474639892578
  endloop
endfacet
facet normal 0.0 0.0 0.0
  outer loop
    vertex 9.430017471313477 43.0 53.18684768676758
    vertex 11.957992553710938 43.0 50.244014739990234
    vertex 8.852211952209473 43.0 53.18988037109375
  endloop
endfacet
facet normal 0.0 0.0 0.0
  outer loop
    vertex 8.852211952209473 43.0 53.18988037109375
    vertex 11.957992553710938 43.0 50.244014739990234
    vertex 11.963295936584473 43.0 49.8671875
  endloop
endfacet
facet normal 0.0 0.0 0.0
  outer loop
    vertex 8.852211952209473 43.0 53.18988037109375
    vertex 11.963295936584473 43.0 49.8671875
    vertex 5.983047962188721 43.0 47.16128921508789
  endloop
endfacet
facet normal 0.0 0.0 0.0
  outer loop
    vertex 5.983047962188721 43.0 47.16128921508789
    vertex 11.963295936584473 43.0 49.8671875
    vertex 11.968379974365234 43.0 49.47085189819336
  endloop
endfacet
facet normal 0.0 0.0 0.0
  outer loop
    vertex 5.983047962188721 43.0 47.16128921508789
    vertex 11.968379974365234 43.0 49.47085189819336
    vertex 11.973235130310059 43.0 49.05577850341797
  endloop
endfacet
facet normal 0.0 0.0 0.0
  outer loop
    vertex 9.974722862243652 43.0 53.178192138671875
    vertex 11.946771621704102 43.0 50.93611526489258
    vertex 9.430017471313477 43.0 53.18684768676758
  endloop
endfacet
facet normal 0.0 0.0 0.0
  outer loop
    vertex 9.430017471313477 43.0 53.18684768676758
    vertex 11.946771621704102 43.0 50.93611526489258
    vertex 11.952481269836426 43.0 50.60057830810547
  endloop
endfacet
facet normal 0.0 0.0 0.0
  outer loop
    vertex 9.430017471313477 43.0 53.18684768676758
    vertex 11.952481269836426 43.0 50.60057830810547
    vertex 11.957992553710938 43.0 50.244014739990234
  endloop
endfacet
facet normal 0.0 0.0 0.0
  outer loop
    vertex 10.474162101745605 43.0 53.16456604003906
    vertex 11.934798240661621 43.0 51.541046142578125
    vertex 9.974722862243652 43.0 53.178192138671875
  endloop
endfacet
facet normal 0.0 0.0 0.0
  outer loop
    vertex 9.974722862243652 43.0 53.178192138671875
    vertex 11.934798240661621 43.0 51.541046142578125
    vertex 11.940874099731445 43.0 51.24985885620117
  endloop
endfacet
facet normal 0.0 0.0 0.0
  outer loop
    vertex 9.974722862243652 43.0 53.178192138671875
    vertex 11.940874099731445 43.0 51.24985885620117
    vertex 11.946771621704102 43.0 50.93611526489258
  endloop
endfacet
facet normal 0.0 0.0 0.0
  outer loop
    vertex 11.934798240661621 43.0 51.541046142578125
    vertex 10.474162101745605 43.0 53.16456604003906
    vertex 11.92855453491211 43.0 51.808921813964844
  endloop
endfacet
facet normal 0.0 0.0 0.0
  outer loop
    vertex 11.92855453491211 43.0 51.808921813964844
    vertex 10.474162101745605 43.0 53.16456604003906
    vertex 10.703104019165039 43.0 53.156089782714844
  endloop
endfacet
facet normal 0.0 0.0 0.0
  outer loop
    vertex 11.92855453491211 43.0 51.808921813964844
    vertex 10.703104019165039 43.0 53.156089782714844
    vertex 11.92215347290039 43.0 52.05271530151367
  endloop
endfacet
facet normal 0.0 0.0 0.0
  outer loop
    vertex 11.92215347290039 43.0 52.05271530151367
    vertex 10.703104019165039 43.0 53.156089782714844
    vertex 10.916167259216309 43.0 53.1466178894043
  endloop
endfacet
facet normal 0.0 0.0 0.0
  outer loop
    vertex 11.92215347290039 43.0 52.05271530151367
    vertex 10.916167259216309 43.0 53.1466178894043
    vertex 11.915605545043945 43.0 52.271671295166016
  endloop
endfacet
facet normal 0.0 0.0 0.0
  outer loop
    vertex 11.915605545043945 43.0 52.271671295166016
    vertex 10.916167259216309 43.0 53.1466178894043
    vertex 11.11182975769043 43.0 53.13623046875
  endloop
endfacet
facet normal 0.0 0.0 0.0
  outer loop
    vertex 11.915605545043945 43.0 52.271671295166016
    vertex 11.11182975769043 43.0 53.13623046875
    vertex 11.908921241760254 43.0 52.46501922607422
  endloop
endfacet
facet normal 0.0 0.0 0.0
  outer loop
    vertex 11.908921241760254 43.0 52.46501922607422
    vertex 11.11182975769043 43.0 53.13623046875
    vertex 11.28857135772705 43.0 53.1250114440918
  endloop
endfacet
facet normal 0.0 0.0 0.0
  outer loop
    vertex 11.908921241760254 43.0 52.46501922607422
    vertex 11.28857135772705 43.0 53.1250114440918
    vertex 11.444870948791504 43.0 53.113037109375
  endloop
endfacet
facet normal 0.0 0.0 0.0
  outer loop
    vertex 11.908921241760254 43.0 52.46501922607422
    vertex 11.444870948791504 43.0 53.113037109375
    vertex 11.902109146118164 43.0 52.63200378417969
  endloop
endfacet
facet normal 0.0 0.0 0.0
  outer loop
    vertex 11.902109146118164 43.0 52.63200378417969
    vertex 11.444870948791504 43.0 53.113037109375
    vertex 11.579208374023438 43.0 53.10039138793945
  endloop
endfacet
facet normal 0.0 0.0 0.0
  outer loop
    vertex 11.902109146118164 43.0 52.63200378417969
    vertex 11.579208374023438 43.0 53.10039138793945
    vertex 11.895181655883789 43.0 52.77185821533203
  endloop
endfacet
facet normal 0.0 0.0 0.0
  outer loop
    vertex 11.895181655883789 43.0 52.77185821533203
    vertex 11.579208374023438 43.0 53.10039138793945
    vertex 11.69006061553955 43.0 53.087162017822266
  endloop
endfacet
facet normal 0.0 0.0 0.0
  outer loop
    vertex 11.895181655883789 43.0 52.77185821533203
    vertex 11.69006061553955 43.0 53.087162017822266
    vertex 11.888147354125977 43.0 52.88382339477539
  endloop
endfacet
facet normal 0.0 0.0 0.0
  outer loop
    vertex 11.888147354125977 43.0 52.88382339477539
    vertex 11.69006061553955 43.0 53.087162017822266
    vertex 11.775909423828125 43.0 53.073421478271484
  endloop
endfacet
facet normal 0.0 0.0 0.0
  outer loop
    vertex 11.888147354125977 43.0 52.88382339477539
    vertex 11.775909423828125 43.0 53.073421478271484
    vertex 11.881016731262207 43.0 52.96713638305664
  endloop
endfacet
facet normal 0.0 0.0 0.0
  outer loop
    vertex 11.881016731262207 43.0 52.96713638305664
    vertex 11.775909423828125 43.0 53.073421478271484
    vertex 11.83523178100586 43.0 53.05925750732422
  endloop
endfacet
facet normal 0.0 0.0 0.0
  outer loop
    vertex 11.881016731262207 43.0 52.96713638305664
    vertex 11.83523178100586 43.0 53.05925750732422
    vertex 11.873800277709961 43.0 53.02103042602539
  endloop
endfacet
facet normal 0.0 0.0 0.0
  outer loop
    vertex 11.873800277709961 43.0 53.02103042602539
    vertex 11.83523178100586 43.0 53.05925750732422
    vertex 11.854471206665039 43.0 53.052040100097656
  endloop
endfacet
facet normal 0.0 0.0 0.0
  outer loop
    vertex 11.873800277709961 43.0 53.02103042602539
    vertex 11.854471206665039 43.0 53.052040100097656
    vertex 11.870162963867188 43.0 53.03670883178711
  endloop
endfacet
facet normal 0.0 0.0 0.0
  outer loop
    vertex 11.870162963867188 43.0 53.03670883178711
    vertex 11.854471206665039 43.0 53.052040100097656
    vertex 11.861401557922363 43.0 53.04840087890625
  endloop
endfacet
facet normal 0.0 0.0 0.0
  outer loop
    vertex 11.870162963867188 43.0 53.03670883178711
    vertex 11.861401557922363 43.0 53.04840087890625
    vertex 11.868337631225586 43.0 53.041690826416016
  endloop
endfacet
facet normal 0.0 0.0 0.0
  outer loop
    vertex 11.868337631225586 43.0 53.041690826416016
    vertex 11.861401557922363 43.0 53.04840087890625
    vertex 11.867423057556152 43.0 53.043460845947266
  endloop
endfacet
facet normal 0.0 0.0 0.0
  outer loop
    vertex 11.867423057556152 43.0 53.043460845947266
    vertex 11.861401557922363 43.0 53.04840087890625
    vertex 11.866508483886719 43.0 53.04474639892578
  endloop
endfacet
facet normal 0.0 0.0 0.0
  outer loop
    vertex 11.867423057556152 43.0 53.043460845947266
    vertex 11.866508483886719 43.0 53.04474639892578
    vertex 11.866966247558594 43.0 53.04416275024414
  endloop
endfacet
facet normal 0.0 0.0 0.0
  outer loop
    vertex 11.973235130310059 43.0 49.05577850341797
    vertex 11.977851867675781 43.0 48.62272262573242
    vertex 5.983047962188721 43.0 47.16128921508789
  endloop
endfacet
facet normal 0.0 0.0 0.0
  outer loop
    vertex 5.983047962188721 43.0 47.16128921508789
    vertex 11.977851867675781 43.0 48.62272262573242
    vertex 11.982218742370605 43.0 48.172454833984375
  endloop
endfacet
facet normal 0.0 0.0 0.0
  outer loop
    vertex 5.983047962188721 43.0 47.16128921508789
    vertex 11.982218742370605 43.0 48.172454833984375
    vertex 11.98632526397705 43.0 47.70573043823242
  endloop
endfacet
facet normal 0.0 0.0 0.0
  outer loop
    vertex 11.98632526397705 43.0 47.70573043823242
    vertex 11.993720054626465 43.0 46.725975036621094
    vertex 5.983047962188721 43.0 47.16128921508789
  endloop
endfacet
facet normal 0.0 0.0 0.0
  outer loop
    vertex 5.983047962188721 43.0 47.16128921508789
    vertex 11.993720054626465 43.0 46.725975036621094
    vertex 11.999953269958496 43.0 45.68954849243164
  endloop
endfacet
facet normal 0.0 0.0 0.0
  outer loop
    vertex 5.983047962188721 43.0 47.16128921508789
    vertex 11.999953269958496 43.0 45.68954849243164
    vertex 12.00494384765625 43.0 44.602561950683594
  endloop
endfacet
facet normal 0.0 0.0 0.0
  outer loop
    vertex 5.983047962188721 43.0 47.16128921508789
    vertex 12.00494384765625 43.0 44.602561950683594
    vertex 5.983047962188721 43.0 41.132694244384766
  endloop
endfacet
facet normal 0.0 0.0 0.0
  outer loop
    vertex 5.983047962188721 43.0 41.132694244384766
    vertex 12.00494384765625 43.0 44.602561950683594
    vertex 12.008609771728516 43.0 43.471107482910156
  endloop
endfacet
facet normal 0.0 0.0 0.0
  outer loop
    vertex 5.983047962188721 43.0 41.132694244384766
    vertex 12.008609771728516 43.0 43.471107482910156
    vertex 12.010869026184082 43.0 42.30128860473633
  endloop
endfacet
facet normal 0.0 0.0 0.0
  outer loop
    vertex 12.010869026184082 43.0 42.30128860473633
    vertex 12.011640548706055 43.0 41.09920120239258
    vertex 5.983047962188721 43.0 41.132694244384766
  endloop
endfacet
facet normal 0.0 0.0 0.0
  outer loop
    vertex 5.983047962188721 43.0 41.132694244384766
    vertex 12.011640548706055 43.0 41.09920120239258
    vertex 5.983047962188721 43.0 29.298789978027344
  endloop
endfacet
facet normal 0.0 0.0 0.0
  outer loop
    vertex 5.983047962188721 43.0 29.298789978027344
    vertex 12.011640548706055 43.0 41.09920120239258
    vertex 12.011640548706055 43.0 29.298789978027344
  endloop
endfacet
facet normal 0.0 0.0 0.0
  outer loop
    vertex 5.983047962188721 43.0 41.132694244384766
    vertex 0.17773675918579102 43.0 41.132694244384766
    vertex 5.983047962188721 43.0 47.16128921508789
  endloop
endfacet
facet normal 0.0 0.0 0.0
  outer loop
    vertex 5.983047962188721 43.0 47.16128921508789
    vertex 0.17773675918579102 43.0 41.132694244384766
    vertex -0.045544445514678955 43.0 41.35597610473633
  endloop
endfacet
facet normal 0.0 0.0 0.0
  outer loop
    vertex 5.983047962188721 43.0 47.16128921508789
    vertex -0.045544445514678955 43.0 41.35597610473633
    vertex -0.045544445514678955 43.0 47.16128921508789
  endloop
endfacet
facet normal 0.0 0.0 0.0
  outer loop
    vertex 0.17773675918579102 43.0 35.32738494873047
    vertex -5.850855827331543 43.0 35.32738494873047
    vertex 0.17773675918579102 43.0 41.132694244384766
  endloop
endfacet
facet normal 0.0 0.0 0.0
  outer loop
    vertex 0.17773675918579102 43.0 41.132694244384766
    vertex -5.850855827331543 43.0 35.32738494873047
    vertex -0.045544445514678955 43.0 41.35597610473633
  endloop
endfacet
facet normal 0.0 0.0 0.0
  outer loop
    vertex -5.850855827331543 43.0 29.287626266479492
    vertex -8.809331893920898 43.0 29.343446731567383
    vertex -5.850855827331543 43.0 35.32738494873047
  endloop
endfacet
facet normal 0.0 0.0 0.0
  outer loop
    vertex -5.850855827331543 43.0 35.32738494873047
    vertex -8.809331893920898 43.0 29.343446731567383
    vertex -11.767807960510254 43.0 29.410430908203125
  endloop
endfacet
facet normal 0.0 0.0 0.0
  outer loop
    vertex -5.850855827331543 43.0 35.32738494873047
    vertex -11.767807960510254 43.0 29.410430908203125
    vertex -5.850855827331543 43.0 41.35597610473633
  endloop
endfacet
facet normal 0.0 0.0 0.0
  outer loop
    vertex -5.850855827331543 43.0 41.35597610473633
    vertex -11.767807960510254 43.0 29.410430908203125
    vertex -11.767807960510254 43.0 53.07823944091797
  endloop
endfacet
facet normal 0.0 0.0 0.0
  outer loop
    vertex -5.850855827331543 43.0 41.35597610473633
    vertex -11.767807960510254 43.0 53.07823944091797
    vertex -8.809331893920898 43.0 53.145225524902344
  endloop
endfacet
facet normal 0.0 0.0 0.0
  outer loop
    vertex -8.809331893920898 43.0 53.145225524902344
    vertex -5.850855827331543 43.0 53.201045989990234
    vertex -5.850855827331543 43.0 41.35597610473633
  endloop
endfacet
facet normal 0.0 0.0 0.0
  outer loop
    vertex -5.850855827331543 43.0 41.35597610473633
    vertex -0.045544445514678955 43.0 41.35597610473633
    vertex -5.850855827331543 43.0 35.32738494873047
  endloop
endfacet
facet normal 0.0 0.0 0.0
  outer loop
    vertex 5.983047962188721 43.0 47.16128921508789
    vertex 5.983047962188721 43.0 53.18988037109375
    vertex 8.852211952209473 43.0 53.18988037109375
  endloop
endfacet
facet normal 0.0 0.0 0.0
  outer loop
    vertex -17.68475914001465 43.5 47.16128921508789
    vertex -23.49007225036621 43.5 47.16128921508789
    vertex -17.68475914001465 43.0 47.16128921508789
  endloop
endfacet
facet normal 0.0 0.0 0.0
  outer loop
    vertex -17.68475914001465 43.0 47.16128921508789
    vertex -23.49007225036621 43.5 47.16128921508789
    vertex -23.49007225036621 43.0 47.16128921508789
  endloop
endfacet
facet normal 0.0 0.0 0.0
  outer loop
    vertex -23.49007225036621 43.5 47.16128921508789
    vertex -23.60171127319336 43.5 29.410430908203125
    vertex -23.49007225036621 43.0 47.16128921508789
  endloop
endfacet
facet normal 0.0 0.0 0.0
  outer loop
    vertex -23.49007225036621 43.0 47.16128921508789
    vertex -23.60171127319336 43.5 29.410430908203125
    vertex -23.60171127319336 43.0 29.410430908203125
  endloop
endfacet
facet normal 0.0 0.0 0.0
  outer loop
    vertex -23.60171127319336 43.5 29.410430908203125
    vertex -29.63030433654785 43.5 29.410430908203125
    vertex -23.60171127319336 43.0 29.410430908203125
  endloop
endfacet
facet normal 0.0 0.0 0.0
  outer loop
    vertex -23.60171127319336 43.0 29.410430908203125
    vertex -29.63030433654785 43.5 29.410430908203125
    vertex -29.63030433654785 43.0 29.410430908203125
  endloop
endfacet
facet normal 0.0 0.0 0.0
  outer loop
    vertex -29.63030433654785 43.5 29.410430908203125
    vertex -29.63030433654785 43.5 47.04964828491211
    vertex -29.63030433654785 43.0 29.410430908203125
  endloop
endfacet
facet normal 0.0 0.0 0.0
  outer loop
    vertex -29.63030433654785 43.0 29.410430908203125
    vertex -29.63030433654785 43.5 47.04964828491211
    vertex -29.63030433654785 43.0 47.04964828491211
  endloop
endfacet
facet normal 0.0 0.0 0.0
  outer loop
    vertex -29.63030433654785 43.5 47.04964828491211
    vertex -32.599945068359375 43.5 47.11663055419922
    vertex -29.63030433654785 43.0 47.04964828491211
  endloop
endfacet
facet normal 0.0 0.0 0.0
  outer loop
    vertex -29.63030433654785 43.0 47.04964828491211
    vertex -32.599945068359375 43.5 47.11663055419922
    vertex -32.599945068359375 43.0 47.11663055419922
  endloop
endfacet
facet normal 0.0 0.0 0.0
  outer loop
    vertex -32.599945068359375 43.5 47.11663055419922
    vertex -35.55842208862305 43.5 47.17245101928711
    vertex -32.599945068359375 43.0 47.11663055419922
  endloop
endfacet
facet normal 0.0 0.0 0.0
  outer loop
    vertex -32.599945068359375 43.0 47.11663055419922
    vertex -35.55842208862305 43.5 47.17245101928711
    vertex -35.55842208862305 43.0 47.17245101928711
  endloop
endfacet
facet normal 0.0 0.0 0.0
  outer loop
    vertex -35.55842208862305 43.5 47.17245101928711
    vertex -35.502601623535156 43.5 50.13092803955078
    vertex -35.55842208862305 43.0 47.17245101928711
  endloop
endfacet
facet normal 0.0 0.0 0.0
  outer loop
    vertex -35.55842208862305 43.0 47.17245101928711
    vertex -35.502601623535156 43.5 50.13092803955078
    vertex -35.502601623535156 43.0 50.13092803955078
  endloop
endfacet
facet normal 0.0 0.0 0.0
  outer loop
    vertex -35.502601623535156 43.5 50.13092803955078
    vertex -35.43561553955078 43.5 53.07823944091797
    vertex -35.502601623535156 43.0 50.13092803955078
  endloop
endfacet
facet normal 0.0 0.0 0.0
  outer loop
    vertex -35.502601623535156 43.0 50.13092803955078
    vertex -35.43561553955078 43.5 53.07823944091797
    vertex -35.43561553955078 43.0 53.07823944091797
  endloop
endfacet
facet normal 0.0 0.0 0.0
  outer loop
    vertex -35.43561553955078 43.5 53.07823944091797
    vertex -17.68475914001465 43.5 53.18988037109375
    vertex -35.43561553955078 43.0 53.07823944091797
  endloop
endfacet
facet normal 0.0 0.0 0.0
  outer loop
    vertex -35.43561553955078 43.0 53.07823944091797
    vertex -17.68475914001465 43.5 53.18988037109375
    vertex -17.68475914001465 43.0 53.18988037109375
  endloop
endfacet
facet normal 0.0 0.0 0.0
  outer loop
    vertex -17.68475914001465 43.5 53.18988037109375
    vertex -17.68475914001465 43.5 47.16128921508789
    vertex -17.68475914001465 43.0 53.18988037109375
  endloop
endfacet
facet normal 0.0 0.0 0.0
  outer loop
    vertex -17.68475914001465 43.0 53.18988037109375
    vertex -17.68475914001465 43.5 47.16128921508789
    vertex -17.68475914001465 43.0 47.16128921508789
  endloop
endfacet
facet normal 0.0 0.0 0.0
  outer loop
    vertex -17.68475914001465 43.0 47.16128921508789
    vertex -23.49007225036621 43.0 47.16128921508789
    vertex -17.68475914001465 43.0 53.18988037109375
  endloop
endfacet
facet normal 0.0 0.0 0.0
  outer loop
    vertex -17.68475914001465 43.0 53.18988037109375
    vertex -23.49007225036621 43.0 47.16128921508789
    vertex -35.43561553955078 43.0 53.07823944091797
  endloop
endfacet
facet normal 0.0 0.0 0.0
  outer loop
    vertex -35.43561553955078 43.0 53.07823944091797
    vertex -23.49007225036621 43.0 47.16128921508789
    vertex -29.63030433654785 43.0 47.04964828491211
  endloop
endfacet
facet normal 0.0 0.0 0.0
  outer loop
    vertex -35.43561553955078 43.0 53.07823944091797
    vertex -29.63030433654785 43.0 47.04964828491211
    vertex -32.599945068359375 43.0 47.11663055419922
  endloop
endfacet
facet normal 0.0 0.0 0.0
  outer loop
    vertex -23.49007225036621 43.0 47.16128921508789
    vertex -23.60171127319336 43.0 29.410430908203125
    vertex -29.63030433654785 43.0 47.04964828491211
  endloop
endfacet
facet normal 0.0 0.0 0.0
  outer loop
    vertex -29.63030433654785 43.0 47.04964828491211
    vertex -23.60171127319336 43.0 29.410430908203125
    vertex -29.63030433654785 43.0 29.410430908203125
  endloop
endfacet
facet normal 0.0 0.0 0.0
  outer loop
    vertex -35.55842208862305 43.0 47.17245101928711
    vertex -35.502601623535156 43.0 50.13092803955078
    vertex -32.599945068359375 43.0 47.11663055419922
  endloop
endfacet
facet normal 0.0 0.0 0.0
  outer loop
    vertex -32.599945068359375 43.0 47.11663055419922
    vertex -35.502601623535156 43.0 50.13092803955078
    vertex -35.43561553955078 43.0 53.07823944091797
  endloop
endfacet
facet normal 0.0 0.0 0.0
  outer loop
    vertex 43.5 -38.00141525268555 47.63872146606445
    vertex 43.5 -34.92272186279297 47.57974624633789
    vertex 43.0 -38.00141525268555 47.63872146606445
  endloop
endfacet
facet normal 0.0 0.0 0.0
  outer loop
    vertex 43.0 -38.00141525268555 47.63872146606445
    vertex 43.5 -34.92272186279297 47.57974624633789
    vertex 43.0 -34.92272186279297 47.57974624633789
  endloop
endfacet
facet normal 0.0 0.0 0.0
  outer loop
    vertex 43.5 -34.92272186279297 47.57974624633789
    vertex 43.5 -31.855819702148438 47.508968353271484
    vertex 43.0 -34.92272186279297 47.57974624633789
  endloop
endfacet
facet normal 0.0 0.0 0.0
  outer loop
    vertex 43.0 -34.92272186279297 47.57974624633789
    vertex 43.5 -31.855819702148438 47.508968353271484
    vertex 43.0 -31.855819702148438 47.508968353271484
  endloop
endfacet
facet normal 0.0 0.0 0.0
  outer loop
    vertex 43.5 -31.855819702148438 47.508968353271484
    vertex 43.5 -31.79684066772461 38.190311431884766
    vertex 43.0 -31.855819702148438 47.508968353271484
  endloop
endfacet
facet normal 0.0 0.0 0.0
  outer loop
    vertex 43.0 -31.855819702148438 47.508968353271484
    vertex 43.5 -31.79684066772461 38.190311431884766
    vertex 43.0 -31.79684066772461 38.190311431884766
  endloop
endfacet
facet normal 0.0 0.0 0.0
  outer loop
    vertex 43.5 -31.79684066772461 38.190311431884766
    vertex 43.5 -31.749656677246094 28.87165069580078
    vertex 43.0 -31.79684066772461 38.190311431884766
  endloop
endfacet
facet normal 0.0 0.0 0.0
  outer loop
    vertex 43.0 -31.79684066772461 38.190311431884766
    vertex 43.5 -31.749656677246094 28.87165069580078
    vertex 43.0 -31.749656677246094 28.87165069580078
  endloop
endfacet
facet normal 0.0 0.0 0.0
  outer loop
    vertex 43.5 -31.749656677246094 28.87165069580078
    vertex 43.5 -25.474306106567383 28.87165069580078
    vertex 43.0 -31.749656677246094 28.87165069580078
  endloop
endfacet
facet normal 0.0 0.0 0.0
  outer loop
    vertex 43.0 -31.749656677246094 28.87165069580078
    vertex 43.5 -25.474306106567383 28.87165069580078
    vertex 43.0 -25.474306106567383 28.87165069580078
  endloop
endfacet
facet normal 0.0 0.0 0.0
  outer loop
    vertex 43.5 -25.474306106567383 28.87165069580078
    vertex 43.5 -25.49789810180664 38.249290466308594
    vertex 43.0 -25.474306106567383 28.87165069580078
  endloop
endfacet
facet normal 0.0 0.0 0.0
  outer loop
    vertex 43.0 -25.474306106567383 28.87165069580078
    vertex 43.5 -25.49789810180664 38.249290466308594
    vertex 43.0 -25.49789810180664 38.249290466308594
  endloop
endfacet
facet normal 0.0 0.0 0.0
  outer loop
    vertex 43.5 -25.49789810180664 38.249290466308594
    vertex 43.5 -25.509695053100586 47.62692642211914
    vertex 43.0 -25.49789810180664 38.249290466308594
  endloop
endfacet
facet normal 0.0 0.0 0.0
  outer loop
    vertex 43.0 -25.49789810180664 38.249290466308594
    vertex 43.5 -25.509695053100586 47.62692642211914
    vertex 43.0 -25.509695053100586 47.62692642211914
  endloop
endfacet
facet normal 0.0 0.0 0.0
  outer loop
    vertex 43.5 -25.509695053100586 47.62692642211914
    vertex 43.5 -19.11638641357422 47.62692642211914
    vertex 43.0 -25.509695053100586 47.62692642211914
  endloop
endfacet
facet normal 0.0 0.0 0.0
  outer loop
    vertex 43.0 -25.509695053100586 47.62692642211914
    vertex 43.5 -19.11638641357422 47.62692642211914
    vertex 43.0 -19.11638641357422 47.62692642211914
  endloop
endfacet
facet normal 0.0 0.0 0.0
  outer loop
    vertex 43.5 -19.11638641357422 47.62692642211914
    vertex 43.5 -19.175365447998047 50.7528076171875
    vertex 43.0 -19.11638641357422 47.62692642211914
  endloop
endfacet
facet normal 0.0 0.0 0.0
  outer loop
    vertex 43.0 -19.11638641357422 47.62692642211914
    vertex 43.5 -19.175365447998047 50.7528076171875
    vertex 43.0 -19.175365447998047 50.7528076171875
  endloop
endfacet
facet normal 0.0 0.0 0.0
  outer loop
    vertex 43.5 -19.175365447998047 50.7528076171875
    vertex 43.5 -19.246139526367188 53.878684997558594
    vertex 43.0 -19.175365447998047 50.7528076171875
  endloop
endfacet
facet normal 0.0 0.0 0.0
  outer loop
    vertex 43.0 -19.175365447998047 50.7528076171875
    vertex 43.5 -19.246139526367188 53.878684997558594
    vertex 43.0 -19.246139526367188 53.878684997558594
  endloop
endfacet
facet normal 0.0 0.0 0.0
  outer loop
    vertex 43.5 -19.246139526367188 53.878684997558594
    vertex 43.5 -38.00141525268555 53.99664306640625
    vertex 43.0 -19.246139526367188 53.878684997558594
  endloop
endfacet
facet normal 0.0 0.0 0.0
  outer loop
    vertex 43.0 -19.246139526367188 53.878684997558594
    vertex 43.5 -38.00141525268555 53.99664306640625
    vertex 43.0 -38.00141525268555 53.99664306640625
  endloop
endfacet
facet normal 0.0 0.0 0.0
  outer loop
    vertex 43.5 -38.00141525268555 53.99664306640625
    vertex 43.5 -38.00141525268555 47.63872146606445
    vertex 43.0 -38.00141525268555 53.99664306640625
  endloop
endfacet
facet normal 0.0 0.0 0.0
  outer loop
    vertex 43.0 -38.00141525268555 53.99664306640625
    vertex 43.5 -38.00141525268555 47.63872146606445
    vertex 43.0 -38.00141525268555 47.63872146606445
  endloop
endfacet
facet normal 0.0 0.0 0.0
  outer loop
    vertex 43.0 -38.00141525268555 47.63872146606445
    vertex 43.0 -34.92272186279297 47.57974624633789
    vertex 43.0 -38.00141525268555 53.99664306640625
  endloop
endfacet
facet normal 0.0 0.0 0.0
  outer loop
    vertex 43.0 -38.00141525268555 53.99664306640625
    vertex 43.0 -34.92272186279297 47.57974624633789
    vertex 43.0 -31.855819702148438 47.508968353271484
  endloop
endfacet
facet normal 0.0 0.0 0.0
  outer loop
    vertex 43.0 -38.00141525268555 53.99664306640625
    vertex 43.0 -31.855819702148438 47.508968353271484
    vertex 43.0 -25.509695053100586 47.62692642211914
  endloop
endfacet
facet normal 0.0 0.0 0.0
  outer loop
    vertex 43.0 -25.509695053100586 47.62692642211914
    vertex 43.0 -31.855819702148438 47.508968353271484
    vertex 43.0 -25.49789810180664 38.249290466308594
  endloop
endfacet
facet normal 0.0 0.0 0.0
  outer loop
    vertex 43.0 -25.49789810180664 38.249290466308594
    vertex 43.0 -31.855819702148438 47.508968353271484
    vertex 43.0 -31.79684066772461 38.190311431884766
  endloop
endfacet
facet normal 0.0 0.0 0.0
  outer loop
    vertex 43.0 -25.49789810180664 38.249290466308594
    vertex 43.0 -31.79684066772461 38.190311431884766
    vertex 43.0 -31.749656677246094 28.87165069580078
  endloop
endfacet
facet normal 0.0 0.0 0.0
  outer loop
    vertex 43.0 -31.749656677246094 28.87165069580078
    vertex 43.0 -25.474306106567383 28.87165069580078
    vertex 43.0 -25.49789810180664 38.249290466308594
  endloop
endfacet
facet normal 0.0 0.0 0.0
  outer loop
    vertex 43.0 -19.11638641357422 47.62692642211914
    vertex 43.0 -19.175365447998047 50.7528076171875
    vertex 43.0 -25.509695053100586 47.62692642211914
  endloop
endfacet
facet normal 0.0 0.0 0.0
  outer loop
    vertex 43.0 -25.509695053100586 47.62692642211914
    vertex 43.0 -19.175365447998047 50.7528076171875
    vertex 43.0 -19.246139526367188 53.878684997558594
  endloop
endfacet
facet normal 0.0 0.0 0.0
  outer loop
    vertex 43.0 -25.509695053100586 47.62692642211914
    vertex 43.0 -19.246139526367188 53.878684997558594
    vertex 43.0 -38.00141525268555 53.99664306640625
  endloop
endfacet
facet normal 0.0 0.0 0.0
  outer loop
    vertex 43.5 -12.841035842895508 53.843299865722656
    vertex 43.5 -12.841519355773926 53.842681884765625
    vertex 43.0 -12.841035842895508 53.843299865722656
  endloop
endfacet
facet normal 0.0 0.0 0.0
  outer loop
    vertex 43.0 -12.841035842895508 53.843299865722656
    vertex 43.5 -12.841519355773926 53.842681884765625
    vertex 43.0 -12.841519355773926 53.842681884765625
  endloop
endfacet
facet normal 0.0 0.0 0.0
  outer loop
    vertex 43.0 -12.841519355773926 53.842681884765625
    vertex 43.5 -12.841519355773926 53.842681884765625
    vertex 43.5 -12.842002868652344 53.84193801879883
  endloop
endfacet
facet normal 0.0 0.0 0.0
  outer loop
    vertex 43.0 -12.841519355773926 53.842681884765625
    vertex 43.5 -12.842002868652344 53.84193801879883
    vertex 43.0 -12.842002868652344 53.84193801879883
  endloop
endfacet
facet normal 0.0 0.0 0.0
  outer loop
    vertex 43.0 -12.842002868652344 53.84193801879883
    vertex 43.5 -12.842002868652344 53.84193801879883
    vertex 43.5 -12.842967987060547 53.84006881713867
  endloop
endfacet
facet normal 0.0 0.0 0.0
  outer loop
    vertex 43.0 -12.842002868652344 53.84193801879883
    vertex 43.5 -12.842967987060547 53.84006881713867
    vertex 43.0 -12.842967987060547 53.84006881713867
  endloop
endfacet
facet normal 0.0 0.0 0.0
  outer loop
    vertex 43.0 -12.842967987060547 53.84006881713867
    vertex 43.5 -12.842967987060547 53.84006881713867
    vertex 43.5 -12.844897270202637 53.83480453491211
  endloop
endfacet
facet normal 0.0 0.0 0.0
  outer loop
    vertex 43.0 -12.842967987060547 53.84006881713867
    vertex 43.5 -12.844897270202637 53.83480453491211
    vertex 43.0 -12.844897270202637 53.83480453491211
  endloop
endfacet
facet normal 0.0 0.0 0.0
  outer loop
    vertex 43.0 -12.844897270202637 53.83480453491211
    vertex 43.5 -12.844897270202637 53.83480453491211
    vertex 43.5 -12.848739624023438 53.818241119384766
  endloop
endfacet
facet normal 0.0 0.0 0.0
  outer loop
    vertex 43.0 -12.844897270202637 53.83480453491211
    vertex 43.5 -12.848739624023438 53.818241119384766
    vertex 43.0 -12.848739624023438 53.818241119384766
  endloop
endfacet
facet normal 0.0 0.0 0.0
  outer loop
    vertex 43.0 -12.848739624023438 53.818241119384766
    vertex 43.5 -12.848739624023438 53.818241119384766
    vertex 43.5 -12.856364250183105 53.761295318603516
  endloop
endfacet
facet normal 0.0 0.0 0.0
  outer loop
    vertex 43.0 -12.848739624023438 53.818241119384766
    vertex 43.5 -12.856364250183105 53.761295318603516
    vertex 43.0 -12.856364250183105 53.761295318603516
  endloop
endfacet
facet normal 0.0 0.0 0.0
  outer loop
    vertex 43.0 -12.856364250183105 53.761295318603516
    vertex 43.5 -12.856364250183105 53.761295318603516
    vertex 43.5 -12.863898277282715 53.67327117919922
  endloop
endfacet
facet normal 0.0 0.0 0.0
  outer loop
    vertex 43.0 -12.856364250183105 53.761295318603516
    vertex 43.5 -12.863898277282715 53.67327117919922
    vertex 43.0 -12.863898277282715 53.67327117919922
  endloop
endfacet
facet normal 0.0 0.0 0.0
  outer loop
    vertex 43.0 -12.863898277282715 53.67327117919922
    vertex 43.5 -12.863898277282715 53.67327117919922
    vertex 43.5 -12.871331214904785 53.554969787597656
  endloop
endfacet
facet normal 0.0 0.0 0.0
  outer loop
    vertex 43.0 -12.863898277282715 53.67327117919922
    vertex 43.5 -12.871331214904785 53.554969787597656
    vertex 43.0 -12.871331214904785 53.554969787597656
  endloop
endfacet
facet normal 0.0 0.0 0.0
  outer loop
    vertex 43.0 -12.871331214904785 53.554969787597656
    vertex 43.5 -12.871331214904785 53.554969787597656
    vertex 43.5 -12.87865161895752 53.40719985961914
  endloop
endfacet
facet normal 0.0 0.0 0.0
  outer loop
    vertex 43.0 -12.871331214904785 53.554969787597656
    vertex 43.5 -12.87865161895752 53.40719985961914
    vertex 43.0 -12.87865161895752 53.40719985961914
  endloop
endfacet
facet normal 0.0 0.0 0.0
  outer loop
    vertex 43.0 -12.87865161895752 53.40719985961914
    vertex 43.5 -12.87865161895752 53.40719985961914
    vertex 43.5 -12.885848045349121 53.230770111083984
  endloop
endfacet
facet normal 0.0 0.0 0.0
  outer loop
    vertex 43.0 -12.87865161895752 53.40719985961914
    vertex 43.5 -12.885848045349121 53.230770111083984
    vertex 43.0 -12.885848045349121 53.230770111083984
  endloop
endfacet
facet normal 0.0 0.0 0.0
  outer loop
    vertex 43.0 -12.885848045349121 53.230770111083984
    vertex 43.5 -12.885848045349121 53.230770111083984
    vertex 43.5 -12.892911911010742 53.0264778137207
  endloop
endfacet
facet normal 0.0 0.0 0.0
  outer loop
    vertex 43.0 -12.885848045349121 53.230770111083984
    vertex 43.5 -12.892911911010742 53.0264778137207
    vertex 43.0 -12.892911911010742 53.0264778137207
  endloop
endfacet
facet normal 0.0 0.0 0.0
  outer loop
    vertex 43.0 -12.892911911010742 53.0264778137207
    vertex 43.5 -12.892911911010742 53.0264778137207
    vertex 43.5 -12.899829864501953 52.795135498046875
  endloop
endfacet
facet normal 0.0 0.0 0.0
  outer loop
    vertex 43.0 -12.892911911010742 53.0264778137207
    vertex 43.5 -12.899829864501953 52.795135498046875
    vertex 43.0 -12.899829864501953 52.795135498046875
  endloop
endfacet
facet normal 0.0 0.0 0.0
  outer loop
    vertex 43.0 -12.899829864501953 52.795135498046875
    vertex 43.5 -12.899829864501953 52.795135498046875
    vertex 43.5 -12.906593322753906 52.53754425048828
  endloop
endfacet
facet normal 0.0 0.0 0.0
  outer loop
    vertex 43.0 -12.899829864501953 52.795135498046875
    vertex 43.5 -12.906593322753906 52.53754425048828
    vertex 43.0 -12.906593322753906 52.53754425048828
  endloop
endfacet
facet normal 0.0 0.0 0.0
  outer loop
    vertex 43.0 -12.906593322753906 52.53754425048828
    vertex 43.5 -12.906593322753906 52.53754425048828
    vertex 43.5 -12.913189888000488 52.254512786865234
  endloop
endfacet
facet normal 0.0 0.0 0.0
  outer loop
    vertex 43.0 -12.906593322753906 52.53754425048828
    vertex 43.5 -12.913189888000488 52.254512786865234
    vertex 43.0 -12.913189888000488 52.254512786865234
  endloop
endfacet
facet normal 0.0 0.0 0.0
  outer loop
    vertex 43.0 -12.913189888000488 52.254512786865234
    vertex 43.5 -12.913189888000488 52.254512786865234
    vertex 43.5 -12.919609069824219 51.94684600830078
  endloop
endfacet
facet normal 0.0 0.0 0.0
  outer loop
    vertex 43.0 -12.913189888000488 52.254512786865234
    vertex 43.5 -12.919609069824219 51.94684600830078
    vertex 43.0 -12.919609069824219 51.94684600830078
  endloop
endfacet
facet normal 0.0 0.0 0.0
  outer loop
    vertex 43.0 -12.919609069824219 51.94684600830078
    vertex 43.5 -12.919609069824219 51.94684600830078
    vertex 43.5 -12.925840377807617 51.61534881591797
  endloop
endfacet
facet normal 0.0 0.0 0.0
  outer loop
    vertex 43.0 -12.919609069824219 51.94684600830078
    vertex 43.5 -12.925840377807617 51.61534881591797
    vertex 43.0 -12.925840377807617 51.61534881591797
  endloop
endfacet
facet normal 0.0 0.0 0.0
  outer loop
    vertex 43.0 -12.925840377807617 51.61534881591797
    vertex 43.5 -12.925840377807617 51.61534881591797
    vertex 43.5 -12.931873321533203 51.26082992553711
  endloop
endfacet
facet normal 0.0 0.0 0.0
  outer loop
    vertex 43.0 -12.925840377807617 51.61534881591797
    vertex 43.5 -12.931873321533203 51.26082992553711
    vertex 43.0 -12.931873321533203 51.26082992553711
  endloop
endfacet
facet normal 0.0 0.0 0.0
  outer loop
    vertex 43.0 -12.931873321533203 51.26082992553711
    vertex 43.5 -12.931873321533203 51.26082992553711
    vertex 43.5 -12.93769645690918 50.884090423583984
  endloop
endfacet
facet normal 0.0 0.0 0.0
  outer loop
    vertex 43.0 -12.931873321533203 51.26082992553711
    vertex 43.5 -12.93769645690918 50.884090423583984
    vertex 43.0 -12.93769645690918 50.884090423583984
  endloop
endfacet
facet normal 0.0 0.0 0.0
  outer loop
    vertex 43.0 -12.93769645690918 50.884090423583984
    vertex 43.5 -12.93769645690918 50.884090423583984
    vertex 43.5 -12.943300247192383 50.485939025878906
  endloop
endfacet
facet normal 0.0 0.0 0.0
  outer loop
    vertex 43.0 -12.93769645690918 50.884090423583984
    vertex 43.5 -12.943300247192383 50.485939025878906
    vertex 43.0 -12.943300247192383 50.485939025878906
  endloop
endfacet
facet normal 0.0 0.0 0.0
  outer loop
    vertex 43.0 -12.943300247192383 50.485939025878906
    vertex 43.5 -12.943300247192383 50.485939025878906
    vertex 43.5 -12.948671340942383 50.067176818847656
  endloop
endfacet
facet normal 0.0 0.0 0.0
  outer loop
    vertex 43.0 -12.943300247192383 50.485939025878906
    vertex 43.5 -12.948671340942383 50.067176818847656
    vertex 43.0 -12.948671340942383 50.067176818847656
  endloop
endfacet
facet normal 0.0 0.0 0.0
  outer loop
    vertex 43.0 -12.948671340942383 50.067176818847656
    vertex 43.5 -12.948671340942383 50.067176818847656
    vertex 43.5 -12.953802108764648 49.62861633300781
  endloop
endfacet
facet normal 0.0 0.0 0.0
  outer loop
    vertex 43.0 -12.948671340942383 50.067176818847656
    vertex 43.5 -12.953802108764648 49.62861633300781
    vertex 43.0 -12.953802108764648 49.62861633300781
  endloop
endfacet
facet normal 0.0 0.0 0.0
  outer loop
    vertex 43.0 -12.953802108764648 49.62861633300781
    vertex 43.5 -12.953802108764648 49.62861633300781
    vertex 43.5 -12.95867919921875 49.171058654785156
  endloop
endfacet
facet normal 0.0 0.0 0.0
  outer loop
    vertex 43.0 -12.953802108764648 49.62861633300781
    vertex 43.5 -12.95867919921875 49.171058654785156
    vertex 43.0 -12.95867919921875 49.171058654785156
  endloop
endfacet
facet normal 0.0 0.0 0.0
  outer loop
    vertex 43.0 -12.95867919921875 49.171058654785156
    vertex 43.5 -12.95867919921875 49.171058654785156
    vertex 43.5 -12.963293075561523 48.6953125
  endloop
endfacet
facet normal 0.0 0.0 0.0
  outer loop
    vertex 43.0 -12.95867919921875 49.171058654785156
    vertex 43.5 -12.963293075561523 48.6953125
    vertex 43.0 -12.963293075561523 48.6953125
  endloop
endfacet
facet normal 0.0 0.0 0.0
  outer loop
    vertex 43.0 -12.963293075561523 48.6953125
    vertex 43.5 -12.963293075561523 48.6953125
    vertex 43.5 -12.967632293701172 48.202178955078125
  endloop
endfacet
facet normal 0.0 0.0 0.0
  outer loop
    vertex 43.0 -12.963293075561523 48.6953125
    vertex 43.5 -12.967632293701172 48.202178955078125
    vertex 43.0 -12.967632293701172 48.202178955078125
  endloop
endfacet
facet normal 0.0 0.0 0.0
  outer loop
    vertex 43.0 -12.967632293701172 48.202178955078125
    vertex 43.5 -12.967632293701172 48.202178955078125
    vertex 43.5 -12.971687316894531 47.692466735839844
  endloop
endfacet
facet normal 0.0 0.0 0.0
  outer loop
    vertex 43.0 -12.967632293701172 48.202178955078125
    vertex 43.5 -12.971687316894531 47.692466735839844
    vertex 43.0 -12.971687316894531 47.692466735839844
  endloop
endfacet
facet normal 0.0 0.0 0.0
  outer loop
    vertex 43.0 -12.971687316894531 47.692466735839844
    vertex 43.5 -12.971687316894531 47.692466735839844
    vertex 43.5 -12.975445747375488 47.1669807434082
  endloop
endfacet
facet normal 0.0 0.0 0.0
  outer loop
    vertex 43.0 -12.971687316894531 47.692466735839844
    vertex 43.5 -12.975445747375488 47.1669807434082
    vertex 43.0 -12.975445747375488 47.1669807434082
  endloop
endfacet
facet normal 0.0 0.0 0.0
  outer loop
    vertex 43.0 -12.975445747375488 47.1669807434082
    vertex 43.5 -12.975445747375488 47.1669807434082
    vertex 43.5 -12.98203182220459 46.07191467285156
  endloop
endfacet
facet normal 0.0 0.0 0.0
  outer loop
    vertex 43.0 -12.975445747375488 47.1669807434082
    vertex 43.5 -12.98203182220459 46.07191467285156
    vertex 43.0 -12.98203182220459 46.07191467285156
  endloop
endfacet
facet normal 0.0 0.0 0.0
  outer loop
    vertex 43.0 -12.98203182220459 46.07191467285156
    vertex 43.5 -12.98203182220459 46.07191467285156
    vertex 43.5 -12.9873046875 44.92341613769531
  endloop
endfacet
facet normal 0.0 0.0 0.0
  outer loop
    vertex 43.0 -12.98203182220459 46.07191467285156
    vertex 43.5 -12.9873046875 44.92341613769531
    vertex 43.0 -12.9873046875 44.92341613769531
  endloop
endfacet
facet normal 0.0 0.0 0.0
  outer loop
    vertex 43.0 -12.9873046875 44.92341613769531
    vertex 43.5 -12.9873046875 44.92341613769531
    vertex 43.5 -12.991178512573242 43.72793960571289
  endloop
endfacet
facet normal 0.0 0.0 0.0
  outer loop
    vertex 43.0 -12.9873046875 44.92341613769531
    vertex 43.5 -12.991178512573242 43.72793960571289
    vertex 43.0 -12.991178512573242 43.72793960571289
  endloop
endfacet
facet normal 0.0 0.0 0.0
  outer loop
    vertex 43.0 -12.991178512573242 43.72793960571289
    vertex 43.5 -12.991178512573242 43.72793960571289
    vertex 43.5 -12.993565559387207 42.49192810058594
  endloop
endfacet
facet normal 0.0 0.0 0.0
  outer loop
    vertex 43.0 -12.991178512573242 43.72793960571289
    vertex 43.5 -12.993565559387207 42.49192810058594
    vertex 43.0 -12.993565559387207 42.49192810058594
  endloop
endfacet
facet normal 0.0 0.0 0.0
  outer loop
    vertex 43.0 -12.993565559387207 42.49192810058594
    vertex 43.5 -12.993565559387207 42.49192810058594
    vertex 43.5 -12.994379997253418 41.221824645996094
  endloop
endfacet
facet normal 0.0 0.0 0.0
  outer loop
    vertex 43.0 -12.993565559387207 42.49192810058594
    vertex 43.5 -12.994379997253418 41.221824645996094
    vertex 43.0 -12.994379997253418 41.221824645996094
  endloop
endfacet
facet normal 0.0 0.0 0.0
  outer loop
    vertex 43.5 -12.994379997253418 41.221824645996094
    vertex 43.5 -12.994379997253418 28.753692626953125
    vertex 43.0 -12.994379997253418 41.221824645996094
  endloop
endfacet
facet normal 0.0 0.0 0.0
  outer loop
    vertex 43.0 -12.994379997253418 41.221824645996094
    vertex 43.5 -12.994379997253418 28.753692626953125
    vertex 43.0 -12.994379997253418 28.753692626953125
  endloop
endfacet
facet normal 0.0 0.0 0.0
  outer loop
    vertex 43.5 -12.994379997253418 28.753692626953125
    vertex 43.5 -6.624663829803467 28.753692626953125
    vertex 43.0 -12.994379997253418 28.753692626953125
  endloop
endfacet
facet normal 0.0 0.0 0.0
  outer loop
    vertex 43.0 -12.994379997253418 28.753692626953125
    vertex 43.5 -6.624663829803467 28.753692626953125
    vertex 43.0 -6.624663829803467 28.753692626953125
  endloop
endfacet
facet normal 0.0 0.0 0.0
  outer loop
    vertex 43.5 -6.624663829803467 28.753692626953125
    vertex 43.5 -6.624663829803467 41.25720977783203
    vertex 43.0 -6.624663829803467 28.753692626953125
  endloop
endfacet
facet normal 0.0 0.0 0.0
  outer loop
    vertex 43.0 -6.624663829803467 28.753692626953125
    vertex 43.5 -6.624663829803467 41.25720977783203
    vertex 43.0 -6.624663829803467 41.25720977783203
  endloop
endfacet
facet normal 0.0 0.0 0.0
  outer loop
    vertex 43.5 -6.624663829803467 41.25720977783203
    vertex 43.5 -0.4908624291419983 41.25720977783203
    vertex 43.0 -6.624663829803467 41.25720977783203
  endloop
endfacet
facet normal 0.0 0.0 0.0
  outer loop
    vertex 43.0 -6.624663829803467 41.25720977783203
    vertex 43.5 -0.4908624291419983 41.25720977783203
    vertex 43.0 -0.4908624291419983 41.25720977783203
  endloop
endfacet
facet normal 0.0 0.0 0.0
  outer loop
    vertex 43.5 -0.4908624291419983 41.25720977783203
    vertex 43.5 -0.4908624291419983 35.123409271240234
    vertex 43.0 -0.4908624291419983 41.25720977783203
  endloop
endfacet
facet normal 0.0 0.0 0.0
  outer loop
    vertex 43.0 -0.4908624291419983 41.25720977783203
    vertex 43.5 -0.4908624291419983 35.123409271240234
    vertex 43.0 -0.4908624291419983 35.123409271240234
  endloop
endfacet
facet normal 0.0 0.0 0.0
  outer loop
    vertex 43.5 -0.4908624291419983 35.123409271240234
    vertex 43.5 5.878854274749756 35.123409271240234
    vertex 43.0 -0.4908624291419983 35.123409271240234
  endloop
endfacet
facet normal 0.0 0.0 0.0
  outer loop
    vertex 43.0 -0.4908624291419983 35.123409271240234
    vertex 43.5 5.878854274749756 35.123409271240234
    vertex 43.0 5.878854274749756 35.123409271240234
  endloop
endfacet
facet normal 0.0 0.0 0.0
  outer loop
    vertex 43.5 5.878854274749756 35.123409271240234
    vertex 43.5 5.878854274749756 28.741897583007812
    vertex 43.0 5.878854274749756 35.123409271240234
  endloop
endfacet
facet normal 0.0 0.0 0.0
  outer loop
    vertex 43.0 5.878854274749756 35.123409271240234
    vertex 43.5 5.878854274749756 28.741897583007812
    vertex 43.0 5.878854274749756 28.741897583007812
  endloop
endfacet
facet normal 0.0 0.0 0.0
  outer loop
    vertex 43.5 5.878854274749756 28.741897583007812
    vertex 43.5 9.00473403930664 28.80087661743164
    vertex 43.0 5.878854274749756 28.741897583007812
  endloop
endfacet
facet normal 0.0 0.0 0.0
  outer loop
    vertex 43.0 5.878854274749756 28.741897583007812
    vertex 43.5 9.00473403930664 28.80087661743164
    vertex 43.0 9.00473403930664 28.80087661743164
  endloop
endfacet
facet normal 0.0 0.0 0.0
  outer loop
    vertex 43.5 9.00473403930664 28.80087661743164
    vertex 43.5 12.130613327026367 28.87165069580078
    vertex 43.0 9.00473403930664 28.80087661743164
  endloop
endfacet
facet normal 0.0 0.0 0.0
  outer loop
    vertex 43.0 9.00473403930664 28.80087661743164
    vertex 43.5 12.130613327026367 28.87165069580078
    vertex 43.0 12.130613327026367 28.87165069580078
  endloop
endfacet
facet normal 0.0 0.0 0.0
  outer loop
    vertex 43.5 12.130613327026367 28.87165069580078
    vertex 43.5 12.130613327026367 53.878684997558594
    vertex 43.0 12.130613327026367 28.87165069580078
  endloop
endfacet
facet normal 0.0 0.0 0.0
  outer loop
    vertex 43.0 12.130613327026367 28.87165069580078
    vertex 43.5 12.130613327026367 53.878684997558594
    vertex 43.0 12.130613327026367 53.878684997558594
  endloop
endfacet
facet normal 0.0 0.0 0.0
  outer loop
    vertex 43.5 12.130613327026367 53.878684997558594
    vertex 43.5 9.00473403930664 53.949462890625
    vertex 43.0 12.130613327026367 53.878684997558594
  endloop
endfacet
facet normal 0.0 0.0 0.0
  outer loop
    vertex 43.0 12.130613327026367 53.878684997558594
    vertex 43.5 9.00473403930664 53.949462890625
    vertex 43.0 9.00473403930664 53.949462890625
  endloop
endfacet
facet normal 0.0 0.0 0.0
  outer loop
    vertex 43.5 9.00473403930664 53.949462890625
    vertex 43.5 5.878854274749756 54.00844192504883
    vertex 43.0 9.00473403930664 53.949462890625
  endloop
endfacet
facet normal 0.0 0.0 0.0
  outer loop
    vertex 43.0 9.00473403930664 53.949462890625
    vertex 43.5 5.878854274749756 54.00844192504883
    vertex 43.0 5.878854274749756 54.00844192504883
  endloop
endfacet
facet normal 0.0 0.0 0.0
  outer loop
    vertex 43.5 5.878854274749756 54.00844192504883
    vertex 43.5 5.878854274749756 41.493125915527344
    vertex 43.0 5.878854274749756 54.00844192504883
  endloop
endfacet
facet normal 0.0 0.0 0.0
  outer loop
    vertex 43.0 5.878854274749756 54.00844192504883
    vertex 43.5 5.878854274749756 41.493125915527344
    vertex 43.0 5.878854274749756 41.493125915527344
  endloop
endfacet
facet normal 0.0 0.0 0.0
  outer loop
    vertex 43.5 5.878854274749756 41.493125915527344
    vertex 43.5 -0.2549469769001007 41.493125915527344
    vertex 43.0 5.878854274749756 41.493125915527344
  endloop
endfacet
facet normal 0.0 0.0 0.0
  outer loop
    vertex 43.0 5.878854274749756 41.493125915527344
    vertex 43.5 -0.2549469769001007 41.493125915527344
    vertex 43.0 -0.2549469769001007 41.493125915527344
  endloop
endfacet
facet normal 0.0 0.0 0.0
  outer loop
    vertex 43.5 -0.2549469769001007 41.493125915527344
    vertex 43.5 -0.2549469769001007 47.62692642211914
    vertex 43.0 -0.2549469769001007 41.493125915527344
  endloop
endfacet
facet normal 0.0 0.0 0.0
  outer loop
    vertex 43.0 -0.2549469769001007 41.493125915527344
    vertex 43.5 -0.2549469769001007 47.62692642211914
    vertex 43.0 -0.2549469769001007 47.62692642211914
  endloop
endfacet
facet normal 0.0 0.0 0.0
  outer loop
    vertex 43.5 -0.2549469769001007 47.62692642211914
    vertex 43.5 -6.624663829803467 47.62692642211914
    vertex 43.0 -0.2549469769001007 47.62692642211914
  endloop
endfacet
facet normal 0.0 0.0 0.0
  outer loop
    vertex 43.0 -0.2549469769001007 47.62692642211914
    vertex 43.5 -6.624663829803467 47.62692642211914
    vertex 43.0 -6.624663829803467 47.62692642211914
  endloop
endfacet
facet normal 0.0 0.0 0.0
  outer loop
    vertex 43.5 -6.624663829803467 47.62692642211914
    vertex 43.5 -6.624663829803467 53.99664306640625
    vertex 43.0 -6.624663829803467 47.62692642211914
  endloop
endfacet
facet normal 0.0 0.0 0.0
  outer loop
    vertex 43.0 -6.624663829803467 47.62692642211914
    vertex 43.5 -6.624663829803467 53.99664306640625
    vertex 43.0 -6.624663829803467 53.99664306640625
  endloop
endfacet
facet normal 0.0 0.0 0.0
  outer loop
    vertex 43.5 -6.624663829803467 53.99664306640625
    vertex 43.5 -9.656176567077637 53.99664306640625
    vertex 43.0 -6.624663829803467 53.99664306640625
  endloop
endfacet
facet normal 0.0 0.0 0.0
  outer loop
    vertex 43.0 -6.624663829803467 53.99664306640625
    vertex 43.5 -9.656176567077637 53.99664306640625
    vertex 43.0 -9.656176567077637 53.99664306640625
  endloop
endfacet
facet normal 0.0 0.0 0.0
  outer loop
    vertex 43.5 -9.656176567077637 53.99664306640625
    vertex 43.5 -10.266676902770996 53.99344253540039
    vertex 43.0 -9.656176567077637 53.99664306640625
  endloop
endfacet
facet normal 0.0 0.0 0.0
  outer loop
    vertex 43.0 -9.656176567077637 53.99664306640625
    vertex 43.5 -10.266676902770996 53.99344253540039
    vertex 43.0 -10.266676902770996 53.99344253540039
  endloop
endfacet
facet normal 0.0 0.0 0.0
  outer loop
    vertex 43.0 -10.266676902770996 53.99344253540039
    vertex 43.5 -10.266676902770996 53.99344253540039
    vertex 43.5 -10.842205047607422 53.98429489135742
  endloop
endfacet
facet normal 0.0 0.0 0.0
  outer loop
    vertex 43.0 -10.266676902770996 53.99344253540039
    vertex 43.5 -10.842205047607422 53.98429489135742
    vertex 43.0 -10.842205047607422 53.98429489135742
  endloop
endfacet
facet normal 0.0 0.0 0.0
  outer loop
    vertex 43.0 -10.842205047607422 53.98429489135742
    vertex 43.5 -10.842205047607422 53.98429489135742
    vertex 43.5 -11.369904518127441 53.96989822387695
  endloop
endfacet
facet normal 0.0 0.0 0.0
  outer loop
    vertex 43.0 -10.842205047607422 53.98429489135742
    vertex 43.5 -11.369904518127441 53.96989822387695
    vertex 43.0 -11.369904518127441 53.96989822387695
  endloop
endfacet
facet normal 0.0 0.0 0.0
  outer loop
    vertex 43.0 -11.369904518127441 53.96989822387695
    vertex 43.5 -11.369904518127441 53.96989822387695
    vertex 43.5 -11.611801147460938 53.960941314697266
  endloop
endfacet
facet normal 0.0 0.0 0.0
  outer loop
    vertex 43.0 -11.369904518127441 53.96989822387695
    vertex 43.5 -11.611801147460938 53.960941314697266
    vertex 43.0 -11.611801147460938 53.960941314697266
  endloop
endfacet
facet normal 0.0 0.0 0.0
  outer loop
    vertex 43.0 -11.611801147460938 53.960941314697266
    vertex 43.5 -11.611801147460938 53.960941314697266
    vertex 43.5 -11.836920738220215 53.95093536376953
  endloop
endfacet
facet normal 0.0 0.0 0.0
  outer loop
    vertex 43.0 -11.611801147460938 53.960941314697266
    vertex 43.5 -11.836920738220215 53.95093536376953
    vertex 43.0 -11.836920738220215 53.95093536376953
  endloop
endfacet
facet normal 0.0 0.0 0.0
  outer loop
    vertex 43.0 -11.836920738220215 53.95093536376953
    vertex 43.5 -11.836920738220215 53.95093536376953
    vertex 43.5 -12.043654441833496 53.93996047973633
  endloop
endfacet
facet normal 0.0 0.0 0.0
  outer loop
    vertex 43.0 -11.836920738220215 53.95093536376953
    vertex 43.5 -12.043654441833496 53.93996047973633
    vertex 43.0 -12.043654441833496 53.93996047973633
  endloop
endfacet
facet normal 0.0 0.0 0.0
  outer loop
    vertex 43.0 -12.043654441833496 53.93996047973633
    vertex 43.5 -12.043654441833496 53.93996047973633
    vertex 43.5 -12.23039722442627 53.928104400634766
  endloop
endfacet
facet normal 0.0 0.0 0.0
  outer loop
    vertex 43.0 -12.043654441833496 53.93996047973633
    vertex 43.5 -12.23039722442627 53.928104400634766
    vertex 43.0 -12.23039722442627 53.928104400634766
  endloop
endfacet
facet normal 0.0 0.0 0.0
  outer loop
    vertex 43.0 -12.23039722442627 53.928104400634766
    vertex 43.5 -12.23039722442627 53.928104400634766
    vertex 43.5 -12.395540237426758 53.91545486450195
  endloop
endfacet
facet normal 0.0 0.0 0.0
  outer loop
    vertex 43.0 -12.23039722442627 53.928104400634766
    vertex 43.5 -12.395540237426758 53.91545486450195
    vertex 43.0 -12.395540237426758 53.91545486450195
  endloop
endfacet
facet normal 0.0 0.0 0.0
  outer loop
    vertex 43.0 -12.395540237426758 53.91545486450195
    vertex 43.5 -12.395540237426758 53.91545486450195
    vertex 43.5 -12.53747844696045 53.90209197998047
  endloop
endfacet
facet normal 0.0 0.0 0.0
  outer loop
    vertex 43.0 -12.395540237426758 53.91545486450195
    vertex 43.5 -12.53747844696045 53.90209197998047
    vertex 43.0 -12.53747844696045 53.90209197998047
  endloop
endfacet
facet normal 0.0 0.0 0.0
  outer loop
    vertex 43.0 -12.53747844696045 53.90209197998047
    vertex 43.5 -12.53747844696045 53.90209197998047
    vertex 43.5 -12.654603958129883 53.88811111450195
  endloop
endfacet
facet normal 0.0 0.0 0.0
  outer loop
    vertex 43.0 -12.53747844696045 53.90209197998047
    vertex 43.5 -12.654603958129883 53.88811111450195
    vertex 43.0 -12.654603958129883 53.88811111450195
  endloop
endfacet
facet normal 0.0 0.0 0.0
  outer loop
    vertex 43.0 -12.654603958129883 53.88811111450195
    vertex 43.5 -12.654603958129883 53.88811111450195
    vertex 43.5 -12.745309829711914 53.87359619140625
  endloop
endfacet
facet normal 0.0 0.0 0.0
  outer loop
    vertex 43.0 -12.654603958129883 53.88811111450195
    vertex 43.5 -12.745309829711914 53.87359619140625
    vertex 43.0 -12.745309829711914 53.87359619140625
  endloop
endfacet
facet normal 0.0 0.0 0.0
  outer loop
    vertex 43.0 -12.745309829711914 53.87359619140625
    vertex 43.5 -12.745309829711914 53.87359619140625
    vertex 43.5 -12.807989120483398 53.85862731933594
  endloop
endfacet
facet normal 0.0 0.0 0.0
  outer loop
    vertex 43.0 -12.745309829711914 53.87359619140625
    vertex 43.5 -12.807989120483398 53.85862731933594
    vertex 43.0 -12.807989120483398 53.85862731933594
  endloop
endfacet
facet normal 0.0 0.0 0.0
  outer loop
    vertex 43.0 -12.807989120483398 53.85862731933594
    vertex 43.5 -12.807989120483398 53.85862731933594
    vertex 43.5 -12.828316688537598 53.85100555419922
  endloop
endfacet
facet normal 0.0 0.0 0.0
  outer loop
    vertex 43.0 -12.807989120483398 53.85862731933594
    vertex 43.5 -12.828316688537598 53.85100555419922
    vertex 43.0 -12.828316688537598 53.85100555419922
  endloop
endfacet
facet normal 0.0 0.0 0.0
  outer loop
    vertex 43.0 -12.828316688537598 53.85100555419922
    vertex 43.5 -12.828316688537598 53.85100555419922
    vertex 43.5 -12.835639953613281 53.84716033935547
  endloop
endfacet
facet normal 0.0 0.0 0.0
  outer loop
    vertex 43.0 -12.828316688537598 53.85100555419922
    vertex 43.5 -12.835639953613281 53.84716033935547
    vertex 43.0 -12.835639953613281 53.84716033935547
  endloop
endfacet
facet normal 0.0 0.0 0.0
  outer loop
    vertex 43.0 -12.835639953613281 53.84716033935547
    vertex 43.5 -12.835639953613281 53.84716033935547
    vertex 43.5 -12.841035842895508 53.843299865722656
  endloop
endfacet
facet normal 0.0 0.0 0.0
  outer loop
    vertex 43.0 -12.835639953613281 53.84716033935547
    vertex 43.5 -12.841035842895508 53.843299865722656
    vertex 43.0 -12.841035842895508 53.843299865722656
  endloop
endfacet
facet normal 0.0 0.0 0.0
  outer loop
    vertex 43.0 -10.266676902770996 53.99344253540039
    vertex 43.0 -12.93769645690918 50.884090423583984
    vertex 43.0 -9.656176567077637 53.99664306640625
  endloop
endfacet
facet normal 0.0 0.0 0.0
  outer loop
    vertex 43.0 -9.656176567077637 53.99664306640625
    vertex 43.0 -12.93769645690918 50.884090423583984
    vertex 43.0 -12.943300247192383 50.485939025878906
  endloop
endfacet
facet normal 0.0 0.0 0.0
  outer loop
    vertex 43.0 -9.656176567077637 53.99664306640625
    vertex 43.0 -12.943300247192383 50.485939025878906
    vertex 43.0 -6.624663829803467 47.62692642211914
  endloop
endfacet
facet normal 0.0 0.0 0.0
  outer loop
    vertex 43.0 -6.624663829803467 47.62692642211914
    vertex 43.0 -12.943300247192383 50.485939025878906
    vertex 43.0 -12.948671340942383 50.067176818847656
  endloop
endfacet
facet normal 0.0 0.0 0.0
  outer loop
    vertex 43.0 -6.624663829803467 47.62692642211914
    vertex 43.0 -12.948671340942383 50.067176818847656
    vertex 43.0 -12.953802108764648 49.62861633300781
  endloop
endfacet
facet normal 0.0 0.0 0.0
  outer loop
    vertex 43.0 -10.842205047607422 53.98429489135742
    vertex 43.0 -12.925840377807617 51.61534881591797
    vertex 43.0 -10.266676902770996 53.99344253540039
  endloop
endfacet
facet normal 0.0 0.0 0.0
  outer loop
    vertex 43.0 -10.266676902770996 53.99344253540039
    vertex 43.0 -12.925840377807617 51.61534881591797
    vertex 43.0 -12.931873321533203 51.26082992553711
  endloop
endfacet
facet normal 0.0 0.0 0.0
  outer loop
    vertex 43.0 -10.266676902770996 53.99344253540039
    vertex 43.0 -12.931873321533203 51.26082992553711
    vertex 43.0 -12.93769645690918 50.884090423583984
  endloop
endfacet
facet normal 0.0 0.0 0.0
  outer loop
    vertex 43.0 -11.369904518127441 53.96989822387695
    vertex 43.0 -12.913189888000488 52.254512786865234
    vertex 43.0 -10.842205047607422 53.98429489135742
  endloop
endfacet
facet normal 0.0 0.0 0.0
  outer loop
    vertex 43.0 -10.842205047607422 53.98429489135742
    vertex 43.0 -12.913189888000488 52.254512786865234
    vertex 43.0 -12.919609069824219 51.94684600830078
  endloop
endfacet
facet normal 0.0 0.0 0.0
  outer loop
    vertex 43.0 -10.842205047607422 53.98429489135742
    vertex 43.0 -12.919609069824219 51.94684600830078
    vertex 43.0 -12.925840377807617 51.61534881591797
  endloop
endfacet
facet normal 0.0 0.0 0.0
  outer loop
    vertex 43.0 -12.913189888000488 52.254512786865234
    vertex 43.0 -11.369904518127441 53.96989822387695
    vertex 43.0 -12.906593322753906 52.53754425048828
  endloop
endfacet
facet normal 0.0 0.0 0.0
  outer loop
    vertex 43.0 -12.906593322753906 52.53754425048828
    vertex 43.0 -11.369904518127441 53.96989822387695
    vertex 43.0 -11.611801147460938 53.960941314697266
  endloop
endfacet
facet normal 0.0 0.0 0.0
  outer loop
    vertex 43.0 -12.906593322753906 52.53754425048828
    vertex 43.0 -11.611801147460938 53.960941314697266
    vertex 43.0 -12.899829864501953 52.795135498046875
  endloop
endfacet
facet normal 0.0 0.0 0.0
  outer loop
    vertex 43.0 -12.899829864501953 52.795135498046875
    vertex 43.0 -11.611801147460938 53.960941314697266
    vertex 43.0 -11.836920738220215 53.95093536376953
  endloop
endfacet
facet normal 0.0 0.0 0.0
  outer loop
    vertex 43.0 -12.899829864501953 52.795135498046875
    vertex 43.0 -11.836920738220215 53.95093536376953
    vertex 43.0 -12.892911911010742 53.0264778137207
  endloop
endfacet
facet normal 0.0 0.0 0.0
  outer loop
    vertex 43.0 -12.892911911010742 53.0264778137207
    vertex 43.0 -11.836920738220215 53.95093536376953
    vertex 43.0 -12.043654441833496 53.93996047973633
  endloop
endfacet
facet normal 0.0 0.0 0.0
  outer loop
    vertex 43.0 -12.892911911010742 53.0264778137207
    vertex 43.0 -12.043654441833496 53.93996047973633
    vertex 43.0 -12.885848045349121 53.230770111083984
  endloop
endfacet
facet normal 0.0 0.0 0.0
  outer loop
    vertex 43.0 -12.885848045349121 53.230770111083984
    vertex 43.0 -12.043654441833496 53.93996047973633
    vertex 43.0 -12.23039722442627 53.928104400634766
  endloop
endfacet
facet normal 0.0 0.0 0.0
  outer loop
    vertex 43.0 -12.885848045349121 53.230770111083984
    vertex 43.0 -12.23039722442627 53.928104400634766
    vertex 43.0 -12.395540237426758 53.91545486450195
  endloop
endfacet
facet normal 0.0 0.0 0.0
  outer loop
    vertex 43.0 -12.885848045349121 53.230770111083984
    vertex 43.0 -12.395540237426758 53.91545486450195
    vertex 43.0 -12.87865161895752 53.40719985961914
  endloop
endfacet
facet normal 0.0 0.0 0.0
  outer loop
    vertex 43.0 -12.87865161895752 53.40719985961914
    vertex 43.0 -12.395540237426758 53.91545486450195
    vertex 43.0 -12.53747844696045 53.90209197998047
  endloop
endfacet
facet normal 0.0 0.0 0.0
  outer loop
    vertex 43.0 -12.87865161895752 53.40719985961914
    vertex 43.0 -12.53747844696045 53.90209197998047
    vertex 43.0 -12.871331214904785 53.554969787597656
  endloop
endfacet
facet normal 0.0 0.0 0.0
  outer loop
    vertex 43.0 -12.871331214904785 53.554969787597656
    vertex 43.0 -12.53747844696045 53.90209197998047
    vertex 43.0 -12.654603958129883 53.88811111450195
  endloop
endfacet
facet normal 0.0 0.0 0.0
  outer loop
    vertex 43.0 -12.871331214904785 53.554969787597656
    vertex 43.0 -12.654603958129883 53.88811111450195
    vertex 43.0 -12.863898277282715 53.67327117919922
  endloop
endfacet
facet normal 0.0 0.0 0.0
  outer loop
    vertex 43.0 -12.863898277282715 53.67327117919922
    vertex 43.0 -12.654603958129883 53.88811111450195
    vertex 43.0 -12.745309829711914 53.87359619140625
  endloop
endfacet
facet normal 0.0 0.0 0.0
  outer loop
    vertex 43.0 -12.863898277282715 53.67327117919922
    vertex 43.0 -12.745309829711914 53.87359619140625
    vertex 43.0 -12.856364250183105 53.761295318603516
  endloop
endfacet
facet normal 0.0 0.0 0.0
  outer loop
    vertex 43.0 -12.856364250183105 53.761295318603516
    vertex 43.0 -12.745309829711914 53.87359619140625
    vertex 43.0 -12.807989120483398 53.85862731933594
  endloop
endfacet
facet normal 0.0 0.0 0.0
  outer loop
    vertex 43.0 -12.856364250183105 53.761295318603516
    vertex 43.0 -12.807989120483398 53.85862731933594
    vertex 43.0 -12.848739624023438 53.818241119384766
  endloop
endfacet
facet normal 0.0 0.0 0.0
  outer loop
    vertex 43.0 -12.848739624023438 53.818241119384766
    vertex 43.0 -12.807989120483398 53.85862731933594
    vertex 43.0 -12.828316688537598 53.85100555419922
  endloop
endfacet
facet normal 0.0 0.0 0.0
  outer loop
    vertex 43.0 -12.848739624023438 53.818241119384766
    vertex 43.0 -12.828316688537598 53.85100555419922
    vertex 43.0 -12.844897270202637 53.83480453491211
  endloop
endfacet
facet normal 0.0 0.0 0.0
  outer loop
    vertex 43.0 -12.844897270202637 53.83480453491211
    vertex 43.0 -12.828316688537598 53.85100555419922
    vertex 43.0 -12.835639953613281 53.84716033935547
  endloop
endfacet
facet normal 0.0 0.0 0.0
  outer loop
    vertex 43.0 -12.844897270202637 53.83480453491211
    vertex 43.0 -12.835639953613281 53.84716033935547
    vertex 43.0 -12.842967987060547 53.84006881713867
  endloop
endfacet
facet normal 0.0 0.0 0.0
  outer loop
    vertex 43.0 -12.842967987060547 53.84006881713867
    vertex 43.0 -12.835639953613281 53.84716033935547
    vertex 43.0 -12.842002868652344 53.84193801879883
  endloop
endfacet
facet normal 0.0 0.0 0.0
  outer loop
    vertex 43.0 -12.842002868652344 53.84193801879883
    vertex 43.0 -12.835639953613281 53.84716033935547
    vertex 43.0 -12.841035842895508 53.843299865722656
  endloop
endfacet
facet normal 0.0 0.0 0.0
  outer loop
    vertex 43.0 -12.842002868652344 53.84193801879883
    vertex 43.0 -12.841035842895508 53.843299865722656
    vertex 43.0 -12.841519355773926 53.842681884765625
  endloop
endfacet
facet normal 0.0 0.0 0.0
  outer loop
    vertex 43.0 -12.953802108764648 49.62861633300781
    vertex 43.0 -12.95867919921875 49.171058654785156
    vertex 43.0 -6.624663829803467 47.62692642211914
  endloop
endfacet
facet normal 0.0 0.0 0.0
  outer loop
    vertex 43.0 -6.624663829803467 47.62692642211914
    vertex 43.0 -12.95867919921875 49.171058654785156
    vertex 43.0 -12.963293075561523 48.6953125
  endloop
endfacet
facet normal 0.0 0.0 0.0
  outer loop
    vertex 43.0 -6.624663829803467 47.62692642211914
    vertex 43.0 -12.963293075561523 48.6953125
    vertex 43.0 -12.967632293701172 48.202178955078125
  endloop
endfacet
facet normal 0.0 0.0 0.0
  outer loop
    vertex 43.0 -12.967632293701172 48.202178955078125
    vertex 43.0 -12.971687316894531 47.692466735839844
    vertex 43.0 -6.624663829803467 47.62692642211914
  endloop
endfacet
facet normal 0.0 0.0 0.0
  outer loop
    vertex 43.0 -6.624663829803467 47.62692642211914
    vertex 43.0 -12.971687316894531 47.692466735839844
    vertex 43.0 -12.975445747375488 47.1669807434082
  endloop
endfacet
facet normal 0.0 0.0 0.0
  outer loop
    vertex 43.0 -6.624663829803467 47.62692642211914
    vertex 43.0 -12.975445747375488 47.1669807434082
    vertex 43.0 -12.98203182220459 46.07191467285156
  endloop
endfacet
facet normal 0.0 0.0 0.0
  outer loop
    vertex 43.0 -12.98203182220459 46.07191467285156
    vertex 43.0 -12.9873046875 44.92341613769531
    vertex 43.0 -6.624663829803467 47.62692642211914
  endloop
endfacet
facet normal 0.0 0.0 0.0
  outer loop
    vertex 43.0 -6.624663829803467 47.62692642211914
    vertex 43.0 -12.9873046875 44.92341613769531
    vertex 43.0 -6.624663829803467 41.25720977783203
  endloop
endfacet
facet normal 0.0 0.0 0.0
  outer loop
    vertex 43.0 -6.624663829803467 47.62692642211914
    vertex 43.0 -6.624663829803467 41.25720977783203
    vertex 43.0 -0.4908624291419983 41.25720977783203
  endloop
endfacet
facet normal 0.0 0.0 0.0
  outer loop
    vertex 43.0 -12.9873046875 44.92341613769531
    vertex 43.0 -12.991178512573242 43.72793960571289
    vertex 43.0 -6.624663829803467 41.25720977783203
  endloop
endfacet
facet normal 0.0 0.0 0.0
  outer loop
    vertex 43.0 -6.624663829803467 41.25720977783203
    vertex 43.0 -12.991178512573242 43.72793960571289
    vertex 43.0 -12.993565559387207 42.49192810058594
  endloop
endfacet
facet normal 0.0 0.0 0.0
  outer loop
    vertex 43.0 -6.624663829803467 41.25720977783203
    vertex 43.0 -12.993565559387207 42.49192810058594
    vertex 43.0 -12.994379997253418 41.221824645996094
  endloop
endfacet
facet normal 0.0 0.0 0.0
  outer loop
    vertex 43.0 -12.994379997253418 28.753692626953125
    vertex 43.0 -6.624663829803467 28.753692626953125
    vertex 43.0 -12.994379997253418 41.221824645996094
  endloop
endfacet
facet normal 0.0 0.0 0.0
  outer loop
    vertex 43.0 -12.994379997253418 41.221824645996094
    vertex 43.0 -6.624663829803467 28.753692626953125
    vertex 43.0 -6.624663829803467 41.25720977783203
  endloop
endfacet
facet normal 0.0 0.0 0.0
  outer loop
    vertex 43.0 -0.4908624291419983 35.123409271240234
    vertex 43.0 5.878854274749756 35.123409271240234
    vertex 43.0 -0.4908624291419983 41.25720977783203
  endloop
endfacet
facet normal 0.0 0.0 0.0
  outer loop
    vertex 43.0 -0.4908624291419983 41.25720977783203
    vertex 43.0 5.878854274749756 35.123409271240234
    vertex 43.0 -0.2549469769001007 41.493125915527344
  endloop
endfacet
facet normal 0.0 0.0 0.0
  outer loop
    vertex 43.0 -0.4908624291419983 41.25720977783203
    vertex 43.0 -0.2549469769001007 41.493125915527344
    vertex 43.0 -6.624663829803467 47.62692642211914
  endloop
endfacet
facet normal 0.0 0.0 0.0
  outer loop
    vertex 43.0 -6.624663829803467 47.62692642211914
    vertex 43.0 -0.2549469769001007 41.493125915527344
    vertex 43.0 -0.2549469769001007 47.62692642211914
  endloop
endfacet
facet normal 0.0 0.0 0.0
  outer loop
    vertex 43.0 5.878854274749756 28.741897583007812
    vertex 43.0 9.00473403930664 28.80087661743164
    vertex 43.0 5.878854274749756 35.123409271240234
  endloop
endfacet
facet normal 0.0 0.0 0.0
  outer loop
    vertex 43.0 5.878854274749756 35.123409271240234
    vertex 43.0 9.00473403930664 28.80087661743164
    vertex 43.0 12.130613327026367 28.87165069580078
  endloop
endfacet
facet normal 0.0 0.0 0.0
  outer loop
    vertex 43.0 5.878854274749756 35.123409271240234
    vertex 43.0 12.130613327026367 28.87165069580078
    vertex 43.0 5.878854274749756 41.493125915527344
  endloop
endfacet
facet normal 0.0 0.0 0.0
  outer loop
    vertex 43.0 5.878854274749756 41.493125915527344
    vertex 43.0 12.130613327026367 28.87165069580078
    vertex 43.0 12.130613327026367 53.878684997558594
  endloop
endfacet
facet normal 0.0 0.0 0.0
  outer loop
    vertex 43.0 5.878854274749756 41.493125915527344
    vertex 43.0 12.130613327026367 53.878684997558594
    vertex 43.0 9.00473403930664 53.949462890625
  endloop
endfacet
facet normal 0.0 0.0 0.0
  outer loop
    vertex 43.0 9.00473403930664 53.949462890625
    vertex 43.0 5.878854274749756 54.00844192504883
    vertex 43.0 5.878854274749756 41.493125915527344
  endloop
endfacet
facet normal 0.0 0.0 0.0
  outer loop
    vertex 43.0 5.878854274749756 41.493125915527344
    vertex 43.0 -0.2549469769001007 41.493125915527344
    vertex 43.0 5.878854274749756 35.123409271240234
  endloop
endfacet
facet normal 0.0 0.0 0.0
  outer loop
    vertex 43.0 -6.624663829803467 47.62692642211914
    vertex 43.0 -6.624663829803467 53.99664306640625
    vertex 43.0 -9.656176567077637 53.99664306640625
  endloop
endfacet
facet normal 0.0 0.0 0.0
  outer loop
    vertex 43.5 18.38237190246582 47.62692642211914
    vertex 43.5 24.51617431640625 47.62692642211914
    vertex 43.0 18.38237190246582 47.62692642211914
  endloop
endfacet
facet normal 0.0 0.0 0.0
  outer loop
    vertex 43.0 18.38237190246582 47.62692642211914
    vertex 43.5 24.51617431640625 47.62692642211914
    vertex 43.0 24.51617431640625 47.62692642211914
  endloop
endfacet
facet normal 0.0 0.0 0.0
  outer loop
    vertex 43.5 24.51617431640625 47.62692642211914
    vertex 43.5 24.634130477905273 28.87165069580078
    vertex 43.0 24.51617431640625 47.62692642211914
  endloop
endfacet
facet normal 0.0 0.0 0.0
  outer loop
    vertex 43.0 24.51617431640625 47.62692642211914
    vertex 43.5 24.634130477905273 28.87165069580078
    vertex 43.0 24.634130477905273 28.87165069580078
  endloop
endfacet
facet normal 0.0 0.0 0.0
  outer loop
    vertex 43.5 24.634130477905273 28.87165069580078
    vertex 43.5 31.003847122192383 28.87165069580078
    vertex 43.0 24.634130477905273 28.87165069580078
  endloop
endfacet
facet normal 0.0 0.0 0.0
  outer loop
    vertex 43.0 24.634130477905273 28.87165069580078
    vertex 43.5 31.003847122192383 28.87165069580078
    vertex 43.0 31.003847122192383 28.87165069580078
  endloop
endfacet
facet normal 0.0 0.0 0.0
  outer loop
    vertex 43.5 31.003847122192383 28.87165069580078
    vertex 43.5 31.003847122192383 47.508968353271484
    vertex 43.0 31.003847122192383 28.87165069580078
  endloop
endfacet
facet normal 0.0 0.0 0.0
  outer loop
    vertex 43.0 31.003847122192383 28.87165069580078
    vertex 43.5 31.003847122192383 47.508968353271484
    vertex 43.0 31.003847122192383 47.508968353271484
  endloop
endfacet
facet normal 0.0 0.0 0.0
  outer loop
    vertex 43.5 31.003847122192383 47.508968353271484
    vertex 43.5 34.14152145385742 47.57974624633789
    vertex 43.0 31.003847122192383 47.508968353271484
  endloop
endfacet
facet normal 0.0 0.0 0.0
  outer loop
    vertex 43.0 31.003847122192383 47.508968353271484
    vertex 43.5 34.14152145385742 47.57974624633789
    vertex 43.0 34.14152145385742 47.57974624633789
  endloop
endfacet
facet normal 0.0 0.0 0.0
  outer loop
    vertex 43.5 34.14152145385742 47.57974624633789
    vertex 43.5 37.26740264892578 47.63872146606445
    vertex 43.0 34.14152145385742 47.57974624633789
  endloop
endfacet
facet normal 0.0 0.0 0.0
  outer loop
    vertex 43.0 34.14152145385742 47.57974624633789
    vertex 43.5 37.26740264892578 47.63872146606445
    vertex 43.0 37.26740264892578 47.63872146606445
  endloop
endfacet
facet normal 0.0 0.0 0.0
  outer loop
    vertex 43.5 37.26740264892578 47.63872146606445
    vertex 43.5 37.20842361450195 50.76460266113281
    vertex 43.0 37.26740264892578 47.63872146606445
  endloop
endfacet
facet normal 0.0 0.0 0.0
  outer loop
    vertex 43.0 37.26740264892578 47.63872146606445
    vertex 43.5 37.20842361450195 50.76460266113281
    vertex 43.0 37.20842361450195 50.76460266113281
  endloop
endfacet
facet normal 0.0 0.0 0.0
  outer loop
    vertex 43.5 37.20842361450195 50.76460266113281
    vertex 43.5 37.13764953613281 53.878684997558594
    vertex 43.0 37.20842361450195 50.76460266113281
  endloop
endfacet
facet normal 0.0 0.0 0.0
  outer loop
    vertex 43.0 37.20842361450195 50.76460266113281
    vertex 43.5 37.13764953613281 53.878684997558594
    vertex 43.0 37.13764953613281 53.878684997558594
  endloop
endfacet
facet normal 0.0 0.0 0.0
  outer loop
    vertex 43.5 37.13764953613281 53.878684997558594
    vertex 43.5 18.38237190246582 53.99664306640625
    vertex 43.0 37.13764953613281 53.878684997558594
  endloop
endfacet
facet normal 0.0 0.0 0.0
  outer loop
    vertex 43.0 37.13764953613281 53.878684997558594
    vertex 43.5 18.38237190246582 53.99664306640625
    vertex 43.0 18.38237190246582 53.99664306640625
  endloop
endfacet
facet normal 0.0 0.0 0.0
  outer loop
    vertex 43.5 18.38237190246582 53.99664306640625
    vertex 43.5 18.38237190246582 47.62692642211914
    vertex 43.0 18.38237190246582 53.99664306640625
  endloop
endfacet
facet normal 0.0 0.0 0.0
  outer loop
    vertex 43.0 18.38237190246582 53.99664306640625
    vertex 43.5 18.38237190246582 47.62692642211914
    vertex 43.0 18.38237190246582 47.62692642211914
  endloop
endfacet
facet normal 0.0 0.0 0.0
  outer loop
    vertex 43.0 18.38237190246582 47.62692642211914
    vertex 43.0 24.51617431640625 47.62692642211914
    vertex 43.0 18.38237190246582 53.99664306640625
  endloop
endfacet
facet normal 0.0 0.0 0.0
  outer loop
    vertex 43.0 18.38237190246582 53.99664306640625
    vertex 43.0 24.51617431640625 47.62692642211914
    vertex 43.0 37.13764953613281 53.878684997558594
  endloop
endfacet
facet normal 0.0 0.0 0.0
  outer loop
    vertex 43.0 37.13764953613281 53.878684997558594
    vertex 43.0 24.51617431640625 47.62692642211914
    vertex 43.0 31.003847122192383 47.508968353271484
  endloop
endfacet
facet normal 0.0 0.0 0.0
  outer loop
    vertex 43.0 37.13764953613281 53.878684997558594
    vertex 43.0 31.003847122192383 47.508968353271484
    vertex 43.0 34.14152145385742 47.57974624633789
  endloop
endfacet
facet normal 0.0 0.0 0.0
  outer loop
    vertex 43.0 24.51617431640625 47.62692642211914
    vertex 43.0 24.634130477905273 28.87165069580078
    vertex 43.0 31.003847122192383 47.508968353271484
  endloop
endfacet
facet normal 0.0 0.0 0.0
  outer loop
    vertex 43.0 31.003847122192383 47.508968353271484
    vertex 43.0 24.634130477905273 28.87165069580078
    vertex 43.0 31.003847122192383 28.87165069580078
  endloop
endfacet
facet normal 0.0 0.0 0.0
  outer loop
    vertex 43.0 37.26740264892578 47.63872146606445
    vertex 43.0 37.20842361450195 50.76460266113281
    vertex 43.0 34.14152145385742 47.57974624633789
  endloop
endfacet
facet normal 0.0 0.0 0.0
  outer loop
    vertex 43.0 34.14152145385742 47.57974624633789
    vertex 43.0 37.20842361450195 50.76460266113281
    vertex 43.0 37.13764953613281 53.878684997558594
  endloop
endfacet
facet normal 0.0 0.0 0.0
  outer loop
    vertex -36.484153747558594 -43.5 47.12774658203125
    vertex -33.53697204589844 -43.5 47.071285247802734
    vertex -36.484153747558594 -43.0 47.12774658203125
  endloop
endfacet
facet normal 0.0 0.0 0.0
  outer loop
    vertex -36.484153747558594 -43.0 47.12774658203125
    vertex -33.53697204589844 -43.5 47.071285247802734
    vertex -33.53697204589844 -43.0 47.071285247802734
  endloop
endfacet
facet normal 0.0 0.0 0.0
  outer loop
    vertex -33.53697204589844 -43.5 47.071285247802734
    vertex -30.6010799407959 -43.5 47.003536224365234
    vertex -33.53697204589844 -43.0 47.071285247802734
  endloop
endfacet
facet normal 0.0 0.0 0.0
  outer loop
    vertex -33.53697204589844 -43.0 47.071285247802734
    vertex -30.6010799407959 -43.5 47.003536224365234
    vertex -30.6010799407959 -43.0 47.003536224365234
  endloop
endfacet
facet normal 0.0 0.0 0.0
  outer loop
    vertex -30.6010799407959 -43.5 47.003536224365234
    vertex -30.544620513916016 -43.5 38.082942962646484
    vertex -30.6010799407959 -43.0 47.003536224365234
  endloop
endfacet
facet normal 0.0 0.0 0.0
  outer loop
    vertex -30.6010799407959 -43.0 47.003536224365234
    vertex -30.544620513916016 -43.5 38.082942962646484
    vertex -30.544620513916016 -43.0 38.082942962646484
  endloop
endfacet
facet normal 0.0 0.0 0.0
  outer loop
    vertex -30.544620513916016 -43.5 38.082942962646484
    vertex -30.499452590942383 -43.5 29.1623477935791
    vertex -30.544620513916016 -43.0 38.082942962646484
  endloop
endfacet
facet normal 0.0 0.0 0.0
  outer loop
    vertex -30.544620513916016 -43.0 38.082942962646484
    vertex -30.499452590942383 -43.5 29.1623477935791
    vertex -30.499452590942383 -43.0 29.1623477935791
  endloop
endfacet
facet normal 0.0 0.0 0.0
  outer loop
    vertex -30.499452590942383 -43.5 29.1623477935791
    vertex -24.49216651916504 -43.5 29.1623477935791
    vertex -30.499452590942383 -43.0 29.1623477935791
  endloop
endfacet
facet normal 0.0 0.0 0.0
  outer loop
    vertex -30.499452590942383 -43.0 29.1623477935791
    vertex -24.49216651916504 -43.5 29.1623477935791
    vertex -24.49216651916504 -43.0 29.1623477935791
  endloop
endfacet
facet normal 0.0 0.0 0.0
  outer loop
    vertex -24.49216651916504 -43.5 29.1623477935791
    vertex -24.514751434326172 -43.5 38.139400482177734
    vertex -24.49216651916504 -43.0 29.1623477935791
  endloop
endfacet
facet normal 0.0 0.0 0.0
  outer loop
    vertex -24.49216651916504 -43.0 29.1623477935791
    vertex -24.514751434326172 -43.5 38.139400482177734
    vertex -24.514751434326172 -43.0 38.139400482177734
  endloop
endfacet
facet normal 0.0 0.0 0.0
  outer loop
    vertex -24.514751434326172 -43.5 38.139400482177734
    vertex -24.526042938232422 -43.5 47.116455078125
    vertex -24.514751434326172 -43.0 38.139400482177734
  endloop
endfacet
facet normal 0.0 0.0 0.0
  outer loop
    vertex -24.514751434326172 -43.0 38.139400482177734
    vertex -24.526042938232422 -43.5 47.116455078125
    vertex -24.526042938232422 -43.0 47.116455078125
  endloop
endfacet
facet normal 0.0 0.0 0.0
  outer loop
    vertex -24.526042938232422 -43.5 47.116455078125
    vertex -18.405838012695312 -43.5 47.116455078125
    vertex -24.526042938232422 -43.0 47.116455078125
  endloop
endfacet
facet normal 0.0 0.0 0.0
  outer loop
    vertex -24.526042938232422 -43.0 47.116455078125
    vertex -18.405838012695312 -43.5 47.116455078125
    vertex -18.405838012695312 -43.0 47.116455078125
  endloop
endfacet
facet normal 0.0 0.0 0.0
  outer loop
    vertex -18.405838012695312 -43.5 47.116455078125
    vertex -18.462297439575195 -43.5 50.108802795410156
    vertex -18.405838012695312 -43.0 47.116455078125
  endloop
endfacet
facet normal 0.0 0.0 0.0
  outer loop
    vertex -18.405838012695312 -43.0 47.116455078125
    vertex -18.462297439575195 -43.5 50.108802795410156
    vertex -18.462297439575195 -43.0 50.108802795410156
  endloop
endfacet
facet normal 0.0 0.0 0.0
  outer loop
    vertex -18.462297439575195 -43.5 50.108802795410156
    vertex -18.530048370361328 -43.5 53.10115432739258
    vertex -18.462297439575195 -43.0 50.108802795410156
  endloop
endfacet
facet normal 0.0 0.0 0.0
  outer loop
    vertex -18.462297439575195 -43.0 50.108802795410156
    vertex -18.530048370361328 -43.5 53.10115432739258
    vertex -18.530048370361328 -43.0 53.10115432739258
  endloop
endfacet
facet normal 0.0 0.0 0.0
  outer loop
    vertex -18.530048370361328 -43.5 53.10115432739258
    vertex -36.484153747558594 -43.5 53.214073181152344
    vertex -18.530048370361328 -43.0 53.10115432739258
  endloop
endfacet
facet normal 0.0 0.0 0.0
  outer loop
    vertex -18.530048370361328 -43.0 53.10115432739258
    vertex -36.484153747558594 -43.5 53.214073181152344
    vertex -36.484153747558594 -43.0 53.214073181152344
  endloop
endfacet
facet normal 0.0 0.0 0.0
  outer loop
    vertex -36.484153747558594 -43.5 53.214073181152344
    vertex -36.484153747558594 -43.5 47.12774658203125
    vertex -36.484153747558594 -43.0 53.214073181152344
  endloop
endfacet
facet normal 0.0 0.0 0.0
  outer loop
    vertex -36.484153747558594 -43.0 53.214073181152344
    vertex -36.484153747558594 -43.5 47.12774658203125
    vertex -36.484153747558594 -43.0 47.12774658203125
  endloop
endfacet
facet normal 0.0 0.0 0.0
  outer loop
    vertex -36.484153747558594 -43.0 47.12774658203125
    vertex -33.53697204589844 -43.0 47.071285247802734
    vertex -36.484153747558594 -43.0 53.214073181152344
  endloop
endfacet
facet normal 0.0 0.0 0.0
  outer loop
    vertex -36.484153747558594 -43.0 53.214073181152344
    vertex -33.53697204589844 -43.0 47.071285247802734
    vertex -30.6010799407959 -43.0 47.003536224365234
  endloop
endfacet
facet normal 0.0 0.0 0.0
  outer loop
    vertex -36.484153747558594 -43.0 53.214073181152344
    vertex -30.6010799407959 -43.0 47.003536224365234
    vertex -24.526042938232422 -43.0 47.116455078125
  endloop
endfacet
facet normal 0.0 0.0 0.0
  outer loop
    vertex -24.526042938232422 -43.0 47.116455078125
    vertex -30.6010799407959 -43.0 47.003536224365234
    vertex -24.514751434326172 -43.0 38.139400482177734
  endloop
endfacet
facet normal 0.0 0.0 0.0
  outer loop
    vertex -24.514751434326172 -43.0 38.139400482177734
    vertex -30.6010799407959 -43.0 47.003536224365234
    vertex -30.544620513916016 -43.0 38.082942962646484
  endloop
endfacet
facet normal 0.0 0.0 0.0
  outer loop
    vertex -24.514751434326172 -43.0 38.139400482177734
    vertex -30.544620513916016 -43.0 38.082942962646484
    vertex -30.499452590942383 -43.0 29.1623477935791
  endloop
endfacet
facet normal 0.0 0.0 0.0
  outer loop
    vertex -30.499452590942383 -43.0 29.1623477935791
    vertex -24.49216651916504 -43.0 29.1623477935791
    vertex -24.514751434326172 -43.0 38.139400482177734
  endloop
endfacet
facet normal 0.0 0.0 0.0
  outer loop
    vertex -18.405838012695312 -43.0 47.116455078125
    vertex -18.462297439575195 -43.0 50.108802795410156
    vertex -24.526042938232422 -43.0 47.116455078125
  endloop
endfacet
facet normal 0.0 0.0 0.0
  outer loop
    vertex -24.526042938232422 -43.0 47.116455078125
    vertex -18.462297439575195 -43.0 50.108802795410156
    vertex -18.530048370361328 -43.0 53.10115432739258
  endloop
endfacet
facet normal 0.0 0.0 0.0
  outer loop
    vertex -24.526042938232422 -43.0 47.116455078125
    vertex -18.530048370361328 -43.0 53.10115432739258
    vertex -36.484153747558594 -43.0 53.214073181152344
  endloop
endfacet
facet normal 0.0 0.0 0.0
  outer loop
    vertex -12.398552894592285 -43.5 53.06727981567383
    vertex -12.399015426635742 -43.5 53.066688537597656
    vertex -12.398552894592285 -43.0 53.06727981567383
  endloop
endfacet
facet normal 0.0 0.0 0.0
  outer loop
    vertex -12.398552894592285 -43.0 53.06727981567383
    vertex -12.399015426635742 -43.5 53.066688537597656
    vertex -12.399015426635742 -43.0 53.066688537597656
  endloop
endfacet
facet normal 0.0 0.0 0.0
  outer loop
    vertex -12.399015426635742 -43.0 53.066688537597656
    vertex -12.399015426635742 -43.5 53.066688537597656
    vertex -12.399478912353516 -43.5 53.065975189208984
  endloop
endfacet
facet normal 0.0 0.0 0.0
  outer loop
    vertex -12.399015426635742 -43.0 53.066688537597656
    vertex -12.399478912353516 -43.5 53.065975189208984
    vertex -12.399478912353516 -43.0 53.065975189208984
  endloop
endfacet
facet normal 0.0 0.0 0.0
  outer loop
    vertex -12.399478912353516 -43.0 53.065975189208984
    vertex -12.399478912353516 -43.5 53.065975189208984
    vertex -12.400403022766113 -43.5 53.064186096191406
  endloop
endfacet
facet normal 0.0 0.0 0.0
  outer loop
    vertex -12.399478912353516 -43.0 53.065975189208984
    vertex -12.400403022766113 -43.5 53.064186096191406
    vertex -12.400403022766113 -43.0 53.064186096191406
  endloop
endfacet
facet normal 0.0 0.0 0.0
  outer loop
    vertex -12.400403022766113 -43.0 53.064186096191406
    vertex -12.400403022766113 -43.5 53.064186096191406
    vertex -12.402249336242676 -43.5 53.05915069580078
  endloop
endfacet
facet normal 0.0 0.0 0.0
  outer loop
    vertex -12.400403022766113 -43.0 53.064186096191406
    vertex -12.402249336242676 -43.5 53.05915069580078
    vertex -12.402249336242676 -43.0 53.05915069580078
  endloop
endfacet
facet normal 0.0 0.0 0.0
  outer loop
    vertex -12.402249336242676 -43.0 53.05915069580078
    vertex -12.402249336242676 -43.5 53.05915069580078
    vertex -12.405928611755371 -43.5 53.04329299926758
  endloop
endfacet
facet normal 0.0 0.0 0.0
  outer loop
    vertex -12.402249336242676 -43.0 53.05915069580078
    vertex -12.405928611755371 -43.5 53.04329299926758
    vertex -12.405928611755371 -43.0 53.04329299926758
  endloop
endfacet
facet normal 0.0 0.0 0.0
  outer loop
    vertex -12.405928611755371 -43.0 53.04329299926758
    vertex -12.405928611755371 -43.5 53.04329299926758
    vertex -12.413227081298828 -43.5 52.9887809753418
  endloop
endfacet
facet normal 0.0 0.0 0.0
  outer loop
    vertex -12.405928611755371 -43.0 53.04329299926758
    vertex -12.413227081298828 -43.5 52.9887809753418
    vertex -12.413227081298828 -43.0 52.9887809753418
  endloop
endfacet
facet normal 0.0 0.0 0.0
  outer loop
    vertex -12.413227081298828 -43.0 52.9887809753418
    vertex -12.413227081298828 -43.5 52.9887809753418
    vertex -12.420439720153809 -43.5 52.90451431274414
  endloop
endfacet
facet normal 0.0 0.0 0.0
  outer loop
    vertex -12.413227081298828 -43.0 52.9887809753418
    vertex -12.420439720153809 -43.5 52.90451431274414
    vertex -12.420439720153809 -43.0 52.90451431274414
  endloop
endfacet
facet normal 0.0 0.0 0.0
  outer loop
    vertex -12.420439720153809 -43.0 52.90451431274414
    vertex -12.420439720153809 -43.5 52.90451431274414
    vertex -12.4275541305542 -43.5 52.79126739501953
  endloop
endfacet
facet normal 0.0 0.0 0.0
  outer loop
    vertex -12.420439720153809 -43.0 52.90451431274414
    vertex -12.4275541305542 -43.5 52.79126739501953
    vertex -12.4275541305542 -43.0 52.79126739501953
  endloop
endfacet
facet normal 0.0 0.0 0.0
  outer loop
    vertex -12.4275541305542 -43.0 52.79126739501953
    vertex -12.4275541305542 -43.5 52.79126739501953
    vertex -12.434561729431152 -43.5 52.649810791015625
  endloop
endfacet
facet normal 0.0 0.0 0.0
  outer loop
    vertex -12.4275541305542 -43.0 52.79126739501953
    vertex -12.434561729431152 -43.5 52.649810791015625
    vertex -12.434561729431152 -43.0 52.649810791015625
  endloop
endfacet
facet normal 0.0 0.0 0.0
  outer loop
    vertex -12.434561729431152 -43.0 52.649810791015625
    vertex -12.434561729431152 -43.5 52.649810791015625
    vertex -12.441451072692871 -43.5 52.48091506958008
  endloop
endfacet
facet normal 0.0 0.0 0.0
  outer loop
    vertex -12.434561729431152 -43.0 52.649810791015625
    vertex -12.441451072692871 -43.5 52.48091506958008
    vertex -12.441451072692871 -43.0 52.48091506958008
  endloop
endfacet
facet normal 0.0 0.0 0.0
  outer loop
    vertex -12.441451072692871 -43.0 52.48091506958008
    vertex -12.441451072692871 -43.5 52.48091506958008
    vertex -12.448212623596191 -43.5 52.28535079956055
  endloop
endfacet
facet normal 0.0 0.0 0.0
  outer loop
    vertex -12.441451072692871 -43.0 52.48091506958008
    vertex -12.448212623596191 -43.5 52.28535079956055
    vertex -12.448212623596191 -43.0 52.28535079956055
  endloop
endfacet
facet normal 0.0 0.0 0.0
  outer loop
    vertex -12.448212623596191 -43.0 52.28535079956055
    vertex -12.448212623596191 -43.5 52.28535079956055
    vertex -12.454835891723633 -43.5 52.06388854980469
  endloop
endfacet
facet normal 0.0 0.0 0.0
  outer loop
    vertex -12.448212623596191 -43.0 52.28535079956055
    vertex -12.454835891723633 -43.5 52.06388854980469
    vertex -12.454835891723633 -43.0 52.06388854980469
  endloop
endfacet
facet normal 0.0 0.0 0.0
  outer loop
    vertex -12.454835891723633 -43.0 52.06388854980469
    vertex -12.454835891723633 -43.5 52.06388854980469
    vertex -12.461309432983398 -43.5 51.81730270385742
  endloop
endfacet
facet normal 0.0 0.0 0.0
  outer loop
    vertex -12.454835891723633 -43.0 52.06388854980469
    vertex -12.461309432983398 -43.5 51.81730270385742
    vertex -12.461309432983398 -43.0 51.81730270385742
  endloop
endfacet
facet normal 0.0 0.0 0.0
  outer loop
    vertex -12.461309432983398 -43.0 51.81730270385742
    vertex -12.461309432983398 -43.5 51.81730270385742
    vertex -12.46762466430664 -43.5 51.54636001586914
  endloop
endfacet
facet normal 0.0 0.0 0.0
  outer loop
    vertex -12.461309432983398 -43.0 51.81730270385742
    vertex -12.46762466430664 -43.5 51.54636001586914
    vertex -12.46762466430664 -43.0 51.54636001586914
  endloop
endfacet
facet normal 0.0 0.0 0.0
  outer loop
    vertex -12.46762466430664 -43.0 51.54636001586914
    vertex -12.46762466430664 -43.5 51.54636001586914
    vertex -12.473770141601562 -43.5 51.25183868408203
  endloop
endfacet
facet normal 0.0 0.0 0.0
  outer loop
    vertex -12.46762466430664 -43.0 51.54636001586914
    vertex -12.473770141601562 -43.5 51.25183868408203
    vertex -12.473770141601562 -43.0 51.25183868408203
  endloop
endfacet
facet normal 0.0 0.0 0.0
  outer loop
    vertex -12.473770141601562 -43.0 51.25183868408203
    vertex -12.473770141601562 -43.5 51.25183868408203
    vertex -12.479735374450684 -43.5 50.93450164794922
  endloop
endfacet
facet normal 0.0 0.0 0.0
  outer loop
    vertex -12.473770141601562 -43.0 51.25183868408203
    vertex -12.479735374450684 -43.5 50.93450164794922
    vertex -12.479735374450684 -43.0 50.93450164794922
  endloop
endfacet
facet normal 0.0 0.0 0.0
  outer loop
    vertex -12.479735374450684 -43.0 50.93450164794922
    vertex -12.479735374450684 -43.5 50.93450164794922
    vertex -12.48551082611084 -43.5 50.595123291015625
  endloop
endfacet
facet normal 0.0 0.0 0.0
  outer loop
    vertex -12.479735374450684 -43.0 50.93450164794922
    vertex -12.48551082611084 -43.5 50.595123291015625
    vertex -12.48551082611084 -43.0 50.595123291015625
  endloop
endfacet
facet normal 0.0 0.0 0.0
  outer loop
    vertex -12.48551082611084 -43.0 50.595123291015625
    vertex -12.48551082611084 -43.5 50.595123291015625
    vertex -12.491085052490234 -43.5 50.23447799682617
  endloop
endfacet
facet normal 0.0 0.0 0.0
  outer loop
    vertex -12.48551082611084 -43.0 50.595123291015625
    vertex -12.491085052490234 -43.5 50.23447799682617
    vertex -12.491085052490234 -43.0 50.23447799682617
  endloop
endfacet
facet normal 0.0 0.0 0.0
  outer loop
    vertex -12.491085052490234 -43.0 50.23447799682617
    vertex -12.491085052490234 -43.5 50.23447799682617
    vertex -12.496448516845703 -43.5 49.853336334228516
  endloop
endfacet
facet normal 0.0 0.0 0.0
  outer loop
    vertex -12.491085052490234 -43.0 50.23447799682617
    vertex -12.496448516845703 -43.5 49.853336334228516
    vertex -12.496448516845703 -43.0 49.853336334228516
  endloop
endfacet
facet normal 0.0 0.0 0.0
  outer loop
    vertex -12.496448516845703 -43.0 49.853336334228516
    vertex -12.496448516845703 -43.5 49.853336334228516
    vertex -12.501591682434082 -43.5 49.45246505737305
  endloop
endfacet
facet normal 0.0 0.0 0.0
  outer loop
    vertex -12.496448516845703 -43.0 49.853336334228516
    vertex -12.501591682434082 -43.5 49.45246505737305
    vertex -12.501591682434082 -43.0 49.45246505737305
  endloop
endfacet
facet normal 0.0 0.0 0.0
  outer loop
    vertex -12.501591682434082 -43.0 49.45246505737305
    vertex -12.501591682434082 -43.5 49.45246505737305
    vertex -12.506502151489258 -43.5 49.03263473510742
  endloop
endfacet
facet normal 0.0 0.0 0.0
  outer loop
    vertex -12.501591682434082 -43.0 49.45246505737305
    vertex -12.506502151489258 -43.5 49.03263473510742
    vertex -12.506502151489258 -43.0 49.03263473510742
  endloop
endfacet
facet normal 0.0 0.0 0.0
  outer loop
    vertex -12.506502151489258 -43.0 49.03263473510742
    vertex -12.506502151489258 -43.5 49.03263473510742
    vertex -12.511171340942383 -43.5 48.59462356567383
  endloop
endfacet
facet normal 0.0 0.0 0.0
  outer loop
    vertex -12.506502151489258 -43.0 49.03263473510742
    vertex -12.511171340942383 -43.5 48.59462356567383
    vertex -12.511171340942383 -43.0 48.59462356567383
  endloop
endfacet
facet normal 0.0 0.0 0.0
  outer loop
    vertex -12.511171340942383 -43.0 48.59462356567383
    vertex -12.511171340942383 -43.5 48.59462356567383
    vertex -12.51558780670166 -43.5 48.139198303222656
  endloop
endfacet
facet normal 0.0 0.0 0.0
  outer loop
    vertex -12.511171340942383 -43.0 48.59462356567383
    vertex -12.51558780670166 -43.5 48.139198303222656
    vertex -12.51558780670166 -43.0 48.139198303222656
  endloop
endfacet
facet normal 0.0 0.0 0.0
  outer loop
    vertex -12.51558780670166 -43.0 48.139198303222656
    vertex -12.51558780670166 -43.5 48.139198303222656
    vertex -12.519742012023926 -43.5 47.66713333129883
  endloop
endfacet
facet normal 0.0 0.0 0.0
  outer loop
    vertex -12.51558780670166 -43.0 48.139198303222656
    vertex -12.519742012023926 -43.5 47.66713333129883
    vertex -12.519742012023926 -43.0 47.66713333129883
  endloop
endfacet
facet normal 0.0 0.0 0.0
  outer loop
    vertex -12.519742012023926 -43.0 47.66713333129883
    vertex -12.519742012023926 -43.5 47.66713333129883
    vertex -12.5236234664917 -43.5 47.17919158935547
  endloop
endfacet
facet normal 0.0 0.0 0.0
  outer loop
    vertex -12.519742012023926 -43.0 47.66713333129883
    vertex -12.5236234664917 -43.5 47.17919158935547
    vertex -12.5236234664917 -43.0 47.17919158935547
  endloop
endfacet
facet normal 0.0 0.0 0.0
  outer loop
    vertex -12.5236234664917 -43.0 47.17919158935547
    vertex -12.5236234664917 -43.5 47.17919158935547
    vertex -12.5272216796875 -43.5 46.67615509033203
  endloop
endfacet
facet normal 0.0 0.0 0.0
  outer loop
    vertex -12.5236234664917 -43.0 47.17919158935547
    vertex -12.5272216796875 -43.5 46.67615509033203
    vertex -12.5272216796875 -43.0 46.67615509033203
  endloop
endfacet
facet normal 0.0 0.0 0.0
  outer loop
    vertex -12.5272216796875 -43.0 46.67615509033203
    vertex -12.5272216796875 -43.5 46.67615509033203
    vertex -12.533526420593262 -43.5 45.627864837646484
  endloop
endfacet
facet normal 0.0 0.0 0.0
  outer loop
    vertex -12.5272216796875 -43.0 46.67615509033203
    vertex -12.533526420593262 -43.5 45.627864837646484
    vertex -12.533526420593262 -43.0 45.627864837646484
  endloop
endfacet
facet normal 0.0 0.0 0.0
  outer loop
    vertex -12.533526420593262 -43.0 45.627864837646484
    vertex -12.533526420593262 -43.5 45.627864837646484
    vertex -12.53857421875 -43.5 44.5284309387207
  endloop
endfacet
facet normal 0.0 0.0 0.0
  outer loop
    vertex -12.533526420593262 -43.0 45.627864837646484
    vertex -12.53857421875 -43.5 44.5284309387207
    vertex -12.53857421875 -43.0 44.5284309387207
  endloop
endfacet
facet normal 0.0 0.0 0.0
  outer loop
    vertex -12.53857421875 -43.0 44.5284309387207
    vertex -12.53857421875 -43.5 44.5284309387207
    vertex -12.542282104492188 -43.5 43.3840217590332
  endloop
endfacet
facet normal 0.0 0.0 0.0
  outer loop
    vertex -12.53857421875 -43.0 44.5284309387207
    vertex -12.542282104492188 -43.5 43.3840217590332
    vertex -12.542282104492188 -43.0 43.3840217590332
  endloop
endfacet
facet normal 0.0 0.0 0.0
  outer loop
    vertex -12.542282104492188 -43.0 43.3840217590332
    vertex -12.542282104492188 -43.5 43.3840217590332
    vertex -12.544567108154297 -43.5 42.2008056640625
  endloop
endfacet
facet normal 0.0 0.0 0.0
  outer loop
    vertex -12.542282104492188 -43.0 43.3840217590332
    vertex -12.544567108154297 -43.5 42.2008056640625
    vertex -12.544567108154297 -43.0 42.2008056640625
  endloop
endfacet
facet normal 0.0 0.0 0.0
  outer loop
    vertex -12.544567108154297 -43.0 42.2008056640625
    vertex -12.544567108154297 -43.5 42.2008056640625
    vertex -12.545347213745117 -43.5 40.98495864868164
  endloop
endfacet
facet normal 0.0 0.0 0.0
  outer loop
    vertex -12.544567108154297 -43.0 42.2008056640625
    vertex -12.545347213745117 -43.5 40.98495864868164
    vertex -12.545347213745117 -43.0 40.98495864868164
  endloop
endfacet
facet normal 0.0 0.0 0.0
  outer loop
    vertex -12.545347213745117 -43.5 40.98495864868164
    vertex -12.545347213745117 -43.5 29.049428939819336
    vertex -12.545347213745117 -43.0 40.98495864868164
  endloop
endfacet
facet normal 0.0 0.0 0.0
  outer loop
    vertex -12.545347213745117 -43.0 40.98495864868164
    vertex -12.545347213745117 -43.5 29.049428939819336
    vertex -12.545347213745117 -43.0 29.049428939819336
  endloop
endfacet
facet normal 0.0 0.0 0.0
  outer loop
    vertex -12.545347213745117 -43.5 29.049428939819336
    vertex -6.447726726531982 -43.5 29.049428939819336
    vertex -12.545347213745117 -43.0 29.049428939819336
  endloop
endfacet
facet normal 0.0 0.0 0.0
  outer loop
    vertex -12.545347213745117 -43.0 29.049428939819336
    vertex -6.447726726531982 -43.5 29.049428939819336
    vertex -6.447726726531982 -43.0 29.049428939819336
  endloop
endfacet
facet normal 0.0 0.0 0.0
  outer loop
    vertex -6.447726726531982 -43.5 29.049428939819336
    vertex -6.447726726531982 -43.5 41.01883316040039
    vertex -6.447726726531982 -43.0 29.049428939819336
  endloop
endfacet
facet normal 0.0 0.0 0.0
  outer loop
    vertex -6.447726726531982 -43.0 29.049428939819336
    vertex -6.447726726531982 -43.5 41.01883316040039
    vertex -6.447726726531982 -43.0 41.01883316040039
  endloop
endfacet
facet normal 0.0 0.0 0.0
  outer loop
    vertex -6.447726726531982 -43.5 41.01883316040039
    vertex -0.5759435296058655 -43.5 41.01883316040039
    vertex -6.447726726531982 -43.0 41.01883316040039
  endloop
endfacet
facet normal 0.0 0.0 0.0
  outer loop
    vertex -6.447726726531982 -43.0 41.01883316040039
    vertex -0.5759435296058655 -43.5 41.01883316040039
    vertex -0.5759435296058655 -43.0 41.01883316040039
  endloop
endfacet
facet normal 0.0 0.0 0.0
  outer loop
    vertex -0.5759435296058655 -43.5 41.01883316040039
    vertex -0.5759435296058655 -43.5 35.14704895019531
    vertex -0.5759435296058655 -43.0 41.01883316040039
  endloop
endfacet
facet normal 0.0 0.0 0.0
  outer loop
    vertex -0.5759435296058655 -43.0 41.01883316040039
    vertex -0.5759435296058655 -43.5 35.14704895019531
    vertex -0.5759435296058655 -43.0 35.14704895019531
  endloop
endfacet
facet normal 0.0 0.0 0.0
  outer loop
    vertex -0.5759435296058655 -43.5 35.14704895019531
    vertex 5.521677494049072 -43.5 35.14704895019531
    vertex -0.5759435296058655 -43.0 35.14704895019531
  endloop
endfacet
facet normal 0.0 0.0 0.0
  outer loop
    vertex -0.5759435296058655 -43.0 35.14704895019531
    vertex 5.521677494049072 -43.5 35.14704895019531
    vertex 5.521677494049072 -43.0 35.14704895019531
  endloop
endfacet
facet normal 0.0 0.0 0.0
  outer loop
    vertex 5.521677494049072 -43.5 35.14704895019531
    vertex 5.521677494049072 -43.5 29.038137435913086
    vertex 5.521677494049072 -43.0 35.14704895019531
  endloop
endfacet
facet normal 0.0 0.0 0.0
  outer loop
    vertex 5.521677494049072 -43.0 35.14704895019531
    vertex 5.521677494049072 -43.5 29.038137435913086
    vertex 5.521677494049072 -43.0 29.038137435913086
  endloop
endfacet
facet normal 0.0 0.0 0.0
  outer loop
    vertex 5.521677494049072 -43.5 29.038137435913086
    vertex 8.514028549194336 -43.5 29.09459686279297
    vertex 5.521677494049072 -43.0 29.038137435913086
  endloop
endfacet
facet normal 0.0 0.0 0.0
  outer loop
    vertex 5.521677494049072 -43.0 29.038137435913086
    vertex 8.514028549194336 -43.5 29.09459686279297
    vertex 8.514028549194336 -43.0 29.09459686279297
  endloop
endfacet
facet normal 0.0 0.0 0.0
  outer loop
    vertex 8.514028549194336 -43.5 29.09459686279297
    vertex 11.506379127502441 -43.5 29.1623477935791
    vertex 8.514028549194336 -43.0 29.09459686279297
  endloop
endfacet
facet normal 0.0 0.0 0.0
  outer loop
    vertex 8.514028549194336 -43.0 29.09459686279297
    vertex 11.506379127502441 -43.5 29.1623477935791
    vertex 11.506379127502441 -43.0 29.1623477935791
  endloop
endfacet
facet normal 0.0 0.0 0.0
  outer loop
    vertex 11.506379127502441 -43.5 29.1623477935791
    vertex 11.506379127502441 -43.5 53.10115432739258
    vertex 11.506379127502441 -43.0 29.1623477935791
  endloop
endfacet
facet normal 0.0 0.0 0.0
  outer loop
    vertex 11.506379127502441 -43.0 29.1623477935791
    vertex 11.506379127502441 -43.5 53.10115432739258
    vertex 11.506379127502441 -43.0 53.10115432739258
  endloop
endfacet
facet normal 0.0 0.0 0.0
  outer loop
    vertex 11.506379127502441 -43.5 53.10115432739258
    vertex 8.514028549194336 -43.5 53.168907165527344
    vertex 11.506379127502441 -43.0 53.10115432739258
  endloop
endfacet
facet normal 0.0 0.0 0.0
  outer loop
    vertex 11.506379127502441 -43.0 53.10115432739258
    vertex 8.514028549194336 -43.5 53.168907165527344
    vertex 8.514028549194336 -43.0 53.168907165527344
  endloop
endfacet
facet normal 0.0 0.0 0.0
  outer loop
    vertex 8.514028549194336 -43.5 53.168907165527344
    vertex 5.521677494049072 -43.5 53.225364685058594
    vertex 8.514028549194336 -43.0 53.168907165527344
  endloop
endfacet
facet normal 0.0 0.0 0.0
  outer loop
    vertex 8.514028549194336 -43.0 53.168907165527344
    vertex 5.521677494049072 -43.5 53.225364685058594
    vertex 5.521677494049072 -43.0 53.225364685058594
  endloop
endfacet
facet normal 0.0 0.0 0.0
  outer loop
    vertex 5.521677494049072 -43.5 53.225364685058594
    vertex 5.521677494049072 -43.5 41.24467086791992
    vertex 5.521677494049072 -43.0 53.225364685058594
  endloop
endfacet
facet normal 0.0 0.0 0.0
  outer loop
    vertex 5.521677494049072 -43.0 53.225364685058594
    vertex 5.521677494049072 -43.5 41.24467086791992
    vertex 5.521677494049072 -43.0 41.24467086791992
  endloop
endfacet
facet normal 0.0 0.0 0.0
  outer loop
    vertex 5.521677494049072 -43.5 41.24467086791992
    vertex -0.3501057028770447 -43.5 41.24467086791992
    vertex 5.521677494049072 -43.0 41.24467086791992
  endloop
endfacet
facet normal 0.0 0.0 0.0
  outer loop
    vertex 5.521677494049072 -43.0 41.24467086791992
    vertex -0.3501057028770447 -43.5 41.24467086791992
    vertex -0.3501057028770447 -43.0 41.24467086791992
  endloop
endfacet
facet normal 0.0 0.0 0.0
  outer loop
    vertex -0.3501057028770447 -43.5 41.24467086791992
    vertex -0.3501057028770447 -43.5 47.116455078125
    vertex -0.3501057028770447 -43.0 41.24467086791992
  endloop
endfacet
facet normal 0.0 0.0 0.0
  outer loop
    vertex -0.3501057028770447 -43.0 41.24467086791992
    vertex -0.3501057028770447 -43.5 47.116455078125
    vertex -0.3501057028770447 -43.0 47.116455078125
  endloop
endfacet
facet normal 0.0 0.0 0.0
  outer loop
    vertex -0.3501057028770447 -43.5 47.116455078125
    vertex -6.447726726531982 -43.5 47.116455078125
    vertex -0.3501057028770447 -43.0 47.116455078125
  endloop
endfacet
facet normal 0.0 0.0 0.0
  outer loop
    vertex -0.3501057028770447 -43.0 47.116455078125
    vertex -6.447726726531982 -43.5 47.116455078125
    vertex -6.447726726531982 -43.0 47.116455078125
  endloop
endfacet
facet normal 0.0 0.0 0.0
  outer loop
    vertex -6.447726726531982 -43.5 47.116455078125
    vertex -6.447726726531982 -43.5 53.214073181152344
    vertex -6.447726726531982 -43.0 47.116455078125
  endloop
endfacet
facet normal 0.0 0.0 0.0
  outer loop
    vertex -6.447726726531982 -43.0 47.116455078125
    vertex -6.447726726531982 -43.5 53.214073181152344
    vertex -6.447726726531982 -43.0 53.214073181152344
  endloop
endfacet
facet normal 0.0 0.0 0.0
  outer loop
    vertex -6.447726726531982 -43.5 53.214073181152344
    vertex -9.34974193572998 -43.5 53.214073181152344
    vertex -6.447726726531982 -43.0 53.214073181152344
  endloop
endfacet
facet normal 0.0 0.0 0.0
  outer loop
    vertex -6.447726726531982 -43.0 53.214073181152344
    vertex -9.34974193572998 -43.5 53.214073181152344
    vertex -9.34974193572998 -43.0 53.214073181152344
  endloop
endfacet
facet normal 0.0 0.0 0.0
  outer loop
    vertex -9.34974193572998 -43.5 53.214073181152344
    vertex -9.934164047241211 -43.5 53.21100997924805
    vertex -9.34974193572998 -43.0 53.214073181152344
  endloop
endfacet
facet normal 0.0 0.0 0.0
  outer loop
    vertex -9.34974193572998 -43.0 53.214073181152344
    vertex -9.934164047241211 -43.5 53.21100997924805
    vertex -9.934164047241211 -43.0 53.21100997924805
  endloop
endfacet
facet normal 0.0 0.0 0.0
  outer loop
    vertex -9.934164047241211 -43.0 53.21100997924805
    vertex -9.934164047241211 -43.5 53.21100997924805
    vertex -10.485106468200684 -43.5 53.20225143432617
  endloop
endfacet
facet normal 0.0 0.0 0.0
  outer loop
    vertex -9.934164047241211 -43.0 53.21100997924805
    vertex -10.485106468200684 -43.5 53.20225143432617
    vertex -10.485106468200684 -43.0 53.20225143432617
  endloop
endfacet
facet normal 0.0 0.0 0.0
  outer loop
    vertex -10.485106468200684 -43.0 53.20225143432617
    vertex -10.485106468200684 -43.5 53.20225143432617
    vertex -10.990263938903809 -43.5 53.18846893310547
  endloop
endfacet
facet normal 0.0 0.0 0.0
  outer loop
    vertex -10.485106468200684 -43.0 53.20225143432617
    vertex -10.990263938903809 -43.5 53.18846893310547
    vertex -10.990263938903809 -43.0 53.18846893310547
  endloop
endfacet
facet normal 0.0 0.0 0.0
  outer loop
    vertex -10.990263938903809 -43.0 53.18846893310547
    vertex -10.990263938903809 -43.5 53.18846893310547
    vertex -11.22182846069336 -43.5 53.17989730834961
  endloop
endfacet
facet normal 0.0 0.0 0.0
  outer loop
    vertex -10.990263938903809 -43.0 53.18846893310547
    vertex -11.22182846069336 -43.5 53.17989730834961
    vertex -11.22182846069336 -43.0 53.17989730834961
  endloop
endfacet
facet normal 0.0 0.0 0.0
  outer loop
    vertex -11.22182846069336 -43.0 53.17989730834961
    vertex -11.22182846069336 -43.5 53.17989730834961
    vertex -11.43733024597168 -43.5 53.170318603515625
  endloop
endfacet
facet normal 0.0 0.0 0.0
  outer loop
    vertex -11.22182846069336 -43.0 53.17989730834961
    vertex -11.43733024597168 -43.5 53.170318603515625
    vertex -11.43733024597168 -43.0 53.170318603515625
  endloop
endfacet
facet normal 0.0 0.0 0.0
  outer loop
    vertex -11.43733024597168 -43.0 53.170318603515625
    vertex -11.43733024597168 -43.5 53.170318603515625
    vertex -11.635233879089355 -43.5 53.159812927246094
  endloop
endfacet
facet normal 0.0 0.0 0.0
  outer loop
    vertex -11.43733024597168 -43.0 53.170318603515625
    vertex -11.635233879089355 -43.5 53.159812927246094
    vertex -11.635233879089355 -43.0 53.159812927246094
  endloop
endfacet
facet normal 0.0 0.0 0.0
  outer loop
    vertex -11.635233879089355 -43.0 53.159812927246094
    vertex -11.635233879089355 -43.5 53.159812927246094
    vertex -11.81399917602539 -43.5 53.148460388183594
  endloop
endfacet
facet normal 0.0 0.0 0.0
  outer loop
    vertex -11.635233879089355 -43.0 53.159812927246094
    vertex -11.81399917602539 -43.5 53.148460388183594
    vertex -11.81399917602539 -43.0 53.148460388183594
  endloop
endfacet
facet normal 0.0 0.0 0.0
  outer loop
    vertex -11.81399917602539 -43.0 53.148460388183594
    vertex -11.81399917602539 -43.5 53.148460388183594
    vertex -11.972087860107422 -43.5 53.1363525390625
  endloop
endfacet
facet normal 0.0 0.0 0.0
  outer loop
    vertex -11.81399917602539 -43.0 53.148460388183594
    vertex -11.972087860107422 -43.5 53.1363525390625
    vertex -11.972087860107422 -43.0 53.1363525390625
  endloop
endfacet
facet normal 0.0 0.0 0.0
  outer loop
    vertex -11.972087860107422 -43.0 53.1363525390625
    vertex -11.972087860107422 -43.5 53.1363525390625
    vertex -12.107962608337402 -43.5 53.12356185913086
  endloop
endfacet
facet normal 0.0 0.0 0.0
  outer loop
    vertex -11.972087860107422 -43.0 53.1363525390625
    vertex -12.107962608337402 -43.5 53.12356185913086
    vertex -12.107962608337402 -43.0 53.12356185913086
  endloop
endfacet
facet normal 0.0 0.0 0.0
  outer loop
    vertex -12.107962608337402 -43.0 53.12356185913086
    vertex -12.107962608337402 -43.5 53.12356185913086
    vertex -12.220085144042969 -43.5 53.11017990112305
  endloop
endfacet
facet normal 0.0 0.0 0.0
  outer loop
    vertex -12.107962608337402 -43.0 53.12356185913086
    vertex -12.220085144042969 -43.5 53.11017990112305
    vertex -12.220085144042969 -43.0 53.11017990112305
  endloop
endfacet
facet normal 0.0 0.0 0.0
  outer loop
    vertex -12.220085144042969 -43.0 53.11017990112305
    vertex -12.220085144042969 -43.5 53.11017990112305
    vertex -12.306916236877441 -43.5 53.096282958984375
  endloop
endfacet
facet normal 0.0 0.0 0.0
  outer loop
    vertex -12.220085144042969 -43.0 53.11017990112305
    vertex -12.306916236877441 -43.5 53.096282958984375
    vertex -12.306916236877441 -43.0 53.096282958984375
  endloop
endfacet
facet normal 0.0 0.0 0.0
  outer loop
    vertex -12.306916236877441 -43.0 53.096282958984375
    vertex -12.306916236877441 -43.5 53.096282958984375
    vertex -12.366918563842773 -43.5 53.08195495605469
  endloop
endfacet
facet normal 0.0 0.0 0.0
  outer loop
    vertex -12.306916236877441 -43.0 53.096282958984375
    vertex -12.366918563842773 -43.5 53.08195495605469
    vertex -12.366918563842773 -43.0 53.08195495605469
  endloop
endfacet
facet normal 0.0 0.0 0.0
  outer loop
    vertex -12.366918563842773 -43.0 53.08195495605469
    vertex -12.366918563842773 -43.5 53.08195495605469
    vertex -12.386377334594727 -43.5 53.07465362548828
  endloop
endfacet
facet normal 0.0 0.0 0.0
  outer loop
    vertex -12.366918563842773 -43.0 53.08195495605469
    vertex -12.386377334594727 -43.5 53.07465362548828
    vertex -12.386377334594727 -43.0 53.07465362548828
  endloop
endfacet
facet normal 0.0 0.0 0.0
  outer loop
    vertex -12.386377334594727 -43.0 53.07465362548828
    vertex -12.386377334594727 -43.5 53.07465362548828
    vertex -12.393387794494629 -43.5 53.07097625732422
  endloop
endfacet
facet normal 0.0 0.0 0.0
  outer loop
    vertex -12.386377334594727 -43.0 53.07465362548828
    vertex -12.393387794494629 -43.5 53.07097625732422
    vertex -12.393387794494629 -43.0 53.07097625732422
  endloop
endfacet
facet normal 0.0 0.0 0.0
  outer loop
    vertex -12.393387794494629 -43.0 53.07097625732422
    vertex -12.393387794494629 -43.5 53.07097625732422
    vertex -12.398552894592285 -43.5 53.06727981567383
  endloop
endfacet
facet normal 0.0 0.0 0.0
  outer loop
    vertex -12.393387794494629 -43.0 53.07097625732422
    vertex -12.398552894592285 -43.5 53.06727981567383
    vertex -12.398552894592285 -43.0 53.06727981567383
  endloop
endfacet
facet normal 0.0 0.0 0.0
  outer loop
    vertex -9.934164047241211 -43.0 53.21100997924805
    vertex -12.491085052490234 -43.0 50.23447799682617
    vertex -9.34974193572998 -43.0 53.214073181152344
  endloop
endfacet
facet normal 0.0 0.0 0.0
  outer loop
    vertex -9.34974193572998 -43.0 53.214073181152344
    vertex -12.491085052490234 -43.0 50.23447799682617
    vertex -12.496448516845703 -43.0 49.853336334228516
  endloop
endfacet
facet normal 0.0 0.0 0.0
  outer loop
    vertex -9.34974193572998 -43.0 53.214073181152344
    vertex -12.496448516845703 -43.0 49.853336334228516
    vertex -6.447726726531982 -43.0 47.116455078125
  endloop
endfacet
facet normal 0.0 0.0 0.0
  outer loop
    vertex -6.447726726531982 -43.0 47.116455078125
    vertex -12.496448516845703 -43.0 49.853336334228516
    vertex -12.501591682434082 -43.0 49.45246505737305
  endloop
endfacet
facet normal 0.0 0.0 0.0
  outer loop
    vertex -6.447726726531982 -43.0 47.116455078125
    vertex -12.501591682434082 -43.0 49.45246505737305
    vertex -12.506502151489258 -43.0 49.03263473510742
  endloop
endfacet
facet normal 0.0 0.0 0.0
  outer loop
    vertex -10.485106468200684 -43.0 53.20225143432617
    vertex -12.479735374450684 -43.0 50.93450164794922
    vertex -9.934164047241211 -43.0 53.21100997924805
  endloop
endfacet
facet normal 0.0 0.0 0.0
  outer loop
    vertex -9.934164047241211 -43.0 53.21100997924805
    vertex -12.479735374450684 -43.0 50.93450164794922
    vertex -12.48551082611084 -43.0 50.595123291015625
  endloop
endfacet
facet normal 0.0 0.0 0.0
  outer loop
    vertex -9.934164047241211 -43.0 53.21100997924805
    vertex -12.48551082611084 -43.0 50.595123291015625
    vertex -12.491085052490234 -43.0 50.23447799682617
  endloop
endfacet
facet normal 0.0 0.0 0.0
  outer loop
    vertex -10.990263938903809 -43.0 53.18846893310547
    vertex -12.46762466430664 -43.0 51.54636001586914
    vertex -10.485106468200684 -43.0 53.20225143432617
  endloop
endfacet
facet normal 0.0 0.0 0.0
  outer loop
    vertex -10.485106468200684 -43.0 53.20225143432617
    vertex -12.46762466430664 -43.0 51.54636001586914
    vertex -12.473770141601562 -43.0 51.25183868408203
  endloop
endfacet
facet normal 0.0 0.0 0.0
  outer loop
    vertex -10.485106468200684 -43.0 53.20225143432617
    vertex -12.473770141601562 -43.0 51.25183868408203
    vertex -12.479735374450684 -43.0 50.93450164794922
  endloop
endfacet
facet normal 0.0 0.0 0.0
  outer loop
    vertex -12.46762466430664 -43.0 51.54636001586914
    vertex -10.990263938903809 -43.0 53.18846893310547
    vertex -12.461309432983398 -43.0 51.81730270385742
  endloop
endfacet
facet normal 0.0 0.0 0.0
  outer loop
    vertex -12.461309432983398 -43.0 51.81730270385742
    vertex -10.990263938903809 -43.0 53.18846893310547
    vertex -11.22182846069336 -43.0 53.17989730834961
  endloop
endfacet
facet normal 0.0 0.0 0.0
  outer loop
    vertex -12.461309432983398 -43.0 51.81730270385742
    vertex -11.22182846069336 -43.0 53.17989730834961
    vertex -12.454835891723633 -43.0 52.06388854980469
  endloop
endfacet
facet normal 0.0 0.0 0.0
  outer loop
    vertex -12.454835891723633 -43.0 52.06388854980469
    vertex -11.22182846069336 -43.0 53.17989730834961
    vertex -11.43733024597168 -43.0 53.170318603515625
  endloop
endfacet
facet normal 0.0 0.0 0.0
  outer loop
    vertex -12.454835891723633 -43.0 52.06388854980469
    vertex -11.43733024597168 -43.0 53.170318603515625
    vertex -12.448212623596191 -43.0 52.28535079956055
  endloop
endfacet
facet normal 0.0 0.0 0.0
  outer loop
    vertex -12.448212623596191 -43.0 52.28535079956055
    vertex -11.43733024597168 -43.0 53.170318603515625
    vertex -11.635233879089355 -43.0 53.159812927246094
  endloop
endfacet
facet normal 0.0 0.0 0.0
  outer loop
    vertex -12.448212623596191 -43.0 52.28535079956055
    vertex -11.635233879089355 -43.0 53.159812927246094
    vertex -12.441451072692871 -43.0 52.48091506958008
  endloop
endfacet
facet normal 0.0 0.0 0.0
  outer loop
    vertex -12.441451072692871 -43.0 52.48091506958008
    vertex -11.635233879089355 -43.0 53.159812927246094
    vertex -11.81399917602539 -43.0 53.148460388183594
  endloop
endfacet
facet normal 0.0 0.0 0.0
  outer loop
    vertex -12.441451072692871 -43.0 52.48091506958008
    vertex -11.81399917602539 -43.0 53.148460388183594
    vertex -11.972087860107422 -43.0 53.1363525390625
  endloop
endfacet
facet normal 0.0 0.0 0.0
  outer loop
    vertex -12.441451072692871 -43.0 52.48091506958008
    vertex -11.972087860107422 -43.0 53.1363525390625
    vertex -12.434561729431152 -43.0 52.649810791015625
  endloop
endfacet
facet normal 0.0 0.0 0.0
  outer loop
    vertex -12.434561729431152 -43.0 52.649810791015625
    vertex -11.972087860107422 -43.0 53.1363525390625
    vertex -12.107962608337402 -43.0 53.12356185913086
  endloop
endfacet
facet normal 0.0 0.0 0.0
  outer loop
    vertex -12.434561729431152 -43.0 52.649810791015625
    vertex -12.107962608337402 -43.0 53.12356185913086
    vertex -12.4275541305542 -43.0 52.79126739501953
  endloop
endfacet
facet normal 0.0 0.0 0.0
  outer loop
    vertex -12.4275541305542 -43.0 52.79126739501953
    vertex -12.107962608337402 -43.0 53.12356185913086
    vertex -12.220085144042969 -43.0 53.11017990112305
  endloop
endfacet
facet normal 0.0 0.0 0.0
  outer loop
    vertex -12.4275541305542 -43.0 52.79126739501953
    vertex -12.220085144042969 -43.0 53.11017990112305
    vertex -12.420439720153809 -43.0 52.90451431274414
  endloop
endfacet
facet normal 0.0 0.0 0.0
  outer loop
    vertex -12.420439720153809 -43.0 52.90451431274414
    vertex -12.220085144042969 -43.0 53.11017990112305
    vertex -12.306916236877441 -43.0 53.096282958984375
  endloop
endfacet
facet normal 0.0 0.0 0.0
  outer loop
    vertex -12.420439720153809 -43.0 52.90451431274414
    vertex -12.306916236877441 -43.0 53.096282958984375
    vertex -12.413227081298828 -43.0 52.9887809753418
  endloop
endfacet
facet normal 0.0 0.0 0.0
  outer loop
    vertex -12.413227081298828 -43.0 52.9887809753418
    vertex -12.306916236877441 -43.0 53.096282958984375
    vertex -12.366918563842773 -43.0 53.08195495605469
  endloop
endfacet
facet normal 0.0 0.0 0.0
  outer loop
    vertex -12.413227081298828 -43.0 52.9887809753418
    vertex -12.366918563842773 -43.0 53.08195495605469
    vertex -12.405928611755371 -43.0 53.04329299926758
  endloop
endfacet
facet normal 0.0 0.0 0.0
  outer loop
    vertex -12.405928611755371 -43.0 53.04329299926758
    vertex -12.366918563842773 -43.0 53.08195495605469
    vertex -12.386377334594727 -43.0 53.07465362548828
  endloop
endfacet
facet normal 0.0 0.0 0.0
  outer loop
    vertex -12.405928611755371 -43.0 53.04329299926758
    vertex -12.386377334594727 -43.0 53.07465362548828
    vertex -12.402249336242676 -43.0 53.05915069580078
  endloop
endfacet
facet normal 0.0 0.0 0.0
  outer loop
    vertex -12.402249336242676 -43.0 53.05915069580078
    vertex -12.386377334594727 -43.0 53.07465362548828
    vertex -12.393387794494629 -43.0 53.07097625732422
  endloop
endfacet
facet normal 0.0 0.0 0.0
  outer loop
    vertex -12.402249336242676 -43.0 53.05915069580078
    vertex -12.393387794494629 -43.0 53.07097625732422
    vertex -12.400403022766113 -43.0 53.064186096191406
  endloop
endfacet
facet normal 0.0 0.0 0.0
  outer loop
    vertex -12.400403022766113 -43.0 53.064186096191406
    vertex -12.393387794494629 -43.0 53.07097625732422
    vertex -12.399478912353516 -43.0 53.065975189208984
  endloop
endfacet
facet normal 0.0 0.0 0.0
  outer loop
    vertex -12.399478912353516 -43.0 53.065975189208984
    vertex -12.393387794494629 -43.0 53.07097625732422
    vertex -12.398552894592285 -43.0 53.06727981567383
  endloop
endfacet
facet normal 0.0 0.0 0.0
  outer loop
    vertex -12.399478912353516 -43.0 53.065975189208984
    vertex -12.398552894592285 -43.0 53.06727981567383
    vertex -12.399015426635742 -43.0 53.066688537597656
  endloop
endfacet
facet normal 0.0 0.0 0.0
  outer loop
    vertex -12.506502151489258 -43.0 49.03263473510742
    vertex -12.511171340942383 -43.0 48.59462356567383
    vertex -6.447726726531982 -43.0 47.116455078125
  endloop
endfacet
facet normal 0.0 0.0 0.0
  outer loop
    vertex -6.447726726531982 -43.0 47.116455078125
    vertex -12.511171340942383 -43.0 48.59462356567383
    vertex -12.51558780670166 -43.0 48.139198303222656
  endloop
endfacet
facet normal 0.0 0.0 0.0
  outer loop
    vertex -6.447726726531982 -43.0 47.116455078125
    vertex -12.51558780670166 -43.0 48.139198303222656
    vertex -12.519742012023926 -43.0 47.66713333129883
  endloop
endfacet
facet normal 0.0 0.0 0.0
  outer loop
    vertex -12.519742012023926 -43.0 47.66713333129883
    vertex -12.5236234664917 -43.0 47.17919158935547
    vertex -6.447726726531982 -43.0 47.116455078125
  endloop
endfacet
facet normal 0.0 0.0 0.0
  outer loop
    vertex -6.447726726531982 -43.0 47.116455078125
    vertex -12.5236234664917 -43.0 47.17919158935547
    vertex -12.5272216796875 -43.0 46.67615509033203
  endloop
endfacet
facet normal 0.0 0.0 0.0
  outer loop
    vertex -6.447726726531982 -43.0 47.116455078125
    vertex -12.5272216796875 -43.0 46.67615509033203
    vertex -12.533526420593262 -43.0 45.627864837646484
  endloop
endfacet
facet normal 0.0 0.0 0.0
  outer loop
    vertex -12.533526420593262 -43.0 45.627864837646484
    vertex -12.53857421875 -43.0 44.5284309387207
    vertex -6.447726726531982 -43.0 47.116455078125
  endloop
endfacet
facet normal 0.0 0.0 0.0
  outer loop
    vertex -6.447726726531982 -43.0 47.116455078125
    vertex -12.53857421875 -43.0 44.5284309387207
    vertex -6.447726726531982 -43.0 41.01883316040039
  endloop
endfacet
facet normal 0.0 0.0 0.0
  outer loop
    vertex -6.447726726531982 -43.0 47.116455078125
    vertex -6.447726726531982 -43.0 41.01883316040039
    vertex -0.5759435296058655 -43.0 41.01883316040039
  endloop
endfacet
facet normal 0.0 0.0 0.0
  outer loop
    vertex -12.53857421875 -43.0 44.5284309387207
    vertex -12.542282104492188 -43.0 43.3840217590332
    vertex -6.447726726531982 -43.0 41.01883316040039
  endloop
endfacet
facet normal 0.0 0.0 0.0
  outer loop
    vertex -6.447726726531982 -43.0 41.01883316040039
    vertex -12.542282104492188 -43.0 43.3840217590332
    vertex -12.544567108154297 -43.0 42.2008056640625
  endloop
endfacet
facet normal 0.0 0.0 0.0
  outer loop
    vertex -6.447726726531982 -43.0 41.01883316040039
    vertex -12.544567108154297 -43.0 42.2008056640625
    vertex -12.545347213745117 -43.0 40.98495864868164
  endloop
endfacet
facet normal 0.0 0.0 0.0
  outer loop
    vertex -12.545347213745117 -43.0 29.049428939819336
    vertex -6.447726726531982 -43.0 29.049428939819336
    vertex -12.545347213745117 -43.0 40.98495864868164
  endloop
endfacet
facet normal 0.0 0.0 0.0
  outer loop
    vertex -12.545347213745117 -43.0 40.98495864868164
    vertex -6.447726726531982 -43.0 29.049428939819336
    vertex -6.447726726531982 -43.0 41.01883316040039
  endloop
endfacet
facet normal 0.0 0.0 0.0
  outer loop
    vertex -0.5759435296058655 -43.0 35.14704895019531
    vertex 5.521677494049072 -43.0 35.14704895019531
    vertex -0.5759435296058655 -43.0 41.01883316040039
  endloop
endfacet
facet normal 0.0 0.0 0.0
  outer loop
    vertex -0.5759435296058655 -43.0 41.01883316040039
    vertex 5.521677494049072 -43.0 35.14704895019531
    vertex -0.3501057028770447 -43.0 41.24467086791992
  endloop
endfacet
facet normal 0.0 0.0 0.0
  outer loop
    vertex -0.5759435296058655 -43.0 41.01883316040039
    vertex -0.3501057028770447 -43.0 41.24467086791992
    vertex -6.447726726531982 -43.0 47.116455078125
  endloop
endfacet
facet normal 0.0 0.0 0.0
  outer loop
    vertex -6.447726726531982 -43.0 47.116455078125
    vertex -0.3501057028770447 -43.0 41.24467086791992
    vertex -0.3501057028770447 -43.0 47.116455078125
  endloop
endfacet
facet normal 0.0 0.0 0.0
  outer loop
    vertex 5.521677494049072 -43.0 29.038137435913086
    vertex 8.514028549194336 -43.0 29.09459686279297
    vertex 5.521677494049072 -43.0 35.14704895019531
  endloop
endfacet
facet normal 0.0 0.0 0.0
  outer loop
    vertex 5.521677494049072 -43.0 35.14704895019531
    vertex 8.514028549194336 -43.0 29.09459686279297
    vertex 11.506379127502441 -43.0 29.1623477935791
  endloop
endfacet
facet normal 0.0 0.0 0.0
  outer loop
    vertex 5.521677494049072 -43.0 35.14704895019531
    vertex 11.506379127502441 -43.0 29.1623477935791
    vertex 5.521677494049072 -43.0 41.24467086791992
  endloop
endfacet
facet normal 0.0 0.0 0.0
  outer loop
    vertex 5.521677494049072 -43.0 41.24467086791992
    vertex 11.506379127502441 -43.0 29.1623477935791
    vertex 11.506379127502441 -43.0 53.10115432739258
  endloop
endfacet
facet normal 0.0 0.0 0.0
  outer loop
    vertex 5.521677494049072 -43.0 41.24467086791992
    vertex 11.506379127502441 -43.0 53.10115432739258
    vertex 8.514028549194336 -43.0 53.168907165527344
  endloop
endfacet
facet normal 0.0 0.0 0.0
  outer loop
    vertex 8.514028549194336 -43.0 53.168907165527344
    vertex 5.521677494049072 -43.0 53.225364685058594
    vertex 5.521677494049072 -43.0 41.24467086791992
  endloop
endfacet
facet normal 0.0 0.0 0.0
  outer loop
    vertex 5.521677494049072 -43.0 41.24467086791992
    vertex -0.3501057028770447 -43.0 41.24467086791992
    vertex 5.521677494049072 -43.0 35.14704895019531
  endloop
endfacet
facet normal 0.0 0.0 0.0
  outer loop
    vertex -6.447726726531982 -43.0 47.116455078125
    vertex -6.447726726531982 -43.0 53.214073181152344
    vertex -9.34974193572998 -43.0 53.214073181152344
  endloop
endfacet
facet normal 0.0 0.0 0.0
  outer loop
    vertex 17.49108123779297 -43.5 47.116455078125
    vertex 23.362863540649414 -43.5 47.116455078125
    vertex 17.49108123779297 -43.0 47.116455078125
  endloop
endfacet
facet normal 0.0 0.0 0.0
  outer loop
    vertex 17.49108123779297 -43.0 47.116455078125
    vertex 23.362863540649414 -43.5 47.116455078125
    vertex 23.362863540649414 -43.0 47.116455078125
  endloop
endfacet
facet normal 0.0 0.0 0.0
  outer loop
    vertex 23.362863540649414 -43.5 47.116455078125
    vertex 23.47578239440918 -43.5 29.1623477935791
    vertex 23.362863540649414 -43.0 47.116455078125
  endloop
endfacet
facet normal 0.0 0.0 0.0
  outer loop
    vertex 23.362863540649414 -43.0 47.116455078125
    vertex 23.47578239440918 -43.5 29.1623477935791
    vertex 23.47578239440918 -43.0 29.1623477935791
  endloop
endfacet
facet normal 0.0 0.0 0.0
  outer loop
    vertex 23.47578239440918 -43.5 29.1623477935791
    vertex 29.57340431213379 -43.5 29.1623477935791
    vertex 23.47578239440918 -43.0 29.1623477935791
  endloop
endfacet
facet normal 0.0 0.0 0.0
  outer loop
    vertex 23.47578239440918 -43.0 29.1623477935791
    vertex 29.57340431213379 -43.5 29.1623477935791
    vertex 29.57340431213379 -43.0 29.1623477935791
  endloop
endfacet
facet normal 0.0 0.0 0.0
  outer loop
    vertex 29.57340431213379 -43.5 29.1623477935791
    vertex 29.57340431213379 -43.5 47.003536224365234
    vertex 29.57340431213379 -43.0 29.1623477935791
  endloop
endfacet
facet normal 0.0 0.0 0.0
  outer loop
    vertex 29.57340431213379 -43.0 29.1623477935791
    vertex 29.57340431213379 -43.5 47.003536224365234
    vertex 29.57340431213379 -43.0 47.003536224365234
  endloop
endfacet
facet normal 0.0 0.0 0.0
  outer loop
    vertex 29.57340431213379 -43.5 47.003536224365234
    vertex 32.57704544067383 -43.5 47.071285247802734
    vertex 29.57340431213379 -43.0 47.003536224365234
  endloop
endfacet
facet normal 0.0 0.0 0.0
  outer loop
    vertex 29.57340431213379 -43.0 47.003536224365234
    vertex 32.57704544067383 -43.5 47.071285247802734
    vertex 32.57704544067383 -43.0 47.071285247802734
  endloop
endfacet
facet normal 0.0 0.0 0.0
  outer loop
    vertex 32.57704544067383 -43.5 47.071285247802734
    vertex 35.56939697265625 -43.5 47.12774658203125
    vertex 32.57704544067383 -43.0 47.071285247802734
  endloop
endfacet
facet normal 0.0 0.0 0.0
  outer loop
    vertex 32.57704544067383 -43.0 47.071285247802734
    vertex 35.56939697265625 -43.5 47.12774658203125
    vertex 35.56939697265625 -43.0 47.12774658203125
  endloop
endfacet
facet normal 0.0 0.0 0.0
  outer loop
    vertex 35.56939697265625 -43.5 47.12774658203125
    vertex 35.512939453125 -43.5 50.12009811401367
    vertex 35.56939697265625 -43.0 47.12774658203125
  endloop
endfacet
facet normal 0.0 0.0 0.0
  outer loop
    vertex 35.56939697265625 -43.0 47.12774658203125
    vertex 35.512939453125 -43.5 50.12009811401367
    vertex 35.512939453125 -43.0 50.12009811401367
  endloop
endfacet
facet normal 0.0 0.0 0.0
  outer loop
    vertex 35.512939453125 -43.5 50.12009811401367
    vertex 35.445186614990234 -43.5 53.10115432739258
    vertex 35.512939453125 -43.0 50.12009811401367
  endloop
endfacet
facet normal 0.0 0.0 0.0
  outer loop
    vertex 35.512939453125 -43.0 50.12009811401367
    vertex 35.445186614990234 -43.5 53.10115432739258
    vertex 35.445186614990234 -43.0 53.10115432739258
  endloop
endfacet
facet normal 0.0 0.0 0.0
  outer loop
    vertex 35.445186614990234 -43.5 53.10115432739258
    vertex 17.49108123779297 -43.5 53.214073181152344
    vertex 35.445186614990234 -43.0 53.10115432739258
  endloop
endfacet
facet normal 0.0 0.0 0.0
  outer loop
    vertex 35.445186614990234 -43.0 53.10115432739258
    vertex 17.49108123779297 -43.5 53.214073181152344
    vertex 17.49108123779297 -43.0 53.214073181152344
  endloop
endfacet
facet normal 0.0 0.0 0.0
  outer loop
    vertex 17.49108123779297 -43.5 53.214073181152344
    vertex 17.49108123779297 -43.5 47.116455078125
    vertex 17.49108123779297 -43.0 53.214073181152344
  endloop
endfacet
facet normal 0.0 0.0 0.0
  outer loop
    vertex 17.49108123779297 -43.0 53.214073181152344
    vertex 17.49108123779297 -43.5 47.116455078125
    vertex 17.49108123779297 -43.0 47.116455078125
  endloop
endfacet
facet normal 0.0 0.0 0.0
  outer loop
    vertex 17.49108123779297 -43.0 47.116455078125
    vertex 23.362863540649414 -43.0 47.116455078125
    vertex 17.49108123779297 -43.0 53.214073181152344
  endloop
endfacet
facet normal 0.0 0.0 0.0
  outer loop
    vertex 17.49108123779297 -43.0 53.214073181152344
    vertex 23.362863540649414 -43.0 47.116455078125
    vertex 35.445186614990234 -43.0 53.10115432739258
  endloop
endfacet
facet normal 0.0 0.0 0.0
  outer loop
    vertex 35.445186614990234 -43.0 53.10115432739258
    vertex 23.362863540649414 -43.0 47.116455078125
    vertex 29.57340431213379 -43.0 47.003536224365234
  endloop
endfacet
facet normal 0.0 0.0 0.0
  outer loop
    vertex 35.445186614990234 -43.0 53.10115432739258
    vertex 29.57340431213379 -43.0 47.003536224365234
    vertex 32.57704544067383 -43.0 47.071285247802734
  endloop
endfacet
facet normal 0.0 0.0 0.0
  outer loop
    vertex 23.362863540649414 -43.0 47.116455078125
    vertex 23.47578239440918 -43.0 29.1623477935791
    vertex 29.57340431213379 -43.0 47.003536224365234
  endloop
endfacet
facet normal 0.0 0.0 0.0
  outer loop
    vertex 29.57340431213379 -43.0 47.003536224365234
    vertex 23.47578239440918 -43.0 29.1623477935791
    vertex 29.57340431213379 -43.0 29.1623477935791
  endloop
endfacet
facet normal 0.0 0.0 0.0
  outer loop
    vertex 35.56939697265625 -43.0 47.12774658203125
    vertex 35.512939453125 -43.0 50.12009811401367
    vertex 32.57704544067383 -43.0 47.071285247802734
  endloop
endfacet
facet normal 0.0 0.0 0.0
  outer loop
    vertex 32.57704544067383 -43.0 47.071285247802734
    vertex 35.512939453125 -43.0 50.12009811401367
    vertex 35.445186614990234 -43.0 53.10115432739258
  endloop
endfacet
facet normal 0.0 0.0 0.0
  outer loop
    vertex -21.5 41.5 55.400001525878906
    vertex -21.5 41.5 27.600000381469727
    vertex -20.5 41.5 55.400001525878906
  endloop
endfacet
facet normal 0.0 0.0 0.0
  outer loop
    vertex -20.5 41.5 55.400001525878906
    vertex -21.5 41.5 27.600000381469727
    vertex -20.5 41.5 27.600000381469727
  endloop
endfacet
facet normal 0.0 0.0 0.0
  outer loop
    vertex 43.5 -31.855819702148438 47.508968353271484
    vertex 43.5 -34.92272186279297 47.57974624633789
    vertex 43.5 -31.79684066772461 38.190311431884766
  endloop
endfacet
facet normal 0.0 0.0 0.0
  outer loop
    vertex 43.5 -31.79684066772461 38.190311431884766
    vertex 43.5 -34.92272186279297 47.57974624633789
    vertex 43.5 -38.00141525268555 47.63872146606445
  endloop
endfacet
facet normal 0.0 0.0 0.0
  outer loop
    vertex 43.5 -31.79684066772461 38.190311431884766
    vertex 43.5 -38.00141525268555 47.63872146606445
    vertex 43.5 -43.5 27.600000381469727
  endloop
endfacet
facet normal 0.0 0.0 0.0
  outer loop
    vertex 43.5 -43.5 27.600000381469727
    vertex 43.5 -38.00141525268555 47.63872146606445
    vertex 43.5 -43.5 55.400001525878906
  endloop
endfacet
facet normal 0.0 0.0 0.0
  outer loop
    vertex 43.5 -43.5 55.400001525878906
    vertex 43.5 -38.00141525268555 47.63872146606445
    vertex 43.5 -38.00141525268555 53.99664306640625
  endloop
endfacet
facet normal 0.0 0.0 0.0
  outer loop
    vertex 43.5 -43.5 55.400001525878906
    vertex 43.5 -38.00141525268555 53.99664306640625
    vertex 43.5 -19.246139526367188 53.878684997558594
  endloop
endfacet
facet normal 0.0 0.0 0.0
  outer loop
    vertex 43.5 -19.175365447998047 50.7528076171875
    vertex 43.5 -12.913189888000488 52.254512786865234
    vertex 43.5 -19.246139526367188 53.878684997558594
  endloop
endfacet
facet normal 0.0 0.0 0.0
  outer loop
    vertex 43.5 -19.246139526367188 53.878684997558594
    vertex 43.5 -12.913189888000488 52.254512786865234
    vertex 43.5 -12.906593322753906 52.53754425048828
  endloop
endfacet
facet normal 0.0 0.0 0.0
  outer loop
    vertex 43.5 -19.246139526367188 53.878684997558594
    vertex 43.5 -12.906593322753906 52.53754425048828
    vertex 43.5 -12.899829864501953 52.795135498046875
  endloop
endfacet
facet normal 0.0 0.0 0.0
  outer loop
    vertex 43.5 -19.11638641357422 47.62692642211914
    vertex 43.5 -12.95867919921875 49.171058654785156
    vertex 43.5 -19.175365447998047 50.7528076171875
  endloop
endfacet
facet normal 0.0 0.0 0.0
  outer loop
    vertex 43.5 -19.175365447998047 50.7528076171875
    vertex 43.5 -12.95867919921875 49.171058654785156
    vertex 43.5 -12.953802108764648 49.62861633300781
  endloop
endfacet
facet normal 0.0 0.0 0.0
  outer loop
    vertex 43.5 -19.175365447998047 50.7528076171875
    vertex 43.5 -12.953802108764648 49.62861633300781
    vertex 43.5 -12.948671340942383 50.067176818847656
  endloop
endfacet
facet normal 0.0 0.0 0.0
  outer loop
    vertex 43.5 -25.509695053100586 47.62692642211914
    vertex 43.5 -12.9873046875 44.92341613769531
    vertex 43.5 -19.11638641357422 47.62692642211914
  endloop
endfacet
facet normal 0.0 0.0 0.0
  outer loop
    vertex 43.5 -19.11638641357422 47.62692642211914
    vertex 43.5 -12.9873046875 44.92341613769531
    vertex 43.5 -12.98203182220459 46.07191467285156
  endloop
endfacet
facet normal 0.0 0.0 0.0
  outer loop
    vertex 43.5 -19.11638641357422 47.62692642211914
    vertex 43.5 -12.98203182220459 46.07191467285156
    vertex 43.5 -12.975445747375488 47.1669807434082
  endloop
endfacet
facet normal 0.0 0.0 0.0
  outer loop
    vertex 43.5 -25.49789810180664 38.249290466308594
    vertex 43.5 -12.993565559387207 42.49192810058594
    vertex 43.5 -25.509695053100586 47.62692642211914
  endloop
endfacet
facet normal 0.0 0.0 0.0
  outer loop
    vertex 43.5 -25.509695053100586 47.62692642211914
    vertex 43.5 -12.993565559387207 42.49192810058594
    vertex 43.5 -12.991178512573242 43.72793960571289
  endloop
endfacet
facet normal 0.0 0.0 0.0
  outer loop
    vertex 43.5 -25.509695053100586 47.62692642211914
    vertex 43.5 -12.991178512573242 43.72793960571289
    vertex 43.5 -12.9873046875 44.92341613769531
  endloop
endfacet
facet normal 0.0 0.0 0.0
  outer loop
    vertex 43.5 -25.474306106567383 28.87165069580078
    vertex 43.5 -12.994379997253418 28.753692626953125
    vertex 43.5 -25.49789810180664 38.249290466308594
  endloop
endfacet
facet normal 0.0 0.0 0.0
  outer loop
    vertex 43.5 -25.49789810180664 38.249290466308594
    vertex 43.5 -12.994379997253418 28.753692626953125
    vertex 43.5 -12.994379997253418 41.221824645996094
  endloop
endfacet
facet normal 0.0 0.0 0.0
  outer loop
    vertex 43.5 -25.49789810180664 38.249290466308594
    vertex 43.5 -12.994379997253418 41.221824645996094
    vertex 43.5 -12.993565559387207 42.49192810058594
  endloop
endfacet
facet normal 0.0 0.0 0.0
  outer loop
    vertex 43.5 -12.994379997253418 28.753692626953125
    vertex 43.5 -25.474306106567383 28.87165069580078
    vertex 43.5 -43.5 27.600000381469727
  endloop
endfacet
facet normal 0.0 0.0 0.0
  outer loop
    vertex 43.5 -43.5 27.600000381469727
    vertex 43.5 -25.474306106567383 28.87165069580078
    vertex 43.5 -31.749656677246094 28.87165069580078
  endloop
endfacet
facet normal 0.0 0.0 0.0
  outer loop
    vertex 43.5 -43.5 27.600000381469727
    vertex 43.5 -31.749656677246094 28.87165069580078
    vertex 43.5 -31.79684066772461 38.190311431884766
  endloop
endfacet
facet normal 0.0 0.0 0.0
  outer loop
    vertex 43.5 -12.975445747375488 47.1669807434082
    vertex 43.5 -12.971687316894531 47.692466735839844
    vertex 43.5 -19.11638641357422 47.62692642211914
  endloop
endfacet
facet normal 0.0 0.0 0.0
  outer loop
    vertex 43.5 -19.11638641357422 47.62692642211914
    vertex 43.5 -12.971687316894531 47.692466735839844
    vertex 43.5 -12.967632293701172 48.202178955078125
  endloop
endfacet
facet normal 0.0 0.0 0.0
  outer loop
    vertex 43.5 -19.11638641357422 47.62692642211914
    vertex 43.5 -12.967632293701172 48.202178955078125
    vertex 43.5 -12.963293075561523 48.6953125
  endloop
endfacet
facet normal 0.0 0.0 0.0
  outer loop
    vertex 43.5 -12.963293075561523 48.6953125
    vertex 43.5 -12.95867919921875 49.171058654785156
    vertex 43.5 -19.11638641357422 47.62692642211914
  endloop
endfacet
facet normal 0.0 0.0 0.0
  outer loop
    vertex 43.5 -12.948671340942383 50.067176818847656
    vertex 43.5 -12.943300247192383 50.485939025878906
    vertex 43.5 -19.175365447998047 50.7528076171875
  endloop
endfacet
facet normal 0.0 0.0 0.0
  outer loop
    vertex 43.5 -19.175365447998047 50.7528076171875
    vertex 43.5 -12.943300247192383 50.485939025878906
    vertex 43.5 -12.93769645690918 50.884090423583984
  endloop
endfacet
facet normal 0.0 0.0 0.0
  outer loop
    vertex 43.5 -19.175365447998047 50.7528076171875
    vertex 43.5 -12.93769645690918 50.884090423583984
    vertex 43.5 -12.931873321533203 51.26082992553711
  endloop
endfacet
facet normal 0.0 0.0 0.0
  outer loop
    vertex 43.5 -12.931873321533203 51.26082992553711
    vertex 43.5 -12.925840377807617 51.61534881591797
    vertex 43.5 -19.175365447998047 50.7528076171875
  endloop
endfacet
facet normal 0.0 0.0 0.0
  outer loop
    vertex 43.5 -19.175365447998047 50.7528076171875
    vertex 43.5 -12.925840377807617 51.61534881591797
    vertex 43.5 -12.919609069824219 51.94684600830078
  endloop
endfacet
facet normal 0.0 0.0 0.0
  outer loop
    vertex 43.5 -19.175365447998047 50.7528076171875
    vertex 43.5 -12.919609069824219 51.94684600830078
    vertex 43.5 -12.913189888000488 52.254512786865234
  endloop
endfacet
facet normal 0.0 0.0 0.0
  outer loop
    vertex 43.5 -12.899829864501953 52.795135498046875
    vertex 43.5 -12.892911911010742 53.0264778137207
    vertex 43.5 -19.246139526367188 53.878684997558594
  endloop
endfacet
facet normal 0.0 0.0 0.0
  outer loop
    vertex 43.5 -19.246139526367188 53.878684997558594
    vertex 43.5 -12.892911911010742 53.0264778137207
    vertex 43.5 -12.885848045349121 53.230770111083984
  endloop
endfacet
facet normal 0.0 0.0 0.0
  outer loop
    vertex 43.5 -19.246139526367188 53.878684997558594
    vertex 43.5 -12.885848045349121 53.230770111083984
    vertex 43.5 -12.87865161895752 53.40719985961914
  endloop
endfacet
facet normal 0.0 0.0 0.0
  outer loop
    vertex 43.5 -12.87865161895752 53.40719985961914
    vertex 43.5 -12.871331214904785 53.554969787597656
    vertex 43.5 -19.246139526367188 53.878684997558594
  endloop
endfacet
facet normal 0.0 0.0 0.0
  outer loop
    vertex 43.5 -19.246139526367188 53.878684997558594
    vertex 43.5 -12.871331214904785 53.554969787597656
    vertex 43.5 -12.863898277282715 53.67327117919922
  endloop
endfacet
facet normal 0.0 0.0 0.0
  outer loop
    vertex 43.5 -19.246139526367188 53.878684997558594
    vertex 43.5 -12.863898277282715 53.67327117919922
    vertex 43.5 -12.856364250183105 53.761295318603516
  endloop
endfacet
facet normal 0.0 0.0 0.0
  outer loop
    vertex 43.5 -12.856364250183105 53.761295318603516
    vertex 43.5 -12.848739624023438 53.818241119384766
    vertex 43.5 -19.246139526367188 53.878684997558594
  endloop
endfacet
facet normal 0.0 0.0 0.0
  outer loop
    vertex 43.5 -19.246139526367188 53.878684997558594
    vertex 43.5 -12.848739624023438 53.818241119384766
    vertex 43.5 -12.844897270202637 53.83480453491211
  endloop
endfacet
facet normal 0.0 0.0 0.0
  outer loop
    vertex 43.5 -19.246139526367188 53.878684997558594
    vertex 43.5 -12.844897270202637 53.83480453491211
    vertex 43.5 -12.842967987060547 53.84006881713867
  endloop
endfacet
facet normal 0.0 0.0 0.0
  outer loop
    vertex 43.5 -12.842967987060547 53.84006881713867
    vertex 43.5 -12.842002868652344 53.84193801879883
    vertex 43.5 -19.246139526367188 53.878684997558594
  endloop
endfacet
facet normal 0.0 0.0 0.0
  outer loop
    vertex 43.5 -19.246139526367188 53.878684997558594
    vertex 43.5 -12.842002868652344 53.84193801879883
    vertex 43.5 -12.841519355773926 53.842681884765625
  endloop
endfacet
facet normal 0.0 0.0 0.0
  outer loop
    vertex 43.5 -19.246139526367188 53.878684997558594
    vertex 43.5 -12.841519355773926 53.842681884765625
    vertex 43.5 -12.841035842895508 53.843299865722656
  endloop
endfacet
facet normal 0.0 0.0 0.0
  outer loop
    vertex 43.5 -12.841035842895508 53.843299865722656
    vertex 43.5 -12.835639953613281 53.84716033935547
    vertex 43.5 -19.246139526367188 53.878684997558594
  endloop
endfacet
facet normal 0.0 0.0 0.0
  outer loop
    vertex 43.5 -19.246139526367188 53.878684997558594
    vertex 43.5 -12.835639953613281 53.84716033935547
    vertex 43.5 -12.828316688537598 53.85100555419922
  endloop
endfacet
facet normal 0.0 0.0 0.0
  outer loop
    vertex 43.5 -19.246139526367188 53.878684997558594
    vertex 43.5 -12.828316688537598 53.85100555419922
    vertex 43.5 -12.807989120483398 53.85862731933594
  endloop
endfacet
facet normal 0.0 0.0 0.0
  outer loop
    vertex 43.5 -12.807989120483398 53.85862731933594
    vertex 43.5 -12.745309829711914 53.87359619140625
    vertex 43.5 -19.246139526367188 53.878684997558594
  endloop
endfacet
facet normal 0.0 0.0 0.0
  outer loop
    vertex 43.5 -19.246139526367188 53.878684997558594
    vertex 43.5 -12.745309829711914 53.87359619140625
    vertex 43.5 -12.654603958129883 53.88811111450195
  endloop
endfacet
facet normal 0.0 0.0 0.0
  outer loop
    vertex 43.5 -19.246139526367188 53.878684997558594
    vertex 43.5 -12.654603958129883 53.88811111450195
    vertex 43.5 -12.53747844696045 53.90209197998047
  endloop
endfacet
facet normal 0.0 0.0 0.0
  outer loop
    vertex 43.5 -12.53747844696045 53.90209197998047
    vertex 43.5 -12.395540237426758 53.91545486450195
    vertex 43.5 -19.246139526367188 53.878684997558594
  endloop
endfacet
facet normal 0.0 0.0 0.0
  outer loop
    vertex 43.5 -19.246139526367188 53.878684997558594
    vertex 43.5 -12.395540237426758 53.91545486450195
    vertex 43.5 -12.23039722442627 53.928104400634766
  endloop
endfacet
facet normal 0.0 0.0 0.0
  outer loop
    vertex 43.5 -19.246139526367188 53.878684997558594
    vertex 43.5 -12.23039722442627 53.928104400634766
    vertex 43.5 -12.043654441833496 53.93996047973633
  endloop
endfacet
facet normal 0.0 0.0 0.0
  outer loop
    vertex 43.5 -12.043654441833496 53.93996047973633
    vertex 43.5 -11.836920738220215 53.95093536376953
    vertex 43.5 -19.246139526367188 53.878684997558594
  endloop
endfacet
facet normal 0.0 0.0 0.0
  outer loop
    vertex 43.5 -19.246139526367188 53.878684997558594
    vertex 43.5 -11.836920738220215 53.95093536376953
    vertex 43.5 -11.611801147460938 53.960941314697266
  endloop
endfacet
facet normal 0.0 0.0 0.0
  outer loop
    vertex 43.5 -19.246139526367188 53.878684997558594
    vertex 43.5 -11.611801147460938 53.960941314697266
    vertex 43.5 -11.369904518127441 53.96989822387695
  endloop
endfacet
facet normal 0.0 0.0 0.0
  outer loop
    vertex 43.5 -19.246139526367188 53.878684997558594
    vertex 43.5 -11.369904518127441 53.96989822387695
    vertex 43.5 -43.5 55.400001525878906
  endloop
endfacet
facet normal 0.0 0.0 0.0
  outer loop
    vertex 43.5 -43.5 55.400001525878906
    vertex 43.5 -11.369904518127441 53.96989822387695
    vertex 43.5 -10.842205047607422 53.98429489135742
  endloop
endfacet
facet normal 0.0 0.0 0.0
  outer loop
    vertex 43.5 -43.5 55.400001525878906
    vertex 43.5 -10.842205047607422 53.98429489135742
    vertex 43.5 -10.266676902770996 53.99344253540039
  endloop
endfacet
facet normal 0.0 0.0 0.0
  outer loop
    vertex 43.5 -10.266676902770996 53.99344253540039
    vertex 43.5 -9.656176567077637 53.99664306640625
    vertex 43.5 -43.5 55.400001525878906
  endloop
endfacet
facet normal 0.0 0.0 0.0
  outer loop
    vertex 43.5 -43.5 55.400001525878906
    vertex 43.5 -9.656176567077637 53.99664306640625
    vertex 43.5 -6.624663829803467 53.99664306640625
  endloop
endfacet
facet normal 0.0 0.0 0.0
  outer loop
    vertex 43.5 -43.5 55.400001525878906
    vertex 43.5 -6.624663829803467 53.99664306640625
    vertex 43.5 5.878854274749756 54.00844192504883
  endloop
endfacet
facet normal 0.0 0.0 0.0
  outer loop
    vertex 43.5 5.878854274749756 54.00844192504883
    vertex 43.5 -6.624663829803467 53.99664306640625
    vertex 43.5 -0.2549469769001007 47.62692642211914
  endloop
endfacet
facet normal 0.0 0.0 0.0
  outer loop
    vertex 43.5 5.878854274749756 54.00844192504883
    vertex 43.5 -0.2549469769001007 47.62692642211914
    vertex 43.5 5.878854274749756 41.493125915527344
  endloop
endfacet
facet normal 0.0 0.0 0.0
  outer loop
    vertex 43.5 5.878854274749756 41.493125915527344
    vertex 43.5 -0.2549469769001007 47.62692642211914
    vertex 43.5 -0.2549469769001007 41.493125915527344
  endloop
endfacet
facet normal 0.0 0.0 0.0
  outer loop
    vertex 43.5 -6.624663829803467 53.99664306640625
    vertex 43.5 -6.624663829803467 47.62692642211914
    vertex 43.5 -0.2549469769001007 47.62692642211914
  endloop
endfacet
facet normal 0.0 0.0 0.0
  outer loop
    vertex 43.5 9.00473403930664 53.949462890625
    vertex 43.5 18.38237190246582 53.99664306640625
    vertex 43.5 5.878854274749756 54.00844192504883
  endloop
endfacet
facet normal 0.0 0.0 0.0
  outer loop
    vertex 43.5 5.878854274749756 54.00844192504883
    vertex 43.5 18.38237190246582 53.99664306640625
    vertex 43.5 43.5 55.400001525878906
  endloop
endfacet
facet normal 0.0 0.0 0.0
  outer loop
    vertex 43.5 5.878854274749756 54.00844192504883
    vertex 43.5 43.5 55.400001525878906
    vertex 43.5 -43.5 55.400001525878906
  endloop
endfacet
facet normal 0.0 0.0 0.0
  outer loop
    vertex 43.5 9.00473403930664 53.949462890625
    vertex 43.5 12.130613327026367 53.878684997558594
    vertex 43.5 18.38237190246582 53.99664306640625
  endloop
endfacet
facet normal 0.0 0.0 0.0
  outer loop
    vertex 43.5 18.38237190246582 53.99664306640625
    vertex 43.5 12.130613327026367 53.878684997558594
    vertex 43.5 18.38237190246582 47.62692642211914
  endloop
endfacet
facet normal 0.0 0.0 0.0
  outer loop
    vertex 43.5 18.38237190246582 47.62692642211914
    vertex 43.5 12.130613327026367 53.878684997558594
    vertex 43.5 12.130613327026367 28.87165069580078
  endloop
endfacet
facet normal 0.0 0.0 0.0
  outer loop
    vertex 43.5 18.38237190246582 47.62692642211914
    vertex 43.5 12.130613327026367 28.87165069580078
    vertex 43.5 24.634130477905273 28.87165069580078
  endloop
endfacet
facet normal 0.0 0.0 0.0
  outer loop
    vertex 43.5 24.634130477905273 28.87165069580078
    vertex 43.5 12.130613327026367 28.87165069580078
    vertex 43.5 43.5 27.600000381469727
  endloop
endfacet
facet normal 0.0 0.0 0.0
  outer loop
    vertex 43.5 24.634130477905273 28.87165069580078
    vertex 43.5 43.5 27.600000381469727
    vertex 43.5 31.003847122192383 28.87165069580078
  endloop
endfacet
facet normal 0.0 0.0 0.0
  outer loop
    vertex 43.5 31.003847122192383 28.87165069580078
    vertex 43.5 43.5 27.600000381469727
    vertex 43.5 37.26740264892578 47.63872146606445
  endloop
endfacet
facet normal 0.0 0.0 0.0
  outer loop
    vertex 43.5 31.003847122192383 28.87165069580078
    vertex 43.5 37.26740264892578 47.63872146606445
    vertex 43.5 34.14152145385742 47.57974624633789
  endloop
endfacet
facet normal 0.0 0.0 0.0
  outer loop
    vertex 43.5 12.130613327026367 28.87165069580078
    vertex 43.5 9.00473403930664 28.80087661743164
    vertex 43.5 43.5 27.600000381469727
  endloop
endfacet
facet normal 0.0 0.0 0.0
  outer loop
    vertex 43.5 43.5 27.600000381469727
    vertex 43.5 9.00473403930664 28.80087661743164
    vertex 43.5 5.878854274749756 28.741897583007812
  endloop
endfacet
facet normal 0.0 0.0 0.0
  outer loop
    vertex 43.5 43.5 27.600000381469727
    vertex 43.5 5.878854274749756 28.741897583007812
    vertex 43.5 -43.5 27.600000381469727
  endloop
endfacet
facet normal 0.0 0.0 0.0
  outer loop
    vertex 43.5 -43.5 27.600000381469727
    vertex 43.5 5.878854274749756 28.741897583007812
    vertex 43.5 -6.624663829803467 28.753692626953125
  endloop
endfacet
facet normal 0.0 0.0 0.0
  outer loop
    vertex 43.5 -43.5 27.600000381469727
    vertex 43.5 -6.624663829803467 28.753692626953125
    vertex 43.5 -12.994379997253418 28.753692626953125
  endloop
endfacet
facet normal 0.0 0.0 0.0
  outer loop
    vertex 43.5 5.878854274749756 35.123409271240234
    vertex 43.5 -0.4908624291419983 35.123409271240234
    vertex 43.5 5.878854274749756 28.741897583007812
  endloop
endfacet
facet normal 0.0 0.0 0.0
  outer loop
    vertex 43.5 5.878854274749756 28.741897583007812
    vertex 43.5 -0.4908624291419983 35.123409271240234
    vertex 43.5 -6.624663829803467 28.753692626953125
  endloop
endfacet
facet normal 0.0 0.0 0.0
  outer loop
    vertex 43.5 -0.4908624291419983 41.25720977783203
    vertex 43.5 -6.624663829803467 41.25720977783203
    vertex 43.5 -0.4908624291419983 35.123409271240234
  endloop
endfacet
facet normal 0.0 0.0 0.0
  outer loop
    vertex 43.5 -0.4908624291419983 35.123409271240234
    vertex 43.5 -6.624663829803467 41.25720977783203
    vertex 43.5 -6.624663829803467 28.753692626953125
  endloop
endfacet
facet normal 0.0 0.0 0.0
  outer loop
    vertex 43.5 24.51617431640625 47.62692642211914
    vertex 43.5 18.38237190246582 47.62692642211914
    vertex 43.5 24.634130477905273 28.87165069580078
  endloop
endfacet
facet normal 0.0 0.0 0.0
  outer loop
    vertex 43.5 18.38237190246582 53.99664306640625
    vertex 43.5 37.13764953613281 53.878684997558594
    vertex 43.5 43.5 55.400001525878906
  endloop
endfacet
facet normal 0.0 0.0 0.0
  outer loop
    vertex 43.5 43.5 55.400001525878906
    vertex 43.5 37.13764953613281 53.878684997558594
    vertex 43.5 37.20842361450195 50.76460266113281
  endloop
endfacet
facet normal 0.0 0.0 0.0
  outer loop
    vertex 43.5 43.5 55.400001525878906
    vertex 43.5 37.20842361450195 50.76460266113281
    vertex 43.5 37.26740264892578 47.63872146606445
  endloop
endfacet
facet normal 0.0 0.0 0.0
  outer loop
    vertex 43.5 34.14152145385742 47.57974624633789
    vertex 43.5 31.003847122192383 47.508968353271484
    vertex 43.5 31.003847122192383 28.87165069580078
  endloop
endfacet
facet normal 0.0 0.0 0.0
  outer loop
    vertex 43.5 43.5 27.600000381469727
    vertex 43.5 43.5 55.400001525878906
    vertex 43.5 37.26740264892578 47.63872146606445
  endloop
endfacet
facet normal 0.0 0.0 0.0
  outer loop
    vertex -21.5 -41.5 27.600000381469727
    vertex -21.5 -41.5 55.400001525878906
    vertex -20.5 -41.5 27.600000381469727
  endloop
endfacet
facet normal 0.0 0.0 0.0
  outer loop
    vertex -20.5 -41.5 27.600000381469727
    vertex -21.5 -41.5 55.400001525878906
    vertex -20.5 -41.5 55.400001525878906
  endloop
endfacet
facet normal 0.0 0.0 0.0
  outer loop
    vertex -41.5 0.5 27.600000381469727
    vertex -41.5 0.5 55.400001525878906
    vertex -41.5 -0.5 27.600000381469727
  endloop
endfacet
facet normal 0.0 0.0 0.0
  outer loop
    vertex -41.5 -0.5 27.600000381469727
    vertex -41.5 0.5 55.400001525878906
    vertex -41.5 -0.5 55.400001525878906
  endloop
endfacet
facet normal 0.0 0.0 0.0
  outer loop
    vertex 29.862974166870117 43.5 47.04964828491211
    vertex 32.765628814697266 43.5 47.11663055419922
    vertex 29.807153701782227 43.5 38.230037689208984
  endloop
endfacet
facet normal 0.0 0.0 0.0
  outer loop
    vertex 29.807153701782227 43.5 38.230037689208984
    vertex 32.765628814697266 43.5 47.11663055419922
    vertex 35.679447174072266 43.5 47.17245101928711
  endloop
endfacet
facet normal 0.0 0.0 0.0
  outer loop
    vertex 29.807153701782227 43.5 38.230037689208984
    vertex 35.679447174072266 43.5 47.17245101928711
    vertex 43.5 43.5 27.600000381469727
  endloop
endfacet
facet normal 0.0 0.0 0.0
  outer loop
    vertex 43.5 43.5 27.600000381469727
    vertex 35.679447174072266 43.5 47.17245101928711
    vertex 43.5 43.5 55.400001525878906
  endloop
endfacet
facet normal 0.0 0.0 0.0
  outer loop
    vertex 43.5 43.5 55.400001525878906
    vertex 35.679447174072266 43.5 47.17245101928711
    vertex 35.679447174072266 43.5 53.18988037109375
  endloop
endfacet
facet normal 0.0 0.0 0.0
  outer loop
    vertex 43.5 43.5 55.400001525878906
    vertex 35.679447174072266 43.5 53.18988037109375
    vertex 17.928592681884766 43.5 53.07823944091797
  endloop
endfacet
facet normal 0.0 0.0 0.0
  outer loop
    vertex 17.861608505249023 43.5 50.1197624206543
    vertex 11.934798240661621 43.5 51.541046142578125
    vertex 17.928592681884766 43.5 53.07823944091797
  endloop
endfacet
facet normal 0.0 0.0 0.0
  outer loop
    vertex 17.928592681884766 43.5 53.07823944091797
    vertex 11.934798240661621 43.5 51.541046142578125
    vertex 11.92855453491211 43.5 51.808921813964844
  endloop
endfacet
facet normal 0.0 0.0 0.0
  outer loop
    vertex 17.928592681884766 43.5 53.07823944091797
    vertex 11.92855453491211 43.5 51.808921813964844
    vertex 11.92215347290039 43.5 52.05271530151367
  endloop
endfacet
facet normal 0.0 0.0 0.0
  outer loop
    vertex 17.805788040161133 43.5 47.16128921508789
    vertex 11.977851867675781 43.5 48.62272262573242
    vertex 17.861608505249023 43.5 50.1197624206543
  endloop
endfacet
facet normal 0.0 0.0 0.0
  outer loop
    vertex 17.861608505249023 43.5 50.1197624206543
    vertex 11.977851867675781 43.5 48.62272262573242
    vertex 11.973235130310059 43.5 49.05577850341797
  endloop
endfacet
facet normal 0.0 0.0 0.0
  outer loop
    vertex 17.861608505249023 43.5 50.1197624206543
    vertex 11.973235130310059 43.5 49.05577850341797
    vertex 11.968379974365234 43.5 49.47085189819336
  endloop
endfacet
facet normal 0.0 0.0 0.0
  outer loop
    vertex 23.856708526611328 43.5 47.16128921508789
    vertex 12.00494384765625 43.5 44.602561950683594
    vertex 17.805788040161133 43.5 47.16128921508789
  endloop
endfacet
facet normal 0.0 0.0 0.0
  outer loop
    vertex 17.805788040161133 43.5 47.16128921508789
    vertex 12.00494384765625 43.5 44.602561950683594
    vertex 11.999953269958496 43.5 45.68954849243164
  endloop
endfacet
facet normal 0.0 0.0 0.0
  outer loop
    vertex 17.805788040161133 43.5 47.16128921508789
    vertex 11.999953269958496 43.5 45.68954849243164
    vertex 11.993720054626465 43.5 46.725975036621094
  endloop
endfacet
facet normal 0.0 0.0 0.0
  outer loop
    vertex 23.845544815063477 43.5 38.285858154296875
    vertex 12.010869026184082 43.5 42.30128860473633
    vertex 23.856708526611328 43.5 47.16128921508789
  endloop
endfacet
facet normal 0.0 0.0 0.0
  outer loop
    vertex 23.856708526611328 43.5 47.16128921508789
    vertex 12.010869026184082 43.5 42.30128860473633
    vertex 12.008609771728516 43.5 43.471107482910156
  endloop
endfacet
facet normal 0.0 0.0 0.0
  outer loop
    vertex 23.856708526611328 43.5 47.16128921508789
    vertex 12.008609771728516 43.5 43.471107482910156
    vertex 12.00494384765625 43.5 44.602561950683594
  endloop
endfacet
facet normal 0.0 0.0 0.0
  outer loop
    vertex 23.823217391967773 43.5 29.410430908203125
    vertex 12.011640548706055 43.5 29.298789978027344
    vertex 23.845544815063477 43.5 38.285858154296875
  endloop
endfacet
facet normal 0.0 0.0 0.0
  outer loop
    vertex 23.845544815063477 43.5 38.285858154296875
    vertex 12.011640548706055 43.5 29.298789978027344
    vertex 12.011640548706055 43.5 41.09920120239258
  endloop
endfacet
facet normal 0.0 0.0 0.0
  outer loop
    vertex 23.845544815063477 43.5 38.285858154296875
    vertex 12.011640548706055 43.5 41.09920120239258
    vertex 12.010869026184082 43.5 42.30128860473633
  endloop
endfacet
facet normal 0.0 0.0 0.0
  outer loop
    vertex 12.011640548706055 43.5 29.298789978027344
    vertex 23.823217391967773 43.5 29.410430908203125
    vertex 43.5 43.5 27.600000381469727
  endloop
endfacet
facet normal 0.0 0.0 0.0
  outer loop
    vertex 43.5 43.5 27.600000381469727
    vertex 23.823217391967773 43.5 29.410430908203125
    vertex 29.762496948242188 43.5 29.410430908203125
  endloop
endfacet
facet normal 0.0 0.0 0.0
  outer loop
    vertex 43.5 43.5 27.600000381469727
    vertex 29.762496948242188 43.5 29.410430908203125
    vertex 29.807153701782227 43.5 38.230037689208984
  endloop
endfacet
facet normal 0.0 0.0 0.0
  outer loop
    vertex 11.993720054626465 43.5 46.725975036621094
    vertex 11.98632526397705 43.5 47.70573043823242
    vertex 17.805788040161133 43.5 47.16128921508789
  endloop
endfacet
facet normal 0.0 0.0 0.0
  outer loop
    vertex 17.805788040161133 43.5 47.16128921508789
    vertex 11.98632526397705 43.5 47.70573043823242
    vertex 11.982218742370605 43.5 48.172454833984375
  endloop
endfacet
facet normal 0.0 0.0 0.0
  outer loop
    vertex 17.805788040161133 43.5 47.16128921508789
    vertex 11.982218742370605 43.5 48.172454833984375
    vertex 11.977851867675781 43.5 48.62272262573242
  endloop
endfacet
facet normal 0.0 0.0 0.0
  outer loop
    vertex 11.968379974365234 43.5 49.47085189819336
    vertex 11.963295936584473 43.5 49.8671875
    vertex 17.861608505249023 43.5 50.1197624206543
  endloop
endfacet
facet normal 0.0 0.0 0.0
  outer loop
    vertex 17.861608505249023 43.5 50.1197624206543
    vertex 11.963295936584473 43.5 49.8671875
    vertex 11.957992553710938 43.5 50.244014739990234
  endloop
endfacet
facet normal 0.0 0.0 0.0
  outer loop
    vertex 17.861608505249023 43.5 50.1197624206543
    vertex 11.957992553710938 43.5 50.244014739990234
    vertex 11.952481269836426 43.5 50.60057830810547
  endloop
endfacet
facet normal 0.0 0.0 0.0
  outer loop
    vertex 11.952481269836426 43.5 50.60057830810547
    vertex 11.946771621704102 43.5 50.93611526489258
    vertex 17.861608505249023 43.5 50.1197624206543
  endloop
endfacet
facet normal 0.0 0.0 0.0
  outer loop
    vertex 17.861608505249023 43.5 50.1197624206543
    vertex 11.946771621704102 43.5 50.93611526489258
    vertex 11.940874099731445 43.5 51.24985885620117
  endloop
endfacet
facet normal 0.0 0.0 0.0
  outer loop
    vertex 17.861608505249023 43.5 50.1197624206543
    vertex 11.940874099731445 43.5 51.24985885620117
    vertex 11.934798240661621 43.5 51.541046142578125
  endloop
endfacet
facet normal 0.0 0.0 0.0
  outer loop
    vertex 11.92215347290039 43.5 52.05271530151367
    vertex 11.915605545043945 43.5 52.271671295166016
    vertex 17.928592681884766 43.5 53.07823944091797
  endloop
endfacet
facet normal 0.0 0.0 0.0
  outer loop
    vertex 17.928592681884766 43.5 53.07823944091797
    vertex 11.915605545043945 43.5 52.271671295166016
    vertex 11.908921241760254 43.5 52.46501922607422
  endloop
endfacet
facet normal 0.0 0.0 0.0
  outer loop
    vertex 17.928592681884766 43.5 53.07823944091797
    vertex 11.908921241760254 43.5 52.46501922607422
    vertex 11.902109146118164 43.5 52.63200378417969
  endloop
endfacet
facet normal 0.0 0.0 0.0
  outer loop
    vertex 11.902109146118164 43.5 52.63200378417969
    vertex 11.895181655883789 43.5 52.77185821533203
    vertex 17.928592681884766 43.5 53.07823944091797
  endloop
endfacet
facet normal 0.0 0.0 0.0
  outer loop
    vertex 17.928592681884766 43.5 53.07823944091797
    vertex 11.895181655883789 43.5 52.77185821533203
    vertex 11.888147354125977 43.5 52.88382339477539
  endloop
endfacet
facet normal 0.0 0.0 0.0
  outer loop
    vertex 17.928592681884766 43.5 53.07823944091797
    vertex 11.888147354125977 43.5 52.88382339477539
    vertex 11.881016731262207 43.5 52.96713638305664
  endloop
endfacet
facet normal 0.0 0.0 0.0
  outer loop
    vertex 11.881016731262207 43.5 52.96713638305664
    vertex 11.873800277709961 43.5 53.02103042602539
    vertex 17.928592681884766 43.5 53.07823944091797
  endloop
endfacet
facet normal 0.0 0.0 0.0
  outer loop
    vertex 17.928592681884766 43.5 53.07823944091797
    vertex 11.873800277709961 43.5 53.02103042602539
    vertex 11.870162963867188 43.5 53.03670883178711
  endloop
endfacet
facet normal 0.0 0.0 0.0
  outer loop
    vertex 17.928592681884766 43.5 53.07823944091797
    vertex 11.870162963867188 43.5 53.03670883178711
    vertex 11.868337631225586 43.5 53.041690826416016
  endloop
endfacet
facet normal 0.0 0.0 0.0
  outer loop
    vertex 11.868337631225586 43.5 53.041690826416016
    vertex 11.867423057556152 43.5 53.043460845947266
    vertex 17.928592681884766 43.5 53.07823944091797
  endloop
endfacet
facet normal 0.0 0.0 0.0
  outer loop
    vertex 17.928592681884766 43.5 53.07823944091797
    vertex 11.867423057556152 43.5 53.043460845947266
    vertex 11.866966247558594 43.5 53.04416275024414
  endloop
endfacet
facet normal 0.0 0.0 0.0
  outer loop
    vertex 17.928592681884766 43.5 53.07823944091797
    vertex 11.866966247558594 43.5 53.04416275024414
    vertex 11.866508483886719 43.5 53.04474639892578
  endloop
endfacet
facet normal 0.0 0.0 0.0
  outer loop
    vertex 11.866508483886719 43.5 53.04474639892578
    vertex 11.861401557922363 43.5 53.04840087890625
    vertex 17.928592681884766 43.5 53.07823944091797
  endloop
endfacet
facet normal 0.0 0.0 0.0
  outer loop
    vertex 17.928592681884766 43.5 53.07823944091797
    vertex 11.861401557922363 43.5 53.04840087890625
    vertex 11.854471206665039 43.5 53.052040100097656
  endloop
endfacet
facet normal 0.0 0.0 0.0
  outer loop
    vertex 17.928592681884766 43.5 53.07823944091797
    vertex 11.854471206665039 43.5 53.052040100097656
    vertex 11.83523178100586 43.5 53.05925750732422
  endloop
endfacet
facet normal 0.0 0.0 0.0
  outer loop
    vertex 11.83523178100586 43.5 53.05925750732422
    vertex 11.775909423828125 43.5 53.073421478271484
    vertex 17.928592681884766 43.5 53.07823944091797
  endloop
endfacet
facet normal 0.0 0.0 0.0
  outer loop
    vertex 17.928592681884766 43.5 53.07823944091797
    vertex 11.775909423828125 43.5 53.073421478271484
    vertex 11.69006061553955 43.5 53.087162017822266
  endloop
endfacet
facet normal 0.0 0.0 0.0
  outer loop
    vertex 17.928592681884766 43.5 53.07823944091797
    vertex 11.69006061553955 43.5 53.087162017822266
    vertex 11.579208374023438 43.5 53.10039138793945
  endloop
endfacet
facet normal 0.0 0.0 0.0
  outer loop
    vertex 11.579208374023438 43.5 53.10039138793945
    vertex 11.444870948791504 43.5 53.113037109375
    vertex 17.928592681884766 43.5 53.07823944091797
  endloop
endfacet
facet normal 0.0 0.0 0.0
  outer loop
    vertex 17.928592681884766 43.5 53.07823944091797
    vertex 11.444870948791504 43.5 53.113037109375
    vertex 11.28857135772705 43.5 53.1250114440918
  endloop
endfacet
facet normal 0.0 0.0 0.0
  outer loop
    vertex 17.928592681884766 43.5 53.07823944091797
    vertex 11.28857135772705 43.5 53.1250114440918
    vertex 11.11182975769043 43.5 53.13623046875
  endloop
endfacet
facet normal 0.0 0.0 0.0
  outer loop
    vertex 11.11182975769043 43.5 53.13623046875
    vertex 10.916167259216309 43.5 53.1466178894043
    vertex 17.928592681884766 43.5 53.07823944091797
  endloop
endfacet
facet normal 0.0 0.0 0.0
  outer loop
    vertex 17.928592681884766 43.5 53.07823944091797
    vertex 10.916167259216309 43.5 53.1466178894043
    vertex 10.703104019165039 43.5 53.156089782714844
  endloop
endfacet
facet normal 0.0 0.0 0.0
  outer loop
    vertex 17.928592681884766 43.5 53.07823944091797
    vertex 10.703104019165039 43.5 53.156089782714844
    vertex 10.474162101745605 43.5 53.16456604003906
  endloop
endfacet
facet normal 0.0 0.0 0.0
  outer loop
    vertex 17.928592681884766 43.5 53.07823944091797
    vertex 10.474162101745605 43.5 53.16456604003906
    vertex 43.5 43.5 55.400001525878906
  endloop
endfacet
facet normal 0.0 0.0 0.0
  outer loop
    vertex 43.5 43.5 55.400001525878906
    vertex 10.474162101745605 43.5 53.16456604003906
    vertex 9.974722862243652 43.5 53.178192138671875
  endloop
endfacet
facet normal 0.0 0.0 0.0
  outer loop
    vertex 43.5 43.5 55.400001525878906
    vertex 9.974722862243652 43.5 53.178192138671875
    vertex 9.430017471313477 43.5 53.18684768676758
  endloop
endfacet
facet normal 0.0 0.0 0.0
  outer loop
    vertex 9.430017471313477 43.5 53.18684768676758
    vertex 8.852211952209473 43.5 53.18988037109375
    vertex 43.5 43.5 55.400001525878906
  endloop
endfacet
facet normal 0.0 0.0 0.0
  outer loop
    vertex 43.5 43.5 55.400001525878906
    vertex 8.852211952209473 43.5 53.18988037109375
    vertex 5.983047962188721 43.5 53.18988037109375
  endloop
endfacet
facet normal 0.0 0.0 0.0
  outer loop
    vertex 43.5 43.5 55.400001525878906
    vertex 5.983047962188721 43.5 53.18988037109375
    vertex -5.850855827331543 43.5 53.201045989990234
  endloop
endfacet
facet normal 0.0 0.0 0.0
  outer loop
    vertex -5.850855827331543 43.5 53.201045989990234
    vertex 5.983047962188721 43.5 53.18988037109375
    vertex -0.045544445514678955 43.5 47.16128921508789
  endloop
endfacet
facet normal 0.0 0.0 0.0
  outer loop
    vertex -5.850855827331543 43.5 53.201045989990234
    vertex -0.045544445514678955 43.5 47.16128921508789
    vertex -5.850855827331543 43.5 41.35597610473633
  endloop
endfacet
facet normal 0.0 0.0 0.0
  outer loop
    vertex -5.850855827331543 43.5 41.35597610473633
    vertex -0.045544445514678955 43.5 47.16128921508789
    vertex -0.045544445514678955 43.5 41.35597610473633
  endloop
endfacet
facet normal 0.0 0.0 0.0
  outer loop
    vertex 5.983047962188721 43.5 53.18988037109375
    vertex 5.983047962188721 43.5 47.16128921508789
    vertex -0.045544445514678955 43.5 47.16128921508789
  endloop
endfacet
facet normal 0.0 0.0 0.0
  outer loop
    vertex 43.5 43.5 55.400001525878906
    vertex -5.850855827331543 43.5 53.201045989990234
    vertex -43.5 43.5 55.400001525878906
  endloop
endfacet
facet normal 0.0 0.0 0.0
  outer loop
    vertex -43.5 43.5 55.400001525878906
    vertex -5.850855827331543 43.5 53.201045989990234
    vertex -8.809331893920898 43.5 53.145225524902344
  endloop
endfacet
facet normal 0.0 0.0 0.0
  outer loop
    vertex -43.5 43.5 55.400001525878906
    vertex -8.809331893920898 43.5 53.145225524902344
    vertex -17.68475914001465 43.5 53.18988037109375
  endloop
endfacet
facet normal 0.0 0.0 0.0
  outer loop
    vertex -17.68475914001465 43.5 53.18988037109375
    vertex -8.809331893920898 43.5 53.145225524902344
    vertex -11.767807960510254 43.5 53.07823944091797
  endloop
endfacet
facet normal 0.0 0.0 0.0
  outer loop
    vertex -17.68475914001465 43.5 53.18988037109375
    vertex -11.767807960510254 43.5 53.07823944091797
    vertex -17.68475914001465 43.5 47.16128921508789
  endloop
endfacet
facet normal 0.0 0.0 0.0
  outer loop
    vertex -17.68475914001465 43.5 47.16128921508789
    vertex -11.767807960510254 43.5 53.07823944091797
    vertex -11.767807960510254 43.5 29.410430908203125
  endloop
endfacet
facet normal 0.0 0.0 0.0
  outer loop
    vertex -17.68475914001465 43.5 47.16128921508789
    vertex -11.767807960510254 43.5 29.410430908203125
    vertex -23.60171127319336 43.5 29.410430908203125
  endloop
endfacet
facet normal 0.0 0.0 0.0
  outer loop
    vertex -23.60171127319336 43.5 29.410430908203125
    vertex -11.767807960510254 43.5 29.410430908203125
    vertex -43.5 43.5 27.600000381469727
  endloop
endfacet
facet normal 0.0 0.0 0.0
  outer loop
    vertex -23.60171127319336 43.5 29.410430908203125
    vertex -43.5 43.5 27.600000381469727
    vertex -29.63030433654785 43.5 29.410430908203125
  endloop
endfacet
facet normal 0.0 0.0 0.0
  outer loop
    vertex -29.63030433654785 43.5 29.410430908203125
    vertex -43.5 43.5 27.600000381469727
    vertex -35.55842208862305 43.5 47.17245101928711
  endloop
endfacet
facet normal 0.0 0.0 0.0
  outer loop
    vertex -29.63030433654785 43.5 29.410430908203125
    vertex -35.55842208862305 43.5 47.17245101928711
    vertex -32.599945068359375 43.5 47.11663055419922
  endloop
endfacet
facet normal 0.0 0.0 0.0
  outer loop
    vertex -11.767807960510254 43.5 29.410430908203125
    vertex -8.809331893920898 43.5 29.343446731567383
    vertex -43.5 43.5 27.600000381469727
  endloop
endfacet
facet normal 0.0 0.0 0.0
  outer loop
    vertex -43.5 43.5 27.600000381469727
    vertex -8.809331893920898 43.5 29.343446731567383
    vertex -5.850855827331543 43.5 29.287626266479492
  endloop
endfacet
facet normal 0.0 0.0 0.0
  outer loop
    vertex -43.5 43.5 27.600000381469727
    vertex -5.850855827331543 43.5 29.287626266479492
    vertex 43.5 43.5 27.600000381469727
  endloop
endfacet
facet normal 0.0 0.0 0.0
  outer loop
    vertex 43.5 43.5 27.600000381469727
    vertex -5.850855827331543 43.5 29.287626266479492
    vertex 5.983047962188721 43.5 29.298789978027344
  endloop
endfacet
facet normal 0.0 0.0 0.0
  outer loop
    vertex 43.5 43.5 27.600000381469727
    vertex 5.983047962188721 43.5 29.298789978027344
    vertex 12.011640548706055 43.5 29.298789978027344
  endloop
endfacet
facet normal 0.0 0.0 0.0
  outer loop
    vertex -5.850855827331543 43.5 35.32738494873047
    vertex 0.17773675918579102 43.5 35.32738494873047
    vertex -5.850855827331543 43.5 29.287626266479492
  endloop
endfacet
facet normal 0.0 0.0 0.0
  outer loop
    vertex -5.850855827331543 43.5 29.287626266479492
    vertex 0.17773675918579102 43.5 35.32738494873047
    vertex 5.983047962188721 43.5 29.298789978027344
  endloop
endfacet
facet normal 0.0 0.0 0.0
  outer loop
    vertex 0.17773675918579102 43.5 41.132694244384766
    vertex 5.983047962188721 43.5 41.132694244384766
    vertex 0.17773675918579102 43.5 35.32738494873047
  endloop
endfacet
facet normal 0.0 0.0 0.0
  outer loop
    vertex 0.17773675918579102 43.5 35.32738494873047
    vertex 5.983047962188721 43.5 41.132694244384766
    vertex 5.983047962188721 43.5 29.298789978027344
  endloop
endfacet
facet normal 0.0 0.0 0.0
  outer loop
    vertex -23.49007225036621 43.5 47.16128921508789
    vertex -17.68475914001465 43.5 47.16128921508789
    vertex -23.60171127319336 43.5 29.410430908203125
  endloop
endfacet
facet normal 0.0 0.0 0.0
  outer loop
    vertex -17.68475914001465 43.5 53.18988037109375
    vertex -35.43561553955078 43.5 53.07823944091797
    vertex -43.5 43.5 55.400001525878906
  endloop
endfacet
facet normal 0.0 0.0 0.0
  outer loop
    vertex -43.5 43.5 55.400001525878906
    vertex -35.43561553955078 43.5 53.07823944091797
    vertex -35.502601623535156 43.5 50.13092803955078
  endloop
endfacet
facet normal 0.0 0.0 0.0
  outer loop
    vertex -43.5 43.5 55.400001525878906
    vertex -35.502601623535156 43.5 50.13092803955078
    vertex -35.55842208862305 43.5 47.17245101928711
  endloop
endfacet
facet normal 0.0 0.0 0.0
  outer loop
    vertex -32.599945068359375 43.5 47.11663055419922
    vertex -29.63030433654785 43.5 47.04964828491211
    vertex -29.63030433654785 43.5 29.410430908203125
  endloop
endfacet
facet normal 0.0 0.0 0.0
  outer loop
    vertex -43.5 43.5 27.600000381469727
    vertex -43.5 43.5 55.400001525878906
    vertex -35.55842208862305 43.5 47.17245101928711
  endloop
endfacet
facet normal 0.0 0.0 0.0
  outer loop
    vertex -41.5 20.5 55.400001525878906
    vertex -41.5 21.5 55.400001525878906
    vertex -43.5 43.5 55.400001525878906
  endloop
endfacet
facet normal 0.0 0.0 0.0
  outer loop
    vertex -43.5 43.5 55.400001525878906
    vertex -41.5 21.5 55.400001525878906
    vertex -41.5 41.5 55.400001525878906
  endloop
endfacet
facet normal 0.0 0.0 0.0
  outer loop
    vertex -43.5 43.5 55.400001525878906
    vertex -41.5 41.5 55.400001525878906
    vertex -21.5 41.5 55.400001525878906
  endloop
endfacet
facet normal 0.0 0.0 0.0
  outer loop
    vertex -21.5 41.5 55.400001525878906
    vertex -20.5 41.5 55.400001525878906
    vertex -43.5 43.5 55.400001525878906
  endloop
endfacet
facet normal 0.0 0.0 0.0
  outer loop
    vertex -43.5 43.5 55.400001525878906
    vertex -20.5 41.5 55.400001525878906
    vertex -0.5 41.5 55.400001525878906
  endloop
endfacet
facet normal 0.0 0.0 0.0
  outer loop
    vertex -43.5 43.5 55.400001525878906
    vertex -0.5 41.5 55.400001525878906
    vertex 43.5 43.5 55.400001525878906
  endloop
endfacet
facet normal 0.0 0.0 0.0
  outer loop
    vertex 43.5 43.5 55.400001525878906
    vertex -0.5 41.5 55.400001525878906
    vertex 0.5 41.5 55.400001525878906
  endloop
endfacet
facet normal 0.0 0.0 0.0
  outer loop
    vertex 43.5 43.5 55.400001525878906
    vertex 0.5 41.5 55.400001525878906
    vertex 20.5 41.5 55.400001525878906
  endloop
endfacet
facet normal 0.0 0.0 0.0
  outer loop
    vertex 20.5 41.5 55.400001525878906
    vertex 21.5 41.5 55.400001525878906
    vertex 43.5 43.5 55.400001525878906
  endloop
endfacet
facet normal 0.0 0.0 0.0
  outer loop
    vertex 43.5 43.5 55.400001525878906
    vertex 21.5 41.5 55.400001525878906
    vertex 41.5 41.5 55.400001525878906
  endloop
endfacet
facet normal 0.0 0.0 0.0
  outer loop
    vertex 43.5 43.5 55.400001525878906
    vertex 41.5 41.5 55.400001525878906
    vertex 41.5 21.5 55.400001525878906
  endloop
endfacet
facet normal 0.0 0.0 0.0
  outer loop
    vertex 41.5 21.5 55.400001525878906
    vertex 41.5 20.5 55.400001525878906
    vertex 43.5 43.5 55.400001525878906
  endloop
endfacet
facet normal 0.0 0.0 0.0
  outer loop
    vertex 43.5 43.5 55.400001525878906
    vertex 41.5 20.5 55.400001525878906
    vertex 41.5 0.5 55.400001525878906
  endloop
endfacet
facet normal 0.0 0.0 0.0
  outer loop
    vertex 43.5 43.5 55.400001525878906
    vertex 41.5 0.5 55.400001525878906
    vertex 41.5 -0.5 55.400001525878906
  endloop
endfacet
facet normal 0.0 0.0 0.0
  outer loop
    vertex 43.5 43.5 55.400001525878906
    vertex 41.5 -0.5 55.400001525878906
    vertex 43.5 -43.5 55.400001525878906
  endloop
endfacet
facet normal 0.0 0.0 0.0
  outer loop
    vertex 43.5 -43.5 55.400001525878906
    vertex 41.5 -0.5 55.400001525878906
    vertex 41.5 -20.5 55.400001525878906
  endloop
endfacet
facet normal 0.0 0.0 0.0
  outer loop
    vertex 43.5 -43.5 55.400001525878906
    vertex 41.5 -20.5 55.400001525878906
    vertex 41.5 -21.5 55.400001525878906
  endloop
endfacet
facet normal 0.0 0.0 0.0
  outer loop
    vertex 41.5 -21.5 55.400001525878906
    vertex 41.5 -41.5 55.400001525878906
    vertex 43.5 -43.5 55.400001525878906
  endloop
endfacet
facet normal 0.0 0.0 0.0
  outer loop
    vertex 43.5 -43.5 55.400001525878906
    vertex 41.5 -41.5 55.400001525878906
    vertex 21.5 -41.5 55.400001525878906
  endloop
endfacet
facet normal 0.0 0.0 0.0
  outer loop
    vertex 43.5 -43.5 55.400001525878906
    vertex 21.5 -41.5 55.400001525878906
    vertex 20.5 -41.5 55.400001525878906
  endloop
endfacet
facet normal 0.0 0.0 0.0
  outer loop
    vertex 20.5 -41.5 55.400001525878906
    vertex 0.5 -41.5 55.400001525878906
    vertex 43.5 -43.5 55.400001525878906
  endloop
endfacet
facet normal 0.0 0.0 0.0
  outer loop
    vertex 43.5 -43.5 55.400001525878906
    vertex 0.5 -41.5 55.400001525878906
    vertex -0.5 -41.5 55.400001525878906
  endloop
endfacet
facet normal 0.0 0.0 0.0
  outer loop
    vertex 43.5 -43.5 55.400001525878906
    vertex -0.5 -41.5 55.400001525878906
    vertex -43.5 -43.5 55.400001525878906
  endloop
endfacet
facet normal 0.0 0.0 0.0
  outer loop
    vertex -43.5 -43.5 55.400001525878906
    vertex -0.5 -41.5 55.400001525878906
    vertex -20.5 -41.5 55.400001525878906
  endloop
endfacet
facet normal 0.0 0.0 0.0
  outer loop
    vertex -43.5 -43.5 55.400001525878906
    vertex -20.5 -41.5 55.400001525878906
    vertex -21.5 -41.5 55.400001525878906
  endloop
endfacet
facet normal 0.0 0.0 0.0
  outer loop
    vertex -21.5 -41.5 55.400001525878906
    vertex -41.5 -41.5 55.400001525878906
    vertex -43.5 -43.5 55.400001525878906
  endloop
endfacet
facet normal 0.0 0.0 0.0
  outer loop
    vertex -43.5 -43.5 55.400001525878906
    vertex -41.5 -41.5 55.400001525878906
    vertex -41.5 -21.5 55.400001525878906
  endloop
endfacet
facet normal 0.0 0.0 0.0
  outer loop
    vertex -43.5 -43.5 55.400001525878906
    vertex -41.5 -21.5 55.400001525878906
    vertex -41.5 -20.5 55.400001525878906
  endloop
endfacet
facet normal 0.0 0.0 0.0
  outer loop
    vertex -41.5 -20.5 55.400001525878906
    vertex -41.5 -0.5 55.400001525878906
    vertex -43.5 -43.5 55.400001525878906
  endloop
endfacet
facet normal 0.0 0.0 0.0
  outer loop
    vertex -43.5 -43.5 55.400001525878906
    vertex -41.5 -0.5 55.400001525878906
    vertex -41.5 0.5 55.400001525878906
  endloop
endfacet
facet normal 0.0 0.0 0.0
  outer loop
    vertex -43.5 -43.5 55.400001525878906
    vertex -41.5 0.5 55.400001525878906
    vertex -43.5 43.5 55.400001525878906
  endloop
endfacet
facet normal 0.0 0.0 0.0
  outer loop
    vertex -43.5 43.5 55.400001525878906
    vertex -41.5 0.5 55.400001525878906
    vertex -41.5 20.5 55.400001525878906
  endloop
endfacet
facet normal 0.0 0.0 0.0
  outer loop
    vertex -30.6010799407959 -43.5 47.003536224365234
    vertex -33.53697204589844 -43.5 47.071285247802734
    vertex -30.544620513916016 -43.5 38.082942962646484
  endloop
endfacet
facet normal 0.0 0.0 0.0
  outer loop
    vertex -30.544620513916016 -43.5 38.082942962646484
    vertex -33.53697204589844 -43.5 47.071285247802734
    vertex -36.484153747558594 -43.5 47.12774658203125
  endloop
endfacet
facet normal 0.0 0.0 0.0
  outer loop
    vertex -30.544620513916016 -43.5 38.082942962646484
    vertex -36.484153747558594 -43.5 47.12774658203125
    vertex -43.5 -43.5 27.600000381469727
  endloop
endfacet
facet normal 0.0 0.0 0.0
  outer loop
    vertex -43.5 -43.5 27.600000381469727
    vertex -36.484153747558594 -43.5 47.12774658203125
    vertex -43.5 -43.5 55.400001525878906
  endloop
endfacet
facet normal 0.0 0.0 0.0
  outer loop
    vertex -43.5 -43.5 55.400001525878906
    vertex -36.484153747558594 -43.5 47.12774658203125
    vertex -36.484153747558594 -43.5 53.214073181152344
  endloop
endfacet
facet normal 0.0 0.0 0.0
  outer loop
    vertex -43.5 -43.5 55.400001525878906
    vertex -36.484153747558594 -43.5 53.214073181152344
    vertex -18.530048370361328 -43.5 53.10115432739258
  endloop
endfacet
facet normal 0.0 0.0 0.0
  outer loop
    vertex -18.462297439575195 -43.5 50.108802795410156
    vertex -12.46762466430664 -43.5 51.54636001586914
    vertex -18.530048370361328 -43.5 53.10115432739258
  endloop
endfacet
facet normal 0.0 0.0 0.0
  outer loop
    vertex -18.530048370361328 -43.5 53.10115432739258
    vertex -12.46762466430664 -43.5 51.54636001586914
    vertex -12.461309432983398 -43.5 51.81730270385742
  endloop
endfacet
facet normal 0.0 0.0 0.0
  outer loop
    vertex -18.530048370361328 -43.5 53.10115432739258
    vertex -12.461309432983398 -43.5 51.81730270385742
    vertex -12.454835891723633 -43.5 52.06388854980469
  endloop
endfacet
facet normal 0.0 0.0 0.0
  outer loop
    vertex -18.405838012695312 -43.5 47.116455078125
    vertex -12.511171340942383 -43.5 48.59462356567383
    vertex -18.462297439575195 -43.5 50.108802795410156
  endloop
endfacet
facet normal 0.0 0.0 0.0
  outer loop
    vertex -18.462297439575195 -43.5 50.108802795410156
    vertex -12.511171340942383 -43.5 48.59462356567383
    vertex -12.506502151489258 -43.5 49.03263473510742
  endloop
endfacet
facet normal 0.0 0.0 0.0
  outer loop
    vertex -18.462297439575195 -43.5 50.108802795410156
    vertex -12.506502151489258 -43.5 49.03263473510742
    vertex -12.501591682434082 -43.5 49.45246505737305
  endloop
endfacet
facet normal 0.0 0.0 0.0
  outer loop
    vertex -24.526042938232422 -43.5 47.116455078125
    vertex -12.53857421875 -43.5 44.5284309387207
    vertex -18.405838012695312 -43.5 47.116455078125
  endloop
endfacet
facet normal 0.0 0.0 0.0
  outer loop
    vertex -18.405838012695312 -43.5 47.116455078125
    vertex -12.53857421875 -43.5 44.5284309387207
    vertex -12.533526420593262 -43.5 45.627864837646484
  endloop
endfacet
facet normal 0.0 0.0 0.0
  outer loop
    vertex -18.405838012695312 -43.5 47.116455078125
    vertex -12.533526420593262 -43.5 45.627864837646484
    vertex -12.5272216796875 -43.5 46.67615509033203
  endloop
endfacet
facet normal 0.0 0.0 0.0
  outer loop
    vertex -24.514751434326172 -43.5 38.139400482177734
    vertex -12.544567108154297 -43.5 42.2008056640625
    vertex -24.526042938232422 -43.5 47.116455078125
  endloop
endfacet
facet normal 0.0 0.0 0.0
  outer loop
    vertex -24.526042938232422 -43.5 47.116455078125
    vertex -12.544567108154297 -43.5 42.2008056640625
    vertex -12.542282104492188 -43.5 43.3840217590332
  endloop
endfacet
facet normal 0.0 0.0 0.0
  outer loop
    vertex -24.526042938232422 -43.5 47.116455078125
    vertex -12.542282104492188 -43.5 43.3840217590332
    vertex -12.53857421875 -43.5 44.5284309387207
  endloop
endfacet
facet normal 0.0 0.0 0.0
  outer loop
    vertex -24.49216651916504 -43.5 29.1623477935791
    vertex -12.545347213745117 -43.5 29.049428939819336
    vertex -24.514751434326172 -43.5 38.139400482177734
  endloop
endfacet
facet normal 0.0 0.0 0.0
  outer loop
    vertex -24.514751434326172 -43.5 38.139400482177734
    vertex -12.545347213745117 -43.5 29.049428939819336
    vertex -12.545347213745117 -43.5 40.98495864868164
  endloop
endfacet
facet normal 0.0 0.0 0.0
  outer loop
    vertex -24.514751434326172 -43.5 38.139400482177734
    vertex -12.545347213745117 -43.5 40.98495864868164
    vertex -12.544567108154297 -43.5 42.2008056640625
  endloop
endfacet
facet normal 0.0 0.0 0.0
  outer loop
    vertex -12.545347213745117 -43.5 29.049428939819336
    vertex -24.49216651916504 -43.5 29.1623477935791
    vertex -43.5 -43.5 27.600000381469727
  endloop
endfacet
facet normal 0.0 0.0 0.0
  outer loop
    vertex -43.5 -43.5 27.600000381469727
    vertex -24.49216651916504 -43.5 29.1623477935791
    vertex -30.499452590942383 -43.5 29.1623477935791
  endloop
endfacet
facet normal 0.0 0.0 0.0
  outer loop
    vertex -43.5 -43.5 27.600000381469727
    vertex -30.499452590942383 -43.5 29.1623477935791
    vertex -30.544620513916016 -43.5 38.082942962646484
  endloop
endfacet
facet normal 0.0 0.0 0.0
  outer loop
    vertex -12.5272216796875 -43.5 46.67615509033203
    vertex -12.5236234664917 -43.5 47.17919158935547
    vertex -18.405838012695312 -43.5 47.116455078125
  endloop
endfacet
facet normal 0.0 0.0 0.0
  outer loop
    vertex -18.405838012695312 -43.5 47.116455078125
    vertex -12.5236234664917 -43.5 47.17919158935547
    vertex -12.519742012023926 -43.5 47.66713333129883
  endloop
endfacet
facet normal 0.0 0.0 0.0
  outer loop
    vertex -18.405838012695312 -43.5 47.116455078125
    vertex -12.519742012023926 -43.5 47.66713333129883
    vertex -12.51558780670166 -43.5 48.139198303222656
  endloop
endfacet
facet normal 0.0 0.0 0.0
  outer loop
    vertex -12.51558780670166 -43.5 48.139198303222656
    vertex -12.511171340942383 -43.5 48.59462356567383
    vertex -18.405838012695312 -43.5 47.116455078125
  endloop
endfacet
facet normal 0.0 0.0 0.0
  outer loop
    vertex -12.501591682434082 -43.5 49.45246505737305
    vertex -12.496448516845703 -43.5 49.853336334228516
    vertex -18.462297439575195 -43.5 50.108802795410156
  endloop
endfacet
facet normal 0.0 0.0 0.0
  outer loop
    vertex -18.462297439575195 -43.5 50.108802795410156
    vertex -12.496448516845703 -43.5 49.853336334228516
    vertex -12.491085052490234 -43.5 50.23447799682617
  endloop
endfacet
facet normal 0.0 0.0 0.0
  outer loop
    vertex -18.462297439575195 -43.5 50.108802795410156
    vertex -12.491085052490234 -43.5 50.23447799682617
    vertex -12.48551082611084 -43.5 50.595123291015625
  endloop
endfacet
facet normal 0.0 0.0 0.0
  outer loop
    vertex -12.48551082611084 -43.5 50.595123291015625
    vertex -12.479735374450684 -43.5 50.93450164794922
    vertex -18.462297439575195 -43.5 50.108802795410156
  endloop
endfacet
facet normal 0.0 0.0 0.0
  outer loop
    vertex -18.462297439575195 -43.5 50.108802795410156
    vertex -12.479735374450684 -43.5 50.93450164794922
    vertex -12.473770141601562 -43.5 51.25183868408203
  endloop
endfacet
facet normal 0.0 0.0 0.0
  outer loop
    vertex -18.462297439575195 -43.5 50.108802795410156
    vertex -12.473770141601562 -43.5 51.25183868408203
    vertex -12.46762466430664 -43.5 51.54636001586914
  endloop
endfacet
facet normal 0.0 0.0 0.0
  outer loop
    vertex -12.454835891723633 -43.5 52.06388854980469
    vertex -12.448212623596191 -43.5 52.28535079956055
    vertex -18.530048370361328 -43.5 53.10115432739258
  endloop
endfacet
facet normal 0.0 0.0 0.0
  outer loop
    vertex -18.530048370361328 -43.5 53.10115432739258
    vertex -12.448212623596191 -43.5 52.28535079956055
    vertex -12.441451072692871 -43.5 52.48091506958008
  endloop
endfacet
facet normal 0.0 0.0 0.0
  outer loop
    vertex -18.530048370361328 -43.5 53.10115432739258
    vertex -12.441451072692871 -43.5 52.48091506958008
    vertex -12.434561729431152 -43.5 52.649810791015625
  endloop
endfacet
facet normal 0.0 0.0 0.0
  outer loop
    vertex -12.434561729431152 -43.5 52.649810791015625
    vertex -12.4275541305542 -43.5 52.79126739501953
    vertex -18.530048370361328 -43.5 53.10115432739258
  endloop
endfacet
facet normal 0.0 0.0 0.0
  outer loop
    vertex -18.530048370361328 -43.5 53.10115432739258
    vertex -12.4275541305542 -43.5 52.79126739501953
    vertex -12.420439720153809 -43.5 52.90451431274414
  endloop
endfacet
facet normal 0.0 0.0 0.0
  outer loop
    vertex -18.530048370361328 -43.5 53.10115432739258
    vertex -12.420439720153809 -43.5 52.90451431274414
    vertex -12.413227081298828 -43.5 52.9887809753418
  endloop
endfacet
facet normal 0.0 0.0 0.0
  outer loop
    vertex -12.413227081298828 -43.5 52.9887809753418
    vertex -12.405928611755371 -43.5 53.04329299926758
    vertex -18.530048370361328 -43.5 53.10115432739258
  endloop
endfacet
facet normal 0.0 0.0 0.0
  outer loop
    vertex -18.530048370361328 -43.5 53.10115432739258
    vertex -12.405928611755371 -43.5 53.04329299926758
    vertex -12.402249336242676 -43.5 53.05915069580078
  endloop
endfacet
facet normal 0.0 0.0 0.0
  outer loop
    vertex -18.530048370361328 -43.5 53.10115432739258
    vertex -12.402249336242676 -43.5 53.05915069580078
    vertex -12.400403022766113 -43.5 53.064186096191406
  endloop
endfacet
facet normal 0.0 0.0 0.0
  outer loop
    vertex -12.400403022766113 -43.5 53.064186096191406
    vertex -12.399478912353516 -43.5 53.065975189208984
    vertex -18.530048370361328 -43.5 53.10115432739258
  endloop
endfacet
facet normal 0.0 0.0 0.0
  outer loop
    vertex -18.530048370361328 -43.5 53.10115432739258
    vertex -12.399478912353516 -43.5 53.065975189208984
    vertex -12.399015426635742 -43.5 53.066688537597656
  endloop
endfacet
facet normal 0.0 0.0 0.0
  outer loop
    vertex -18.530048370361328 -43.5 53.10115432739258
    vertex -12.399015426635742 -43.5 53.066688537597656
    vertex -12.398552894592285 -43.5 53.06727981567383
  endloop
endfacet
facet normal 0.0 0.0 0.0
  outer loop
    vertex -12.398552894592285 -43.5 53.06727981567383
    vertex -12.393387794494629 -43.5 53.07097625732422
    vertex -18.530048370361328 -43.5 53.10115432739258
  endloop
endfacet
facet normal 0.0 0.0 0.0
  outer loop
    vertex -18.530048370361328 -43.5 53.10115432739258
    vertex -12.393387794494629 -43.5 53.07097625732422
    vertex -12.386377334594727 -43.5 53.07465362548828
  endloop
endfacet
facet normal 0.0 0.0 0.0
  outer loop
    vertex -18.530048370361328 -43.5 53.10115432739258
    vertex -12.386377334594727 -43.5 53.07465362548828
    vertex -12.366918563842773 -43.5 53.08195495605469
  endloop
endfacet
facet normal 0.0 0.0 0.0
  outer loop
    vertex -12.366918563842773 -43.5 53.08195495605469
    vertex -12.306916236877441 -43.5 53.096282958984375
    vertex -18.530048370361328 -43.5 53.10115432739258
  endloop
endfacet
facet normal 0.0 0.0 0.0
  outer loop
    vertex -18.530048370361328 -43.5 53.10115432739258
    vertex -12.306916236877441 -43.5 53.096282958984375
    vertex -12.220085144042969 -43.5 53.11017990112305
  endloop
endfacet
facet normal 0.0 0.0 0.0
  outer loop
    vertex -18.530048370361328 -43.5 53.10115432739258
    vertex -12.220085144042969 -43.5 53.11017990112305
    vertex -12.107962608337402 -43.5 53.12356185913086
  endloop
endfacet
facet normal 0.0 0.0 0.0
  outer loop
    vertex -12.107962608337402 -43.5 53.12356185913086
    vertex -11.972087860107422 -43.5 53.1363525390625
    vertex -18.530048370361328 -43.5 53.10115432739258
  endloop
endfacet
facet normal 0.0 0.0 0.0
  outer loop
    vertex -18.530048370361328 -43.5 53.10115432739258
    vertex -11.972087860107422 -43.5 53.1363525390625
    vertex -11.81399917602539 -43.5 53.148460388183594
  endloop
endfacet
facet normal 0.0 0.0 0.0
  outer loop
    vertex -18.530048370361328 -43.5 53.10115432739258
    vertex -11.81399917602539 -43.5 53.148460388183594
    vertex -11.635233879089355 -43.5 53.159812927246094
  endloop
endfacet
facet normal 0.0 0.0 0.0
  outer loop
    vertex -11.635233879089355 -43.5 53.159812927246094
    vertex -11.43733024597168 -43.5 53.170318603515625
    vertex -18.530048370361328 -43.5 53.10115432739258
  endloop
endfacet
facet normal 0.0 0.0 0.0
  outer loop
    vertex -18.530048370361328 -43.5 53.10115432739258
    vertex -11.43733024597168 -43.5 53.170318603515625
    vertex -11.22182846069336 -43.5 53.17989730834961
  endloop
endfacet
facet normal 0.0 0.0 0.0
  outer loop
    vertex -18.530048370361328 -43.5 53.10115432739258
    vertex -11.22182846069336 -43.5 53.17989730834961
    vertex -10.990263938903809 -43.5 53.18846893310547
  endloop
endfacet
facet normal 0.0 0.0 0.0
  outer loop
    vertex -18.530048370361328 -43.5 53.10115432739258
    vertex -10.990263938903809 -43.5 53.18846893310547
    vertex -43.5 -43.5 55.400001525878906
  endloop
endfacet
facet normal 0.0 0.0 0.0
  outer loop
    vertex -43.5 -43.5 55.400001525878906
    vertex -10.990263938903809 -43.5 53.18846893310547
    vertex -10.485106468200684 -43.5 53.20225143432617
  endloop
endfacet
facet normal 0.0 0.0 0.0
  outer loop
    vertex -43.5 -43.5 55.400001525878906
    vertex -10.485106468200684 -43.5 53.20225143432617
    vertex -9.934164047241211 -43.5 53.21100997924805
  endloop
endfacet
facet normal 0.0 0.0 0.0
  outer loop
    vertex -9.934164047241211 -43.5 53.21100997924805
    vertex -9.34974193572998 -43.5 53.214073181152344
    vertex -43.5 -43.5 55.400001525878906
  endloop
endfacet
facet normal 0.0 0.0 0.0
  outer loop
    vertex -43.5 -43.5 55.400001525878906
    vertex -9.34974193572998 -43.5 53.214073181152344
    vertex -6.447726726531982 -43.5 53.214073181152344
  endloop
endfacet
facet normal 0.0 0.0 0.0
  outer loop
    vertex -43.5 -43.5 55.400001525878906
    vertex -6.447726726531982 -43.5 53.214073181152344
    vertex 5.521677494049072 -43.5 53.225364685058594
  endloop
endfacet
facet normal 0.0 0.0 0.0
  outer loop
    vertex 5.521677494049072 -43.5 53.225364685058594
    vertex -6.447726726531982 -43.5 53.214073181152344
    vertex -0.3501057028770447 -43.5 47.116455078125
  endloop
endfacet
facet normal 0.0 0.0 0.0
  outer loop
    vertex 5.521677494049072 -43.5 53.225364685058594
    vertex -0.3501057028770447 -43.5 47.116455078125
    vertex 5.521677494049072 -43.5 41.24467086791992
  endloop
endfacet
facet normal 0.0 0.0 0.0
  outer loop
    vertex 5.521677494049072 -43.5 41.24467086791992
    vertex -0.3501057028770447 -43.5 47.116455078125
    vertex -0.3501057028770447 -43.5 41.24467086791992
  endloop
endfacet
facet normal 0.0 0.0 0.0
  outer loop
    vertex -6.447726726531982 -43.5 53.214073181152344
    vertex -6.447726726531982 -43.5 47.116455078125
    vertex -0.3501057028770447 -43.5 47.116455078125
  endloop
endfacet
facet normal 0.0 0.0 0.0
  outer loop
    vertex -43.5 -43.5 55.400001525878906
    vertex 5.521677494049072 -43.5 53.225364685058594
    vertex 43.5 -43.5 55.400001525878906
  endloop
endfacet
facet normal 0.0 0.0 0.0
  outer loop
    vertex 43.5 -43.5 55.400001525878906
    vertex 5.521677494049072 -43.5 53.225364685058594
    vertex 8.514028549194336 -43.5 53.168907165527344
  endloop
endfacet
facet normal 0.0 0.0 0.0
  outer loop
    vertex 43.5 -43.5 55.400001525878906
    vertex 8.514028549194336 -43.5 53.168907165527344
    vertex 17.49108123779297 -43.5 53.214073181152344
  endloop
endfacet
facet normal 0.0 0.0 0.0
  outer loop
    vertex 17.49108123779297 -43.5 53.214073181152344
    vertex 8.514028549194336 -43.5 53.168907165527344
    vertex 11.506379127502441 -43.5 53.10115432739258
  endloop
endfacet
facet normal 0.0 0.0 0.0
  outer loop
    vertex 17.49108123779297 -43.5 53.214073181152344
    vertex 11.506379127502441 -43.5 53.10115432739258
    vertex 17.49108123779297 -43.5 47.116455078125
  endloop
endfacet
facet normal 0.0 0.0 0.0
  outer loop
    vertex 17.49108123779297 -43.5 47.116455078125
    vertex 11.506379127502441 -43.5 53.10115432739258
    vertex 11.506379127502441 -43.5 29.1623477935791
  endloop
endfacet
facet normal 0.0 0.0 0.0
  outer loop
    vertex 17.49108123779297 -43.5 47.116455078125
    vertex 11.506379127502441 -43.5 29.1623477935791
    vertex 23.47578239440918 -43.5 29.1623477935791
  endloop
endfacet
facet normal 0.0 0.0 0.0
  outer loop
    vertex 23.47578239440918 -43.5 29.1623477935791
    vertex 11.506379127502441 -43.5 29.1623477935791
    vertex 43.5 -43.5 27.600000381469727
  endloop
endfacet
facet normal 0.0 0.0 0.0
  outer loop
    vertex 23.47578239440918 -43.5 29.1623477935791
    vertex 43.5 -43.5 27.600000381469727
    vertex 29.57340431213379 -43.5 29.1623477935791
  endloop
endfacet
facet normal 0.0 0.0 0.0
  outer loop
    vertex 29.57340431213379 -43.5 29.1623477935791
    vertex 43.5 -43.5 27.600000381469727
    vertex 35.56939697265625 -43.5 47.12774658203125
  endloop
endfacet
facet normal 0.0 0.0 0.0
  outer loop
    vertex 29.57340431213379 -43.5 29.1623477935791
    vertex 35.56939697265625 -43.5 47.12774658203125
    vertex 32.57704544067383 -43.5 47.071285247802734
  endloop
endfacet
facet normal 0.0 0.0 0.0
  outer loop
    vertex 11.506379127502441 -43.5 29.1623477935791
    vertex 8.514028549194336 -43.5 29.09459686279297
    vertex 43.5 -43.5 27.600000381469727
  endloop
endfacet
facet normal 0.0 0.0 0.0
  outer loop
    vertex 43.5 -43.5 27.600000381469727
    vertex 8.514028549194336 -43.5 29.09459686279297
    vertex 5.521677494049072 -43.5 29.038137435913086
  endloop
endfacet
facet normal 0.0 0.0 0.0
  outer loop
    vertex 43.5 -43.5 27.600000381469727
    vertex 5.521677494049072 -43.5 29.038137435913086
    vertex -43.5 -43.5 27.600000381469727
  endloop
endfacet
facet normal 0.0 0.0 0.0
  outer loop
    vertex -43.5 -43.5 27.600000381469727
    vertex 5.521677494049072 -43.5 29.038137435913086
    vertex -6.447726726531982 -43.5 29.049428939819336
  endloop
endfacet
facet normal 0.0 0.0 0.0
  outer loop
    vertex -43.5 -43.5 27.600000381469727
    vertex -6.447726726531982 -43.5 29.049428939819336
    vertex -12.545347213745117 -43.5 29.049428939819336
  endloop
endfacet
facet normal 0.0 0.0 0.0
  outer loop
    vertex 5.521677494049072 -43.5 35.14704895019531
    vertex -0.5759435296058655 -43.5 35.14704895019531
    vertex 5.521677494049072 -43.5 29.038137435913086
  endloop
endfacet
facet normal 0.0 0.0 0.0
  outer loop
    vertex 5.521677494049072 -43.5 29.038137435913086
    vertex -0.5759435296058655 -43.5 35.14704895019531
    vertex -6.447726726531982 -43.5 29.049428939819336
  endloop
endfacet
facet normal 0.0 0.0 0.0
  outer loop
    vertex -0.5759435296058655 -43.5 41.01883316040039
    vertex -6.447726726531982 -43.5 41.01883316040039
    vertex -0.5759435296058655 -43.5 35.14704895019531
  endloop
endfacet
facet normal 0.0 0.0 0.0
  outer loop
    vertex -0.5759435296058655 -43.5 35.14704895019531
    vertex -6.447726726531982 -43.5 41.01883316040039
    vertex -6.447726726531982 -43.5 29.049428939819336
  endloop
endfacet
facet normal 0.0 0.0 0.0
  outer loop
    vertex 23.362863540649414 -43.5 47.116455078125
    vertex 17.49108123779297 -43.5 47.116455078125
    vertex 23.47578239440918 -43.5 29.1623477935791
  endloop
endfacet
facet normal 0.0 0.0 0.0
  outer loop
    vertex 17.49108123779297 -43.5 53.214073181152344
    vertex 35.445186614990234 -43.5 53.10115432739258
    vertex 43.5 -43.5 55.400001525878906
  endloop
endfacet
facet normal 0.0 0.0 0.0
  outer loop
    vertex 43.5 -43.5 55.400001525878906
    vertex 35.445186614990234 -43.5 53.10115432739258
    vertex 35.512939453125 -43.5 50.12009811401367
  endloop
endfacet
facet normal 0.0 0.0 0.0
  outer loop
    vertex 43.5 -43.5 55.400001525878906
    vertex 35.512939453125 -43.5 50.12009811401367
    vertex 35.56939697265625 -43.5 47.12774658203125
  endloop
endfacet
facet normal 0.0 0.0 0.0
  outer loop
    vertex 32.57704544067383 -43.5 47.071285247802734
    vertex 29.57340431213379 -43.5 47.003536224365234
    vertex 29.57340431213379 -43.5 29.1623477935791
  endloop
endfacet
facet normal 0.0 0.0 0.0
  outer loop
    vertex 43.5 -43.5 27.600000381469727
    vertex 43.5 -43.5 55.400001525878906
    vertex 35.56939697265625 -43.5 47.12774658203125
  endloop
endfacet
facet normal 0.0 0.0 0.0
  outer loop
    vertex -41.5 -20.5 27.600000381469727
    vertex -41.5 -21.5 27.600000381469727
    vertex -43.5 -43.5 27.600000381469727
  endloop
endfacet
facet normal 0.0 0.0 0.0
  outer loop
    vertex -43.5 -43.5 27.600000381469727
    vertex -41.5 -21.5 27.600000381469727
    vertex -41.5 -41.5 27.600000381469727
  endloop
endfacet
facet normal 0.0 0.0 0.0
  outer loop
    vertex -43.5 -43.5 27.600000381469727
    vertex -41.5 -41.5 27.600000381469727
    vertex -21.5 -41.5 27.600000381469727
  endloop
endfacet
facet normal 0.0 0.0 0.0
  outer loop
    vertex -21.5 -41.5 27.600000381469727
    vertex -20.5 -41.5 27.600000381469727
    vertex -43.5 -43.5 27.600000381469727
  endloop
endfacet
facet normal 0.0 0.0 0.0
  outer loop
    vertex -43.5 -43.5 27.600000381469727
    vertex -20.5 -41.5 27.600000381469727
    vertex -0.5 -41.5 27.600000381469727
  endloop
endfacet
facet normal 0.0 0.0 0.0
  outer loop
    vertex -43.5 -43.5 27.600000381469727
    vertex -0.5 -41.5 27.600000381469727
    vertex 43.5 -43.5 27.600000381469727
  endloop
endfacet
facet normal 0.0 0.0 0.0
  outer loop
    vertex 43.5 -43.5 27.600000381469727
    vertex -0.5 -41.5 27.600000381469727
    vertex 0.5 -41.5 27.600000381469727
  endloop
endfacet
facet normal 0.0 0.0 0.0
  outer loop
    vertex 43.5 -43.5 27.600000381469727
    vertex 0.5 -41.5 27.600000381469727
    vertex 20.5 -41.5 27.600000381469727
  endloop
endfacet
facet normal 0.0 0.0 0.0
  outer loop
    vertex 20.5 -41.5 27.600000381469727
    vertex 21.5 -41.5 27.600000381469727
    vertex 43.5 -43.5 27.600000381469727
  endloop
endfacet
facet normal 0.0 0.0 0.0
  outer loop
    vertex 43.5 -43.5 27.600000381469727
    vertex 21.5 -41.5 27.600000381469727
    vertex 41.5 -41.5 27.600000381469727
  endloop
endfacet
facet normal 0.0 0.0 0.0
  outer loop
    vertex 43.5 -43.5 27.600000381469727
    vertex 41.5 -41.5 27.600000381469727
    vertex 41.5 -21.5 27.600000381469727
  endloop
endfacet
facet normal 0.0 0.0 0.0
  outer loop
    vertex 41.5 -21.5 27.600000381469727
    vertex 41.5 -20.5 27.600000381469727
    vertex 43.5 -43.5 27.600000381469727
  endloop
endfacet
facet normal 0.0 0.0 0.0
  outer loop
    vertex 43.5 -43.5 27.600000381469727
    vertex 41.5 -20.5 27.600000381469727
    vertex 41.5 -0.5 27.600000381469727
  endloop
endfacet
facet normal 0.0 0.0 0.0
  outer loop
    vertex 43.5 -43.5 27.600000381469727
    vertex 41.5 -0.5 27.600000381469727
    vertex 41.5 0.5 27.600000381469727
  endloop
endfacet
facet normal 0.0 0.0 0.0
  outer loop
    vertex 43.5 -43.5 27.600000381469727
    vertex 41.5 0.5 27.600000381469727
    vertex 43.5 43.5 27.600000381469727
  endloop
endfacet
facet normal 0.0 0.0 0.0
  outer loop
    vertex 43.5 43.5 27.600000381469727
    vertex 41.5 0.5 27.600000381469727
    vertex 41.5 20.5 27.600000381469727
  endloop
endfacet
facet normal 0.0 0.0 0.0
  outer loop
    vertex 43.5 43.5 27.600000381469727
    vertex 41.5 20.5 27.600000381469727
    vertex 41.5 21.5 27.600000381469727
  endloop
endfacet
facet normal 0.0 0.0 0.0
  outer loop
    vertex 41.5 21.5 27.600000381469727
    vertex 41.5 41.5 27.600000381469727
    vertex 43.5 43.5 27.600000381469727
  endloop
endfacet
facet normal 0.0 0.0 0.0
  outer loop
    vertex 43.5 43.5 27.600000381469727
    vertex 41.5 41.5 27.600000381469727
    vertex 21.5 41.5 27.600000381469727
  endloop
endfacet
facet normal 0.0 0.0 0.0
  outer loop
    vertex 43.5 43.5 27.600000381469727
    vertex 21.5 41.5 27.600000381469727
    vertex 20.5 41.5 27.600000381469727
  endloop
endfacet
facet normal 0.0 0.0 0.0
  outer loop
    vertex 20.5 41.5 27.600000381469727
    vertex 0.5 41.5 27.600000381469727
    vertex 43.5 43.5 27.600000381469727
  endloop
endfacet
facet normal 0.0 0.0 0.0
  outer loop
    vertex 43.5 43.5 27.600000381469727
    vertex 0.5 41.5 27.600000381469727
    vertex -0.5 41.5 27.600000381469727
  endloop
endfacet
facet normal 0.0 0.0 0.0
  outer loop
    vertex 43.5 43.5 27.600000381469727
    vertex -0.5 41.5 27.600000381469727
    vertex -43.5 43.5 27.600000381469727
  endloop
endfacet
facet normal 0.0 0.0 0.0
  outer loop
    vertex -43.5 43.5 27.600000381469727
    vertex -0.5 41.5 27.600000381469727
    vertex -20.5 41.5 27.600000381469727
  endloop
endfacet
facet normal 0.0 0.0 0.0
  outer loop
    vertex -43.5 43.5 27.600000381469727
    vertex -20.5 41.5 27.600000381469727
    vertex -21.5 41.5 27.600000381469727
  endloop
endfacet
facet normal 0.0 0.0 0.0
  outer loop
    vertex -21.5 41.5 27.600000381469727
    vertex -41.5 41.5 27.600000381469727
    vertex -43.5 43.5 27.600000381469727
  endloop
endfacet
facet normal 0.0 0.0 0.0
  outer loop
    vertex -43.5 43.5 27.600000381469727
    vertex -41.5 41.5 27.600000381469727
    vertex -41.5 21.5 27.600000381469727
  endloop
endfacet
facet normal 0.0 0.0 0.0
  outer loop
    vertex -43.5 43.5 27.600000381469727
    vertex -41.5 21.5 27.600000381469727
    vertex -41.5 20.5 27.600000381469727
  endloop
endfacet
facet normal 0.0 0.0 0.0
  outer loop
    vertex -41.5 20.5 27.600000381469727
    vertex -41.5 0.5 27.600000381469727
    vertex -43.5 43.5 27.600000381469727
  endloop
endfacet
facet normal 0.0 0.0 0.0
  outer loop
    vertex -43.5 43.5 27.600000381469727
    vertex -41.5 0.5 27.600000381469727
    vertex -41.5 -0.5 27.600000381469727
  endloop
endfacet
facet normal 0.0 0.0 0.0
  outer loop
    vertex -43.5 43.5 27.600000381469727
    vertex -41.5 -0.5 27.600000381469727
    vertex -43.5 -43.5 27.600000381469727
  endloop
endfacet
facet normal 0.0 0.0 0.0
  outer loop
    vertex -43.5 -43.5 27.600000381469727
    vertex -41.5 -0.5 27.600000381469727
    vertex -41.5 -20.5 27.600000381469727
  endloop
endfacet
facet normal 0.0 0.0 0.0
  outer loop
    vertex -43.5 29.903522491455078 47.14531326293945
    vertex -43.5 32.79951095581055 47.21214294433594
    vertex -43.5 29.84783172607422 38.34596633911133
  endloop
endfacet
facet normal 0.0 0.0 0.0
  outer loop
    vertex -43.5 29.84783172607422 38.34596633911133
    vertex -43.5 32.79951095581055 47.21214294433594
    vertex -43.5 35.706634521484375 47.26783752441406
  endloop
endfacet
facet normal 0.0 0.0 0.0
  outer loop
    vertex -43.5 29.84783172607422 38.34596633911133
    vertex -43.5 35.706634521484375 47.26783752441406
    vertex -43.5 43.5 27.600000381469727
  endloop
endfacet
facet normal 0.0 0.0 0.0
  outer loop
    vertex -43.5 43.5 27.600000381469727
    vertex -43.5 35.706634521484375 47.26783752441406
    vertex -43.5 43.5 55.400001525878906
  endloop
endfacet
facet normal 0.0 0.0 0.0
  outer loop
    vertex -43.5 43.5 55.400001525878906
    vertex -43.5 35.706634521484375 47.26783752441406
    vertex -43.5 35.706634521484375 53.27144241333008
  endloop
endfacet
facet normal 0.0 0.0 0.0
  outer loop
    vertex -43.5 43.5 55.400001525878906
    vertex -43.5 35.706634521484375 53.27144241333008
    vertex -43.5 17.996559143066406 53.160057067871094
  endloop
endfacet
facet normal 0.0 0.0 0.0
  outer loop
    vertex -43.5 17.929729461669922 50.208377838134766
    vertex -43.5 12.016534805297852 51.62639617919922
    vertex -43.5 17.996559143066406 53.160057067871094
  endloop
endfacet
facet normal 0.0 0.0 0.0
  outer loop
    vertex -43.5 17.996559143066406 53.160057067871094
    vertex -43.5 12.016534805297852 51.62639617919922
    vertex -43.5 12.010306358337402 51.893653869628906
  endloop
endfacet
facet normal 0.0 0.0 0.0
  outer loop
    vertex -43.5 17.996559143066406 53.160057067871094
    vertex -43.5 12.010306358337402 51.893653869628906
    vertex -43.5 12.003920555114746 52.13689041137695
  endloop
endfacet
facet normal 0.0 0.0 0.0
  outer loop
    vertex -43.5 17.87403678894043 47.25669860839844
    vertex -43.5 12.059490203857422 48.714778900146484
    vertex -43.5 17.929729461669922 50.208377838134766
  endloop
endfacet
facet normal 0.0 0.0 0.0
  outer loop
    vertex -43.5 17.929729461669922 50.208377838134766
    vertex -43.5 12.059490203857422 48.714778900146484
    vertex -43.5 12.05488395690918 49.14683532714844
  endloop
endfacet
facet normal 0.0 0.0 0.0
  outer loop
    vertex -43.5 17.929729461669922 50.208377838134766
    vertex -43.5 12.05488395690918 49.14683532714844
    vertex -43.5 12.050040245056152 49.56095886230469
  endloop
endfacet
facet normal 0.0 0.0 0.0
  outer loop
    vertex -43.5 23.911056518554688 47.25669860839844
    vertex -43.5 12.086520195007324 44.70384979248047
    vertex -43.5 17.87403678894043 47.25669860839844
  endloop
endfacet
facet normal 0.0 0.0 0.0
  outer loop
    vertex -43.5 17.87403678894043 47.25669860839844
    vertex -43.5 12.086520195007324 44.70384979248047
    vertex -43.5 12.081541061401367 45.7883415222168
  endloop
endfacet
facet normal 0.0 0.0 0.0
  outer loop
    vertex -43.5 17.87403678894043 47.25669860839844
    vertex -43.5 12.081541061401367 45.7883415222168
    vertex -43.5 12.075322151184082 46.822383880615234
  endloop
endfacet
facet normal 0.0 0.0 0.0
  outer loop
    vertex -43.5 23.899919509887695 38.40166091918945
    vertex -43.5 12.092432022094727 42.40786361694336
    vertex -43.5 23.911056518554688 47.25669860839844
  endloop
endfacet
facet normal 0.0 0.0 0.0
  outer loop
    vertex -43.5 23.911056518554688 47.25669860839844
    vertex -43.5 12.092432022094727 42.40786361694336
    vertex -43.5 12.090177536010742 43.57499694824219
  endloop
endfacet
facet normal 0.0 0.0 0.0
  outer loop
    vertex -43.5 23.911056518554688 47.25669860839844
    vertex -43.5 12.090177536010742 43.57499694824219
    vertex -43.5 12.086520195007324 44.70384979248047
  endloop
endfacet
facet normal 0.0 0.0 0.0
  outer loop
    vertex -43.5 23.877641677856445 29.54662322998047
    vertex -43.5 12.093201637268066 29.435237884521484
    vertex -43.5 23.899919509887695 38.40166091918945
  endloop
endfacet
facet normal 0.0 0.0 0.0
  outer loop
    vertex -43.5 23.899919509887695 38.40166091918945
    vertex -43.5 12.093201637268066 29.435237884521484
    vertex -43.5 12.093201637268066 41.20854187011719
  endloop
endfacet
facet normal 0.0 0.0 0.0
  outer loop
    vertex -43.5 23.899919509887695 38.40166091918945
    vertex -43.5 12.093201637268066 41.20854187011719
    vertex -43.5 12.092432022094727 42.40786361694336
  endloop
endfacet
facet normal 0.0 0.0 0.0
  outer loop
    vertex -43.5 12.093201637268066 29.435237884521484
    vertex -43.5 23.877641677856445 29.54662322998047
    vertex -43.5 43.5 27.600000381469727
  endloop
endfacet
facet normal 0.0 0.0 0.0
  outer loop
    vertex -43.5 43.5 27.600000381469727
    vertex -43.5 23.877641677856445 29.54662322998047
    vertex -43.5 29.80327796936035 29.54662322998047
  endloop
endfacet
facet normal 0.0 0.0 0.0
  outer loop
    vertex -43.5 43.5 27.600000381469727
    vertex -43.5 29.80327796936035 29.54662322998047
    vertex -43.5 29.84783172607422 38.34596633911133
  endloop
endfacet
facet normal 0.0 0.0 0.0
  outer loop
    vertex -43.5 12.075322151184082 46.822383880615234
    vertex -43.5 12.067944526672363 47.79989242553711
    vertex -43.5 17.87403678894043 47.25669860839844
  endloop
endfacet
facet normal 0.0 0.0 0.0
  outer loop
    vertex -43.5 17.87403678894043 47.25669860839844
    vertex -43.5 12.067944526672363 47.79989242553711
    vertex -43.5 12.063846588134766 48.265541076660156
  endloop
endfacet
facet normal 0.0 0.0 0.0
  outer loop
    vertex -43.5 17.87403678894043 47.25669860839844
    vertex -43.5 12.063846588134766 48.265541076660156
    vertex -43.5 12.059490203857422 48.714778900146484
  endloop
endfacet
facet normal 0.0 0.0 0.0
  outer loop
    vertex -43.5 12.050040245056152 49.56095886230469
    vertex -43.5 12.044967651367188 49.95637893676758
    vertex -43.5 17.929729461669922 50.208377838134766
  endloop
endfacet
facet normal 0.0 0.0 0.0
  outer loop
    vertex -43.5 17.929729461669922 50.208377838134766
    vertex -43.5 12.044967651367188 49.95637893676758
    vertex -43.5 12.039676666259766 50.33234405517578
  endloop
endfacet
facet normal 0.0 0.0 0.0
  outer loop
    vertex -43.5 17.929729461669922 50.208377838134766
    vertex -43.5 12.039676666259766 50.33234405517578
    vertex -43.5 12.034177780151367 50.688087463378906
  endloop
endfacet
facet normal 0.0 0.0 0.0
  outer loop
    vertex -43.5 12.034177780151367 50.688087463378906
    vertex -43.5 12.028481483459473 51.02285385131836
    vertex -43.5 17.929729461669922 50.208377838134766
  endloop
endfacet
facet normal 0.0 0.0 0.0
  outer loop
    vertex -43.5 17.929729461669922 50.208377838134766
    vertex -43.5 12.028481483459473 51.02285385131836
    vertex -43.5 12.022597312927246 51.33587646484375
  endloop
endfacet
facet normal 0.0 0.0 0.0
  outer loop
    vertex -43.5 17.929729461669922 50.208377838134766
    vertex -43.5 12.022597312927246 51.33587646484375
    vertex -43.5 12.016534805297852 51.62639617919922
  endloop
endfacet
facet normal 0.0 0.0 0.0
  outer loop
    vertex -43.5 12.003920555114746 52.13689041137695
    vertex -43.5 11.997386932373047 52.35533905029297
    vertex -43.5 17.996559143066406 53.160057067871094
  endloop
endfacet
facet normal 0.0 0.0 0.0
  outer loop
    vertex -43.5 17.996559143066406 53.160057067871094
    vertex -43.5 11.997386932373047 52.35533905029297
    vertex -43.5 11.990717887878418 52.54824447631836
  endloop
endfacet
facet normal 0.0 0.0 0.0
  outer loop
    vertex -43.5 17.996559143066406 53.160057067871094
    vertex -43.5 11.990717887878418 52.54824447631836
    vertex -43.5 11.983922004699707 52.714847564697266
  endloop
endfacet
facet normal 0.0 0.0 0.0
  outer loop
    vertex -43.5 11.983922004699707 52.714847564697266
    vertex -43.5 11.977009773254395 52.8543815612793
    vertex -43.5 17.996559143066406 53.160057067871094
  endloop
endfacet
facet normal 0.0 0.0 0.0
  outer loop
    vertex -43.5 17.996559143066406 53.160057067871094
    vertex -43.5 11.977009773254395 52.8543815612793
    vertex -43.5 11.969991683959961 52.966087341308594
  endloop
endfacet
facet normal 0.0 0.0 0.0
  outer loop
    vertex -43.5 17.996559143066406 53.160057067871094
    vertex -43.5 11.969991683959961 52.966087341308594
    vertex -43.5 11.96287727355957 53.04920959472656
  endloop
endfacet
facet normal 0.0 0.0 0.0
  outer loop
    vertex -43.5 11.96287727355957 53.04920959472656
    vertex -43.5 11.955677032470703 53.10297775268555
    vertex -43.5 17.996559143066406 53.160057067871094
  endloop
endfacet
facet normal 0.0 0.0 0.0
  outer loop
    vertex -43.5 17.996559143066406 53.160057067871094
    vertex -43.5 11.955677032470703 53.10297775268555
    vertex -43.5 11.952048301696777 53.118621826171875
  endloop
endfacet
facet normal 0.0 0.0 0.0
  outer loop
    vertex -43.5 17.996559143066406 53.160057067871094
    vertex -43.5 11.952048301696777 53.118621826171875
    vertex -43.5 11.950227737426758 53.12358856201172
  endloop
endfacet
facet normal 0.0 0.0 0.0
  outer loop
    vertex -43.5 11.950227737426758 53.12358856201172
    vertex -43.5 11.949315071105957 53.1253547668457
    vertex -43.5 17.996559143066406 53.160057067871094
  endloop
endfacet
facet normal 0.0 0.0 0.0
  outer loop
    vertex -43.5 17.996559143066406 53.160057067871094
    vertex -43.5 11.949315071105957 53.1253547668457
    vertex -43.5 11.948859214782715 53.126060485839844
  endloop
endfacet
facet normal 0.0 0.0 0.0
  outer loop
    vertex -43.5 17.996559143066406 53.160057067871094
    vertex -43.5 11.948859214782715 53.126060485839844
    vertex -43.5 11.948402404785156 53.12664031982422
  endloop
endfacet
facet normal 0.0 0.0 0.0
  outer loop
    vertex -43.5 11.948402404785156 53.12664031982422
    vertex -43.5 11.943306922912598 53.130287170410156
    vertex -43.5 17.996559143066406 53.160057067871094
  endloop
endfacet
facet normal 0.0 0.0 0.0
  outer loop
    vertex -43.5 17.996559143066406 53.160057067871094
    vertex -43.5 11.943306922912598 53.130287170410156
    vertex -43.5 11.936392784118652 53.133914947509766
  endloop
endfacet
facet normal 0.0 0.0 0.0
  outer loop
    vertex -43.5 17.996559143066406 53.160057067871094
    vertex -43.5 11.936392784118652 53.133914947509766
    vertex -43.5 11.917198181152344 53.141117095947266
  endloop
endfacet
facet normal 0.0 0.0 0.0
  outer loop
    vertex -43.5 11.917198181152344 53.141117095947266
    vertex -43.5 11.858011245727539 53.155250549316406
    vertex -43.5 17.996559143066406 53.160057067871094
  endloop
endfacet
facet normal 0.0 0.0 0.0
  outer loop
    vertex -43.5 17.996559143066406 53.160057067871094
    vertex -43.5 11.858011245727539 53.155250549316406
    vertex -43.5 11.772359848022461 53.1689567565918
  endloop
endfacet
facet normal 0.0 0.0 0.0
  outer loop
    vertex -43.5 17.996559143066406 53.160057067871094
    vertex -43.5 11.772359848022461 53.1689567565918
    vertex -43.5 11.661762237548828 53.182159423828125
  endloop
endfacet
facet normal 0.0 0.0 0.0
  outer loop
    vertex -43.5 11.661762237548828 53.182159423828125
    vertex -43.5 11.52773380279541 53.19477462768555
    vertex -43.5 17.996559143066406 53.160057067871094
  endloop
endfacet
facet normal 0.0 0.0 0.0
  outer loop
    vertex -43.5 17.996559143066406 53.160057067871094
    vertex -43.5 11.52773380279541 53.19477462768555
    vertex -43.5 11.371793746948242 53.206722259521484
  endloop
endfacet
facet normal 0.0 0.0 0.0
  outer loop
    vertex -43.5 17.996559143066406 53.160057067871094
    vertex -43.5 11.371793746948242 53.206722259521484
    vertex -43.5 11.19545841217041 53.21791458129883
  endloop
endfacet
facet normal 0.0 0.0 0.0
  outer loop
    vertex -43.5 11.19545841217041 53.21791458129883
    vertex -43.5 11.000245094299316 53.22827911376953
    vertex -43.5 17.996559143066406 53.160057067871094
  endloop
endfacet
facet normal 0.0 0.0 0.0
  outer loop
    vertex -43.5 17.996559143066406 53.160057067871094
    vertex -43.5 11.000245094299316 53.22827911376953
    vertex -43.5 10.787671089172363 53.237728118896484
  endloop
endfacet
facet normal 0.0 0.0 0.0
  outer loop
    vertex -43.5 17.996559143066406 53.160057067871094
    vertex -43.5 10.787671089172363 53.237728118896484
    vertex -43.5 10.55925464630127 53.246185302734375
  endloop
endfacet
facet normal 0.0 0.0 0.0
  outer loop
    vertex -43.5 17.996559143066406 53.160057067871094
    vertex -43.5 10.55925464630127 53.246185302734375
    vertex -43.5 43.5 55.400001525878906
  endloop
endfacet
facet normal 0.0 0.0 0.0
  outer loop
    vertex -43.5 43.5 55.400001525878906
    vertex -43.5 10.55925464630127 53.246185302734375
    vertex -43.5 10.06096363067627 53.25978088378906
  endloop
endfacet
facet normal 0.0 0.0 0.0
  outer loop
    vertex -43.5 43.5 55.400001525878906
    vertex -43.5 10.06096363067627 53.25978088378906
    vertex -43.5 9.517508506774902 53.26841735839844
  endloop
endfacet
facet normal 0.0 0.0 0.0
  outer loop
    vertex -43.5 9.517508506774902 53.26841735839844
    vertex -43.5 8.941030502319336 53.27144241333008
    vertex -43.5 43.5 55.400001525878906
  endloop
endfacet
facet normal 0.0 0.0 0.0
  outer loop
    vertex -43.5 43.5 55.400001525878906
    vertex -43.5 8.941030502319336 53.27144241333008
    vertex -43.5 6.078458786010742 53.27144241333008
  endloop
endfacet
facet normal 0.0 0.0 0.0
  outer loop
    vertex -43.5 43.5 55.400001525878906
    vertex -43.5 6.078458786010742 53.27144241333008
    vertex -43.5 -5.72825813293457 53.28257751464844
  endloop
endfacet
facet normal 0.0 0.0 0.0
  outer loop
    vertex -43.5 -5.72825813293457 53.28257751464844
    vertex -43.5 6.078458786010742 53.27144241333008
    vertex -43.5 0.0637161061167717 47.25669860839844
  endloop
endfacet
facet normal 0.0 0.0 0.0
  outer loop
    vertex -43.5 -5.72825813293457 53.28257751464844
    vertex -43.5 0.0637161061167717 47.25669860839844
    vertex -43.5 -5.72825813293457 41.464725494384766
  endloop
endfacet
facet normal 0.0 0.0 0.0
  outer loop
    vertex -43.5 -5.72825813293457 41.464725494384766
    vertex -43.5 0.0637161061167717 47.25669860839844
    vertex -43.5 0.0637161061167717 41.464725494384766
  endloop
endfacet
facet normal 0.0 0.0 0.0
  outer loop
    vertex -43.5 6.078458786010742 53.27144241333008
    vertex -43.5 6.078458786010742 47.25669860839844
    vertex -43.5 0.0637161061167717 47.25669860839844
  endloop
endfacet
facet normal 0.0 0.0 0.0
  outer loop
    vertex -43.5 43.5 55.400001525878906
    vertex -43.5 -5.72825813293457 53.28257751464844
    vertex -43.5 -43.5 55.400001525878906
  endloop
endfacet
facet normal 0.0 0.0 0.0
  outer loop
    vertex -43.5 -43.5 55.400001525878906
    vertex -43.5 -5.72825813293457 53.28257751464844
    vertex -43.5 -8.679937362670898 53.22688674926758
  endloop
endfacet
facet normal 0.0 0.0 0.0
  outer loop
    vertex -43.5 -43.5 55.400001525878906
    vertex -43.5 -8.679937362670898 53.22688674926758
    vertex -43.5 -17.534975051879883 53.27144241333008
  endloop
endfacet
facet normal 0.0 0.0 0.0
  outer loop
    vertex -43.5 -17.534975051879883 53.27144241333008
    vertex -43.5 -8.679937362670898 53.22688674926758
    vertex -43.5 -11.631616592407227 53.160057067871094
  endloop
endfacet
facet normal 0.0 0.0 0.0
  outer loop
    vertex -43.5 -17.534975051879883 53.27144241333008
    vertex -43.5 -11.631616592407227 53.160057067871094
    vertex -43.5 -17.534975051879883 47.25669860839844
  endloop
endfacet
facet normal 0.0 0.0 0.0
  outer loop
    vertex -43.5 -17.534975051879883 47.25669860839844
    vertex -43.5 -11.631616592407227 53.160057067871094
    vertex -43.5 -11.631616592407227 29.54662322998047
  endloop
endfacet
facet normal 0.0 0.0 0.0
  outer loop
    vertex -43.5 -17.534975051879883 47.25669860839844
    vertex -43.5 -11.631616592407227 29.54662322998047
    vertex -43.5 -23.43833351135254 29.54662322998047
  endloop
endfacet
facet normal 0.0 0.0 0.0
  outer loop
    vertex -43.5 -23.43833351135254 29.54662322998047
    vertex -43.5 -11.631616592407227 29.54662322998047
    vertex -43.5 -43.5 27.600000381469727
  endloop
endfacet
facet normal 0.0 0.0 0.0
  outer loop
    vertex -43.5 -23.43833351135254 29.54662322998047
    vertex -43.5 -43.5 27.600000381469727
    vertex -43.5 -29.45307731628418 29.54662322998047
  endloop
endfacet
facet normal 0.0 0.0 0.0
  outer loop
    vertex -43.5 -29.45307731628418 29.54662322998047
    vertex -43.5 -43.5 27.600000381469727
    vertex -43.5 -35.36757278442383 47.26783752441406
  endloop
endfacet
facet normal 0.0 0.0 0.0
  outer loop
    vertex -43.5 -29.45307731628418 29.54662322998047
    vertex -43.5 -35.36757278442383 47.26783752441406
    vertex -43.5 -32.4158935546875 47.21214294433594
  endloop
endfacet
facet normal 0.0 0.0 0.0
  outer loop
    vertex -43.5 -11.631616592407227 29.54662322998047
    vertex -43.5 -8.679937362670898 29.47979164123535
    vertex -43.5 -43.5 27.600000381469727
  endloop
endfacet
facet normal 0.0 0.0 0.0
  outer loop
    vertex -43.5 -43.5 27.600000381469727
    vertex -43.5 -8.679937362670898 29.47979164123535
    vertex -43.5 -5.72825813293457 29.42409896850586
  endloop
endfacet
facet normal 0.0 0.0 0.0
  outer loop
    vertex -43.5 -43.5 27.600000381469727
    vertex -43.5 -5.72825813293457 29.42409896850586
    vertex -43.5 43.5 27.600000381469727
  endloop
endfacet
facet normal 0.0 0.0 0.0
  outer loop
    vertex -43.5 43.5 27.600000381469727
    vertex -43.5 -5.72825813293457 29.42409896850586
    vertex -43.5 6.078458786010742 29.435237884521484
  endloop
endfacet
facet normal 0.0 0.0 0.0
  outer loop
    vertex -43.5 43.5 27.600000381469727
    vertex -43.5 6.078458786010742 29.435237884521484
    vertex -43.5 12.093201637268066 29.435237884521484
  endloop
endfacet
facet normal 0.0 0.0 0.0
  outer loop
    vertex -43.5 -5.72825813293457 35.449981689453125
    vertex -43.5 0.28648436069488525 35.449981689453125
    vertex -43.5 -5.72825813293457 29.42409896850586
  endloop
endfacet
facet normal 0.0 0.0 0.0
  outer loop
    vertex -43.5 -5.72825813293457 29.42409896850586
    vertex -43.5 0.28648436069488525 35.449981689453125
    vertex -43.5 6.078458786010742 29.435237884521484
  endloop
endfacet
facet normal 0.0 0.0 0.0
  outer loop
    vertex -43.5 0.28648436069488525 41.2419548034668
    vertex -43.5 6.078458786010742 41.2419548034668
    vertex -43.5 0.28648436069488525 35.449981689453125
  endloop
endfacet
facet normal 0.0 0.0 0.0
  outer loop
    vertex -43.5 0.28648436069488525 35.449981689453125
    vertex -43.5 6.078458786010742 41.2419548034668
    vertex -43.5 6.078458786010742 29.435237884521484
  endloop
endfacet
facet normal 0.0 0.0 0.0
  outer loop
    vertex -43.5 -23.326950073242188 47.25669860839844
    vertex -43.5 -17.534975051879883 47.25669860839844
    vertex -43.5 -23.43833351135254 29.54662322998047
  endloop
endfacet
facet normal 0.0 0.0 0.0
  outer loop
    vertex -43.5 -17.534975051879883 53.27144241333008
    vertex -43.5 -35.245052337646484 53.160057067871094
    vertex -43.5 -43.5 55.400001525878906
  endloop
endfacet
facet normal 0.0 0.0 0.0
  outer loop
    vertex -43.5 -43.5 55.400001525878906
    vertex -43.5 -35.245052337646484 53.160057067871094
    vertex -43.5 -35.31188201904297 50.21951675415039
  endloop
endfacet
facet normal 0.0 0.0 0.0
  outer loop
    vertex -43.5 -43.5 55.400001525878906
    vertex -43.5 -35.31188201904297 50.21951675415039
    vertex -43.5 -35.36757278442383 47.26783752441406
  endloop
endfacet
facet normal 0.0 0.0 0.0
  outer loop
    vertex -43.5 -32.4158935546875 47.21214294433594
    vertex -43.5 -29.45307731628418 47.14531326293945
    vertex -43.5 -29.45307731628418 29.54662322998047
  endloop
endfacet
facet normal 0.0 0.0 0.0
  outer loop
    vertex -43.5 -43.5 27.600000381469727
    vertex -43.5 -43.5 55.400001525878906
    vertex -43.5 -35.36757278442383 47.26783752441406
  endloop
endfacet
facet normal 0.0 0.0 0.0
  outer loop
    vertex -20.5 41.5 27.600000381469727
    vertex -0.5 41.5 27.600000381469727
    vertex -20.5 41.5 0.0
  endloop
endfacet
facet normal 0.0 0.0 0.0
  outer loop
    vertex -20.5 41.5 0.0
    vertex -0.5 41.5 27.600000381469727
    vertex -0.5 41.5 0.0
  endloop
endfacet
facet normal 0.0 0.0 0.0
  outer loop
    vertex -4.999999523162842 26.0 83.0
    vertex -4.999999523162842 37.0 83.0
    vertex -4.999999523162842 26.0 81.0
  endloop
endfacet
facet normal 0.0 0.0 0.0
  outer loop
    vertex -4.999999523162842 26.0 81.0
    vertex -4.999999523162842 37.0 83.0
    vertex -4.999999523162842 37.0 81.0
  endloop
endfacet
facet normal 0.0 0.0 0.0
  outer loop
    vertex -4.999999523162842 37.0 83.0
    vertex -16.0 37.0 83.0
    vertex -4.999999523162842 37.0 81.0
  endloop
endfacet
facet normal 0.0 0.0 0.0
  outer loop
    vertex -4.999999523162842 37.0 81.0
    vertex -16.0 37.0 83.0
    vertex -16.0 37.0 81.0
  endloop
endfacet
facet normal 0.0 0.0 0.0
  outer loop
    vertex -16.0 37.0 83.0
    vertex -16.0 26.0 83.0
    vertex -16.0 37.0 81.0
  endloop
endfacet
facet normal 0.0 0.0 0.0
  outer loop
    vertex -16.0 37.0 81.0
    vertex -16.0 26.0 83.0
    vertex -16.0 26.0 81.0
  endloop
endfacet
facet normal 0.0 0.0 0.0
  outer loop
    vertex -16.0 26.0 83.0
    vertex -4.999999523162842 26.0 83.0
    vertex -16.0 26.0 81.0
  endloop
endfacet
facet normal 0.0 0.0 0.0
  outer loop
    vertex -16.0 26.0 81.0
    vertex -4.999999523162842 26.0 83.0
    vertex -4.999999523162842 26.0 81.0
  endloop
endfacet
facet normal 0.0 0.0 0.0
  outer loop
    vertex -16.0 26.0 81.0
    vertex -4.999999523162842 26.0 81.0
    vertex -16.0 37.0 81.0
  endloop
endfacet
facet normal 0.0 0.0 0.0
  outer loop
    vertex -16.0 37.0 81.0
    vertex -4.999999523162842 26.0 81.0
    vertex -4.999999523162842 37.0 81.0
  endloop
endfacet
facet normal 0.0 0.0 0.0
  outer loop
    vertex -17.5 38.5 83.0
    vertex -3.499999523162842 38.5 83.0
    vertex -17.5 38.5 81.0
  endloop
endfacet
facet normal 0.0 0.0 0.0
  outer loop
    vertex -17.5 38.5 81.0
    vertex -3.499999523162842 38.5 83.0
    vertex -3.499999523162842 38.5 81.0
  endloop
endfacet
facet normal 0.0 0.0 0.0
  outer loop
    vertex -3.499999523162842 38.5 83.0
    vertex -3.499999523162842 24.5 83.0
    vertex -3.499999523162842 38.5 81.0
  endloop
endfacet
facet normal 0.0 0.0 0.0
  outer loop
    vertex -3.499999523162842 38.5 81.0
    vertex -3.499999523162842 24.5 83.0
    vertex -3.499999523162842 24.5 81.0
  endloop
endfacet
facet normal 0.0 0.0 0.0
  outer loop
    vertex -3.499999523162842 24.5 83.0
    vertex -17.5 24.5 83.0
    vertex -3.499999523162842 24.5 81.0
  endloop
endfacet
facet normal 0.0 0.0 0.0
  outer loop
    vertex -3.499999523162842 24.5 81.0
    vertex -17.5 24.5 83.0
    vertex -17.5 24.5 81.0
  endloop
endfacet
facet normal 0.0 0.0 0.0
  outer loop
    vertex -17.5 24.5 83.0
    vertex -17.5 38.5 83.0
    vertex -17.5 24.5 81.0
  endloop
endfacet
facet normal 0.0 0.0 0.0
  outer loop
    vertex -17.5 24.5 81.0
    vertex -17.5 38.5 83.0
    vertex -17.5 38.5 81.0
  endloop
endfacet
facet normal 0.0 0.0 0.0
  outer loop
    vertex -19.0 23.0 83.0
    vertex -1.9999994039535522 23.0 83.0
    vertex -19.0 23.0 81.0
  endloop
endfacet
facet normal 0.0 0.0 0.0
  outer loop
    vertex -19.0 23.0 81.0
    vertex -1.9999994039535522 23.0 83.0
    vertex -1.9999994039535522 23.0 81.0
  endloop
endfacet
facet normal 0.0 0.0 0.0
  outer loop
    vertex -1.9999994039535522 23.0 83.0
    vertex -1.9999994039535522 40.0 83.0
    vertex -1.9999994039535522 23.0 81.0
  endloop
endfacet
facet normal 0.0 0.0 0.0
  outer loop
    vertex -1.9999994039535522 23.0 81.0
    vertex -1.9999994039535522 40.0 83.0
    vertex -1.9999994039535522 40.0 81.0
  endloop
endfacet
facet normal 0.0 0.0 0.0
  outer loop
    vertex -1.9999994039535522 40.0 83.0
    vertex -19.0 40.0 83.0
    vertex -1.9999994039535522 40.0 81.0
  endloop
endfacet
facet normal 0.0 0.0 0.0
  outer loop
    vertex -1.9999994039535522 40.0 81.0
    vertex -19.0 40.0 83.0
    vertex -19.0 40.0 81.0
  endloop
endfacet
facet normal 0.0 0.0 0.0
  outer loop
    vertex -19.0 40.0 83.0
    vertex -19.0 23.0 83.0
    vertex -19.0 40.0 81.0
  endloop
endfacet
facet normal 0.0 0.0 0.0
  outer loop
    vertex -19.0 40.0 81.0
    vertex -19.0 23.0 83.0
    vertex -19.0 23.0 81.0
  endloop
endfacet
facet normal 0.0 0.0 0.0
  outer loop
    vertex -17.5 38.5 81.0
    vertex -19.0 23.0 81.0
    vertex -17.5 24.5 81.0
  endloop
endfacet
facet normal 0.0 0.0 0.0
  outer loop
    vertex -17.5 24.5 81.0
    vertex -19.0 23.0 81.0
    vertex -1.9999994039535522 23.0 81.0
  endloop
endfacet
facet normal 0.0 0.0 0.0
  outer loop
    vertex -17.5 24.5 81.0
    vertex -1.9999994039535522 23.0 81.0
    vertex -3.499999523162842 24.5 81.0
  endloop
endfacet
facet normal 0.0 0.0 0.0
  outer loop
    vertex -3.499999523162842 24.5 81.0
    vertex -1.9999994039535522 23.0 81.0
    vertex -3.499999523162842 38.5 81.0
  endloop
endfacet
facet normal 0.0 0.0 0.0
  outer loop
    vertex -3.499999523162842 38.5 81.0
    vertex -1.9999994039535522 23.0 81.0
    vertex -1.9999994039535522 40.0 81.0
  endloop
endfacet
facet normal 0.0 0.0 0.0
  outer loop
    vertex -3.499999523162842 38.5 81.0
    vertex -1.9999994039535522 40.0 81.0
    vertex -19.0 40.0 81.0
  endloop
endfacet
facet normal 0.0 0.0 0.0
  outer loop
    vertex -19.0 23.0 81.0
    vertex -17.5 38.5 81.0
    vertex -19.0 40.0 81.0
  endloop
endfacet
facet normal 0.0 0.0 0.0
  outer loop
    vertex -19.0 40.0 81.0
    vertex -17.5 38.5 81.0
    vertex -3.499999523162842 38.5 81.0
  endloop
endfacet
facet normal 0.0 0.0 0.0
  outer loop
    vertex -0.5 41.5 83.0
    vertex -1.9999994039535522 40.0 83.0
    vertex -0.5 21.5 83.0
  endloop
endfacet
facet normal 0.0 0.0 0.0
  outer loop
    vertex -0.5 21.5 83.0
    vertex -1.9999994039535522 40.0 83.0
    vertex -1.9999994039535522 23.0 83.0
  endloop
endfacet
facet normal 0.0 0.0 0.0
  outer loop
    vertex -0.5 21.5 83.0
    vertex -1.9999994039535522 23.0 83.0
    vertex -19.0 23.0 83.0
  endloop
endfacet
facet normal 0.0 0.0 0.0
  outer loop
    vertex -1.9999994039535522 40.0 83.0
    vertex -0.5 41.5 83.0
    vertex -19.0 40.0 83.0
  endloop
endfacet
facet normal 0.0 0.0 0.0
  outer loop
    vertex -19.0 40.0 83.0
    vertex -0.5 41.5 83.0
    vertex -20.5 41.5 83.0
  endloop
endfacet
facet normal 0.0 0.0 0.0
  outer loop
    vertex -19.0 40.0 83.0
    vertex -20.5 41.5 83.0
    vertex -20.5 21.5 83.0
  endloop
endfacet
facet normal 0.0 0.0 0.0
  outer loop
    vertex -19.0 40.0 83.0
    vertex -20.5 21.5 83.0
    vertex -19.0 23.0 83.0
  endloop
endfacet
facet normal 0.0 0.0 0.0
  outer loop
    vertex -19.0 23.0 83.0
    vertex -20.5 21.5 83.0
    vertex -0.5 21.5 83.0
  endloop
endfacet
facet normal 0.0 0.0 0.0
  outer loop
    vertex -0.5 41.5 55.400001525878906
    vertex -20.5 41.5 55.400001525878906
    vertex -0.5 41.5 83.0
  endloop
endfacet
facet normal 0.0 0.0 0.0
  outer loop
    vertex -0.5 41.5 83.0
    vertex -20.5 41.5 55.400001525878906
    vertex -20.5 41.5 83.0
  endloop
endfacet
facet normal 0.0 0.0 0.0
  outer loop
    vertex -0.5 40.5 0.0
    vertex -0.5 41.5 27.600000381469727
    vertex -0.5 40.5 82.0
  endloop
endfacet
facet normal 0.0 0.0 0.0
  outer loop
    vertex -0.5 40.5 82.0
    vertex -0.5 41.5 27.600000381469727
    vertex -0.5 41.5 55.400001525878906
  endloop
endfacet
facet normal 0.0 0.0 0.0
  outer loop
    vertex -0.5 40.5 82.0
    vertex -0.5 41.5 55.400001525878906
    vertex -0.5 41.5 83.0
  endloop
endfacet
facet normal 0.0 0.0 0.0
  outer loop
    vertex -0.5 40.5 0.0
    vertex -0.5 41.5 0.0
    vertex -0.5 41.5 27.600000381469727
  endloop
endfacet
facet normal 0.0 0.0 0.0
  outer loop
    vertex -0.5 41.5 83.0
    vertex -0.5 21.5 83.0
    vertex -0.5 40.5 82.0
  endloop
endfacet
facet normal 0.0 0.0 0.0
  outer loop
    vertex -0.5 40.5 82.0
    vertex -0.5 21.5 83.0
    vertex -0.5 21.5 82.0
  endloop
endfacet
facet normal 0.0 0.0 0.0
  outer loop
    vertex -4.999999523162842 26.0 83.0
    vertex -3.499999523162842 24.5 83.0
    vertex -4.999999523162842 37.0 83.0
  endloop
endfacet
facet normal 0.0 0.0 0.0
  outer loop
    vertex -4.999999523162842 37.0 83.0
    vertex -3.499999523162842 24.5 83.0
    vertex -3.499999523162842 38.5 83.0
  endloop
endfacet
facet normal 0.0 0.0 0.0
  outer loop
    vertex -4.999999523162842 37.0 83.0
    vertex -3.499999523162842 38.5 83.0
    vertex -17.5 38.5 83.0
  endloop
endfacet
facet normal 0.0 0.0 0.0
  outer loop
    vertex -4.999999523162842 26.0 83.0
    vertex -16.0 26.0 83.0
    vertex -3.499999523162842 24.5 83.0
  endloop
endfacet
facet normal 0.0 0.0 0.0
  outer loop
    vertex -3.499999523162842 24.5 83.0
    vertex -16.0 26.0 83.0
    vertex -17.5 24.5 83.0
  endloop
endfacet
facet normal 0.0 0.0 0.0
  outer loop
    vertex -17.5 24.5 83.0
    vertex -16.0 26.0 83.0
    vertex -16.0 37.0 83.0
  endloop
endfacet
facet normal 0.0 0.0 0.0
  outer loop
    vertex -17.5 24.5 83.0
    vertex -16.0 37.0 83.0
    vertex -17.5 38.5 83.0
  endloop
endfacet
facet normal 0.0 0.0 0.0
  outer loop
    vertex -17.5 38.5 83.0
    vertex -16.0 37.0 83.0
    vertex -4.999999523162842 37.0 83.0
  endloop
endfacet
facet normal 0.0 0.0 0.0
  outer loop
    vertex -20.5 -41.5 55.400001525878906
    vertex -0.5 -41.5 55.400001525878906
    vertex -20.5 -41.5 83.0
  endloop
endfacet
facet normal 0.0 0.0 0.0
  outer loop
    vertex -20.5 -41.5 83.0
    vertex -0.5 -41.5 55.400001525878906
    vertex -0.5 -41.5 83.0
  endloop
endfacet
facet normal 0.0 0.0 0.0
  outer loop
    vertex -4.999999523162842 -37.0 83.0
    vertex -4.999999523162842 -26.0 83.0
    vertex -4.999999523162842 -37.0 81.0
  endloop
endfacet
facet normal 0.0 0.0 0.0
  outer loop
    vertex -4.999999523162842 -37.0 81.0
    vertex -4.999999523162842 -26.0 83.0
    vertex -4.999999523162842 -26.0 81.0
  endloop
endfacet
facet normal 0.0 0.0 0.0
  outer loop
    vertex -5.223085403442383 -26.0 81.0
    vertex -4.999999523162842 -26.0 81.0
    vertex -5.223085403442383 -26.0 83.0
  endloop
endfacet
facet normal 0.0 0.0 0.0
  outer loop
    vertex -5.223085403442383 -26.0 83.0
    vertex -4.999999523162842 -26.0 81.0
    vertex -4.999999523162842 -26.0 83.0
  endloop
endfacet
facet normal 0.0 0.0 0.0
  outer loop
    vertex -16.0 -37.0 83.0
    vertex -4.999999523162842 -37.0 83.0
    vertex -16.0 -37.0 81.0
  endloop
endfacet
facet normal 0.0 0.0 0.0
  outer loop
    vertex -16.0 -37.0 81.0
    vertex -4.999999523162842 -37.0 83.0
    vertex -4.999999523162842 -37.0 81.0
  endloop
endfacet
facet normal 0.0 0.0 0.0
  outer loop
    vertex -5.1760993003845215 -24.5 83.0
    vertex -3.499999523162842 -24.5 83.0
    vertex -5.1760993003845215 -24.5 81.0
  endloop
endfacet
facet normal 0.0 0.0 0.0
  outer loop
    vertex -5.1760993003845215 -24.5 81.0
    vertex -3.499999523162842 -24.5 83.0
    vertex -3.499999523162842 -24.5 81.0
  endloop
endfacet
facet normal 0.0 0.0 0.0
  outer loop
    vertex -3.499999523162842 -24.5 83.0
    vertex -3.499999523162842 -38.5 83.0
    vertex -3.499999523162842 -24.5 81.0
  endloop
endfacet
facet normal 0.0 0.0 0.0
  outer loop
    vertex -3.499999523162842 -24.5 81.0
    vertex -3.499999523162842 -38.5 83.0
    vertex -3.499999523162842 -38.5 81.0
  endloop
endfacet
facet normal 0.0 0.0 0.0
  outer loop
    vertex -3.499999523162842 -38.5 83.0
    vertex -17.5 -38.5 83.0
    vertex -3.499999523162842 -38.5 81.0
  endloop
endfacet
facet normal 0.0 0.0 0.0
  outer loop
    vertex -3.499999523162842 -38.5 81.0
    vertex -17.5 -38.5 83.0
    vertex -17.5 -38.5 81.0
  endloop
endfacet
facet normal 0.0 0.0 0.0
  outer loop
    vertex -19.0 -40.0 83.0
    vertex -1.9999994039535522 -40.0 83.0
    vertex -19.0 -40.0 81.0
  endloop
endfacet
facet normal 0.0 0.0 0.0
  outer loop
    vertex -19.0 -40.0 81.0
    vertex -1.9999994039535522 -40.0 83.0
    vertex -1.9999994039535522 -40.0 81.0
  endloop
endfacet
facet normal 0.0 0.0 0.0
  outer loop
    vertex -1.9999994039535522 -40.0 83.0
    vertex -1.9999994039535522 -23.0 83.0
    vertex -1.9999994039535522 -40.0 81.0
  endloop
endfacet
facet normal 0.0 0.0 0.0
  outer loop
    vertex -1.9999994039535522 -40.0 81.0
    vertex -1.9999994039535522 -23.0 83.0
    vertex -1.9999994039535522 -23.0 81.0
  endloop
endfacet
facet normal 0.0 0.0 0.0
  outer loop
    vertex -15.633872985839844 -23.0 81.0
    vertex -15.633872985839844 -24.5 81.0
    vertex -10.420002937316895 -23.0 81.0
  endloop
endfacet
facet normal 0.0 0.0 0.0
  outer loop
    vertex -10.420002937316895 -23.0 81.0
    vertex -15.633872985839844 -24.5 81.0
    vertex -10.357804298400879 -24.5 81.0
  endloop
endfacet
facet normal 0.0 0.0 0.0
  outer loop
    vertex -10.42785358428955 -21.5 83.0
    vertex -15.633872985839844 -21.5 83.0
    vertex -10.42785358428955 -22.8106632232666 83.0
  endloop
endfacet
facet normal 0.0 0.0 0.0
  outer loop
    vertex -10.42785358428955 -22.8106632232666 83.0
    vertex -15.633872985839844 -21.5 83.0
    vertex -15.633872985839844 -23.0 83.0
  endloop
endfacet
facet normal 0.0 0.0 0.0
  outer loop
    vertex -10.42785358428955 -22.8106632232666 83.0
    vertex -15.633872985839844 -23.0 83.0
    vertex -10.420002937316895 -23.0 83.0
  endloop
endfacet
facet normal 0.0 0.0 0.0
  outer loop
    vertex -0.5 -41.5 27.600000381469727
    vertex -20.5 -41.5 27.600000381469727
    vertex -0.5 -41.5 0.0
  endloop
endfacet
facet normal 0.0 0.0 0.0
  outer loop
    vertex -0.5 -41.5 0.0
    vertex -20.5 -41.5 27.600000381469727
    vertex -20.5 -41.5 0.0
  endloop
endfacet
facet normal 0.0 0.0 0.0
  outer loop
    vertex -15.633872985839844 -24.5 83.0
    vertex -15.633872985839844 -26.0 83.0
    vertex -10.357804298400879 -24.5 83.0
  endloop
endfacet
facet normal 0.0 0.0 0.0
  outer loop
    vertex -10.357804298400879 -24.5 83.0
    vertex -15.633872985839844 -26.0 83.0
    vertex -10.295604705810547 -26.0 83.0
  endloop
endfacet
facet normal 0.0 0.0 0.0
  outer loop
    vertex -21.5 -41.5 27.600000381469727
    vertex -41.5 -41.5 27.600000381469727
    vertex -21.5 -41.5 0.0
  endloop
endfacet
facet normal 0.0 0.0 0.0
  outer loop
    vertex -21.5 -41.5 0.0
    vertex -41.5 -41.5 27.600000381469727
    vertex -41.5 -41.5 0.0
  endloop
endfacet
facet normal 0.0 0.0 0.0
  outer loop
    vertex -41.5 -41.5 27.600000381469727
    vertex -41.5 -21.5 27.600000381469727
    vertex -41.5 -41.5 0.0
  endloop
endfacet
facet normal 0.0 0.0 0.0
  outer loop
    vertex -41.5 -41.5 0.0
    vertex -41.5 -21.5 27.600000381469727
    vertex -41.5 -21.5 0.0
  endloop
endfacet
facet normal 0.0 0.0 0.0
  outer loop
    vertex -26.0 -37.0 83.0
    vertex -26.0 -26.0 83.0
    vertex -26.0 -37.0 81.0
  endloop
endfacet
facet normal 0.0 0.0 0.0
  outer loop
    vertex -26.0 -37.0 81.0
    vertex -26.0 -26.0 83.0
    vertex -26.0 -26.0 81.0
  endloop
endfacet
facet normal 0.0 0.0 0.0
  outer loop
    vertex -26.0 -26.0 83.0
    vertex -37.0 -26.0 83.0
    vertex -26.0 -26.0 81.0
  endloop
endfacet
facet normal 0.0 0.0 0.0
  outer loop
    vertex -26.0 -26.0 81.0
    vertex -37.0 -26.0 83.0
    vertex -37.0 -26.0 81.0
  endloop
endfacet
facet normal 0.0 0.0 0.0
  outer loop
    vertex -37.0 -26.0 83.0
    vertex -37.0 -37.0 83.0
    vertex -37.0 -26.0 81.0
  endloop
endfacet
facet normal 0.0 0.0 0.0
  outer loop
    vertex -37.0 -26.0 81.0
    vertex -37.0 -37.0 83.0
    vertex -37.0 -37.0 81.0
  endloop
endfacet
facet normal 0.0 0.0 0.0
  outer loop
    vertex -37.0 -37.0 83.0
    vertex -26.0 -37.0 83.0
    vertex -37.0 -37.0 81.0
  endloop
endfacet
facet normal 0.0 0.0 0.0
  outer loop
    vertex -37.0 -37.0 81.0
    vertex -26.0 -37.0 83.0
    vertex -26.0 -37.0 81.0
  endloop
endfacet
facet normal 0.0 0.0 0.0
  outer loop
    vertex -37.0 -37.0 81.0
    vertex -26.0 -37.0 81.0
    vertex -37.0 -26.0 81.0
  endloop
endfacet
facet normal 0.0 0.0 0.0
  outer loop
    vertex -37.0 -26.0 81.0
    vertex -26.0 -37.0 81.0
    vertex -26.0 -26.0 81.0
  endloop
endfacet
facet normal 0.0 0.0 0.0
  outer loop
    vertex -38.5 -24.5 83.0
    vertex -24.5 -24.5 83.0
    vertex -38.5 -24.5 81.0
  endloop
endfacet
facet normal 0.0 0.0 0.0
  outer loop
    vertex -38.5 -24.5 81.0
    vertex -24.5 -24.5 83.0
    vertex -24.5 -24.5 81.0
  endloop
endfacet
facet normal 0.0 0.0 0.0
  outer loop
    vertex -24.5 -24.5 83.0
    vertex -24.5 -38.5 83.0
    vertex -24.5 -24.5 81.0
  endloop
endfacet
facet normal 0.0 0.0 0.0
  outer loop
    vertex -24.5 -24.5 81.0
    vertex -24.5 -38.5 83.0
    vertex -24.5 -38.5 81.0
  endloop
endfacet
facet normal 0.0 0.0 0.0
  outer loop
    vertex -24.5 -38.5 83.0
    vertex -38.5 -38.5 83.0
    vertex -24.5 -38.5 81.0
  endloop
endfacet
facet normal 0.0 0.0 0.0
  outer loop
    vertex -24.5 -38.5 81.0
    vertex -38.5 -38.5 83.0
    vertex -38.5 -38.5 81.0
  endloop
endfacet
facet normal 0.0 0.0 0.0
  outer loop
    vertex -38.5 -38.5 83.0
    vertex -38.5 -24.5 83.0
    vertex -38.5 -38.5 81.0
  endloop
endfacet
facet normal 0.0 0.0 0.0
  outer loop
    vertex -38.5 -38.5 81.0
    vertex -38.5 -24.5 83.0
    vertex -38.5 -24.5 81.0
  endloop
endfacet
facet normal 0.0 0.0 0.0
  outer loop
    vertex -40.0 -40.0 83.0
    vertex -23.0 -40.0 83.0
    vertex -40.0 -40.0 81.0
  endloop
endfacet
facet normal 0.0 0.0 0.0
  outer loop
    vertex -40.0 -40.0 81.0
    vertex -23.0 -40.0 83.0
    vertex -23.0 -40.0 81.0
  endloop
endfacet
facet normal 0.0 0.0 0.0
  outer loop
    vertex -23.0 -40.0 83.0
    vertex -23.0 -23.0 83.0
    vertex -23.0 -40.0 81.0
  endloop
endfacet
facet normal 0.0 0.0 0.0
  outer loop
    vertex -23.0 -40.0 81.0
    vertex -23.0 -23.0 83.0
    vertex -23.0 -23.0 81.0
  endloop
endfacet
facet normal 0.0 0.0 0.0
  outer loop
    vertex -23.0 -23.0 83.0
    vertex -40.0 -23.0 83.0
    vertex -23.0 -23.0 81.0
  endloop
endfacet
facet normal 0.0 0.0 0.0
  outer loop
    vertex -23.0 -23.0 81.0
    vertex -40.0 -23.0 83.0
    vertex -40.0 -23.0 81.0
  endloop
endfacet
facet normal 0.0 0.0 0.0
  outer loop
    vertex -40.0 -23.0 83.0
    vertex -40.0 -40.0 83.0
    vertex -40.0 -23.0 81.0
  endloop
endfacet
facet normal 0.0 0.0 0.0
  outer loop
    vertex -40.0 -23.0 81.0
    vertex -40.0 -40.0 83.0
    vertex -40.0 -40.0 81.0
  endloop
endfacet
facet normal 0.0 0.0 0.0
  outer loop
    vertex -38.5 -24.5 81.0
    vertex -40.0 -40.0 81.0
    vertex -38.5 -38.5 81.0
  endloop
endfacet
facet normal 0.0 0.0 0.0
  outer loop
    vertex -38.5 -38.5 81.0
    vertex -40.0 -40.0 81.0
    vertex -23.0 -40.0 81.0
  endloop
endfacet
facet normal 0.0 0.0 0.0
  outer loop
    vertex -38.5 -38.5 81.0
    vertex -23.0 -40.0 81.0
    vertex -24.5 -38.5 81.0
  endloop
endfacet
facet normal 0.0 0.0 0.0
  outer loop
    vertex -24.5 -38.5 81.0
    vertex -23.0 -40.0 81.0
    vertex -24.5 -24.5 81.0
  endloop
endfacet
facet normal 0.0 0.0 0.0
  outer loop
    vertex -24.5 -24.5 81.0
    vertex -23.0 -40.0 81.0
    vertex -23.0 -23.0 81.0
  endloop
endfacet
facet normal 0.0 0.0 0.0
  outer loop
    vertex -24.5 -24.5 81.0
    vertex -23.0 -23.0 81.0
    vertex -40.0 -23.0 81.0
  endloop
endfacet
facet normal 0.0 0.0 0.0
  outer loop
    vertex -40.0 -40.0 81.0
    vertex -38.5 -24.5 81.0
    vertex -40.0 -23.0 81.0
  endloop
endfacet
facet normal 0.0 0.0 0.0
  outer loop
    vertex -40.0 -23.0 81.0
    vertex -38.5 -24.5 81.0
    vertex -24.5 -24.5 81.0
  endloop
endfacet
facet normal 0.0 0.0 0.0
  outer loop
    vertex -21.5 -21.5 83.0
    vertex -23.0 -23.0 83.0
    vertex -21.5 -41.5 83.0
  endloop
endfacet
facet normal 0.0 0.0 0.0
  outer loop
    vertex -21.5 -41.5 83.0
    vertex -23.0 -23.0 83.0
    vertex -23.0 -40.0 83.0
  endloop
endfacet
facet normal 0.0 0.0 0.0
  outer loop
    vertex -21.5 -41.5 83.0
    vertex -23.0 -40.0 83.0
    vertex -40.0 -40.0 83.0
  endloop
endfacet
facet normal 0.0 0.0 0.0
  outer loop
    vertex -23.0 -23.0 83.0
    vertex -21.5 -21.5 83.0
    vertex -40.0 -23.0 83.0
  endloop
endfacet
facet normal 0.0 0.0 0.0
  outer loop
    vertex -40.0 -23.0 83.0
    vertex -21.5 -21.5 83.0
    vertex -41.5 -21.5 83.0
  endloop
endfacet
facet normal 0.0 0.0 0.0
  outer loop
    vertex -40.0 -23.0 83.0
    vertex -41.5 -21.5 83.0
    vertex -41.5 -41.5 83.0
  endloop
endfacet
facet normal 0.0 0.0 0.0
  outer loop
    vertex -40.0 -23.0 83.0
    vertex -41.5 -41.5 83.0
    vertex -40.0 -40.0 83.0
  endloop
endfacet
facet normal 0.0 0.0 0.0
  outer loop
    vertex -40.0 -40.0 83.0
    vertex -41.5 -41.5 83.0
    vertex -21.5 -41.5 83.0
  endloop
endfacet
facet normal 0.0 0.0 0.0
  outer loop
    vertex -41.5 -41.5 55.400001525878906
    vertex -21.5 -41.5 55.400001525878906
    vertex -41.5 -41.5 83.0
  endloop
endfacet
facet normal 0.0 0.0 0.0
  outer loop
    vertex -41.5 -41.5 83.0
    vertex -21.5 -41.5 55.400001525878906
    vertex -21.5 -41.5 83.0
  endloop
endfacet
facet normal 0.0 0.0 0.0
  outer loop
    vertex -41.5 -21.5 55.400001525878906
    vertex -41.5 -41.5 55.400001525878906
    vertex -41.5 -21.5 83.0
  endloop
endfacet
facet normal 0.0 0.0 0.0
  outer loop
    vertex -41.5 -21.5 83.0
    vertex -41.5 -41.5 55.400001525878906
    vertex -41.5 -41.5 83.0
  endloop
endfacet
facet normal 0.0 0.0 0.0
  outer loop
    vertex -40.5 -21.5 0.0
    vertex -41.5 -21.5 27.600000381469727
    vertex -40.5 -21.5 82.0
  endloop
endfacet
facet normal 0.0 0.0 0.0
  outer loop
    vertex -40.5 -21.5 82.0
    vertex -41.5 -21.5 27.600000381469727
    vertex -41.5 -21.5 55.400001525878906
  endloop
endfacet
facet normal 0.0 0.0 0.0
  outer loop
    vertex -40.5 -21.5 82.0
    vertex -41.5 -21.5 55.400001525878906
    vertex -41.5 -21.5 83.0
  endloop
endfacet
facet normal 0.0 0.0 0.0
  outer loop
    vertex -40.5 -21.5 0.0
    vertex -41.5 -21.5 0.0
    vertex -41.5 -21.5 27.600000381469727
  endloop
endfacet
facet normal 0.0 0.0 0.0
  outer loop
    vertex -41.5 -21.5 83.0
    vertex -21.5 -21.5 83.0
    vertex -40.5 -21.5 82.0
  endloop
endfacet
facet normal 0.0 0.0 0.0
  outer loop
    vertex -40.5 -21.5 82.0
    vertex -21.5 -21.5 83.0
    vertex -21.5 -21.5 82.0
  endloop
endfacet
facet normal 0.0 0.0 0.0
  outer loop
    vertex -26.0 -37.0 83.0
    vertex -24.5 -38.5 83.0
    vertex -26.0 -26.0 83.0
  endloop
endfacet
facet normal 0.0 0.0 0.0
  outer loop
    vertex -26.0 -26.0 83.0
    vertex -24.5 -38.5 83.0
    vertex -24.5 -24.5 83.0
  endloop
endfacet
facet normal 0.0 0.0 0.0
  outer loop
    vertex -26.0 -26.0 83.0
    vertex -24.5 -24.5 83.0
    vertex -38.5 -24.5 83.0
  endloop
endfacet
facet normal 0.0 0.0 0.0
  outer loop
    vertex -26.0 -37.0 83.0
    vertex -37.0 -37.0 83.0
    vertex -24.5 -38.5 83.0
  endloop
endfacet
facet normal 0.0 0.0 0.0
  outer loop
    vertex -24.5 -38.5 83.0
    vertex -37.0 -37.0 83.0
    vertex -38.5 -38.5 83.0
  endloop
endfacet
facet normal 0.0 0.0 0.0
  outer loop
    vertex -38.5 -38.5 83.0
    vertex -37.0 -37.0 83.0
    vertex -37.0 -26.0 83.0
  endloop
endfacet
facet normal 0.0 0.0 0.0
  outer loop
    vertex -38.5 -38.5 83.0
    vertex -37.0 -26.0 83.0
    vertex -38.5 -24.5 83.0
  endloop
endfacet
facet normal 0.0 0.0 0.0
  outer loop
    vertex -38.5 -24.5 83.0
    vertex -37.0 -26.0 83.0
    vertex -26.0 -26.0 83.0
  endloop
endfacet
facet normal 0.0 0.0 0.0
  outer loop
    vertex -41.5 -20.5 27.600000381469727
    vertex -41.5 -0.5 27.600000381469727
    vertex -41.5 -20.5 0.0
  endloop
endfacet
facet normal 0.0 0.0 0.0
  outer loop
    vertex -41.5 -20.5 0.0
    vertex -41.5 -0.5 27.600000381469727
    vertex -41.5 -0.5 0.0
  endloop
endfacet
facet normal 0.0 0.0 0.0
  outer loop
    vertex -38.5 -3.500000238418579 83.0
    vertex -24.5 -3.500000238418579 83.0
    vertex -38.5 -3.500000238418579 81.0
  endloop
endfacet
facet normal 0.0 0.0 0.0
  outer loop
    vertex -38.5 -3.500000238418579 81.0
    vertex -24.5 -3.500000238418579 83.0
    vertex -24.5 -3.500000238418579 81.0
  endloop
endfacet
facet normal 0.0 0.0 0.0
  outer loop
    vertex -24.5 -3.500000238418579 83.0
    vertex -24.5 -17.5 83.0
    vertex -24.5 -3.500000238418579 81.0
  endloop
endfacet
facet normal 0.0 0.0 0.0
  outer loop
    vertex -24.5 -3.500000238418579 81.0
    vertex -24.5 -17.5 83.0
    vertex -24.5 -17.5 81.0
  endloop
endfacet
facet normal 0.0 0.0 0.0
  outer loop
    vertex -24.5 -17.5 83.0
    vertex -38.5 -17.5 83.0
    vertex -24.5 -17.5 81.0
  endloop
endfacet
facet normal 0.0 0.0 0.0
  outer loop
    vertex -24.5 -17.5 81.0
    vertex -38.5 -17.5 83.0
    vertex -38.5 -17.5 81.0
  endloop
endfacet
facet normal 0.0 0.0 0.0
  outer loop
    vertex -38.5 -17.5 83.0
    vertex -38.5 -3.500000238418579 83.0
    vertex -38.5 -17.5 81.0
  endloop
endfacet
facet normal 0.0 0.0 0.0
  outer loop
    vertex -38.5 -17.5 81.0
    vertex -38.5 -3.500000238418579 83.0
    vertex -38.5 -3.500000238418579 81.0
  endloop
endfacet
facet normal 0.0 0.0 0.0
  outer loop
    vertex -40.0 -19.0 83.0
    vertex -23.0 -19.0 83.0
    vertex -40.0 -19.0 81.0
  endloop
endfacet
facet normal 0.0 0.0 0.0
  outer loop
    vertex -40.0 -19.0 81.0
    vertex -23.0 -19.0 83.0
    vertex -23.0 -19.0 81.0
  endloop
endfacet
facet normal 0.0 0.0 0.0
  outer loop
    vertex -23.0 -19.0 83.0
    vertex -23.0 -2.000000238418579 83.0
    vertex -23.0 -19.0 81.0
  endloop
endfacet
facet normal 0.0 0.0 0.0
  outer loop
    vertex -23.0 -19.0 81.0
    vertex -23.0 -2.000000238418579 83.0
    vertex -23.0 -2.000000238418579 81.0
  endloop
endfacet
facet normal 0.0 0.0 0.0
  outer loop
    vertex -23.0 -2.000000238418579 83.0
    vertex -40.0 -2.000000238418579 83.0
    vertex -23.0 -2.000000238418579 81.0
  endloop
endfacet
facet normal 0.0 0.0 0.0
  outer loop
    vertex -23.0 -2.000000238418579 81.0
    vertex -40.0 -2.000000238418579 83.0
    vertex -40.0 -2.000000238418579 81.0
  endloop
endfacet
facet normal 0.0 0.0 0.0
  outer loop
    vertex -40.0 -2.000000238418579 83.0
    vertex -40.0 -19.0 83.0
    vertex -40.0 -2.000000238418579 81.0
  endloop
endfacet
facet normal 0.0 0.0 0.0
  outer loop
    vertex -40.0 -2.000000238418579 81.0
    vertex -40.0 -19.0 83.0
    vertex -40.0 -19.0 81.0
  endloop
endfacet
facet normal 0.0 0.0 0.0
  outer loop
    vertex -38.5 -3.500000238418579 81.0
    vertex -40.0 -19.0 81.0
    vertex -38.5 -17.5 81.0
  endloop
endfacet
facet normal 0.0 0.0 0.0
  outer loop
    vertex -38.5 -17.5 81.0
    vertex -40.0 -19.0 81.0
    vertex -23.0 -19.0 81.0
  endloop
endfacet
facet normal 0.0 0.0 0.0
  outer loop
    vertex -38.5 -17.5 81.0
    vertex -23.0 -19.0 81.0
    vertex -24.5 -17.5 81.0
  endloop
endfacet
facet normal 0.0 0.0 0.0
  outer loop
    vertex -24.5 -17.5 81.0
    vertex -23.0 -19.0 81.0
    vertex -24.5 -3.500000238418579 81.0
  endloop
endfacet
facet normal 0.0 0.0 0.0
  outer loop
    vertex -24.5 -3.500000238418579 81.0
    vertex -23.0 -19.0 81.0
    vertex -23.0 -2.000000238418579 81.0
  endloop
endfacet
facet normal 0.0 0.0 0.0
  outer loop
    vertex -24.5 -3.500000238418579 81.0
    vertex -23.0 -2.000000238418579 81.0
    vertex -40.0 -2.000000238418579 81.0
  endloop
endfacet
facet normal 0.0 0.0 0.0
  outer loop
    vertex -40.0 -19.0 81.0
    vertex -38.5 -3.500000238418579 81.0
    vertex -40.0 -2.000000238418579 81.0
  endloop
endfacet
facet normal 0.0 0.0 0.0
  outer loop
    vertex -40.0 -2.000000238418579 81.0
    vertex -38.5 -3.500000238418579 81.0
    vertex -24.5 -3.500000238418579 81.0
  endloop
endfacet
facet normal 0.0 0.0 0.0
  outer loop
    vertex -26.0 -16.0 83.0
    vertex -26.0 -5.000000476837158 83.0
    vertex -26.0 -16.0 81.0
  endloop
endfacet
facet normal 0.0 0.0 0.0
  outer loop
    vertex -26.0 -16.0 81.0
    vertex -26.0 -5.000000476837158 83.0
    vertex -26.0 -5.000000476837158 81.0
  endloop
endfacet
facet normal 0.0 0.0 0.0
  outer loop
    vertex -26.0 -5.000000476837158 83.0
    vertex -37.0 -5.000000476837158 83.0
    vertex -26.0 -5.000000476837158 81.0
  endloop
endfacet
facet normal 0.0 0.0 0.0
  outer loop
    vertex -26.0 -5.000000476837158 81.0
    vertex -37.0 -5.000000476837158 83.0
    vertex -37.0 -5.000000476837158 81.0
  endloop
endfacet
facet normal 0.0 0.0 0.0
  outer loop
    vertex -37.0 -5.000000476837158 83.0
    vertex -37.0 -16.0 83.0
    vertex -37.0 -5.000000476837158 81.0
  endloop
endfacet
facet normal 0.0 0.0 0.0
  outer loop
    vertex -37.0 -5.000000476837158 81.0
    vertex -37.0 -16.0 83.0
    vertex -37.0 -16.0 81.0
  endloop
endfacet
facet normal 0.0 0.0 0.0
  outer loop
    vertex -37.0 -16.0 83.0
    vertex -26.0 -16.0 83.0
    vertex -37.0 -16.0 81.0
  endloop
endfacet
facet normal 0.0 0.0 0.0
  outer loop
    vertex -37.0 -16.0 81.0
    vertex -26.0 -16.0 83.0
    vertex -26.0 -16.0 81.0
  endloop
endfacet
facet normal 0.0 0.0 0.0
  outer loop
    vertex -37.0 -16.0 81.0
    vertex -26.0 -16.0 81.0
    vertex -37.0 -5.000000476837158 81.0
  endloop
endfacet
facet normal 0.0 0.0 0.0
  outer loop
    vertex -37.0 -5.000000476837158 81.0
    vertex -26.0 -16.0 81.0
    vertex -26.0 -5.000000476837158 81.0
  endloop
endfacet
facet normal 0.0 0.0 0.0
  outer loop
    vertex -21.5 -0.5 83.0
    vertex -23.0 -2.000000238418579 83.0
    vertex -21.5 -20.5 83.0
  endloop
endfacet
facet normal 0.0 0.0 0.0
  outer loop
    vertex -21.5 -20.5 83.0
    vertex -23.0 -2.000000238418579 83.0
    vertex -23.0 -19.0 83.0
  endloop
endfacet
facet normal 0.0 0.0 0.0
  outer loop
    vertex -21.5 -20.5 83.0
    vertex -23.0 -19.0 83.0
    vertex -40.0 -19.0 83.0
  endloop
endfacet
facet normal 0.0 0.0 0.0
  outer loop
    vertex -23.0 -2.000000238418579 83.0
    vertex -21.5 -0.5 83.0
    vertex -40.0 -2.000000238418579 83.0
  endloop
endfacet
facet normal 0.0 0.0 0.0
  outer loop
    vertex -40.0 -2.000000238418579 83.0
    vertex -21.5 -0.5 83.0
    vertex -41.5 -0.5 83.0
  endloop
endfacet
facet normal 0.0 0.0 0.0
  outer loop
    vertex -40.0 -2.000000238418579 83.0
    vertex -41.5 -0.5 83.0
    vertex -41.5 -20.5 83.0
  endloop
endfacet
facet normal 0.0 0.0 0.0
  outer loop
    vertex -40.0 -2.000000238418579 83.0
    vertex -41.5 -20.5 83.0
    vertex -40.0 -19.0 83.0
  endloop
endfacet
facet normal 0.0 0.0 0.0
  outer loop
    vertex -40.0 -19.0 83.0
    vertex -41.5 -20.5 83.0
    vertex -21.5 -20.5 83.0
  endloop
endfacet
facet normal 0.0 0.0 0.0
  outer loop
    vertex -41.5 -0.5 55.400001525878906
    vertex -41.5 -20.5 55.400001525878906
    vertex -41.5 -0.5 83.0
  endloop
endfacet
facet normal 0.0 0.0 0.0
  outer loop
    vertex -41.5 -0.5 83.0
    vertex -41.5 -20.5 55.400001525878906
    vertex -41.5 -20.5 83.0
  endloop
endfacet
facet normal 0.0 0.0 0.0
  outer loop
    vertex -40.5 -0.5 0.0
    vertex -41.5 -0.5 27.600000381469727
    vertex -40.5 -0.5 82.0
  endloop
endfacet
facet normal 0.0 0.0 0.0
  outer loop
    vertex -40.5 -0.5 82.0
    vertex -41.5 -0.5 27.600000381469727
    vertex -41.5 -0.5 55.400001525878906
  endloop
endfacet
facet normal 0.0 0.0 0.0
  outer loop
    vertex -40.5 -0.5 82.0
    vertex -41.5 -0.5 55.400001525878906
    vertex -41.5 -0.5 83.0
  endloop
endfacet
facet normal 0.0 0.0 0.0
  outer loop
    vertex -40.5 -0.5 0.0
    vertex -41.5 -0.5 0.0
    vertex -41.5 -0.5 27.600000381469727
  endloop
endfacet
facet normal 0.0 0.0 0.0
  outer loop
    vertex -41.5 -0.5 83.0
    vertex -21.5 -0.5 83.0
    vertex -40.5 -0.5 82.0
  endloop
endfacet
facet normal 0.0 0.0 0.0
  outer loop
    vertex -40.5 -0.5 82.0
    vertex -21.5 -0.5 83.0
    vertex -21.5 -0.5 82.0
  endloop
endfacet
facet normal 0.0 0.0 0.0
  outer loop
    vertex -24.5 -17.5 83.0
    vertex -24.5 -3.500000238418579 83.0
    vertex -26.0 -5.000000476837158 83.0
  endloop
endfacet
facet normal 0.0 0.0 0.0
  outer loop
    vertex -26.0 -5.000000476837158 83.0
    vertex -24.5 -3.500000238418579 83.0
    vertex -38.5 -3.500000238418579 83.0
  endloop
endfacet
facet normal 0.0 0.0 0.0
  outer loop
    vertex -26.0 -5.000000476837158 83.0
    vertex -38.5 -3.500000238418579 83.0
    vertex -37.0 -5.000000476837158 83.0
  endloop
endfacet
facet normal 0.0 0.0 0.0
  outer loop
    vertex -37.0 -5.000000476837158 83.0
    vertex -38.5 -3.500000238418579 83.0
    vertex -38.5 -17.5 83.0
  endloop
endfacet
facet normal 0.0 0.0 0.0
  outer loop
    vertex -37.0 -5.000000476837158 83.0
    vertex -38.5 -17.5 83.0
    vertex -37.0 -16.0 83.0
  endloop
endfacet
facet normal 0.0 0.0 0.0
  outer loop
    vertex -37.0 -16.0 83.0
    vertex -38.5 -17.5 83.0
    vertex -24.5 -17.5 83.0
  endloop
endfacet
facet normal 0.0 0.0 0.0
  outer loop
    vertex -37.0 -16.0 83.0
    vertex -24.5 -17.5 83.0
    vertex -26.0 -16.0 83.0
  endloop
endfacet
facet normal 0.0 0.0 0.0
  outer loop
    vertex -26.0 -16.0 83.0
    vertex -24.5 -17.5 83.0
    vertex -26.0 -5.000000476837158 83.0
  endloop
endfacet
facet normal 0.0 0.0 0.0
  outer loop
    vertex -41.5 0.5 27.600000381469727
    vertex -41.5 20.5 27.600000381469727
    vertex -41.5 0.5 0.0
  endloop
endfacet
facet normal 0.0 0.0 0.0
  outer loop
    vertex -41.5 0.5 0.0
    vertex -41.5 20.5 27.600000381469727
    vertex -41.5 20.5 0.0
  endloop
endfacet
facet normal 0.0 0.0 0.0
  outer loop
    vertex -26.0 4.999999523162842 83.0
    vertex -26.0 16.0 83.0
    vertex -26.0 4.999999523162842 81.0
  endloop
endfacet
facet normal 0.0 0.0 0.0
  outer loop
    vertex -26.0 4.999999523162842 81.0
    vertex -26.0 16.0 83.0
    vertex -26.0 16.0 81.0
  endloop
endfacet
facet normal 0.0 0.0 0.0
  outer loop
    vertex -26.0 16.0 83.0
    vertex -37.0 16.0 83.0
    vertex -26.0 16.0 81.0
  endloop
endfacet
facet normal 0.0 0.0 0.0
  outer loop
    vertex -26.0 16.0 81.0
    vertex -37.0 16.0 83.0
    vertex -37.0 16.0 81.0
  endloop
endfacet
facet normal 0.0 0.0 0.0
  outer loop
    vertex -37.0 16.0 83.0
    vertex -37.0 4.999999523162842 83.0
    vertex -37.0 16.0 81.0
  endloop
endfacet
facet normal 0.0 0.0 0.0
  outer loop
    vertex -37.0 16.0 81.0
    vertex -37.0 4.999999523162842 83.0
    vertex -37.0 4.999999523162842 81.0
  endloop
endfacet
facet normal 0.0 0.0 0.0
  outer loop
    vertex -37.0 4.999999523162842 83.0
    vertex -26.0 4.999999523162842 83.0
    vertex -37.0 4.999999523162842 81.0
  endloop
endfacet
facet normal 0.0 0.0 0.0
  outer loop
    vertex -37.0 4.999999523162842 81.0
    vertex -26.0 4.999999523162842 83.0
    vertex -26.0 4.999999523162842 81.0
  endloop
endfacet
facet normal 0.0 0.0 0.0
  outer loop
    vertex -37.0 4.999999523162842 81.0
    vertex -26.0 4.999999523162842 81.0
    vertex -37.0 16.0 81.0
  endloop
endfacet
facet normal 0.0 0.0 0.0
  outer loop
    vertex -37.0 16.0 81.0
    vertex -26.0 4.999999523162842 81.0
    vertex -26.0 16.0 81.0
  endloop
endfacet
facet normal 0.0 0.0 0.0
  outer loop
    vertex -38.5 17.5 83.0
    vertex -24.5 17.5 83.0
    vertex -38.5 17.5 81.0
  endloop
endfacet
facet normal 0.0 0.0 0.0
  outer loop
    vertex -38.5 17.5 81.0
    vertex -24.5 17.5 83.0
    vertex -24.5 17.5 81.0
  endloop
endfacet
facet normal 0.0 0.0 0.0
  outer loop
    vertex -24.5 17.5 83.0
    vertex -24.5 3.499999523162842 83.0
    vertex -24.5 17.5 81.0
  endloop
endfacet
facet normal 0.0 0.0 0.0
  outer loop
    vertex -24.5 17.5 81.0
    vertex -24.5 3.499999523162842 83.0
    vertex -24.5 3.499999523162842 81.0
  endloop
endfacet
facet normal 0.0 0.0 0.0
  outer loop
    vertex -24.5 3.499999523162842 83.0
    vertex -38.5 3.499999523162842 83.0
    vertex -24.5 3.499999523162842 81.0
  endloop
endfacet
facet normal 0.0 0.0 0.0
  outer loop
    vertex -24.5 3.499999523162842 81.0
    vertex -38.5 3.499999523162842 83.0
    vertex -38.5 3.499999523162842 81.0
  endloop
endfacet
facet normal 0.0 0.0 0.0
  outer loop
    vertex -38.5 3.499999523162842 83.0
    vertex -38.5 17.5 83.0
    vertex -38.5 3.499999523162842 81.0
  endloop
endfacet
facet normal 0.0 0.0 0.0
  outer loop
    vertex -38.5 3.499999523162842 81.0
    vertex -38.5 17.5 83.0
    vertex -38.5 17.5 81.0
  endloop
endfacet
facet normal 0.0 0.0 0.0
  outer loop
    vertex -40.0 1.9999994039535522 83.0
    vertex -23.0 1.9999994039535522 83.0
    vertex -40.0 1.9999994039535522 81.0
  endloop
endfacet
facet normal 0.0 0.0 0.0
  outer loop
    vertex -40.0 1.9999994039535522 81.0
    vertex -23.0 1.9999994039535522 83.0
    vertex -23.0 1.9999994039535522 81.0
  endloop
endfacet
facet normal 0.0 0.0 0.0
  outer loop
    vertex -23.0 1.9999994039535522 83.0
    vertex -23.0 19.0 83.0
    vertex -23.0 1.9999994039535522 81.0
  endloop
endfacet
facet normal 0.0 0.0 0.0
  outer loop
    vertex -23.0 1.9999994039535522 81.0
    vertex -23.0 19.0 83.0
    vertex -23.0 19.0 81.0
  endloop
endfacet
facet normal 0.0 0.0 0.0
  outer loop
    vertex -23.0 19.0 83.0
    vertex -40.0 19.0 83.0
    vertex -23.0 19.0 81.0
  endloop
endfacet
facet normal 0.0 0.0 0.0
  outer loop
    vertex -23.0 19.0 81.0
    vertex -40.0 19.0 83.0
    vertex -40.0 19.0 81.0
  endloop
endfacet
facet normal 0.0 0.0 0.0
  outer loop
    vertex -40.0 19.0 83.0
    vertex -40.0 1.9999994039535522 83.0
    vertex -40.0 19.0 81.0
  endloop
endfacet
facet normal 0.0 0.0 0.0
  outer loop
    vertex -40.0 19.0 81.0
    vertex -40.0 1.9999994039535522 83.0
    vertex -40.0 1.9999994039535522 81.0
  endloop
endfacet
facet normal 0.0 0.0 0.0
  outer loop
    vertex -38.5 17.5 81.0
    vertex -40.0 1.9999994039535522 81.0
    vertex -38.5 3.499999523162842 81.0
  endloop
endfacet
facet normal 0.0 0.0 0.0
  outer loop
    vertex -38.5 3.499999523162842 81.0
    vertex -40.0 1.9999994039535522 81.0
    vertex -23.0 1.9999994039535522 81.0
  endloop
endfacet
facet normal 0.0 0.0 0.0
  outer loop
    vertex -38.5 3.499999523162842 81.0
    vertex -23.0 1.9999994039535522 81.0
    vertex -24.5 3.499999523162842 81.0
  endloop
endfacet
facet normal 0.0 0.0 0.0
  outer loop
    vertex -24.5 3.499999523162842 81.0
    vertex -23.0 1.9999994039535522 81.0
    vertex -24.5 17.5 81.0
  endloop
endfacet
facet normal 0.0 0.0 0.0
  outer loop
    vertex -24.5 17.5 81.0
    vertex -23.0 1.9999994039535522 81.0
    vertex -23.0 19.0 81.0
  endloop
endfacet
facet normal 0.0 0.0 0.0
  outer loop
    vertex -24.5 17.5 81.0
    vertex -23.0 19.0 81.0
    vertex -40.0 19.0 81.0
  endloop
endfacet
facet normal 0.0 0.0 0.0
  outer loop
    vertex -40.0 1.9999994039535522 81.0
    vertex -38.5 17.5 81.0
    vertex -40.0 19.0 81.0
  endloop
endfacet
facet normal 0.0 0.0 0.0
  outer loop
    vertex -40.0 19.0 81.0
    vertex -38.5 17.5 81.0
    vertex -24.5 17.5 81.0
  endloop
endfacet
facet normal 0.0 0.0 0.0
  outer loop
    vertex -21.5 20.5 83.0
    vertex -23.0 19.0 83.0
    vertex -21.5 0.5 83.0
  endloop
endfacet
facet normal 0.0 0.0 0.0
  outer loop
    vertex -21.5 0.5 83.0
    vertex -23.0 19.0 83.0
    vertex -23.0 1.9999994039535522 83.0
  endloop
endfacet
facet normal 0.0 0.0 0.0
  outer loop
    vertex -21.5 0.5 83.0
    vertex -23.0 1.9999994039535522 83.0
    vertex -40.0 1.9999994039535522 83.0
  endloop
endfacet
facet normal 0.0 0.0 0.0
  outer loop
    vertex -23.0 19.0 83.0
    vertex -21.5 20.5 83.0
    vertex -40.0 19.0 83.0
  endloop
endfacet
facet normal 0.0 0.0 0.0
  outer loop
    vertex -40.0 19.0 83.0
    vertex -21.5 20.5 83.0
    vertex -41.5 20.5 83.0
  endloop
endfacet
facet normal 0.0 0.0 0.0
  outer loop
    vertex -40.0 19.0 83.0
    vertex -41.5 20.5 83.0
    vertex -41.5 0.5 83.0
  endloop
endfacet
facet normal 0.0 0.0 0.0
  outer loop
    vertex -40.0 19.0 83.0
    vertex -41.5 0.5 83.0
    vertex -40.0 1.9999994039535522 83.0
  endloop
endfacet
facet normal 0.0 0.0 0.0
  outer loop
    vertex -40.0 1.9999994039535522 83.0
    vertex -41.5 0.5 83.0
    vertex -21.5 0.5 83.0
  endloop
endfacet
facet normal 0.0 0.0 0.0
  outer loop
    vertex -41.5 20.5 55.400001525878906
    vertex -41.5 0.5 55.400001525878906
    vertex -41.5 20.5 83.0
  endloop
endfacet
facet normal 0.0 0.0 0.0
  outer loop
    vertex -41.5 20.5 83.0
    vertex -41.5 0.5 55.400001525878906
    vertex -41.5 0.5 83.0
  endloop
endfacet
facet normal 0.0 0.0 0.0
  outer loop
    vertex -40.5 20.5 0.0
    vertex -41.5 20.5 27.600000381469727
    vertex -40.5 20.5 82.0
  endloop
endfacet
facet normal 0.0 0.0 0.0
  outer loop
    vertex -40.5 20.5 82.0
    vertex -41.5 20.5 27.600000381469727
    vertex -41.5 20.5 55.400001525878906
  endloop
endfacet
facet normal 0.0 0.0 0.0
  outer loop
    vertex -40.5 20.5 82.0
    vertex -41.5 20.5 55.400001525878906
    vertex -41.5 20.5 83.0
  endloop
endfacet
facet normal 0.0 0.0 0.0
  outer loop
    vertex -40.5 20.5 0.0
    vertex -41.5 20.5 0.0
    vertex -41.5 20.5 27.600000381469727
  endloop
endfacet
facet normal 0.0 0.0 0.0
  outer loop
    vertex -41.5 20.5 83.0
    vertex -21.5 20.5 83.0
    vertex -40.5 20.5 82.0
  endloop
endfacet
facet normal 0.0 0.0 0.0
  outer loop
    vertex -40.5 20.5 82.0
    vertex -21.5 20.5 83.0
    vertex -21.5 20.5 82.0
  endloop
endfacet
facet normal 0.0 0.0 0.0
  outer loop
    vertex -26.0 4.999999523162842 83.0
    vertex -24.5 3.499999523162842 83.0
    vertex -26.0 16.0 83.0
  endloop
endfacet
facet normal 0.0 0.0 0.0
  outer loop
    vertex -26.0 16.0 83.0
    vertex -24.5 3.499999523162842 83.0
    vertex -24.5 17.5 83.0
  endloop
endfacet
facet normal 0.0 0.0 0.0
  outer loop
    vertex -26.0 16.0 83.0
    vertex -24.5 17.5 83.0
    vertex -38.5 17.5 83.0
  endloop
endfacet
facet normal 0.0 0.0 0.0
  outer loop
    vertex -26.0 4.999999523162842 83.0
    vertex -37.0 4.999999523162842 83.0
    vertex -24.5 3.499999523162842 83.0
  endloop
endfacet
facet normal 0.0 0.0 0.0
  outer loop
    vertex -24.5 3.499999523162842 83.0
    vertex -37.0 4.999999523162842 83.0
    vertex -38.5 3.499999523162842 83.0
  endloop
endfacet
facet normal 0.0 0.0 0.0
  outer loop
    vertex -38.5 3.499999523162842 83.0
    vertex -37.0 4.999999523162842 83.0
    vertex -37.0 16.0 83.0
  endloop
endfacet
facet normal 0.0 0.0 0.0
  outer loop
    vertex -38.5 3.499999523162842 83.0
    vertex -37.0 16.0 83.0
    vertex -38.5 17.5 83.0
  endloop
endfacet
facet normal 0.0 0.0 0.0
  outer loop
    vertex -38.5 17.5 83.0
    vertex -37.0 16.0 83.0
    vertex -26.0 16.0 83.0
  endloop
endfacet
facet normal 0.0 0.0 0.0
  outer loop
    vertex -17.5 17.5 83.0
    vertex -3.499999523162842 17.5 83.0
    vertex -17.5 17.5 81.0
  endloop
endfacet
facet normal 0.0 0.0 0.0
  outer loop
    vertex -17.5 17.5 81.0
    vertex -3.499999523162842 17.5 83.0
    vertex -3.499999523162842 17.5 81.0
  endloop
endfacet
facet normal 0.0 0.0 0.0
  outer loop
    vertex -3.499999523162842 17.5 83.0
    vertex -3.499999523162842 3.499999523162842 83.0
    vertex -3.499999523162842 17.5 81.0
  endloop
endfacet
facet normal 0.0 0.0 0.0
  outer loop
    vertex -3.499999523162842 17.5 81.0
    vertex -3.499999523162842 3.499999523162842 83.0
    vertex -3.499999523162842 3.499999523162842 81.0
  endloop
endfacet
facet normal 0.0 0.0 0.0
  outer loop
    vertex -10.42785358428955 3.499999523162842 83.0
    vertex -17.5 3.499999523162842 83.0
    vertex -10.42785358428955 3.499999523162842 81.0
  endloop
endfacet
facet normal 0.0 0.0 0.0
  outer loop
    vertex -10.42785358428955 3.499999523162842 81.0
    vertex -17.5 3.499999523162842 83.0
    vertex -17.5 3.499999523162842 81.0
  endloop
endfacet
facet normal 0.0 0.0 0.0
  outer loop
    vertex -17.5 3.499999523162842 83.0
    vertex -17.5 17.5 83.0
    vertex -17.5 3.499999523162842 81.0
  endloop
endfacet
facet normal 0.0 0.0 0.0
  outer loop
    vertex -17.5 3.499999523162842 81.0
    vertex -17.5 17.5 83.0
    vertex -17.5 17.5 81.0
  endloop
endfacet
facet normal 0.0 0.0 0.0
  outer loop
    vertex -1.9999994039535522 19.0 83.0
    vertex -19.0 19.0 83.0
    vertex -1.9999994039535522 19.0 81.0
  endloop
endfacet
facet normal 0.0 0.0 0.0
  outer loop
    vertex -1.9999994039535522 19.0 81.0
    vertex -19.0 19.0 83.0
    vertex -19.0 19.0 81.0
  endloop
endfacet
facet normal 0.0 0.0 0.0
  outer loop
    vertex -4.999999523162842 16.0 83.0
    vertex -16.0 16.0 83.0
    vertex -4.999999523162842 16.0 81.0
  endloop
endfacet
facet normal 0.0 0.0 0.0
  outer loop
    vertex -4.999999523162842 16.0 81.0
    vertex -16.0 16.0 83.0
    vertex -16.0 16.0 81.0
  endloop
endfacet
facet normal 0.0 0.0 0.0
  outer loop
    vertex -16.0 16.0 83.0
    vertex -16.0 4.999999523162842 83.0
    vertex -16.0 16.0 81.0
  endloop
endfacet
facet normal 0.0 0.0 0.0
  outer loop
    vertex -16.0 16.0 81.0
    vertex -16.0 4.999999523162842 83.0
    vertex -16.0 4.999999523162842 81.0
  endloop
endfacet
facet normal 0.0 0.0 0.0
  outer loop
    vertex -10.42785358428955 4.999999523162842 81.0
    vertex -16.0 4.999999523162842 81.0
    vertex -10.42785358428955 4.999999523162842 83.0
  endloop
endfacet
facet normal 0.0 0.0 0.0
  outer loop
    vertex -10.42785358428955 4.999999523162842 83.0
    vertex -16.0 4.999999523162842 81.0
    vertex -16.0 4.999999523162842 83.0
  endloop
endfacet
facet normal 0.0 0.0 0.0
  outer loop
    vertex -4.999999523162842 5.983084678649902 81.0
    vertex -4.999999523162842 16.0 81.0
    vertex -5.059176445007324 7.4818949699401855 81.0
  endloop
endfacet
facet normal 0.0 0.0 0.0
  outer loop
    vertex -5.059176445007324 7.4818949699401855 81.0
    vertex -4.999999523162842 16.0 81.0
    vertex -5.0701446533203125 7.759693622589111 81.0
  endloop
endfacet
facet normal 0.0 0.0 0.0
  outer loop
    vertex -5.059176445007324 7.4818949699401855 81.0
    vertex -5.0701446533203125 7.759693622589111 81.0
    vertex -5.067486763000488 7.4818949699401855 81.0
  endloop
endfacet
facet normal 0.0 0.0 0.0
  outer loop
    vertex -16.0 16.0 81.0
    vertex -10.76842212677002 13.270873069763184 81.0
    vertex -4.999999523162842 16.0 81.0
  endloop
endfacet
facet normal 0.0 0.0 0.0
  outer loop
    vertex -4.999999523162842 16.0 81.0
    vertex -10.76842212677002 13.270873069763184 81.0
    vertex -9.164467811584473 13.347797393798828 81.0
  endloop
endfacet
facet normal 0.0 0.0 0.0
  outer loop
    vertex -4.999999523162842 16.0 81.0
    vertex -9.164467811584473 13.347797393798828 81.0
    vertex -7.07720947265625 13.454082489013672 81.0
  endloop
endfacet
facet normal 0.0 0.0 0.0
  outer loop
    vertex -16.0 4.999999523162842 81.0
    vertex -15.633872985839844 13.148170471191406 81.0
    vertex -16.0 16.0 81.0
  endloop
endfacet
facet normal 0.0 0.0 0.0
  outer loop
    vertex -16.0 16.0 81.0
    vertex -15.633872985839844 13.148170471191406 81.0
    vertex -14.332608222961426 13.149094581604004 81.0
  endloop
endfacet
facet normal 0.0 0.0 0.0
  outer loop
    vertex -16.0 16.0 81.0
    vertex -14.332608222961426 13.149094581604004 81.0
    vertex -14.17989444732666 13.150279998779297 81.0
  endloop
endfacet
facet normal 0.0 0.0 0.0
  outer loop
    vertex -15.633872985839844 13.148170471191406 81.0
    vertex -16.0 4.999999523162842 81.0
    vertex -15.633872985839844 7.6343889236450195 81.0
  endloop
endfacet
facet normal 0.0 0.0 0.0
  outer loop
    vertex -15.633872985839844 7.6343889236450195 81.0
    vertex -16.0 4.999999523162842 81.0
    vertex -10.42785358428955 4.999999523162842 81.0
  endloop
endfacet
facet normal 0.0 0.0 0.0
  outer loop
    vertex -15.633872985839844 7.6343889236450195 81.0
    vertex -10.42785358428955 4.999999523162842 81.0
    vertex -10.42785358428955 7.6343889236450195 81.0
  endloop
endfacet
facet normal 0.0 0.0 0.0
  outer loop
    vertex -14.17989444732666 13.150279998779297 81.0
    vertex -13.992116928100586 13.153425216674805 81.0
    vertex -16.0 16.0 81.0
  endloop
endfacet
facet normal 0.0 0.0 0.0
  outer loop
    vertex -16.0 16.0 81.0
    vertex -13.992116928100586 13.153425216674805 81.0
    vertex -13.77192497253418 13.158430099487305 81.0
  endloop
endfacet
facet normal 0.0 0.0 0.0
  outer loop
    vertex -16.0 16.0 81.0
    vertex -13.77192497253418 13.158430099487305 81.0
    vertex -13.521965026855469 13.165196418762207 81.0
  endloop
endfacet
facet normal 0.0 0.0 0.0
  outer loop
    vertex -13.521965026855469 13.165196418762207 81.0
    vertex -13.244885444641113 13.173624992370605 81.0
    vertex -16.0 16.0 81.0
  endloop
endfacet
facet normal 0.0 0.0 0.0
  outer loop
    vertex -16.0 16.0 81.0
    vertex -13.244885444641113 13.173624992370605 81.0
    vertex -12.943334579467773 13.18361759185791 81.0
  endloop
endfacet
facet normal 0.0 0.0 0.0
  outer loop
    vertex -16.0 16.0 81.0
    vertex -12.943334579467773 13.18361759185791 81.0
    vertex -12.61996078491211 13.195075035095215 81.0
  endloop
endfacet
facet normal 0.0 0.0 0.0
  outer loop
    vertex -12.61996078491211 13.195075035095215 81.0
    vertex -12.277412414550781 13.207898139953613 81.0
    vertex -16.0 16.0 81.0
  endloop
endfacet
facet normal 0.0 0.0 0.0
  outer loop
    vertex -16.0 16.0 81.0
    vertex -12.277412414550781 13.207898139953613 81.0
    vertex -11.545379638671875 13.2372465133667 81.0
  endloop
endfacet
facet normal 0.0 0.0 0.0
  outer loop
    vertex -16.0 16.0 81.0
    vertex -11.545379638671875 13.2372465133667 81.0
    vertex -10.76842212677002 13.270873069763184 81.0
  endloop
endfacet
facet normal 0.0 0.0 0.0
  outer loop
    vertex -7.07720947265625 13.454082489013672 81.0
    vertex -5.294960975646973 13.454082489013672 81.0
    vertex -4.999999523162842 16.0 81.0
  endloop
endfacet
facet normal 0.0 0.0 0.0
  outer loop
    vertex -4.999999523162842 16.0 81.0
    vertex -5.294960975646973 13.454082489013672 81.0
    vertex -5.073042869567871 7.833092212677002 81.0
  endloop
endfacet
facet normal 0.0 0.0 0.0
  outer loop
    vertex -4.999999523162842 16.0 81.0
    vertex -5.073042869567871 7.833092212677002 81.0
    vertex -5.0701446533203125 7.759693622589111 81.0
  endloop
endfacet
facet normal 0.0 0.0 0.0
  outer loop
    vertex -0.5 20.5 82.0
    vertex -20.5 20.5 82.0
    vertex -0.5 20.5 83.0
  endloop
endfacet
facet normal 0.0 0.0 0.0
  outer loop
    vertex -0.5 20.5 83.0
    vertex -20.5 20.5 82.0
    vertex -20.5 20.5 83.0
  endloop
endfacet
endsolid Uranium STLWriter Wed 22 May 2019 02:40:30
