;FLAVOR:Marlin
;TIME:6206
;Filament used: 3.05634m
;Layer height: 0.2
;MINX:106.38
;MINY:116.33
;MINZ:0.16
;MAXX:193.601
;MAXY:183.67
;MAXZ:2.16
;TARGET_MACHINE.NAME:Anet ET5 X
;Generated with Cura_SteamEngine 5.5.0
M140 S60
M105
M190 S60
M104 S200
M105
M109 S200
M82 ;absolute extrusion mode
G92 X0 Y0 Z0
G92 E0
G92 E0
G1 F3000 E-6
;LAYER_COUNT:11
;LAYER:0
M107
M204 S10000
G0 F3600 X107.368 Y117.206 Z0.16
M204 S1000
;TYPE:SKIRT
G1 F3000 E0
G1 F1200 X107.758 Y116.891 E0.01
G1 X108.193 Y116.641 E0.02002
G1 X108.662 Y116.463 E0.03003
G1 X109.154 Y116.363 E0.04005
G1 X109.451 Y116.34 E0.04599
G1 X109.772 Y116.331 E0.0524
G1 X189.789 Y116.33 E1.64923
G1 X190.487 Y116.34 E1.66316
G1 X190.987 Y116.387 E1.67318
G1 X191.472 Y116.513 E1.68318
G1 X191.932 Y116.714 E1.6932
G1 X192.353 Y116.986 E1.7032
G1 X192.726 Y117.321 E1.7132
G1 X193.042 Y117.711 E1.72322
G1 X193.291 Y118.146 E1.73322
G1 X193.468 Y118.616 E1.74325
G1 X193.569 Y119.107 E1.75325
G1 X193.591 Y119.401 E1.75913
G1 X193.6 Y119.721 E1.76552
G1 X193.601 Y179.823 E2.96492
G1 X193.592 Y180.55 E2.97943
G1 X193.546 Y181.049 E2.98943
G1 X193.421 Y181.535 E2.99945
G1 X193.22 Y181.995 E3.00946
G1 X192.95 Y182.417 E3.01946
G1 X192.615 Y182.791 E3.02948
G1 X192.226 Y183.107 E3.03948
G1 X191.791 Y183.358 E3.0495
G1 X191.322 Y183.536 E3.05952
G1 X190.831 Y183.637 E3.06952
G1 X190.531 Y183.66 E3.07552
G1 X190.121 Y183.67 E3.08371
G1 X170.811 Y183.664 E3.46906
G1 X110.196 Y183.67 E4.6787
G1 X109.498 Y183.661 E4.69263
G1 X108.999 Y183.614 E4.70263
G1 X108.513 Y183.489 E4.71264
G1 X108.053 Y183.289 E4.72265
G1 X107.631 Y183.018 E4.73266
G1 X107.258 Y182.683 E4.74267
G1 X106.942 Y182.293 E4.75269
G1 X106.692 Y181.859 E4.76268
G1 X106.514 Y181.39 E4.77269
G1 X106.413 Y180.898 E4.78271
G1 X106.39 Y180.596 E4.78876
G1 X106.381 Y180.263 E4.79541
G1 X106.38 Y120.111 E5.9958
G1 X106.389 Y119.446 E6.00908
G1 X106.436 Y118.947 E6.01908
G1 X106.561 Y118.461 E6.02909
G1 X106.762 Y118.002 E6.03909
G1 X107.034 Y117.58 E6.04911
G1 X107.368 Y117.206 E6.05912
M204 S10000
G1 F3000 E0.05912
;MESH:Lid_side_panel_x2.stl(1)
G0 F3600 X110.73 Y120.68
G0 X127.598 Y120.652
G0 X127.72 Y179.47
M204 S1000
;TYPE:WALL-INNER
G1 F3000 E6.05912
G1 F1200 X127.72 Y120.53 E7.23533
G1 X110.58 Y120.53 E7.57738
G1 X110.58 Y179.47 E8.75359
G1 X127.72 Y179.47 E9.09564
M204 S10000
G0 F3600 X128.02 Y179.77
M204 S1000
G1 F1200 X128.02 Y120.23 E10.28382
G1 X110.28 Y120.23 E10.63784
G1 X110.28 Y179.77 E11.82603
G1 X128.02 Y179.77 E12.18005
M204 S10000
G0 F3600 X128.32 Y180.07
M204 S1000
G1 F1200 X128.32 Y119.93 E13.38021
G1 X109.98 Y119.93 E13.7462
G1 X109.98 Y180.07 E14.94636
G1 X128.32 Y180.07 E15.31235
M204 S10000
G0 F3600 X128.57 Y180.32
M204 S1000
;TYPE:WALL-OUTER
G1 F1200 X128.57 Y119.68 E16.52249
G1 X109.73 Y119.68 E16.89846
G1 X109.73 Y180.32 E18.1086
G1 X128.57 Y180.32 E18.48457
M204 S10000
G0 F3600 X128.57 Y180.12
G0 X128.32 Y180.12
G0 X127.67 Y179.2
G0 X127.45 Y179.2
M204 S1000
;TYPE:SKIN
G1 F1200 X110.85 Y179.2 E18.81584
G1 X110.85 Y120.8 E19.98128
G1 X127.45 Y120.8 E20.31255
G1 X127.45 Y179.2 E21.47798
M204 S10000
G1 F3000 E15.47798
G0 F3600 X127.67 Y179.2
G0 X111.167 Y179.42
G0 X111.167 Y179.049
M204 S1000
G1 F3000 E21.47798
G1 F1200 X111 Y178.882 E21.4827
M204 S10000
G0 F3600 X111 Y178.458
M204 S1000
G1 F1200 X111.591 Y179.049 E21.49938
M204 S10000
G0 F3600 X112.015 Y179.049
M204 S1000
G1 F1200 X111 Y178.033 E21.52804
M204 S10000
G0 F3600 X111 Y177.609
M204 S1000
G1 F1200 X112.439 Y179.049 E21.56866
M204 S10000
G0 F3600 X112.864 Y179.049
M204 S1000
G1 F1200 X111 Y177.185 E21.62127
M204 S10000
G0 F3600 X111 Y176.761
M204 S1000
G1 F1200 X113.288 Y179.049 E21.68584
M204 S10000
G0 F3600 X113.712 Y179.049
M204 S1000
G1 F1200 X111 Y176.336 E21.76239
M204 S10000
G0 F3600 X111 Y175.912
M204 S1000
G1 F1200 X114.136 Y179.049 E21.85091
M204 S10000
G0 F3600 X114.561 Y179.049
M204 S1000
G1 F1200 X111 Y175.488 E21.95141
M204 S10000
G0 F3600 X111 Y175.064
M204 S1000
G1 F1200 X114.985 Y179.049 E22.06388
M204 S10000
G0 F3600 X115.409 Y179.049
M204 S1000
G1 F1200 X111 Y174.639 E22.18832
M204 S10000
G0 F3600 X111 Y174.215
M204 S1000
G1 F1200 X115.833 Y179.049 E22.32473
M204 S10000
G0 F3600 X116.258 Y179.049
M204 S1000
G1 F1200 X111 Y173.791 E22.47313
M204 S10000
G0 F3600 X111 Y173.367
M204 S1000
G1 F1200 X116.682 Y179.049 E22.63348
M204 S10000
G0 F3600 X117.106 Y179.049
M204 S1000
G1 F1200 X111 Y172.942 E22.80582
M204 S10000
G0 F3600 X111 Y172.518
M204 S1000
G1 F1200 X117.531 Y179.049 E22.99014
M204 S10000
G0 F3600 X117.955 Y179.049
M204 S1000
G1 F1200 X111 Y172.094 E23.18643
M204 S10000
G0 F3600 X111 Y171.669
M204 S1000
G1 F1200 X118.379 Y179.049 E23.39469
M204 S10000
G0 F3600 X118.803 Y179.049
M204 S1000
G1 F1200 X111 Y171.245 E23.61492
M204 S10000
G0 F3600 X111 Y170.821
M204 S1000
G1 F1200 X119.228 Y179.049 E23.84714
M204 S10000
G0 F3600 X119.652 Y179.049
M204 S1000
G1 F1200 X111 Y170.397 E24.09131
M204 S10000
G0 F3600 X111 Y169.972
M204 S1000
G1 F1200 X120.076 Y179.049 E24.34747
M204 S10000
G0 F3600 X120.5 Y179.049
M204 S1000
G1 F1200 X111 Y169.548 E24.6156
M204 S10000
G0 F3600 X111 Y169.124
M204 S1000
G1 F1200 X120.925 Y179.049 E24.8957
M204 S10000
G0 F3600 X121.349 Y179.049
M204 S1000
G1 F1200 X111 Y168.7 E25.18777
M204 S10000
G0 F3600 X111 Y168.275
M204 S1000
G1 F1200 X121.773 Y179.049 E25.49183
M204 S10000
G0 F3600 X122.197 Y179.049
M204 S1000
G1 F1200 X111 Y167.851 E25.80784
M204 S10000
G0 F3600 X111 Y167.427
M204 S1000
G1 F1200 X122.622 Y179.049 E26.13584
M204 S10000
G0 F3600 X123.046 Y179.049
M204 S1000
G1 F1200 X111 Y167.003 E26.4758
M204 S10000
G0 F3600 X111 Y166.578
M204 S1000
G1 F1200 X123.47 Y179.049 E26.82775
M204 S10000
G0 F3600 X123.895 Y179.049
M204 S1000
G1 F1200 X111 Y166.154 E27.19167
M204 S10000
G0 F3600 X111 Y165.73
M204 S1000
G1 F1200 X124.319 Y179.049 E27.56756
M204 S10000
G0 F3600 X124.743 Y179.049
M204 S1000
G1 F1200 X111 Y165.306 E27.95542
M204 S10000
G0 F3600 X111 Y164.881
M204 S1000
G1 F1200 X125.167 Y179.049 E28.35526
M204 S10000
G0 F3600 X125.592 Y179.049
M204 S1000
G1 F1200 X111 Y164.457 E28.76708
M204 S10000
G0 F3600 X111 Y164.033
M204 S1000
G1 F1200 X126.016 Y179.049 E29.19086
M204 S10000
G0 F3600 X126.44 Y179.049
M204 S1000
G1 F1200 X111 Y163.608 E29.62663
M204 S10000
G0 F3600 X111 Y163.184
M204 S1000
G1 F1200 X126.864 Y179.049 E30.07436
M204 S10000
G0 F3600 X127.289 Y179.049
M204 S1000
G1 F1200 X111 Y162.76 E30.53407
M204 S10000
G0 F3600 X111 Y162.336
M204 S1000
G1 F1200 X127.3 Y178.636 E30.99409
M204 S10000
G0 F3600 X127.3 Y178.212
M204 S1000
G1 F1200 X111 Y161.911 E31.45412
M204 S10000
G0 F3600 X111 Y161.487
M204 S1000
G1 F1200 X127.3 Y177.787 E31.91414
M204 S10000
G0 F3600 X127.3 Y177.363
M204 S1000
G1 F1200 X111 Y161.063 E32.37417
M204 S10000
G0 F3600 X111 Y160.639
M204 S1000
G1 F1200 X127.3 Y176.939 E32.83419
M204 S10000
G0 F3600 X127.3 Y176.515
M204 S1000
G1 F1200 X111 Y160.214 E33.29422
M204 S10000
G0 F3600 X111 Y159.79
M204 S1000
G1 F1200 X127.3 Y176.09 E33.75424
M204 S10000
G0 F3600 X127.3 Y175.666
M204 S1000
G1 F1200 X111 Y159.366 E34.21426
M204 S10000
G0 F3600 X111 Y158.942
M204 S1000
G1 F1200 X127.3 Y175.242 E34.67429
M204 S10000
G0 F3600 X127.3 Y174.818
M204 S1000
G1 F1200 X111 Y158.517 E35.13432
M204 S10000
G0 F3600 X111 Y158.093
M204 S1000
G1 F1200 X127.3 Y174.393 E35.59434
M204 S10000
G0 F3600 X127.3 Y173.969
M204 S1000
G1 F1200 X111 Y157.669 E36.05436
M204 S10000
G0 F3600 X111 Y157.244
M204 S1000
G1 F1200 X127.3 Y173.545 E36.5144
M204 S10000
G0 F3600 X127.3 Y173.12
M204 S1000
G1 F1200 X111 Y156.82 E36.97442
M204 S10000
G0 F3600 X111 Y156.396
M204 S1000
G1 F1200 X127.3 Y172.696 E37.43444
M204 S10000
G0 F3600 X127.3 Y172.272
M204 S1000
G1 F1200 X111 Y155.972 E37.89446
M204 S10000
G0 F3600 X111 Y155.547
M204 S1000
G1 F1200 X127.3 Y171.848 E38.3545
M204 S10000
G0 F3600 X127.3 Y171.423
M204 S1000
G1 F1200 X111 Y155.123 E38.81452
M204 S10000
G0 F3600 X111 Y154.699
M204 S1000
G1 F1200 X127.3 Y170.999 E39.27454
M204 S10000
G0 F3600 X127.3 Y170.575
M204 S1000
G1 F1200 X111 Y154.275 E39.73456
M204 S10000
G0 F3600 X111 Y153.85
M204 S1000
G1 F1200 X127.3 Y170.151 E40.1946
M204 S10000
G0 F3600 X127.3 Y169.726
M204 S1000
G1 F1200 X111 Y153.426 E40.65462
M204 S10000
G0 F3600 X111 Y153.002
M204 S1000
G1 F1200 X127.3 Y169.302 E41.11464
M204 S10000
G0 F3600 X127.3 Y168.878
M204 S1000
G1 F1200 X111 Y152.578 E41.57466
M204 S10000
G0 F3600 X111 Y152.153
M204 S1000
G1 F1200 X127.3 Y168.454 E42.0347
M204 S10000
G0 F3600 X127.3 Y168.029
M204 S1000
G1 F1200 X111 Y151.729 E42.49472
M204 S10000
G0 F3600 X111 Y151.305
M204 S1000
G1 F1200 X127.3 Y167.605 E42.95474
M204 S10000
G0 F3600 X127.3 Y167.181
M204 S1000
G1 F1200 X111 Y150.881 E43.41476
M204 S10000
G0 F3600 X111 Y150.456
M204 S1000
G1 F1200 X127.3 Y166.756 E43.87478
M204 S10000
G0 F3600 X127.3 Y166.332
M204 S1000
G1 F1200 X111 Y150.032 E44.3348
M204 S10000
G0 F3600 X111 Y149.608
M204 S1000
G1 F1200 X127.3 Y165.908 E44.79482
M204 S10000
G0 F3600 X127.3 Y165.484
M204 S1000
G1 F1200 X111 Y149.183 E45.25486
M204 S10000
G0 F3600 X111 Y148.759
M204 S1000
G1 F1200 X127.3 Y165.059 E45.71488
M204 S10000
G0 F3600 X127.3 Y164.635
M204 S1000
G1 F1200 X111 Y148.335 E46.1749
M204 S10000
G0 F3600 X111 Y147.911
M204 S1000
G1 F1200 X127.3 Y164.211 E46.63492
M204 S10000
G0 F3600 X127.3 Y163.787
M204 S1000
G1 F1200 X111 Y147.486 E47.09496
M204 S10000
G0 F3600 X111 Y147.062
M204 S1000
G1 F1200 X127.3 Y163.362 E47.55498
M204 S10000
G0 F3600 X127.3 Y162.938
M204 S1000
G1 F1200 X111 Y146.638 E48.015
M204 S10000
G0 F3600 X111 Y146.214
M204 S1000
G1 F1200 X127.3 Y162.514 E48.47502
M204 S10000
G0 F3600 X127.3 Y162.09
M204 S1000
G1 F1200 X111 Y145.789 E48.93506
M204 S10000
G0 F3600 X111 Y145.365
M204 S1000
G1 F1200 X127.3 Y161.665 E49.39508
M204 S10000
G0 F3600 X127.3 Y161.241
M204 S1000
G1 F1200 X111 Y144.941 E49.8551
M204 S10000
G0 F3600 X111 Y144.517
M204 S1000
G1 F1200 X127.3 Y160.817 E50.31512
M204 S10000
G0 F3600 X127.3 Y160.393
M204 S1000
G1 F1200 X111 Y144.092 E50.77516
M204 S10000
G0 F3600 X111 Y143.668
M204 S1000
G1 F1200 X127.3 Y159.968 E51.23518
M204 S10000
G0 F3600 X127.3 Y159.544
M204 S1000
G1 F1200 X111 Y143.244 E51.6952
M204 S10000
G0 F3600 X111 Y142.82
M204 S1000
G1 F1200 X127.3 Y159.12 E52.15522
M204 S10000
G0 F3600 X127.3 Y158.695
M204 S1000
G1 F1200 X111 Y142.395 E52.61524
M204 S10000
G0 F3600 X111 Y141.971
M204 S1000
G1 F1200 X127.3 Y158.271 E53.07526
M204 S10000
G0 F3600 X127.3 Y157.847
M204 S1000
G1 F1200 X111 Y141.547 E53.53528
M204 S10000
G0 F3600 X111 Y141.122
M204 S1000
G1 F1200 X127.3 Y157.423 E53.99532
M204 S10000
G0 F3600 X127.3 Y156.998
M204 S1000
G1 F1200 X111 Y140.698 E54.45534
M204 S10000
G0 F3600 X111 Y140.274
M204 S1000
G1 F1200 X127.3 Y156.574 E54.91536
M204 S10000
G0 F3600 X127.3 Y156.15
M204 S1000
G1 F1200 X111 Y139.85 E55.37538
M204 S10000
G0 F3600 X111 Y139.425
M204 S1000
G1 F1200 X127.3 Y155.726 E55.83542
M204 S10000
G0 F3600 X127.3 Y155.301
M204 S1000
G1 F1200 X111 Y139.001 E56.29544
M204 S10000
G0 F3600 X111 Y138.577
M204 S1000
G1 F1200 X127.3 Y154.877 E56.75546
M204 S10000
G0 F3600 X127.3 Y154.453
M204 S1000
G1 F1200 X111 Y138.153 E57.21548
M204 S10000
G0 F3600 X111 Y137.728
M204 S1000
G1 F1200 X127.3 Y154.029 E57.67552
M204 S10000
G0 F3600 X127.3 Y153.604
M204 S1000
G1 F1200 X111 Y137.304 E58.13554
M204 S10000
G0 F3600 X111 Y136.88
M204 S1000
G1 F1200 X127.3 Y153.18 E58.59556
M204 S10000
G0 F3600 X127.3 Y152.756
M204 S1000
G1 F1200 X111 Y136.456 E59.05558
M204 S10000
G0 F3600 X111 Y136.031
M204 S1000
G1 F1200 X127.3 Y152.332 E59.51562
M204 S10000
G0 F3600 X127.3 Y151.907
M204 S1000
G1 F1200 X111 Y135.607 E59.97564
M204 S10000
G0 F3600 X111 Y135.183
M204 S1000
G1 F1200 X127.3 Y151.483 E60.43566
M204 S10000
G0 F3600 X127.3 Y151.059
M204 S1000
G1 F1200 X111 Y134.758 E60.89569
M204 S10000
G0 F3600 X111 Y134.334
M204 S1000
G1 F1200 X127.3 Y150.634 E61.35571
M204 S10000
G0 F3600 X127.3 Y150.21
M204 S1000
G1 F1200 X111 Y133.91 E61.81574
M204 S10000
G0 F3600 X111 Y133.486
M204 S1000
G1 F1200 X127.3 Y149.786 E62.27576
M204 S10000
G0 F3600 X127.3 Y149.362
M204 S1000
G1 F1200 X111 Y133.061 E62.73579
M204 S10000
G0 F3600 X111 Y132.637
M204 S1000
G1 F1200 X127.3 Y148.937 E63.19581
M204 S10000
G0 F3600 X127.3 Y148.513
M204 S1000
G1 F1200 X111 Y132.213 E63.65583
M204 S10000
G0 F3600 X111 Y131.789
M204 S1000
G1 F1200 X127.3 Y148.089 E64.11586
M204 S10000
G0 F3600 X127.3 Y147.665
M204 S1000
G1 F1200 X111 Y131.364 E64.57589
M204 S10000
G0 F3600 X111 Y130.94
M204 S1000
G1 F1200 X127.3 Y147.24 E65.03591
M204 S10000
G0 F3600 X127.3 Y146.816
M204 S1000
G1 F1200 X111 Y130.516 E65.49593
M204 S10000
G0 F3600 X111 Y130.092
M204 S1000
G1 F1200 X127.3 Y146.392 E65.95595
M204 S10000
G0 F3600 X127.3 Y145.968
M204 S1000
G1 F1200 X111 Y129.667 E66.41599
M204 S10000
G0 F3600 X111 Y129.243
M204 S1000
G1 F1200 X127.3 Y145.543 E66.87601
M204 S10000
G0 F3600 X127.3 Y145.119
M204 S1000
G1 F1200 X111 Y128.819 E67.33603
M204 S10000
G0 F3600 X111 Y128.395
M204 S1000
G1 F1200 X127.3 Y144.695 E67.79605
M204 S10000
G0 F3600 X127.3 Y144.27
M204 S1000
G1 F1200 X111 Y127.97 E68.25607
M204 S10000
G0 F3600 X111 Y127.546
M204 S1000
G1 F1200 X127.3 Y143.846 E68.7161
M204 S10000
G0 F3600 X127.3 Y143.422
M204 S1000
G1 F1200 X111 Y127.122 E69.17612
M204 S10000
G0 F3600 X111 Y126.697
M204 S1000
G1 F1200 X127.3 Y142.998 E69.63615
M204 S10000
G0 F3600 X127.3 Y142.573
M204 S1000
G1 F1200 X111 Y126.273 E70.09617
M204 S10000
G0 F3600 X111 Y125.849
M204 S1000
G1 F1200 X127.3 Y142.149 E70.55619
M204 S10000
G0 F3600 X127.3 Y141.725
M204 S1000
G1 F1200 X111 Y125.425 E71.01622
M204 S10000
G0 F3600 X111 Y125
M204 S1000
G1 F1200 X127.3 Y141.301 E71.47625
M204 S10000
G0 F3600 X127.3 Y140.876
M204 S1000
G1 F1200 X111 Y124.576 E71.93627
M204 S10000
G0 F3600 X111 Y124.152
M204 S1000
G1 F1200 X127.3 Y140.452 E72.39629
M204 S10000
G0 F3600 X127.3 Y140.028
M204 S1000
G1 F1200 X111 Y123.728 E72.85631
M204 S10000
G0 F3600 X111 Y123.303
M204 S1000
G1 F1200 X127.3 Y139.604 E73.31635
M204 S10000
G0 F3600 X127.3 Y139.179
M204 S1000
G1 F1200 X111 Y122.879 E73.77637
M204 S10000
G0 F3600 X111 Y122.455
M204 S1000
G1 F1200 X127.3 Y138.755 E74.23639
M204 S10000
G0 F3600 X127.3 Y138.331
M204 S1000
G1 F1200 X111 Y122.031 E74.69641
M204 S10000
G0 F3600 X111 Y121.606
M204 S1000
G1 F1200 X127.3 Y137.907 E75.15645
M204 S10000
G0 F3600 X127.3 Y137.482
M204 S1000
G1 F1200 X111 Y121.182 E75.61647
M204 S10000
G0 F3600 X111.191 Y120.949
M204 S1000
G1 F1200 X127.3 Y137.058 E76.0711
M204 S10000
G0 F3600 X127.3 Y136.634
M204 S1000
G1 F1200 X111.616 Y120.949 E76.51375
M204 S10000
G0 F3600 X112.04 Y120.949
M204 S1000
G1 F1200 X127.3 Y136.209 E76.94442
M204 S10000
G0 F3600 X127.3 Y135.785
M204 S1000
G1 F1200 X112.464 Y120.949 E77.36313
M204 S10000
G0 F3600 X112.888 Y120.949
M204 S1000
G1 F1200 X127.3 Y135.361 E77.76986
M204 S10000
G0 F3600 X127.3 Y134.937
M204 S1000
G1 F1200 X113.313 Y120.949 E78.16462
M204 S10000
G0 F3600 X113.737 Y120.949
M204 S1000
G1 F1200 X127.3 Y134.512 E78.5474
M204 S10000
G0 F3600 X127.3 Y134.088
M204 S1000
G1 F1200 X114.161 Y120.949 E78.91821
M204 S10000
G0 F3600 X114.585 Y120.949
M204 S1000
G1 F1200 X127.3 Y133.664 E79.27705
M204 S10000
G0 F3600 X127.3 Y133.24
M204 S1000
G1 F1200 X115.01 Y120.949 E79.62392
M204 S10000
G0 F3600 X115.434 Y120.949
M204 S1000
G1 F1200 X127.3 Y132.815 E79.9588
M204 S10000
G0 F3600 X127.3 Y132.391
M204 S1000
G1 F1200 X115.858 Y120.949 E80.28172
M204 S10000
G0 F3600 X116.283 Y120.949
M204 S1000
G1 F1200 X127.3 Y131.967 E80.59266
M204 S10000
G0 F3600 X127.3 Y131.543
M204 S1000
G1 F1200 X116.707 Y120.949 E80.89163
M204 S10000
G0 F3600 X117.131 Y120.949
M204 S1000
G1 F1200 X127.3 Y131.118 E81.17862
M204 S10000
G0 F3600 X127.3 Y130.694
M204 S1000
G1 F1200 X117.555 Y120.949 E81.45365
M204 S10000
G0 F3600 X117.98 Y120.949
M204 S1000
G1 F1200 X127.3 Y130.27 E81.71669
M204 S10000
G0 F3600 X127.3 Y129.846
M204 S1000
G1 F1200 X118.404 Y120.949 E81.96777
M204 S10000
G0 F3600 X118.828 Y120.949
M204 S1000
G1 F1200 X127.3 Y129.421 E82.20687
M204 S10000
G0 F3600 X127.3 Y128.997
M204 S1000
G1 F1200 X119.252 Y120.949 E82.434
M204 S10000
G0 F3600 X119.677 Y120.949
M204 S1000
G1 F1200 X127.3 Y128.573 E82.64915
M204 S10000
G0 F3600 X127.3 Y128.148
M204 S1000
G1 F1200 X120.101 Y120.949 E82.85232
M204 S10000
G0 F3600 X120.525 Y120.949
M204 S1000
G1 F1200 X127.3 Y127.724 E83.04353
M204 S10000
G0 F3600 X127.3 Y127.3
M204 S1000
G1 F1200 X120.949 Y120.949 E83.22277
M204 S10000
G0 F3600 X121.374 Y120.949
M204 S1000
G1 F1200 X127.3 Y126.876 E83.39002
M204 S10000
G0 F3600 X127.3 Y126.451
M204 S1000
G1 F1200 X121.798 Y120.949 E83.5453
M204 S10000
G0 F3600 X122.222 Y120.949
M204 S1000
G1 F1200 X127.3 Y126.027 E83.68862
M204 S10000
G0 F3600 X127.3 Y125.603
M204 S1000
G1 F1200 X122.646 Y120.949 E83.81996
M204 S10000
G0 F3600 X123.071 Y120.949
M204 S1000
G1 F1200 X127.3 Y125.179 E83.93933
M204 S10000
G0 F3600 X127.3 Y124.754
M204 S1000
G1 F1200 X123.495 Y120.949 E84.04671
M204 S10000
G0 F3600 X123.919 Y120.949
M204 S1000
G1 F1200 X127.3 Y124.33 E84.14213
M204 S10000
G0 F3600 X127.3 Y123.906
M204 S1000
G1 F1200 X124.344 Y120.949 E84.22557
M204 S10000
G0 F3600 X124.768 Y120.949
M204 S1000
G1 F1200 X127.3 Y123.482 E84.29704
M204 S10000
G0 F3600 X127.3 Y123.057
M204 S1000
G1 F1200 X125.192 Y120.949 E84.35653
M204 S10000
G0 F3600 X125.616 Y120.949
M204 S1000
G1 F1200 X127.3 Y122.633 E84.40406
M204 S10000
G0 F3600 X127.3 Y122.209
M204 S1000
G1 F1200 X126.041 Y120.949 E84.43961
M204 S10000
G0 F3600 X126.465 Y120.949
M204 S1000
G1 F1200 X127.3 Y121.785 E84.46319
M204 S10000
G0 F3600 X127.3 Y121.36
M204 S1000
G1 F1200 X126.889 Y120.949 E84.47479
M204 S10000
G0 F3600 X126.889 Y120.53
G1 F3000 E78.47479
;MESH:Lid_side_panel_x2.stl
G0 F3600 X127.598 Y120.652
G0 X128.4 Y179.47
G0 X130.75 Y179.47
G0 X148.57 Y179.47
M204 S1000
;TYPE:WALL-INNER
G1 F3000 E84.47479
G1 F1200 X148.57 Y120.53 E85.651
G1 X131.43 Y120.53 E85.99304
G1 X131.43 Y179.47 E87.16926
G1 X148.57 Y179.47 E87.5113
M204 S10000
G0 F3600 X148.87 Y179.77
M204 S1000
G1 F1200 X148.87 Y120.23 E88.69949
G1 X131.13 Y120.23 E89.05351
G1 X131.13 Y179.77 E90.24169
G1 X148.87 Y179.77 E90.59571
M204 S10000
G0 F3600 X149.17 Y180.07
M204 S1000
G1 F1200 X149.17 Y119.93 E91.79587
G1 X130.83 Y119.93 E92.16187
G1 X130.83 Y180.07 E93.36203
G1 X149.17 Y180.07 E93.72802
M204 S10000
G0 F3600 X149.42 Y180.32
M204 S1000
;TYPE:WALL-OUTER
G1 F1200 X149.42 Y119.68 E94.93816
G1 X130.58 Y119.68 E95.31413
G1 X130.58 Y180.32 E96.52427
G1 X149.42 Y180.32 E96.90024
M204 S10000
G0 F3600 X149.42 Y180.12
G0 X149.17 Y180.12
G0 X148.52 Y179.2
G0 X148.3 Y179.2
M204 S1000
;TYPE:SKIN
G1 F1200 X131.7 Y179.2 E97.23151
G1 X131.7 Y120.8 E98.39695
G1 X148.3 Y120.8 E98.72822
G1 X148.3 Y179.2 E99.89365
M204 S10000
G1 F3000 E93.89365
G0 F3600 X148.52 Y179.2
G0 X131.956 Y179.42
G0 X131.956 Y179.049
M204 S1000
G1 F3000 E99.89365
G1 F1200 X131.849 Y178.942 E99.89667
M204 S10000
G0 F3600 X131.849 Y178.518
M204 S1000
G1 F1200 X132.38 Y179.049 E99.91166
M204 S10000
G0 F3600 X132.804 Y179.049
M204 S1000
G1 F1200 X131.849 Y178.094 E99.93861
M204 S10000
G0 F3600 X131.849 Y177.669
M204 S1000
G1 F1200 X133.228 Y179.049 E99.97754
M204 S10000
G0 F3600 X133.653 Y179.049
M204 S1000
G1 F1200 X131.849 Y177.245 E100.02846
M204 S10000
G0 F3600 X131.849 Y176.821
M204 S1000
G1 F1200 X134.077 Y179.049 E100.09133
M204 S10000
G0 F3600 X134.501 Y179.049
M204 S1000
G1 F1200 X131.849 Y176.396 E100.16619
M204 S10000
G0 F3600 X131.849 Y175.972
M204 S1000
G1 F1200 X134.925 Y179.049 E100.25302
M204 S10000
G0 F3600 X135.35 Y179.049
M204 S1000
G1 F1200 X131.849 Y175.548 E100.35182
M204 S10000
G0 F3600 X131.849 Y175.124
M204 S1000
G1 F1200 X135.774 Y179.049 E100.4626
M204 S10000
G0 F3600 X136.198 Y179.049
M204 S1000
G1 F1200 X131.849 Y174.699 E100.58535
M204 S10000
G0 F3600 X131.849 Y174.275
M204 S1000
G1 F1200 X136.622 Y179.049 E100.72007
M204 S10000
G0 F3600 X137.047 Y179.049
M204 S1000
G1 F1200 X131.849 Y173.851 E100.86677
M204 S10000
G0 F3600 X131.849 Y173.427
M204 S1000
G1 F1200 X137.471 Y179.049 E101.02543
M204 S10000
G0 F3600 X137.895 Y179.049
M204 S1000
G1 F1200 X131.849 Y173.002 E101.19608
M204 S10000
G0 F3600 X131.849 Y172.578
M204 S1000
G1 F1200 X138.319 Y179.049 E101.37869
M204 S10000
G0 F3600 X138.744 Y179.049
M204 S1000
G1 F1200 X131.849 Y172.154 E101.57328
M204 S10000
G0 F3600 X131.849 Y171.73
M204 S1000
G1 F1200 X139.168 Y179.049 E101.77984
M204 S10000
G0 F3600 X139.592 Y179.049
M204 S1000
G1 F1200 X131.849 Y171.305 E101.99838
M204 S10000
G0 F3600 X131.849 Y170.881
M204 S1000
G1 F1200 X140.017 Y179.049 E102.22889
M204 S10000
G0 F3600 X140.441 Y179.049
M204 S1000
G1 F1200 X131.849 Y170.457 E102.47138
M204 S10000
G0 F3600 X131.849 Y170.033
M204 S1000
G1 F1200 X140.865 Y179.049 E102.72583
M204 S10000
G0 F3600 X141.289 Y179.049
M204 S1000
G1 F1200 X131.849 Y169.608 E102.99226
M204 S10000
G0 F3600 X131.849 Y169.184
M204 S1000
G1 F1200 X141.714 Y179.049 E103.27067
M204 S10000
G0 F3600 X142.138 Y179.049
M204 S1000
G1 F1200 X131.849 Y168.76 E103.56105
M204 S10000
G0 F3600 X131.849 Y168.335
M204 S1000
G1 F1200 X142.562 Y179.049 E103.86341
M204 S10000
G0 F3600 X142.986 Y179.049
M204 S1000
G1 F1200 X131.849 Y167.911 E104.17773
M204 S10000
G0 F3600 X131.849 Y167.487
M204 S1000
G1 F1200 X143.411 Y179.049 E104.50404
M204 S10000
G0 F3600 X143.835 Y179.049
M204 S1000
G1 F1200 X131.849 Y167.063 E104.84231
M204 S10000
G0 F3600 X131.849 Y166.638
M204 S1000
G1 F1200 X144.259 Y179.049 E105.19256
M204 S10000
G0 F3600 X144.683 Y179.049
M204 S1000
G1 F1200 X131.849 Y166.214 E105.55478
M204 S10000
G0 F3600 X131.849 Y165.79
M204 S1000
G1 F1200 X145.108 Y179.049 E105.92898
M204 S10000
G0 F3600 X145.532 Y179.049
M204 S1000
G1 F1200 X131.849 Y165.366 E106.31514
M204 S10000
G0 F3600 X131.849 Y164.941
M204 S1000
G1 F1200 X145.956 Y179.049 E106.71328
M204 S10000
G0 F3600 X146.381 Y179.049
M204 S1000
G1 F1200 X131.849 Y164.517 E107.12341
M204 S10000
G0 F3600 X131.849 Y164.093
M204 S1000
G1 F1200 X146.805 Y179.049 E107.5455
M204 S10000
G0 F3600 X147.229 Y179.049
M204 S1000
G1 F1200 X131.849 Y163.669 E107.97956
M204 S10000
G0 F3600 X131.849 Y163.244
M204 S1000
G1 F1200 X147.653 Y179.049 E108.42559
M204 S10000
G0 F3600 X148.078 Y179.049
M204 S1000
G1 F1200 X131.849 Y162.82 E108.88361
M204 S10000
G0 F3600 X131.849 Y162.396
M204 S1000
G1 F1200 X148.15 Y178.697 E109.34366
M204 S10000
G0 F3600 X148.15 Y178.272
M204 S1000
G1 F1200 X131.849 Y161.972 E109.80369
M204 S10000
G0 F3600 X131.849 Y161.547
M204 S1000
G1 F1200 X148.15 Y177.848 E110.26374
M204 S10000
G0 F3600 X148.15 Y177.424
M204 S1000
G1 F1200 X131.849 Y161.123 E110.72379
M204 S10000
G0 F3600 X131.849 Y160.699
M204 S1000
G1 F1200 X148.15 Y177 E111.18384
M204 S10000
G0 F3600 X148.15 Y176.575
M204 S1000
G1 F1200 X131.849 Y160.274 E111.64389
M204 S10000
G0 F3600 X131.849 Y159.85
M204 S1000
G1 F1200 X148.15 Y176.151 E112.10394
M204 S10000
G0 F3600 X148.15 Y175.727
M204 S1000
G1 F1200 X131.849 Y159.426 E112.56399
M204 S10000
G0 F3600 X131.849 Y159.002
M204 S1000
G1 F1200 X148.15 Y175.303 E113.02404
M204 S10000
G0 F3600 X148.15 Y174.878
M204 S1000
G1 F1200 X131.849 Y158.577 E113.48409
M204 S10000
G0 F3600 X131.849 Y158.153
M204 S1000
G1 F1200 X148.15 Y174.454 E113.94414
M204 S10000
G0 F3600 X148.15 Y174.03
M204 S1000
G1 F1200 X131.849 Y157.729 E114.40419
M204 S10000
G0 F3600 X131.849 Y157.305
M204 S1000
G1 F1200 X148.15 Y173.606 E114.86424
M204 S10000
G0 F3600 X148.15 Y173.181
M204 S1000
G1 F1200 X131.849 Y156.88 E115.32429
M204 S10000
G0 F3600 X131.849 Y156.456
M204 S1000
G1 F1200 X148.15 Y172.757 E115.78434
M204 S10000
G0 F3600 X148.15 Y172.333
M204 S1000
G1 F1200 X131.849 Y156.032 E116.24439
M204 S10000
G0 F3600 X131.849 Y155.608
M204 S1000
G1 F1200 X148.15 Y171.908 E116.70442
M204 S10000
G0 F3600 X148.15 Y171.484
M204 S1000
G1 F1200 X131.849 Y155.183 E117.16447
M204 S10000
G0 F3600 X131.849 Y154.759
M204 S1000
G1 F1200 X148.15 Y171.06 E117.62452
M204 S10000
G0 F3600 X148.15 Y170.636
M204 S1000
G1 F1200 X131.849 Y154.335 E118.08457
M204 S10000
G0 F3600 X131.849 Y153.91
M204 S1000
G1 F1200 X148.15 Y170.211 E118.54462
M204 S10000
G0 F3600 X148.15 Y169.787
M204 S1000
G1 F1200 X131.849 Y153.486 E119.00467
M204 S10000
G0 F3600 X131.849 Y153.062
M204 S1000
G1 F1200 X148.15 Y169.363 E119.46472
M204 S10000
G0 F3600 X148.15 Y168.939
M204 S1000
G1 F1200 X131.849 Y152.638 E119.92477
M204 S10000
G0 F3600 X131.849 Y152.213
M204 S1000
G1 F1200 X148.15 Y168.514 E120.38482
M204 S10000
G0 F3600 X148.15 Y168.09
M204 S1000
G1 F1200 X131.849 Y151.789 E120.84487
M204 S10000
G0 F3600 X131.849 Y151.365
M204 S1000
G1 F1200 X148.15 Y167.666 E121.30492
M204 S10000
G0 F3600 X148.15 Y167.242
M204 S1000
G1 F1200 X131.849 Y150.941 E121.76497
M204 S10000
G0 F3600 X131.849 Y150.516
M204 S1000
G1 F1200 X148.15 Y166.817 E122.22502
M204 S10000
G0 F3600 X148.15 Y166.393
M204 S1000
G1 F1200 X131.849 Y150.092 E122.68506
M204 S10000
G0 F3600 X131.849 Y149.668
M204 S1000
G1 F1200 X148.15 Y165.969 E123.14511
M204 S10000
G0 F3600 X148.15 Y165.545
M204 S1000
G1 F1200 X131.849 Y149.244 E123.60516
M204 S10000
G0 F3600 X131.849 Y148.819
M204 S1000
G1 F1200 X148.15 Y165.12 E124.06521
M204 S10000
G0 F3600 X148.15 Y164.696
M204 S1000
G1 F1200 X131.849 Y148.395 E124.52526
M204 S10000
G0 F3600 X131.849 Y147.971
M204 S1000
G1 F1200 X148.15 Y164.272 E124.98531
M204 S10000
G0 F3600 X148.15 Y163.847
M204 S1000
G1 F1200 X131.849 Y147.547 E125.44535
M204 S10000
G0 F3600 X131.849 Y147.122
M204 S1000
G1 F1200 X148.15 Y163.423 E125.9054
M204 S10000
G0 F3600 X148.15 Y162.999
M204 S1000
G1 F1200 X131.849 Y146.698 E126.36545
M204 S10000
G0 F3600 X131.849 Y146.274
M204 S1000
G1 F1200 X148.15 Y162.575 E126.8255
M204 S10000
G0 F3600 X148.15 Y162.15
M204 S1000
G1 F1200 X131.849 Y145.849 E127.28554
M204 S10000
G0 F3600 X131.849 Y145.425
M204 S1000
G1 F1200 X148.15 Y161.726 E127.74559
M204 S10000
G0 F3600 X148.15 Y161.302
M204 S1000
G1 F1200 X131.849 Y145.001 E128.20564
M204 S10000
G0 F3600 X131.849 Y144.577
M204 S1000
G1 F1200 X148.15 Y160.878 E128.66569
M204 S10000
G0 F3600 X148.15 Y160.453
M204 S1000
G1 F1200 X131.849 Y144.152 E129.12574
M204 S10000
G0 F3600 X131.849 Y143.728
M204 S1000
G1 F1200 X148.15 Y160.029 E129.58579
M204 S10000
G0 F3600 X148.15 Y159.605
M204 S1000
G1 F1200 X131.849 Y143.304 E130.04584
M204 S10000
G0 F3600 X131.849 Y142.88
M204 S1000
G1 F1200 X148.15 Y159.181 E130.50589
M204 S10000
G0 F3600 X148.15 Y158.756
M204 S1000
G1 F1200 X131.849 Y142.455 E130.96594
M204 S10000
G0 F3600 X131.849 Y142.031
M204 S1000
G1 F1200 X148.15 Y158.332 E131.42599
M204 S10000
G0 F3600 X148.15 Y157.908
M204 S1000
G1 F1200 X131.849 Y141.607 E131.88604
M204 S10000
G0 F3600 X131.849 Y141.183
M204 S1000
G1 F1200 X148.15 Y157.483 E132.34607
M204 S10000
G0 F3600 X148.15 Y157.059
M204 S1000
G1 F1200 X131.849 Y140.758 E132.80612
M204 S10000
G0 F3600 X131.849 Y140.334
M204 S1000
G1 F1200 X148.15 Y156.635 E133.26617
M204 S10000
G0 F3600 X148.15 Y156.211
M204 S1000
G1 F1200 X131.849 Y139.91 E133.72622
M204 S10000
G0 F3600 X131.849 Y139.486
M204 S1000
G1 F1200 X148.15 Y155.786 E134.18626
M204 S10000
G0 F3600 X148.15 Y155.362
M204 S1000
G1 F1200 X131.849 Y139.061 E134.64631
M204 S10000
G0 F3600 X131.849 Y138.637
M204 S1000
G1 F1200 X148.15 Y154.938 E135.10636
M204 S10000
G0 F3600 X148.15 Y154.514
M204 S1000
G1 F1200 X131.849 Y138.213 E135.56641
M204 S10000
G0 F3600 X131.849 Y137.788
M204 S1000
G1 F1200 X148.15 Y154.089 E136.02646
M204 S10000
G0 F3600 X148.15 Y153.665
M204 S1000
G1 F1200 X131.849 Y137.364 E136.48651
M204 S10000
G0 F3600 X131.849 Y136.94
M204 S1000
G1 F1200 X148.15 Y153.241 E136.94655
M204 S10000
G0 F3600 X148.15 Y152.817
M204 S1000
G1 F1200 X131.849 Y136.516 E137.4066
M204 S10000
G0 F3600 X131.849 Y136.091
M204 S1000
G1 F1200 X148.15 Y152.392 E137.86665
M204 S10000
G0 F3600 X148.15 Y151.968
M204 S1000
G1 F1200 X131.849 Y135.667 E138.3267
M204 S10000
G0 F3600 X131.849 Y135.243
M204 S1000
G1 F1200 X148.15 Y151.544 E138.78675
M204 S10000
G0 F3600 X148.15 Y151.12
M204 S1000
G1 F1200 X131.849 Y134.819 E139.2468
M204 S10000
G0 F3600 X131.849 Y134.394
M204 S1000
G1 F1200 X148.15 Y150.695 E139.70685
M204 S10000
G0 F3600 X148.15 Y150.271
M204 S1000
G1 F1200 X131.849 Y133.97 E140.1669
M204 S10000
G0 F3600 X131.849 Y133.546
M204 S1000
G1 F1200 X148.15 Y149.847 E140.62695
M204 S10000
G0 F3600 X148.15 Y149.422
M204 S1000
G1 F1200 X131.849 Y133.122 E141.08699
M204 S10000
G0 F3600 X131.849 Y132.697
M204 S1000
G1 F1200 X148.15 Y148.998 E141.54704
M204 S10000
G0 F3600 X148.15 Y148.574
M204 S1000
G1 F1200 X131.849 Y132.273 E142.00708
M204 S10000
G0 F3600 X131.849 Y131.849
M204 S1000
G1 F1200 X148.15 Y148.15 E142.46713
M204 S10000
G0 F3600 X148.15 Y147.725
M204 S1000
G1 F1200 X131.849 Y131.424 E142.92718
M204 S10000
G0 F3600 X131.849 Y131
M204 S1000
G1 F1200 X148.15 Y147.301 E143.38723
M204 S10000
G0 F3600 X148.15 Y146.877
M204 S1000
G1 F1200 X131.849 Y130.576 E143.84728
M204 S10000
G0 F3600 X131.849 Y130.152
M204 S1000
G1 F1200 X148.15 Y146.453 E144.30733
M204 S10000
G0 F3600 X148.15 Y146.028
M204 S1000
G1 F1200 X131.849 Y129.727 E144.76738
M204 S10000
G0 F3600 X131.849 Y129.303
M204 S1000
G1 F1200 X148.15 Y145.604 E145.22743
M204 S10000
G0 F3600 X148.15 Y145.18
M204 S1000
G1 F1200 X131.849 Y128.879 E145.68748
M204 S10000
G0 F3600 X131.849 Y128.455
M204 S1000
G1 F1200 X148.15 Y144.756 E146.14753
M204 S10000
G0 F3600 X148.15 Y144.331
M204 S1000
G1 F1200 X131.849 Y128.03 E146.60758
M204 S10000
G0 F3600 X131.849 Y127.606
M204 S1000
G1 F1200 X148.15 Y143.907 E147.06763
M204 S10000
G0 F3600 X148.15 Y143.483
M204 S1000
G1 F1200 X131.849 Y127.182 E147.52768
M204 S10000
G0 F3600 X131.849 Y126.758
M204 S1000
G1 F1200 X148.15 Y143.059 E147.98773
M204 S10000
G0 F3600 X148.15 Y142.634
M204 S1000
G1 F1200 X131.849 Y126.333 E148.44778
M204 S10000
G0 F3600 X131.849 Y125.909
M204 S1000
G1 F1200 X148.15 Y142.21 E148.90783
M204 S10000
G0 F3600 X148.15 Y141.786
M204 S1000
G1 F1200 X131.849 Y125.485 E149.36788
M204 S10000
G0 F3600 X131.849 Y125.061
M204 S1000
G1 F1200 X148.15 Y141.361 E149.82791
M204 S10000
G0 F3600 X148.15 Y140.937
M204 S1000
G1 F1200 X131.849 Y124.636 E150.28796
M204 S10000
G0 F3600 X131.849 Y124.212
M204 S1000
G1 F1200 X148.15 Y140.513 E150.74801
M204 S10000
G0 F3600 X148.15 Y140.089
M204 S1000
G1 F1200 X131.849 Y123.788 E151.20806
M204 S10000
G0 F3600 X131.849 Y123.363
M204 S1000
G1 F1200 X148.15 Y139.664 E151.66811
M204 S10000
G0 F3600 X148.15 Y139.24
M204 S1000
G1 F1200 X131.849 Y122.939 E152.12816
M204 S10000
G0 F3600 X131.849 Y122.515
M204 S1000
G1 F1200 X148.15 Y138.816 E152.58821
M204 S10000
G0 F3600 X148.15 Y138.392
M204 S1000
G1 F1200 X131.849 Y122.091 E153.04826
M204 S10000
G0 F3600 X131.849 Y121.666
M204 S1000
G1 F1200 X148.15 Y137.967 E153.50831
M204 S10000
G0 F3600 X148.15 Y137.543
M204 S1000
G1 F1200 X131.849 Y121.242 E153.96836
M204 S10000
G0 F3600 X131.98 Y120.949
M204 S1000
G1 F1200 X148.15 Y137.119 E154.42471
M204 S10000
G0 F3600 X148.15 Y136.695
M204 S1000
G1 F1200 X132.405 Y120.949 E154.86908
M204 S10000
G0 F3600 X132.829 Y120.949
M204 S1000
G1 F1200 X148.15 Y136.27 E155.30147
M204 S10000
G0 F3600 X148.15 Y135.846
M204 S1000
G1 F1200 X133.253 Y120.949 E155.7219
M204 S10000
G0 F3600 X133.677 Y120.949
M204 S1000
G1 F1200 X148.15 Y135.422 E156.13036
M204 S10000
G0 F3600 X148.15 Y134.997
M204 S1000
G1 F1200 X134.102 Y120.949 E156.52682
M204 S10000
G0 F3600 X134.526 Y120.949
M204 S1000
G1 F1200 X148.15 Y134.573 E156.91132
M204 S10000
G0 F3600 X148.15 Y134.149
M204 S1000
G1 F1200 X134.95 Y120.949 E157.28385
M204 S10000
G0 F3600 X135.374 Y120.949
M204 S1000
G1 F1200 X148.15 Y133.725 E157.64442
M204 S10000
G0 F3600 X148.15 Y133.3
M204 S1000
G1 F1200 X135.799 Y120.949 E157.99299
M204 S10000
G0 F3600 X136.223 Y120.949
M204 S1000
G1 F1200 X148.15 Y132.876 E158.3296
M204 S10000
G0 F3600 X148.15 Y132.452
M204 S1000
G1 F1200 X136.647 Y120.949 E158.65424
M204 S10000
G0 F3600 X137.071 Y120.949
M204 S1000
G1 F1200 X148.15 Y132.028 E158.96691
M204 S10000
G0 F3600 X148.15 Y131.603
M204 S1000
G1 F1200 X137.496 Y120.949 E159.26759
M204 S10000
G0 F3600 X137.92 Y120.949
M204 S1000
G1 F1200 X148.15 Y131.179 E159.5563
M204 S10000
G0 F3600 X148.15 Y130.755
M204 S1000
G1 F1200 X138.344 Y120.949 E159.83305
M204 S10000
G0 F3600 X138.768 Y120.949
M204 S1000
G1 F1200 X148.15 Y130.331 E160.09783
M204 S10000
G0 F3600 X148.15 Y129.906
M204 S1000
G1 F1200 X139.193 Y120.949 E160.35061
M204 S10000
G0 F3600 X139.617 Y120.949
M204 S1000
G1 F1200 X148.15 Y129.482 E160.59143
M204 S10000
G0 F3600 X148.15 Y129.058
M204 S1000
G1 F1200 X140.041 Y120.949 E160.82029
M204 S10000
G0 F3600 X140.466 Y120.949
M204 S1000
G1 F1200 X148.15 Y128.634 E161.03716
M204 S10000
G0 F3600 X148.15 Y128.209
M204 S1000
G1 F1200 X140.89 Y120.949 E161.24205
M204 S10000
G0 F3600 X141.314 Y120.949
M204 S1000
G1 F1200 X148.15 Y127.785 E161.43498
M204 S10000
G0 F3600 X148.15 Y127.361
M204 S1000
G1 F1200 X141.738 Y120.949 E161.61594
M204 S10000
G0 F3600 X142.163 Y120.949
M204 S1000
G1 F1200 X148.15 Y126.936 E161.78491
M204 S10000
G0 F3600 X148.15 Y126.512
M204 S1000
G1 F1200 X142.587 Y120.949 E161.94191
M204 S10000
G0 F3600 X143.011 Y120.949
M204 S1000
G1 F1200 X148.15 Y126.088 E162.08694
M204 S10000
G0 F3600 X148.15 Y125.664
M204 S1000
G1 F1200 X143.435 Y120.949 E162.22001
M204 S10000
G0 F3600 X143.86 Y120.949
M204 S1000
G1 F1200 X148.15 Y125.239 E162.34108
M204 S10000
G0 F3600 X148.15 Y124.815
M204 S1000
G1 F1200 X144.284 Y120.949 E162.45019
M204 S10000
G0 F3600 X144.708 Y120.949
M204 S1000
G1 F1200 X148.15 Y124.391 E162.54733
M204 S10000
G0 F3600 X148.15 Y123.967
M204 S1000
G1 F1200 X145.132 Y120.949 E162.6325
M204 S10000
G0 F3600 X145.557 Y120.949
M204 S1000
G1 F1200 X148.15 Y123.542 E162.70568
M204 S10000
G0 F3600 X148.15 Y123.118
M204 S1000
G1 F1200 X145.981 Y120.949 E162.7669
M204 S10000
G0 F3600 X146.405 Y120.949
M204 S1000
G1 F1200 X148.15 Y122.694 E162.81614
M204 S10000
G0 F3600 X148.15 Y122.27
M204 S1000
G1 F1200 X146.83 Y120.949 E162.85341
M204 S10000
G0 F3600 X147.254 Y120.949
M204 S1000
G1 F1200 X148.15 Y121.845 E162.8787
M204 S10000
G0 F3600 X148.15 Y121.421
M204 S1000
G1 F1200 X147.678 Y120.949 E162.89202
M204 S10000
G0 F3600 X148.102 Y120.949
M204 S1000
G1 F1200 X148.15 Y120.997 E162.89337
M204 S10000
G0 F3600 X148.57 Y120.997
G1 F3000 E156.89337
;MESH:Lid_front_panel.stl
G0 F3600 X149.25 Y179.469
G0 X151.6 Y179.469
G0 X152.281 Y179.469
M204 S1000
;TYPE:WALL-INNER
G1 F3000 E162.89337
G1 F1200 X169.419 Y179.469 E163.23538
G1 X169.419 Y153.45 E163.75462
G1 X168.35 Y153.45 E163.77595
G1 X168.031 Y153.401 E163.78239
G1 X167.686 Y153.215 E163.79021
G1 X167.423 Y152.928 E163.79798
G1 X167.3 Y152.534 E163.80622
G1 X167.304 Y147.507 E163.90654
G1 X167.335 Y147.327 E163.91018
G1 X167.516 Y146.932 E163.91885
G1 X167.822 Y146.691 E163.92663
G1 X168.031 Y146.599 E163.93118
G1 X168.35 Y146.55 E163.93763
G1 X169.42 Y146.55 E163.95898
G1 X169.42 Y120.53 E164.47824
G1 X152.28 Y120.53 E164.82028
G1 X152.281 Y179.469 E165.99647
M204 S10000
G0 F3600 X151.981 Y179.769
M204 S1000
G1 F1200 X169.719 Y179.769 E166.35046
G1 X169.719 Y153.15 E166.88167
G1 X168.35 Y153.15 E166.90899
G1 X168.122 Y153.115 E166.91359
G1 X167.81 Y152.922 E166.92091
G1 X167.644 Y152.656 E166.92717
G1 X167.602 Y152.466 E166.93105
G1 X167.602 Y147.534 E167.02947
G1 X167.644 Y147.344 E167.03336
G1 X167.81 Y147.078 E167.03961
G1 X168.122 Y146.885 E167.04694
G1 X168.35 Y146.85 E167.05154
G1 X169.72 Y146.85 E167.07888
G1 X169.72 Y120.23 E167.61011
G1 X151.98 Y120.23 E167.96413
G1 X151.981 Y179.769 E169.1523
M204 S10000
G0 F3600 X151.681 Y180.069
M204 S1000
G1 F1200 X170.019 Y180.069 E169.51825
G1 X170.019 Y152.85 E170.06144
G1 X168.35 Y152.85 E170.09474
G1 X168.124 Y152.79 E170.09941
G1 X167.977 Y152.654 E170.1034
G1 X167.901 Y152.44 E170.10794
G1 X167.901 Y147.56 E170.20532
G1 X167.977 Y147.346 E170.20985
G1 X168.065 Y147.251 E170.21244
G1 X168.252 Y147.15 E170.21668
G1 X170.02 Y147.15 E170.25196
G1 X170.02 Y119.93 E170.79517
G1 X151.68 Y119.93 E171.16116
G1 X151.681 Y180.069 E172.3613
M204 S10000
G0 F3600 X151.431 Y180.319
M204 S1000
;TYPE:WALL-OUTER
G1 F1200 X170.269 Y180.319 E172.73723
G1 X170.269 Y152.6 E173.2904
G1 X168.306 Y152.6 E173.32957
G1 X168.15 Y152.454 E173.33383
G1 X168.153 Y147.565 E173.4314
G1 X168.223 Y147.444 E173.43419
G1 X168.306 Y147.4 E173.43606
G1 X170.27 Y147.4 E173.47526
G1 X170.27 Y119.68 E174.02844
G1 X151.43 Y119.68 E174.40441
G1 X151.431 Y180.319 E175.61453
M204 S10000
G0 F3600 X151.631 Y180.319
G0 X151.631 Y180.069
G0 X152.551 Y179.419
G0 X152.551 Y179.199
M204 S1000
;TYPE:SKIN
G1 F1200 X152.55 Y120.8 E176.77994
G1 X169.15 Y120.8 E177.11121
G1 X169.15 Y146.28 E177.6197
G1 X168.331 Y146.281 E177.63604
G1 X167.967 Y146.336 E177.64339
G1 X167.673 Y146.467 E177.64981
G1 X167.314 Y146.752 E177.65896
G1 X167.105 Y147.155 E177.66802
G1 X167.034 Y147.476 E177.67458
G1 X167.034 Y152.524 E177.77531
G1 X167.11 Y152.86 E177.78219
G1 X167.312 Y153.217 E177.79038
G1 X167.589 Y153.497 E177.79823
G1 X167.966 Y153.664 E177.80646
G1 X168.331 Y153.719 E177.81383
G1 X169.149 Y153.72 E177.83015
G1 X169.149 Y179.199 E178.33861
G1 X152.551 Y179.199 E178.66985
M204 S10000
G0 F3600 X152.743 Y179.047
M204 S1000
G1 F1200 X152.7 Y179.004 E178.67106
M204 S10000
G0 F3600 X152.7 Y178.58
M204 S1000
G1 F1200 X153.167 Y179.047 E178.68424
M204 S10000
G0 F3600 X153.592 Y179.047
M204 S1000
G1 F1200 X152.7 Y178.156 E178.7094
M204 S10000
G0 F3600 X152.7 Y177.731
M204 S1000
G1 F1200 X154.016 Y179.047 E178.74654
M204 S10000
G0 F3600 X154.44 Y179.047
M204 S1000
G1 F1200 X152.7 Y177.307 E178.79565
M204 S10000
G0 F3600 X152.7 Y176.883
M204 S1000
G1 F1200 X154.864 Y179.047 E178.85672
M204 S10000
G0 F3600 X155.289 Y179.047
M204 S1000
G1 F1200 X152.7 Y176.459 E178.92977
M204 S10000
G0 F3600 X152.7 Y176.034
M204 S1000
G1 F1200 X155.713 Y179.047 E179.01481
M204 S10000
G0 F3600 X156.137 Y179.047
M204 S1000
G1 F1200 X152.7 Y175.61 E179.1118
M204 S10000
G0 F3600 X152.7 Y175.186
M204 S1000
G1 F1200 X156.561 Y179.047 E179.22077
M204 S10000
G0 F3600 X156.986 Y179.047
M204 S1000
G1 F1200 X152.7 Y174.762 E179.34172
M204 S10000
G0 F3600 X152.7 Y174.337
M204 S1000
G1 F1200 X157.41 Y179.047 E179.47464
M204 S10000
G0 F3600 X157.834 Y179.047
M204 S1000
G1 F1200 X152.7 Y173.913 E179.61954
M204 S10000
G0 F3600 X152.7 Y173.489
M204 S1000
G1 F1200 X158.258 Y179.047 E179.77639
M204 S10000
G0 F3600 X158.683 Y179.047
M204 S1000
G1 F1200 X152.7 Y173.065 E179.94523
M204 S10000
G0 F3600 X152.7 Y172.64
M204 S1000
G1 F1200 X159.107 Y179.047 E180.12605
M204 S10000
G0 F3600 X159.531 Y179.047
M204 S1000
G1 F1200 X152.7 Y172.216 E180.31884
M204 S10000
G0 F3600 X152.7 Y171.792
M204 S1000
G1 F1200 X159.956 Y179.047 E180.5236
M204 S10000
G0 F3600 X160.38 Y179.047
M204 S1000
G1 F1200 X152.7 Y171.368 E180.74034
M204 S10000
G0 F3600 X152.7 Y170.943
M204 S1000
G1 F1200 X160.804 Y179.047 E180.96905
M204 S10000
G0 F3600 X161.228 Y179.047
M204 S1000
G1 F1200 X152.7 Y170.519 E181.20973
M204 S10000
G0 F3600 X152.7 Y170.095
M204 S1000
G1 F1200 X161.653 Y179.047 E181.46239
M204 S10000
G0 F3600 X162.077 Y179.047
M204 S1000
G1 F1200 X152.7 Y169.67 E181.72703
M204 S10000
G0 F3600 X152.7 Y169.246
M204 S1000
G1 F1200 X162.501 Y179.047 E182.00363
M204 S10000
G0 F3600 X162.925 Y179.047
M204 S1000
G1 F1200 X152.7 Y168.822 E182.2922
M204 S10000
G0 F3600 X152.7 Y168.398
M204 S1000
G1 F1200 X163.35 Y179.047 E182.59275
M204 S10000
G0 F3600 X163.774 Y179.047
M204 S1000
G1 F1200 X152.7 Y167.973 E182.90529
M204 S10000
G0 F3600 X152.7 Y167.549
M204 S1000
G1 F1200 X164.198 Y179.047 E183.22978
M204 S10000
G0 F3600 X164.622 Y179.047
M204 S1000
G1 F1200 X152.7 Y167.125 E183.56625
M204 S10000
G0 F3600 X152.7 Y166.701
M204 S1000
G1 F1200 X165.047 Y179.047 E183.91469
M204 S10000
G0 F3600 X165.471 Y179.047
M204 S1000
G1 F1200 X152.7 Y166.276 E184.27512
M204 S10000
G0 F3600 X152.7 Y165.852
M204 S1000
G1 F1200 X165.895 Y179.047 E184.64751
M204 S10000
G0 F3600 X166.32 Y179.047
M204 S1000
G1 F1200 X152.7 Y165.428 E185.03188
M204 S10000
G0 F3600 X152.7 Y165.004
M204 S1000
G1 F1200 X166.744 Y179.047 E185.42822
M204 S10000
G0 F3600 X167.168 Y179.047
M204 S1000
G1 F1200 X152.7 Y164.579 E185.83654
M204 S10000
G0 F3600 X152.7 Y164.155
M204 S1000
G1 F1200 X167.592 Y179.047 E186.25682
M204 S10000
G0 F3600 X168.017 Y179.047
M204 S1000
G1 F1200 X152.7 Y163.731 E186.68909
M204 S10000
G0 F3600 X152.7 Y163.307
M204 S1000
G1 F1200 X168.441 Y179.047 E187.13332
M204 S10000
G0 F3600 X168.865 Y179.047
M204 S1000
G1 F1200 X152.7 Y162.882 E187.58953
M204 S10000
G0 F3600 X152.7 Y162.458
M204 S1000
G1 F1200 X168.999 Y178.757 E188.04952
M204 S10000
G0 F3600 X168.999 Y178.333
M204 S1000
G1 F1200 X152.7 Y162.034 E188.50952
M204 S10000
G0 F3600 X152.7 Y161.609
M204 S1000
G1 F1200 X168.999 Y177.908 E188.96951
M204 S10000
G0 F3600 X168.999 Y177.484
M204 S1000
G1 F1200 X152.7 Y161.185 E189.4295
M204 S10000
G0 F3600 X152.7 Y160.761
M204 S1000
G1 F1200 X168.999 Y177.06 E189.8895
M204 S10000
G0 F3600 X168.999 Y176.635
M204 S1000
G1 F1200 X152.7 Y160.337 E190.34947
M204 S10000
G0 F3600 X152.7 Y159.912
M204 S1000
G1 F1200 X168.999 Y176.211 E190.80947
M204 S10000
G0 F3600 X168.999 Y175.787
M204 S1000
G1 F1200 X152.699 Y159.487 E191.26949
M204 S10000
G0 F3600 X152.699 Y159.063
M204 S1000
G1 F1200 X168.999 Y175.363 E191.72951
M204 S10000
G0 F3600 X168.999 Y174.938
M204 S1000
G1 F1200 X152.699 Y158.639 E192.18952
M204 S10000
G0 F3600 X152.699 Y158.215
M204 S1000
G1 F1200 X168.999 Y174.514 E192.64952
M204 S10000
G0 F3600 X168.999 Y174.09
M204 S1000
G1 F1200 X152.699 Y157.79 E193.10954
M204 S10000
G0 F3600 X152.699 Y157.366
M204 S1000
G1 F1200 X168.999 Y173.666 E193.56957
M204 S10000
G0 F3600 X168.999 Y173.241
M204 S1000
G1 F1200 X152.699 Y156.942 E194.02957
M204 S10000
G0 F3600 X152.699 Y156.518
M204 S1000
G1 F1200 X168.999 Y172.817 E194.48958
M204 S10000
G0 F3600 X168.999 Y172.393
M204 S1000
G1 F1200 X152.699 Y156.093 E194.9496
M204 S10000
G0 F3600 X152.699 Y155.669
M204 S1000
G1 F1200 X168.999 Y171.969 E195.40962
M204 S10000
G0 F3600 X168.999 Y171.544
M204 S1000
G1 F1200 X152.699 Y155.245 E195.86963
M204 S10000
G0 F3600 X152.699 Y154.821
M204 S1000
G1 F1200 X168.999 Y171.12 E196.32964
M204 S10000
G0 F3600 X168.999 Y170.696
M204 S1000
G1 F1200 X152.699 Y154.396 E196.78966
M204 S10000
G0 F3600 X152.699 Y153.972
M204 S1000
G1 F1200 X168.999 Y170.272 E197.24968
M204 S10000
G0 F3600 X168.999 Y169.847
M204 S1000
G1 F1200 X152.699 Y153.548 E197.70969
M204 S10000
G0 F3600 X152.699 Y153.123
M204 S1000
G1 F1200 X168.999 Y169.423 E198.16971
M204 S10000
G0 F3600 X168.999 Y168.999
M204 S1000
G1 F1200 X152.699 Y152.699 E198.62973
M204 S10000
G0 F3600 X152.699 Y152.275
M204 S1000
G1 F1200 X168.999 Y168.574 E199.08974
M204 S10000
G0 F3600 X168.999 Y168.15
M204 S1000
G1 F1200 X152.699 Y151.851 E199.54974
M204 S10000
G0 F3600 X152.699 Y151.426
M204 S1000
G1 F1200 X168.999 Y167.726 E200.00976
M204 S10000
G0 F3600 X168.999 Y167.302
M204 S1000
G1 F1200 X152.699 Y151.002 E200.46979
M204 S10000
G0 F3600 X152.699 Y150.578
M204 S1000
G1 F1200 X168.999 Y166.877 E200.92979
M204 S10000
G0 F3600 X168.998 Y166.452
M204 S1000
G1 F1200 X152.699 Y150.154 E201.38977
M204 S10000
G0 F3600 X152.699 Y149.729
M204 S1000
G1 F1200 X168.998 Y166.028 E201.84976
M204 S10000
G0 F3600 X168.998 Y165.604
M204 S1000
G1 F1200 X152.699 Y149.305 E202.30976
M204 S10000
G0 F3600 X152.699 Y148.881
M204 S1000
G1 F1200 X168.998 Y165.18 E202.76975
M204 S10000
G0 F3600 X168.998 Y164.755
M204 S1000
G1 F1200 X152.699 Y148.457 E203.22973
M204 S10000
G0 F3600 X152.699 Y148.032
M204 S1000
G1 F1200 X168.998 Y164.331 E203.68972
M204 S10000
G0 F3600 X168.998 Y163.907
M204 S1000
G1 F1200 X152.699 Y147.608 E204.14972
M204 S10000
G0 F3600 X152.699 Y147.184
M204 S1000
G1 F1200 X168.998 Y163.483 E204.60971
M204 S10000
G0 F3600 X168.998 Y163.058
M204 S1000
G1 F1200 X152.699 Y146.76 E205.06969
M204 S10000
G0 F3600 X152.699 Y146.335
M204 S1000
G1 F1200 X168.998 Y162.634 E205.52968
M204 S10000
G0 F3600 X168.998 Y162.21
M204 S1000
G1 F1200 X152.699 Y145.911 E205.98967
M204 S10000
G0 F3600 X152.699 Y145.487
M204 S1000
G1 F1200 X168.998 Y161.786 E206.44967
M204 S10000
G0 F3600 X168.998 Y161.361
M204 S1000
G1 F1200 X152.699 Y145.062 E206.90966
M204 S10000
G0 F3600 X152.699 Y144.638
M204 S1000
G1 F1200 X168.998 Y160.937 E207.36965
M204 S10000
G0 F3600 X168.998 Y160.513
M204 S1000
G1 F1200 X152.699 Y144.214 E207.82965
M204 S10000
G0 F3600 X152.699 Y143.79
M204 S1000
G1 F1200 X168.998 Y160.088 E208.28962
M204 S10000
G0 F3600 X168.998 Y159.664
M204 S1000
G1 F1200 X152.699 Y143.365 E208.74962
M204 S10000
G0 F3600 X152.699 Y142.941
M204 S1000
G1 F1200 X168.998 Y159.24 E209.20961
M204 S10000
G0 F3600 X168.998 Y158.816
M204 S1000
G1 F1200 X152.699 Y142.517 E209.6696
M204 S10000
G0 F3600 X152.699 Y142.093
M204 S1000
G1 F1200 X168.998 Y158.391 E210.12958
M204 S10000
G0 F3600 X168.998 Y157.967
M204 S1000
G1 F1200 X152.699 Y141.668 E210.58957
M204 S10000
G0 F3600 X152.699 Y141.244
M204 S1000
G1 F1200 X168.998 Y157.543 E211.04957
M204 S10000
G0 F3600 X168.998 Y157.119
M204 S1000
G1 F1200 X152.699 Y140.82 E211.50956
M204 S10000
G0 F3600 X152.699 Y140.396
M204 S1000
G1 F1200 X168.998 Y156.694 E211.96954
M204 S10000
G0 F3600 X168.998 Y156.27
M204 S1000
G1 F1200 X152.699 Y139.971 E212.42953
M204 S10000
G0 F3600 X152.699 Y139.546
M204 S1000
G1 F1200 X168.998 Y155.846 E212.88954
M204 S10000
G0 F3600 X168.998 Y155.422
M204 S1000
G1 F1200 X152.699 Y139.122 E213.34955
M204 S10000
G0 F3600 X152.699 Y138.698
M204 S1000
G1 F1200 X167.039 Y153.038 E213.75425
M204 S10000
G0 F3600 X166.884 Y152.459
M204 S1000
G1 F1200 X152.699 Y138.274 E214.15458
M204 S10000
G0 F3600 X152.699 Y137.849
M204 S1000
G1 F1200 X166.884 Y152.035 E214.55493
M204 S10000
G0 F3600 X166.884 Y151.61
M204 S1000
G1 F1200 X152.699 Y137.425 E214.95526
M204 S10000
G0 F3600 X152.699 Y137.001
M204 S1000
G1 F1200 X166.884 Y151.186 E215.35559
M204 S10000
G0 F3600 X166.884 Y150.762
M204 S1000
G1 F1200 X152.699 Y136.576 E215.75594
M204 S10000
G0 F3600 X152.699 Y136.152
M204 S1000
G1 F1200 X166.884 Y150.337 E216.15627
M204 S10000
G0 F3600 X166.884 Y149.913
M204 S1000
G1 F1200 X152.699 Y135.728 E216.5566
M204 S10000
G0 F3600 X152.699 Y135.304
M204 S1000
G1 F1200 X166.884 Y149.489 E216.95693
M204 S10000
G0 F3600 X166.884 Y149.065
M204 S1000
G1 F1200 X152.699 Y134.879 E217.35728
M204 S10000
G0 F3600 X152.699 Y134.455
M204 S1000
G1 F1200 X166.884 Y148.64 E217.75761
M204 S10000
G0 F3600 X166.884 Y148.216
M204 S1000
G1 F1200 X152.699 Y134.031 E218.15794
M204 S10000
G0 F3600 X152.699 Y133.607
M204 S1000
G1 F1200 X166.884 Y147.792 E218.55827
M204 S10000
G0 F3600 X166.901 Y147.385
M204 S1000
G1 F1200 X152.699 Y133.182 E218.9591
M204 S10000
G0 F3600 X152.699 Y132.758
M204 S1000
G1 F1200 X166.991 Y147.05 E219.36245
M204 S10000
G0 F3600 X167.134 Y146.769
M204 S1000
G1 F1200 X152.699 Y132.334 E219.76983
M204 S10000
G0 F3600 X152.699 Y131.91
M204 S1000
G1 F1200 X167.332 Y146.543 E220.18281
M204 S10000
G0 F3600 X167.57 Y146.356
M204 S1000
G1 F1200 X152.699 Y131.485 E220.6025
M204 S10000
G0 F3600 X152.699 Y131.061
M204 S1000
G1 F1200 X167.853 Y146.215 E221.03018
M204 S10000
G0 F3600 X168.209 Y146.147
M204 S1000
G1 F1200 X152.699 Y130.637 E221.46791
M204 S10000
G0 F3600 X152.699 Y130.213
M204 S1000
G1 F1200 X168.617 Y146.131 E221.91715
M204 S10000
G0 F3600 X168.999 Y146.088
M204 S1000
G1 F1200 X152.699 Y129.788 E222.37717
M204 S10000
G0 F3600 X152.699 Y129.364
M204 S1000
G1 F1200 X168.999 Y145.664 E222.83719
M204 S10000
G0 F3600 X168.999 Y145.24
M204 S1000
G1 F1200 X152.699 Y128.94 E223.29721
M204 S10000
G0 F3600 X152.699 Y128.515
M204 S1000
G1 F1200 X168.999 Y144.816 E223.75724
M204 S10000
G0 F3600 X168.999 Y144.391
M204 S1000
G1 F1200 X152.699 Y128.091 E224.21727
M204 S10000
G0 F3600 X152.699 Y127.667
M204 S1000
G1 F1200 X168.999 Y143.967 E224.67729
M204 S10000
G0 F3600 X168.999 Y143.543
M204 S1000
G1 F1200 X152.699 Y127.243 E225.13731
M204 S10000
G0 F3600 X152.699 Y126.818
M204 S1000
G1 F1200 X168.999 Y143.119 E225.59734
M204 S10000
G0 F3600 X168.999 Y142.694
M204 S1000
G1 F1200 X152.699 Y126.394 E226.05737
M204 S10000
G0 F3600 X152.699 Y125.97
M204 S1000
G1 F1200 X168.999 Y142.27 E226.51739
M204 S10000
G0 F3600 X168.999 Y141.846
M204 S1000
G1 F1200 X152.699 Y125.546 E226.97741
M204 S10000
G0 F3600 X152.699 Y125.121
M204 S1000
G1 F1200 X168.999 Y141.422 E227.43744
M204 S10000
G0 F3600 X168.999 Y140.997
M204 S1000
G1 F1200 X152.699 Y124.697 E227.89746
M204 S10000
G0 F3600 X152.699 Y124.273
M204 S1000
G1 F1200 X168.999 Y140.573 E228.35749
M204 S10000
G0 F3600 X168.999 Y140.149
M204 S1000
G1 F1200 X152.699 Y123.849 E228.81751
M204 S10000
G0 F3600 X152.699 Y123.424
M204 S1000
G1 F1200 X168.999 Y139.725 E229.27754
M204 S10000
G0 F3600 X168.999 Y139.3
M204 S1000
G1 F1200 X152.699 Y123 E229.73756
M204 S10000
G0 F3600 X152.699 Y122.576
M204 S1000
G1 F1200 X168.999 Y138.876 E230.19758
M204 S10000
G0 F3600 X168.999 Y138.452
M204 S1000
G1 F1200 X152.699 Y122.151 E230.65762
M204 S10000
G0 F3600 X152.699 Y121.727
M204 S1000
G1 F1200 X168.999 Y138.027 E231.11764
M204 S10000
G0 F3600 X168.999 Y137.603
M204 S1000
G1 F1200 X152.699 Y121.303 E231.57766
M204 S10000
G0 F3600 X152.769 Y120.949
M204 S1000
G1 F1200 X168.999 Y137.179 E232.03571
M204 S10000
G0 F3600 X168.999 Y136.755
M204 S1000
G1 F1200 X153.193 Y120.949 E232.48179
M204 S10000
G0 F3600 X153.618 Y120.949
M204 S1000
G1 F1200 X168.999 Y136.33 E232.91587
M204 S10000
G0 F3600 X168.999 Y135.906
M204 S1000
G1 F1200 X154.042 Y120.949 E233.33799
M204 S10000
G0 F3600 X154.466 Y120.949
M204 S1000
G1 F1200 X168.999 Y135.482 E233.74814
M204 S10000
G0 F3600 X168.999 Y135.058
M204 S1000
G1 F1200 X154.891 Y120.949 E234.14632
M204 S10000
G0 F3600 X155.315 Y120.949
M204 S1000
G1 F1200 X168.999 Y134.633 E234.53251
M204 S10000
G0 F3600 X168.999 Y134.209
M204 S1000
G1 F1200 X155.739 Y120.949 E234.90673
M204 S10000
G0 F3600 X156.163 Y120.949
M204 S1000
G1 F1200 X168.999 Y133.785 E235.26899
M204 S10000
G0 F3600 X168.999 Y133.361
M204 S1000
G1 F1200 X156.588 Y120.949 E235.61927
M204 S10000
G0 F3600 X157.012 Y120.949
M204 S1000
G1 F1200 X168.999 Y132.936 E235.95757
M204 S10000
G0 F3600 X168.999 Y132.512
M204 S1000
G1 F1200 X157.436 Y120.949 E236.2839
M204 S10000
G0 F3600 X157.86 Y120.949
M204 S1000
G1 F1200 X168.999 Y132.088 E236.59827
M204 S10000
G0 F3600 X168.999 Y131.663
M204 S1000
G1 F1200 X158.285 Y120.949 E236.90064
M204 S10000
G0 F3600 X158.709 Y120.949
M204 S1000
G1 F1200 X168.999 Y131.239 E237.19105
M204 S10000
G0 F3600 X168.999 Y130.815
M204 S1000
G1 F1200 X159.133 Y120.949 E237.46949
M204 S10000
G0 F3600 X159.557 Y120.949
M204 S1000
G1 F1200 X168.999 Y130.391 E237.73596
M204 S10000
G0 F3600 X168.999 Y129.966
M204 S1000
G1 F1200 X159.982 Y120.949 E237.99044
M204 S10000
G0 F3600 X160.406 Y120.949
M204 S1000
G1 F1200 X168.999 Y129.542 E238.23296
M204 S10000
G0 F3600 X168.999 Y129.118
M204 S1000
G1 F1200 X160.83 Y120.949 E238.4635
M204 S10000
G0 F3600 X161.254 Y120.949
M204 S1000
G1 F1200 X168.999 Y128.694 E238.68208
M204 S10000
G0 F3600 X168.999 Y128.269
M204 S1000
G1 F1200 X161.679 Y120.949 E238.88867
M204 S10000
G0 F3600 X162.103 Y120.949
M204 S1000
G1 F1200 X168.999 Y127.845 E239.08329
M204 S10000
G0 F3600 X168.999 Y127.421
M204 S1000
G1 F1200 X162.527 Y120.949 E239.26594
M204 S10000
G0 F3600 X162.952 Y120.949
M204 S1000
G1 F1200 X168.999 Y126.997 E239.43662
M204 S10000
G0 F3600 X168.999 Y126.572
M204 S1000
G1 F1200 X163.376 Y120.949 E239.59531
M204 S10000
G0 F3600 X163.8 Y120.949
M204 S1000
G1 F1200 X168.999 Y126.148 E239.74204
M204 S10000
G0 F3600 X168.999 Y125.724
M204 S1000
G1 F1200 X164.224 Y120.949 E239.8768
M204 S10000
G0 F3600 X164.649 Y120.949
M204 S1000
G1 F1200 X168.999 Y125.3 E239.99958
M204 S10000
G0 F3600 X168.999 Y124.875
M204 S1000
G1 F1200 X165.073 Y120.949 E240.11038
M204 S10000
G0 F3600 X165.497 Y120.949
M204 S1000
G1 F1200 X168.999 Y124.451 E240.20921
M204 S10000
G0 F3600 X168.999 Y124.027
M204 S1000
G1 F1200 X165.921 Y120.949 E240.29608
M204 S10000
G0 F3600 X166.346 Y120.949
M204 S1000
G1 F1200 X168.999 Y123.602 E240.37095
M204 S10000
G0 F3600 X168.999 Y123.178
M204 S1000
G1 F1200 X166.77 Y120.949 E240.43386
M204 S10000
G0 F3600 X167.194 Y120.949
M204 S1000
G1 F1200 X168.999 Y122.754 E240.4848
M204 S10000
G0 F3600 X168.999 Y122.33
M204 S1000
G1 F1200 X167.618 Y120.949 E240.52378
M204 S10000
G0 F3600 X168.043 Y120.949
M204 S1000
G1 F1200 X168.999 Y121.905 E240.55076
M204 S10000
G0 F3600 X168.999 Y121.481
M204 S1000
G1 F1200 X168.467 Y120.949 E240.56577
M204 S10000
G0 F3600 X168.891 Y120.949
M204 S1000
G1 F1200 X168.999 Y121.057 E240.56882
M204 S10000
G1 F3000 E234.56882
G0 F3600 X169.37 Y121.057
G0 X169.298 Y146.428
G0 X167.572 Y146.822
G0 X167.572 Y153.178
G0 X167.88 Y153.389
G0 X167.729 Y153.728
M204 S1000
G1 F3000 E240.56882
G1 F1200 X168.998 Y154.997 E240.60463
M204 S10000
G0 F3600 X168.998 Y154.573
M204 S1000
G1 F1200 X168.288 Y153.863 E240.62467
M204 S10000
G0 F3600 X168.717 Y153.868
M204 S1000
G1 F1200 X168.998 Y154.149 E240.6326
M204 S10000
G0 F3600 X169.419 Y154.149
G1 F3000 E234.6326
;MESH:Lid_back_panel.stl
G0 F3600 X170.099 Y179.469
G0 X172.484 Y179.471
G0 X173.165 Y179.469
M204 S1000
;TYPE:WALL-INNER
G1 F3000 E240.6326
G1 F1200 X189.401 Y179.47 E240.95661
G1 X189.401 Y120.53 E242.13282
G1 X173.166 Y120.53 E242.45681
G1 X173.167 Y134.127 E242.72815
G1 X173.775 Y134.287 E242.7407
G1 X174.003 Y134.463 E242.74644
G1 X174.174 Y134.693 E242.75216
G1 X174.301 Y135.009 E242.75896
G1 X174.301 Y164.89 E243.35527
G1 X174.212 Y165.231 E243.3623
G1 X174.003 Y165.537 E243.36969
G1 X173.775 Y165.713 E243.37544
G1 X173.167 Y165.873 E243.38799
G1 X173.165 Y179.469 E243.65931
M204 S10000
G0 F3600 X172.865 Y179.769
M204 S1000
G1 F1200 X189.701 Y179.77 E243.99529
G1 X189.701 Y120.23 E245.18348
G1 X172.866 Y120.23 E245.51944
G1 X172.867 Y134.45 E245.80321
G1 X173.254 Y134.45 E245.81094
G1 X173.626 Y134.548 E245.81861
G1 X173.789 Y134.674 E245.82273
G1 X173.939 Y134.892 E245.82801
G1 X174.005 Y135.108 E245.83251
G1 X174.002 Y164.865 E246.42635
G1 X173.939 Y165.108 E246.43136
G1 X173.789 Y165.326 E246.43664
G1 X173.626 Y165.452 E246.44075
G1 X173.254 Y165.55 E246.44843
G1 X172.867 Y165.55 E246.45615
G1 X172.865 Y179.769 E246.7399
M204 S10000
G0 F3600 X172.565 Y180.069
M204 S1000
G1 F1200 X190.001 Y180.07 E247.08786
G1 X190.001 Y119.93 E248.28802
G1 X172.566 Y119.93 E248.63595
G1 X172.567 Y134.75 E248.9317
G1 X173.254 Y134.75 E248.94541
G1 X173.477 Y134.808 E248.95001
G1 X173.649 Y134.982 E248.95489
G1 X173.705 Y135.143 E248.95829
G1 X173.703 Y164.839 E249.55091
G1 X173.649 Y165.018 E249.55464
G1 X173.477 Y165.192 E249.55952
G1 X173.254 Y165.25 E249.56412
G1 X172.567 Y165.25 E249.57783
G1 X172.565 Y180.069 E249.87356
M204 S10000
G0 F3600 X172.315 Y180.319
M204 S1000
;TYPE:WALL-OUTER
G1 F1200 X190.251 Y180.32 E250.23149
G1 X190.251 Y119.68 E251.44163
G1 X172.316 Y119.68 E251.79954
G1 X172.317 Y135 E252.10527
G1 X173.336 Y135 E252.1256
G1 X173.452 Y135.165 E252.12963
G1 X173.452 Y164.835 E252.72172
G1 X173.336 Y165 E252.72575
G1 X172.317 Y165 E252.74608
G1 X172.315 Y180.319 E253.05179
M204 S10000
G0 F3600 X172.515 Y180.319
G0 X172.516 Y180.07
G0 X173.216 Y179.198
G0 X173.436 Y179.199
M204 S1000
;TYPE:SKIN
G1 F1200 X173.437 Y166.076 E253.31368
G1 X173.903 Y165.953 E253.32329
G1 X174.198 Y165.728 E253.3307
G1 X174.463 Y165.328 E253.34027
G1 X174.566 Y164.938 E253.34832
G1 X174.575 Y135.191 E253.94196
G1 X174.497 Y134.756 E253.95078
G1 X174.286 Y134.348 E253.95994
G1 X173.904 Y134.047 E253.96965
G1 X173.437 Y133.924 E253.97928
G1 X173.437 Y120.8 E254.24119
G1 X189.131 Y120.8 E254.55438
G1 X189.131 Y179.199 E255.71979
G1 X173.436 Y179.199 E256.03301
M204 S10000
G0 F3600 X173.956 Y179.047
M204 S1000
G1 F1200 X173.586 Y178.677 E256.04345
M204 S10000
G0 F3600 X173.586 Y178.253
M204 S1000
G1 F1200 X174.381 Y179.047 E256.06587
M204 S10000
G0 F3600 X174.805 Y179.047
M204 S1000
G1 F1200 X173.586 Y177.828 E256.10027
M204 S10000
G0 F3600 X173.586 Y177.404
M204 S1000
G1 F1200 X175.229 Y179.047 E256.14664
M204 S10000
G0 F3600 X175.653 Y179.047
M204 S1000
G1 F1200 X173.586 Y176.98 E256.20498
M204 S10000
G0 F3600 X173.586 Y176.556
M204 S1000
G1 F1200 X176.078 Y179.047 E256.27529
M204 S10000
G0 F3600 X176.502 Y179.047
M204 S1000
G1 F1200 X173.586 Y176.131 E256.35759
M204 S10000
G0 F3600 X173.586 Y175.707
M204 S1000
G1 F1200 X176.926 Y179.047 E256.45185
M204 S10000
G0 F3600 X177.35 Y179.047
M204 S1000
G1 F1200 X173.586 Y175.283 E256.55808
M204 S10000
G0 F3600 X173.586 Y174.859
M204 S1000
G1 F1200 X177.775 Y179.047 E256.67629
M204 S10000
G0 F3600 X178.199 Y179.047
M204 S1000
G1 F1200 X173.586 Y174.434 E256.80648
M204 S10000
G0 F3600 X173.586 Y174.01
M204 S1000
G1 F1200 X178.623 Y179.047 E256.94863
M204 S10000
G0 F3600 X179.047 Y179.047
M204 S1000
G1 F1200 X173.586 Y173.586 E257.10275
M204 S10000
G0 F3600 X173.586 Y173.161
M204 S1000
G1 F1200 X179.472 Y179.047 E257.26887
M204 S10000
G0 F3600 X179.896 Y179.047
M204 S1000
G1 F1200 X173.586 Y172.737 E257.44695
M204 S10000
G0 F3600 X173.586 Y172.313
M204 S1000
G1 F1200 X180.32 Y179.047 E257.637
M204 S10000
G0 F3600 X180.744 Y179.047
M204 S1000
G1 F1200 X173.586 Y171.889 E257.83901
M204 S10000
G0 F3600 X173.586 Y171.464
M204 S1000
G1 F1200 X181.169 Y179.047 E258.05302
M204 S10000
G0 F3600 X181.594 Y179.048
M204 S1000
G1 F1200 X173.586 Y171.04 E258.27902
M204 S10000
G0 F3600 X173.586 Y170.616
M204 S1000
G1 F1200 X182.018 Y179.048 E258.51699
M204 S10000
G0 F3600 X182.442 Y179.048
M204 S1000
G1 F1200 X173.586 Y170.192 E258.76693
M204 S10000
G0 F3600 X173.586 Y169.767
M204 S1000
G1 F1200 X182.867 Y179.048 E259.02886
M204 S10000
G0 F3600 X183.291 Y179.048
M204 S1000
G1 F1200 X173.586 Y169.343 E259.30275
M204 S10000
G0 F3600 X173.586 Y168.919
M204 S1000
G1 F1200 X183.715 Y179.048 E259.58862
M204 S10000
G0 F3600 X184.139 Y179.048
M204 S1000
G1 F1200 X173.586 Y168.495 E259.88644
M204 S10000
G0 F3600 X173.586 Y168.07
M204 S1000
G1 F1200 X184.564 Y179.048 E260.19627
M204 S10000
G0 F3600 X184.988 Y179.048
M204 S1000
G1 F1200 X173.586 Y167.646 E260.51806
M204 S10000
G0 F3600 X173.586 Y167.222
M204 S1000
G1 F1200 X185.412 Y179.048 E260.85181
M204 S10000
G0 F3600 X185.836 Y179.048
M204 S1000
G1 F1200 X173.586 Y166.798 E261.19753
M204 S10000
G0 F3600 X173.586 Y166.373
M204 S1000
G1 F1200 X186.261 Y179.048 E261.55525
M204 S10000
G0 F3600 X186.685 Y179.048
M204 S1000
G1 F1200 X173.778 Y166.141 E261.91951
M204 S10000
G0 F3600 X174.073 Y166.012
M204 S1000
G1 F1200 X187.109 Y179.048 E262.28742
M204 S10000
G0 F3600 X187.533 Y179.048
M204 S1000
G1 F1200 X174.311 Y165.825 E262.66058
M204 S10000
G0 F3600 X174.482 Y165.572
M204 S1000
G1 F1200 X187.958 Y179.048 E263.04091
M204 S10000
G0 F3600 X188.382 Y179.048
M204 S1000
G1 F1200 X174.625 Y165.291 E263.42916
M204 S10000
G0 F3600 X174.713 Y164.955
M204 S1000
G1 F1200 X188.806 Y179.048 E263.82689
M204 S10000
G0 F3600 X188.98 Y178.798
M204 S1000
G1 F1200 X174.714 Y164.532 E264.22951
M204 S10000
G0 F3600 X174.714 Y164.108
M204 S1000
G1 F1200 X188.98 Y178.374 E264.63213
M204 S10000
G0 F3600 X188.98 Y177.949
M204 S1000
G1 F1200 X174.714 Y163.683 E265.03475
M204 S10000
G0 F3600 X174.714 Y163.259
M204 S1000
G1 F1200 X188.98 Y177.525 E265.43736
M204 S10000
G0 F3600 X188.98 Y177.101
M204 S1000
G1 F1200 X174.714 Y162.835 E265.83998
M204 S10000
G0 F3600 X174.715 Y162.411
M204 S1000
G1 F1200 X188.98 Y176.676 E266.24257
M204 S10000
G0 F3600 X188.98 Y176.252
M204 S1000
G1 F1200 X174.715 Y161.987 E266.64516
M204 S10000
G0 F3600 X174.715 Y161.563
M204 S1000
G1 F1200 X188.98 Y175.828 E267.04775
M204 S10000
G0 F3600 X188.98 Y175.404
M204 S1000
G1 F1200 X174.715 Y161.139 E267.45034
M204 S10000
G0 F3600 X174.715 Y160.714
M204 S1000
G1 F1200 X188.98 Y174.979 E267.85293
M204 S10000
G0 F3600 X188.98 Y174.555
M204 S1000
G1 F1200 X174.715 Y160.29 E268.25551
M204 S10000
G0 F3600 X174.716 Y159.866
M204 S1000
G1 F1200 X188.98 Y174.131 E268.65809
M204 S10000
G0 F3600 X188.98 Y173.707
M204 S1000
G1 F1200 X174.716 Y159.442 E269.06066
M204 S10000
G0 F3600 X174.716 Y159.018
M204 S1000
G1 F1200 X188.98 Y173.282 E269.46323
M204 S10000
G0 F3600 X188.98 Y172.858
M204 S1000
G1 F1200 X174.716 Y158.594 E269.86579
M204 S10000
G0 F3600 X174.716 Y158.169
M204 S1000
G1 F1200 X188.98 Y172.434 E270.26836
M204 S10000
G0 F3600 X188.98 Y172.01
M204 S1000
G1 F1200 X174.716 Y157.745 E270.67094
M204 S10000
G0 F3600 X174.716 Y157.322
M204 S1000
G1 F1200 X188.98 Y171.585 E271.07348
M204 S10000
G0 F3600 X188.98 Y171.161
M204 S1000
G1 F1200 X174.716 Y156.897 E271.47604
M204 S10000
G0 F3600 X174.716 Y156.473
M204 S1000
G1 F1200 X188.98 Y170.737 E271.87861
M204 S10000
G0 F3600 X188.98 Y170.313
M204 S1000
G1 F1200 X174.716 Y156.049 E272.28117
M204 S10000
G0 F3600 X174.716 Y155.625
M204 S1000
G1 F1200 X188.98 Y169.888 E272.68371
M204 S10000
G0 F3600 X188.98 Y169.464
M204 S1000
G1 F1200 X174.716 Y155.2 E273.08627
M204 S10000
G0 F3600 X174.717 Y154.777
M204 S1000
G1 F1200 X188.98 Y169.04 E273.48881
M204 S10000
G0 F3600 X188.98 Y168.615
M204 S1000
G1 F1200 X174.717 Y154.352 E273.89134
M204 S10000
G0 F3600 X174.717 Y153.928
M204 S1000
G1 F1200 X188.98 Y168.191 E274.29387
M204 S10000
G0 F3600 X188.98 Y167.767
M204 S1000
G1 F1200 X174.717 Y153.504 E274.6964
M204 S10000
G0 F3600 X174.717 Y153.08
M204 S1000
G1 F1200 X188.98 Y167.343 E275.09894
M204 S10000
G0 F3600 X188.98 Y166.918
M204 S1000
G1 F1200 X174.717 Y152.655 E275.50147
M204 S10000
G0 F3600 X174.718 Y152.232
M204 S1000
G1 F1200 X188.98 Y166.494 E275.90397
M204 S10000
G0 F3600 X188.98 Y166.07
M204 S1000
G1 F1200 X174.718 Y151.808 E276.30648
M204 S10000
G0 F3600 X174.718 Y151.383
M204 S1000
G1 F1200 X188.98 Y165.646 E276.709
M204 S10000
G0 F3600 X188.98 Y165.221
M204 S1000
G1 F1200 X174.718 Y150.959 E277.1115
M204 S10000
G0 F3600 X174.718 Y150.535
M204 S1000
G1 F1200 X188.98 Y164.797 E277.51401
M204 S10000
G0 F3600 X188.98 Y164.373
M204 S1000
G1 F1200 X174.718 Y150.11 E277.91652
M204 S10000
G0 F3600 X174.719 Y149.687
M204 S1000
G1 F1200 X188.98 Y163.949 E278.31902
M204 S10000
G0 F3600 X188.98 Y163.524
M204 S1000
G1 F1200 X174.719 Y149.263 E278.72149
M204 S10000
G0 F3600 X174.719 Y148.838
M204 S1000
G1 F1200 X188.98 Y163.1 E279.12398
M204 S10000
G0 F3600 X188.98 Y162.676
M204 S1000
G1 F1200 X174.719 Y148.414 E279.52647
M204 S10000
G0 F3600 X174.719 Y147.99
M204 S1000
G1 F1200 X188.98 Y162.252 E279.92896
M204 S10000
G0 F3600 X188.98 Y161.827
M204 S1000
G1 F1200 X174.719 Y147.566 E280.33144
M204 S10000
G0 F3600 X174.719 Y147.142
M204 S1000
G1 F1200 X188.98 Y161.403 E280.73391
M204 S10000
G0 F3600 X188.98 Y160.979
M204 S1000
G1 F1200 X174.719 Y146.718 E281.13639
M204 S10000
G0 F3600 X174.719 Y146.294
M204 S1000
G1 F1200 X188.98 Y160.554 E281.53885
M204 S10000
G0 F3600 X188.98 Y160.13
M204 S1000
G1 F1200 X174.719 Y145.869 E281.94133
M204 S10000
G0 F3600 X174.719 Y145.445
M204 S1000
G1 F1200 X188.98 Y159.706 E282.34381
M204 S10000
G0 F3600 X188.98 Y159.282
M204 S1000
G1 F1200 X174.72 Y145.021 E282.74627
M204 S10000
G0 F3600 X174.72 Y144.597
M204 S1000
G1 F1200 X188.98 Y158.857 E283.14872
M204 S10000
G0 F3600 X188.98 Y158.433
M204 S1000
G1 F1200 X174.72 Y144.173 E283.55116
M204 S10000
G0 F3600 X174.72 Y143.749
M204 S1000
G1 F1200 X188.98 Y158.009 E283.95361
M204 S10000
G0 F3600 X188.98 Y157.585
M204 S1000
G1 F1200 X174.72 Y143.324 E284.35607
M204 S10000
G0 F3600 X174.72 Y142.9
M204 S1000
G1 F1200 X188.98 Y157.16 E284.75852
M204 S10000
G0 F3600 X188.98 Y156.736
M204 S1000
G1 F1200 X174.721 Y142.477 E285.16094
M204 S10000
G0 F3600 X174.721 Y142.052
M204 S1000
G1 F1200 X188.98 Y156.312 E285.56338
M204 S10000
G0 F3600 X188.98 Y155.888
M204 S1000
G1 F1200 X174.721 Y141.628 E285.96581
M204 S10000
G0 F3600 X174.721 Y141.204
M204 S1000
G1 F1200 X188.98 Y155.463 E286.36823
M204 S10000
G0 F3600 X188.98 Y155.039
M204 S1000
G1 F1200 X174.721 Y140.78 E286.77065
M204 S10000
G0 F3600 X174.721 Y140.355
M204 S1000
G1 F1200 X188.98 Y154.615 E287.17308
M204 S10000
G0 F3600 X188.98 Y154.19
M204 S1000
G1 F1200 X174.721 Y139.932 E287.57549
M204 S10000
G0 F3600 X174.721 Y139.507
M204 S1000
G1 F1200 X188.98 Y153.766 E287.97791
M204 S10000
G0 F3600 X188.98 Y153.342
M204 S1000
G1 F1200 X174.721 Y139.083 E288.38033
M204 S10000
G0 F3600 X174.721 Y138.659
M204 S1000
G1 F1200 X188.98 Y152.918 E288.78275
M204 S10000
G0 F3600 X188.98 Y152.493
M204 S1000
G1 F1200 X174.721 Y138.235 E289.18515
M204 S10000
G0 F3600 X174.721 Y137.81
M204 S1000
G1 F1200 X188.98 Y152.069 E289.58757
M204 S10000
G0 F3600 X188.98 Y151.645
M204 S1000
G1 F1200 X174.722 Y137.387 E289.98997
M204 S10000
G0 F3600 X174.722 Y136.963
M204 S1000
G1 F1200 X188.98 Y151.221 E290.39236
M204 S10000
G0 F3600 X188.98 Y150.796
M204 S1000
G1 F1200 X174.722 Y136.538 E290.79475
M204 S10000
G0 F3600 X174.722 Y136.114
M204 S1000
G1 F1200 X188.98 Y150.372 E291.19714
M204 S10000
G0 F3600 X188.98 Y149.948
M204 S1000
G1 F1200 X174.722 Y135.69 E291.59953
M204 S10000
G0 F3600 X174.722 Y135.265
M204 S1000
G1 F1200 X188.98 Y149.524 E292.00194
M204 S10000
G0 F3600 X188.98 Y149.099
M204 S1000
G1 F1200 X174.648 Y134.767 E292.40642
M204 S10000
G0 F3600 X174.29 Y134.828
G0 X173.629 Y134.201
G0 X173.724 Y133.843
M204 S1000
G1 F1200 X173.586 Y133.705 E292.41031
M204 S10000
G0 F3600 X173.586 Y133.281
M204 S1000
G1 F1200 X188.98 Y148.675 E292.84476
M204 S10000
G0 F3600 X188.98 Y148.251
M204 S1000
G1 F1200 X173.586 Y132.856 E293.27923
M204 S10000
G0 F3600 X173.586 Y132.432
M204 S1000
G1 F1200 X188.98 Y147.827 E293.7137
M204 S10000
G0 F3600 X188.98 Y147.402
M204 S1000
G1 F1200 X173.586 Y132.008 E294.14815
M204 S10000
G0 F3600 X173.586 Y131.584
M204 S1000
G1 F1200 X188.98 Y146.978 E294.5826
M204 S10000
G0 F3600 X188.98 Y146.554
M204 S1000
G1 F1200 X173.586 Y131.159 E295.01707
M204 S10000
G0 F3600 X173.586 Y130.735
M204 S1000
G1 F1200 X188.98 Y146.129 E295.45152
M204 S10000
G0 F3600 X188.98 Y145.705
M204 S1000
G1 F1200 X173.586 Y130.311 E295.88597
M204 S10000
G0 F3600 X173.586 Y129.887
M204 S1000
G1 F1200 X188.98 Y145.281 E296.32042
M204 S10000
G0 F3600 X188.98 Y144.857
M204 S1000
G1 F1200 X173.586 Y129.462 E296.75489
M204 S10000
G0 F3600 X173.586 Y129.038
M204 S1000
G1 F1200 X188.98 Y144.432 E297.18934
M204 S10000
G0 F3600 X188.98 Y144.008
M204 S1000
G1 F1200 X173.586 Y128.614 E297.62379
M204 S10000
G0 F3600 X173.586 Y128.189
M204 S1000
G1 F1200 X188.98 Y143.584 E298.05826
M204 S10000
G0 F3600 X188.98 Y143.16
M204 S1000
G1 F1200 X173.586 Y127.765 E298.49272
M204 S10000
G0 F3600 X173.586 Y127.341
M204 S1000
G1 F1200 X188.98 Y142.735 E298.92718
M204 S10000
G0 F3600 X188.98 Y142.311
M204 S1000
G1 F1200 X173.586 Y126.917 E299.36163
M204 S10000
G0 F3600 X173.586 Y126.492
M204 S1000
G1 F1200 X188.98 Y141.887 E299.79609
M204 S10000
G0 F3600 X188.98 Y141.463
M204 S1000
G1 F1200 X173.586 Y126.068 E300.23056
M204 S10000
G0 F3600 X173.586 Y125.644
M204 S1000
G1 F1200 X188.98 Y141.038 E300.66501
M204 S10000
G0 F3600 X188.98 Y140.614
M204 S1000
G1 F1200 X173.586 Y125.22 E301.09946
M204 S10000
G0 F3600 X173.586 Y124.795
M204 S1000
G1 F1200 X188.98 Y140.19 E301.53393
M204 S10000
G0 F3600 X188.98 Y139.766
M204 S1000
G1 F1200 X173.586 Y124.371 E301.9684
M204 S10000
G0 F3600 X173.586 Y123.947
M204 S1000
G1 F1200 X188.98 Y139.341 E302.40285
M204 S10000
G0 F3600 X188.98 Y138.917
M204 S1000
G1 F1200 X173.586 Y123.523 E302.8373
M204 S10000
G0 F3600 X173.586 Y123.098
M204 S1000
G1 F1200 X188.98 Y138.493 E303.27177
M204 S10000
G0 F3600 X188.98 Y138.068
M204 S1000
G1 F1200 X173.586 Y122.674 E303.70622
M204 S10000
G0 F3600 X173.586 Y122.25
M204 S1000
G1 F1200 X188.98 Y137.644 E304.14067
M204 S10000
G0 F3600 X188.98 Y137.22
M204 S1000
G1 F1200 X173.586 Y121.826 E304.57512
M204 S10000
G0 F3600 X173.586 Y121.401
M204 S1000
G1 F1200 X188.98 Y136.796 E305.00959
M204 S10000
G0 F3600 X188.98 Y136.371
M204 S1000
G1 F1200 X173.586 Y120.977 E305.44404
M204 S10000
G0 F3600 X173.983 Y120.95
M204 S1000
G1 F1200 X188.98 Y135.947 E305.86729
M204 S10000
G0 F3600 X188.98 Y135.523
M204 S1000
G1 F1200 X174.407 Y120.95 E306.27857
M204 S10000
G0 F3600 X174.832 Y120.95
M204 S1000
G1 F1200 X188.98 Y135.099 E306.67787
M204 S10000
G0 F3600 X188.98 Y134.674
M204 S1000
G1 F1200 X175.256 Y120.95 E307.06519
M204 S10000
G0 F3600 X175.68 Y120.95
M204 S1000
G1 F1200 X188.98 Y134.25 E307.44055
M204 S10000
G0 F3600 X188.98 Y133.826
M204 S1000
G1 F1200 X176.104 Y120.95 E307.80393
M204 S10000
G0 F3600 X176.529 Y120.95
M204 S1000
G1 F1200 X188.98 Y133.402 E308.15534
M204 S10000
G0 F3600 X188.98 Y132.977
M204 S1000
G1 F1200 X176.953 Y120.95 E308.49477
M204 S10000
G0 F3600 X177.377 Y120.95
M204 S1000
G1 F1200 X188.98 Y132.553 E308.82223
M204 S10000
G0 F3600 X188.98 Y132.129
M204 S1000
G1 F1200 X177.802 Y120.95 E309.13771
M204 S10000
G0 F3600 X178.226 Y120.95
M204 S1000
G1 F1200 X188.98 Y131.705 E309.44123
M204 S10000
G0 F3600 X188.98 Y131.28
M204 S1000
G1 F1200 X178.65 Y120.95 E309.73276
M204 S10000
G0 F3600 X179.074 Y120.95
M204 S1000
G1 F1200 X188.98 Y130.856 E310.01233
M204 S10000
G0 F3600 X188.98 Y130.432
M204 S1000
G1 F1200 X179.499 Y120.95 E310.27992
M204 S10000
G0 F3600 X179.923 Y120.95
M204 S1000
G1 F1200 X188.98 Y130.007 E310.53553
M204 S10000
G0 F3600 X188.98 Y129.583
M204 S1000
G1 F1200 X180.347 Y120.95 E310.77917
M204 S10000
G0 F3600 X180.771 Y120.95
M204 S1000
G1 F1200 X188.98 Y129.159 E311.01085
M204 S10000
G0 F3600 X188.98 Y128.735
M204 S1000
G1 F1200 X181.196 Y120.95 E311.23054
M204 S10000
G0 F3600 X181.62 Y120.95
M204 S1000
G1 F1200 X188.98 Y128.31 E311.43826
M204 S10000
G0 F3600 X188.98 Y127.886
M204 S1000
G1 F1200 X182.044 Y120.95 E311.63401
M204 S10000
G0 F3600 X182.468 Y120.95
M204 S1000
G1 F1200 X188.98 Y127.462 E311.81779
M204 S10000
G0 F3600 X188.98 Y127.038
M204 S1000
G1 F1200 X182.893 Y120.95 E311.98959
M204 S10000
G0 F3600 X183.317 Y120.95
M204 S1000
G1 F1200 X188.98 Y126.613 E312.14941
M204 S10000
G0 F3600 X188.98 Y126.189
M204 S1000
G1 F1200 X183.741 Y120.95 E312.29727
M204 S10000
G0 F3600 X184.165 Y120.95
M204 S1000
G1 F1200 X188.98 Y125.765 E312.43316
M204 S10000
G0 F3600 X188.98 Y125.341
M204 S1000
G1 F1200 X184.59 Y120.95 E312.55707
M204 S10000
G0 F3600 X185.014 Y120.95
M204 S1000
G1 F1200 X188.98 Y124.916 E312.669
M204 S10000
G0 F3600 X188.98 Y124.492
M204 S1000
G1 F1200 X185.438 Y120.95 E312.76896
M204 S10000
G0 F3600 X185.863 Y120.95
M204 S1000
G1 F1200 X188.98 Y124.068 E312.85694
M204 S10000
G0 F3600 X188.98 Y123.643
M204 S1000
G1 F1200 X186.287 Y120.95 E312.93294
M204 S10000
G0 F3600 X186.711 Y120.95
M204 S1000
G1 F1200 X188.98 Y123.219 E312.99698
M204 S10000
G0 F3600 X188.98 Y122.795
M204 S1000
G1 F1200 X187.135 Y120.95 E313.04905
M204 S10000
G0 F3600 X187.56 Y120.95
M204 S1000
G1 F1200 X188.98 Y122.371 E313.08914
M204 S10000
G0 F3600 X188.98 Y121.946
M204 S1000
G1 F1200 X187.984 Y120.95 E313.11725
M204 S10000
G0 F3600 X188.408 Y120.95
M204 S1000
G1 F1200 X188.98 Y121.522 E313.13339
M204 S10000
G0 F3600 X188.98 Y121.098
M204 S1000
G1 F1200 X188.832 Y120.95 E313.13757
M204 S10000
G0 F3600 X188.832 Y120.53
G1 F3000 E307.13757
;MESH:NONMESH
G0 F300 X188.832 Y120.53 Z0.36
G0 F3600 X172.479 Y119.844
G0 X107.368 Y117.206
;TIME_ELAPSED:843.347768
;LAYER:1
M106 S85
M204 S1000
;TYPE:SKIRT
G1 F3000 E313.13757
G1 F1200 X107.758 Y116.891 E313.15007
G1 X108.193 Y116.641 E313.16259
G1 X108.662 Y116.463 E313.1751
G1 X109.154 Y116.363 E313.18763
G1 X109.451 Y116.34 E313.19506
G1 X109.772 Y116.331 E313.20307
G1 X189.789 Y116.33 E315.1991
G1 X190.487 Y116.34 E315.21651
G1 X190.987 Y116.387 E315.22904
G1 X191.472 Y116.513 E315.24154
G1 X191.932 Y116.714 E315.25406
G1 X192.353 Y116.986 E315.26657
G1 X192.726 Y117.321 E315.27907
G1 X193.042 Y117.711 E315.2916
G1 X193.291 Y118.146 E315.3041
G1 X193.468 Y118.616 E315.31663
G1 X193.569 Y119.107 E315.32913
G1 X193.591 Y119.401 E315.33649
G1 X193.6 Y119.721 E315.34447
G1 X193.601 Y179.823 E316.84372
G1 X193.592 Y180.55 E316.86186
G1 X193.546 Y181.049 E316.87436
G1 X193.421 Y181.535 E316.88688
G1 X193.22 Y181.995 E316.8994
G1 X192.95 Y182.417 E316.9119
G1 X192.615 Y182.791 E316.92442
G1 X192.226 Y183.107 E316.93692
G1 X191.791 Y183.358 E316.94945
G1 X191.322 Y183.536 E316.96196
G1 X190.831 Y183.637 E316.97447
G1 X190.531 Y183.66 E316.98197
G1 X190.121 Y183.67 E316.9922
G1 X170.811 Y183.664 E317.47389
G1 X110.196 Y183.67 E318.98594
G1 X109.498 Y183.661 E319.00335
G1 X108.999 Y183.614 E319.01586
G1 X108.513 Y183.489 E319.02838
G1 X108.053 Y183.289 E319.04089
G1 X107.631 Y183.018 E319.0534
G1 X107.258 Y182.683 E319.0659
G1 X106.942 Y182.293 E319.07843
G1 X106.692 Y181.859 E319.09092
G1 X106.514 Y181.39 E319.10343
G1 X106.413 Y180.898 E319.11596
G1 X106.39 Y180.596 E319.12352
G1 X106.381 Y180.263 E319.13183
G1 X106.38 Y120.111 E320.63232
G1 X106.389 Y119.446 E320.64891
G1 X106.436 Y118.947 E320.66142
G1 X106.561 Y118.461 E320.67394
G1 X106.762 Y118.002 E320.68643
G1 X107.034 Y117.58 E320.69896
G1 X107.368 Y117.206 E320.71147
M204 S10000
G1 F3000 E314.71147
;MESH:Lid_side_panel_x2.stl(1)
G0 F6600 X110.91 Y120.86
G0 X127.418 Y120.832
G0 X127.54 Y179.29
M204 S1000
;TYPE:WALL-INNER
G1 F3000 E320.71147
G1 F1500 X127.54 Y120.71 E322.17275
G1 X110.76 Y120.71 E322.59133
G1 X110.76 Y179.29 E324.05261
G1 X127.54 Y179.29 E324.47119
M204 S10000
G0 F6600 X127.84 Y179.59
M204 S1000
G1 F1500 X127.84 Y120.41 E325.94744
G1 X110.46 Y120.41 E326.38099
G1 X110.46 Y179.59 E327.85724
G1 X127.84 Y179.59 E328.29079
M204 S10000
G0 F6600 X128.14 Y179.89
M204 S1000
G1 F1500 X128.14 Y120.11 E329.782
G1 X110.16 Y120.11 E330.23052
G1 X110.16 Y179.89 E331.72174
G1 X128.14 Y179.89 E332.17025
M204 S10000
G0 F6600 X128.39 Y180.14
M204 S1000
;TYPE:WALL-OUTER
G1 F1500 X128.39 Y119.86 E333.67394
G1 X109.91 Y119.86 E334.13493
G1 X109.91 Y180.14 E335.63862
G1 X128.39 Y180.14 E336.0996
M204 S10000
G0 F6600 X128.39 Y179.94
G0 X128.14 Y179.94
G0 X127.49 Y179.02
G0 X127.27 Y179.02
M204 S1000
;TYPE:SKIN
G1 F1200 X111.03 Y179.02 E336.50471
G1 X111.03 Y120.98 E337.95252
G1 X127.27 Y120.98 E338.35763
G1 X127.27 Y179.02 E339.80545
M204 S10000
G0 F6600 X127.024 Y178.869
M204 S1000
G1 F1200 X127.119 Y178.774 E339.8088
M204 S10000
G0 F6600 X127.119 Y178.35
M204 S1000
G1 F1200 X126.6 Y178.869 E339.82711
M204 S10000
G0 F6600 X126.176 Y178.869
M204 S1000
G1 F1200 X127.119 Y177.926 E339.86037
M204 S10000
G0 F6600 X127.119 Y177.502
M204 S1000
G1 F1200 X125.751 Y178.869 E339.90862
M204 S10000
G0 F6600 X125.327 Y178.869
M204 S1000
G1 F1200 X127.119 Y177.077 E339.97183
M204 S10000
G0 F6600 X127.119 Y176.653
M204 S1000
G1 F1200 X124.903 Y178.869 E340.05001
M204 S10000
G0 F6600 X124.479 Y178.869
M204 S1000
G1 F1200 X127.119 Y176.229 E340.14314
M204 S10000
G0 F6600 X127.119 Y175.805
M204 S1000
G1 F1200 X124.054 Y178.869 E340.25125
M204 S10000
G0 F6600 X123.63 Y178.869
M204 S1000
G1 F1200 X127.119 Y175.38 E340.37433
M204 S10000
G0 F6600 X127.119 Y174.956
M204 S1000
G1 F1200 X123.206 Y178.869 E340.51238
M204 S10000
G0 F6600 X122.782 Y178.869
M204 S1000
G1 F1200 X127.119 Y174.532 E340.66537
M204 S10000
G0 F6600 X127.119 Y174.108
M204 S1000
G1 F1200 X122.357 Y178.869 E340.83335
M204 S10000
G0 F6600 X121.933 Y178.869
M204 S1000
G1 F1200 X127.119 Y173.683 E341.0163
M204 S10000
G0 F6600 X127.119 Y173.259
M204 S1000
G1 F1200 X121.509 Y178.869 E341.21421
M204 S10000
G0 F6600 X121.084 Y178.869
M204 S1000
G1 F1200 X127.119 Y172.835 E341.42709
M204 S10000
G0 F6600 X127.119 Y172.411
M204 S1000
G1 F1200 X120.66 Y178.869 E341.65493
M204 S10000
G0 F6600 X120.236 Y178.869
M204 S1000
G1 F1200 X127.119 Y171.986 E341.89775
M204 S10000
G0 F6600 X127.119 Y171.562
M204 S1000
G1 F1200 X119.812 Y178.869 E342.15552
M204 S10000
G0 F6600 X119.387 Y178.869
M204 S1000
G1 F1200 X127.119 Y171.138 E342.42827
M204 S10000
G0 F6600 X127.119 Y170.713
M204 S1000
G1 F1200 X118.963 Y178.869 E342.716
M204 S10000
G0 F6600 X118.539 Y178.869
M204 S1000
G1 F1200 X127.119 Y170.289 E343.01868
M204 S10000
G0 F6600 X127.119 Y169.865
M204 S1000
G1 F1200 X118.115 Y178.869 E343.33632
M204 S10000
G0 F6600 X117.69 Y178.869
M204 S1000
G1 F1200 X127.119 Y169.441 E343.66894
M204 S10000
G0 F6600 X127.119 Y169.016
M204 S1000
G1 F1200 X117.266 Y178.869 E344.01653
M204 S10000
G0 F6600 X116.842 Y178.869
M204 S1000
G1 F1200 X127.119 Y168.592 E344.37908
M204 S10000
G0 F6600 X127.119 Y168.168
M204 S1000
G1 F1200 X116.418 Y178.869 E344.75658
M204 S10000
G0 F6600 X115.993 Y178.869
M204 S1000
G1 F1200 X127.119 Y167.744 E345.14906
M204 S10000
G0 F6600 X127.119 Y167.319
M204 S1000
G1 F1200 X115.569 Y178.869 E345.55652
M204 S10000
G0 F6600 X115.145 Y178.869
M204 S1000
G1 F1200 X127.119 Y166.895 E345.97894
M204 S10000
G0 F6600 X127.119 Y166.471
M204 S1000
G1 F1200 X114.721 Y178.869 E346.41631
M204 S10000
G0 F6600 X114.296 Y178.869
M204 S1000
G1 F1200 X127.119 Y166.047 E346.86866
M204 S10000
G0 F6600 X127.119 Y165.622
M204 S1000
G1 F1200 X113.872 Y178.869 E347.33598
M204 S10000
G0 F6600 X113.448 Y178.869
M204 S1000
G1 F1200 X127.119 Y165.198 E347.81826
M204 S10000
G0 F6600 X127.119 Y164.774
M204 S1000
G1 F1200 X113.023 Y178.869 E348.31552
M204 S10000
G0 F6600 X112.599 Y178.869
M204 S1000
G1 F1200 X127.119 Y164.35 E348.82774
M204 S10000
G0 F6600 X127.119 Y163.925
M204 S1000
G1 F1200 X112.175 Y178.869 E349.35493
M204 S10000
G0 F6600 X111.751 Y178.869
M204 S1000
G1 F1200 X127.119 Y163.501 E349.89707
M204 S10000
G0 F6600 X127.119 Y163.077
M204 S1000
G1 F1200 X111.326 Y178.869 E350.4542
M204 S10000
G0 F6600 X111.179 Y178.592
M204 S1000
G1 F1200 X127.119 Y162.652 E351.01652
M204 S10000
G0 F6600 X127.119 Y162.228
M204 S1000
G1 F1200 X111.179 Y178.168 E351.57885
M204 S10000
G0 F6600 X111.179 Y177.744
M204 S1000
G1 F1200 X127.119 Y161.804 E352.14118
M204 S10000
G0 F6600 X127.119 Y161.38
M204 S1000
G1 F1200 X111.179 Y177.319 E352.70348
M204 S10000
G0 F6600 X111.179 Y176.895
M204 S1000
G1 F1200 X127.119 Y160.955 E353.26581
M204 S10000
G0 F6600 X127.119 Y160.531
M204 S1000
G1 F1200 X111.179 Y176.471 E353.82814
M204 S10000
G0 F6600 X111.179 Y176.046
M204 S1000
G1 F1200 X127.119 Y160.107 E354.39045
M204 S10000
G0 F6600 X127.119 Y159.683
M204 S1000
G1 F1200 X111.179 Y175.622 E354.95276
M204 S10000
G0 F6600 X111.179 Y175.198
M204 S1000
G1 F1200 X127.119 Y159.258 E355.51508
M204 S10000
G0 F6600 X127.119 Y158.834
M204 S1000
G1 F1200 X111.179 Y174.774 E356.07741
M204 S10000
G0 F6600 X111.179 Y174.349
M204 S1000
G1 F1200 X127.119 Y158.41 E356.63972
M204 S10000
G0 F6600 X127.119 Y157.986
M204 S1000
G1 F1200 X111.179 Y173.925 E357.20203
M204 S10000
G0 F6600 X111.179 Y173.501
M204 S1000
G1 F1200 X127.119 Y157.561 E357.76435
M204 S10000
G0 F6600 X127.119 Y157.137
M204 S1000
G1 F1200 X111.179 Y173.077 E358.32668
M204 S10000
G0 F6600 X111.179 Y172.652
M204 S1000
G1 F1200 X127.119 Y156.713 E358.88899
M204 S10000
G0 F6600 X127.119 Y156.288
M204 S1000
G1 F1200 X111.179 Y172.228 E359.45131
M204 S10000
G0 F6600 X111.179 Y171.804
M204 S1000
G1 F1200 X127.119 Y155.864 E360.01364
M204 S10000
G0 F6600 X127.119 Y155.44
M204 S1000
G1 F1200 X111.179 Y171.38 E360.57597
M204 S10000
G0 F6600 X111.179 Y170.955
M204 S1000
G1 F1200 X127.119 Y155.016 E361.13828
M204 S10000
G0 F6600 X127.119 Y154.591
M204 S1000
G1 F1200 X111.179 Y170.531 E361.7006
M204 S10000
G0 F6600 X111.179 Y170.107
M204 S1000
G1 F1200 X127.119 Y154.167 E362.26293
M204 S10000
G0 F6600 X127.119 Y153.743
M204 S1000
G1 F1200 X111.179 Y169.683 E362.82526
M204 S10000
G0 F6600 X111.179 Y169.258
M204 S1000
G1 F1200 X127.119 Y153.319 E363.38757
M204 S10000
G0 F6600 X127.119 Y152.894
M204 S1000
G1 F1200 X111.179 Y168.834 E363.94989
M204 S10000
G0 F6600 X111.179 Y168.41
M204 S1000
G1 F1200 X127.119 Y152.47 E364.51222
M204 S10000
G0 F6600 X127.119 Y152.046
M204 S1000
G1 F1200 X111.179 Y167.985 E365.07453
M204 S10000
G0 F6600 X111.179 Y167.561
M204 S1000
G1 F1200 X127.119 Y151.622 E365.63684
M204 S10000
G0 F6600 X127.119 Y151.197
M204 S1000
G1 F1200 X111.179 Y167.137 E366.19916
M204 S10000
G0 F6600 X111.179 Y166.713
M204 S1000
G1 F1200 X127.119 Y150.773 E366.76149
M204 S10000
G0 F6600 X127.119 Y150.349
M204 S1000
G1 F1200 X111.179 Y166.288 E367.3238
M204 S10000
G0 F6600 X111.179 Y165.864
M204 S1000
G1 F1200 X127.119 Y149.925 E367.88611
M204 S10000
G0 F6600 X127.119 Y149.5
M204 S1000
G1 F1200 X111.179 Y165.44 E368.44843
M204 S10000
G0 F6600 X111.179 Y165.016
M204 S1000
G1 F1200 X127.119 Y149.076 E369.01076
M204 S10000
G0 F6600 X127.119 Y148.652
M204 S1000
G1 F1200 X111.179 Y164.591 E369.57307
M204 S10000
G0 F6600 X111.179 Y164.167
M204 S1000
G1 F1200 X127.119 Y148.227 E370.1354
M204 S10000
G0 F6600 X127.119 Y147.803
M204 S1000
G1 F1200 X111.179 Y163.743 E370.69772
M204 S10000
G0 F6600 X111.179 Y163.319
M204 S1000
G1 F1200 X127.119 Y147.379 E371.26005
M204 S10000
G0 F6600 X127.119 Y146.955
M204 S1000
G1 F1200 X111.179 Y162.894 E371.82236
M204 S10000
G0 F6600 X111.179 Y162.47
M204 S1000
G1 F1200 X127.119 Y146.53 E372.38468
M204 S10000
G0 F6600 X127.119 Y146.106
M204 S1000
G1 F1200 X111.179 Y162.046 E372.94701
M204 S10000
G0 F6600 X111.179 Y161.621
M204 S1000
G1 F1200 X127.119 Y145.682 E373.50932
M204 S10000
G0 F6600 X127.119 Y145.258
M204 S1000
G1 F1200 X111.179 Y161.197 E374.07163
M204 S10000
G0 F6600 X111.179 Y160.773
M204 S1000
G1 F1200 X127.119 Y144.833 E374.63396
M204 S10000
G0 F6600 X127.119 Y144.409
M204 S1000
G1 F1200 X111.179 Y160.349 E375.19628
M204 S10000
G0 F6600 X111.179 Y159.924
M204 S1000
G1 F1200 X127.119 Y143.985 E375.75859
M204 S10000
G0 F6600 X127.119 Y143.561
M204 S1000
G1 F1200 X111.179 Y159.5 E376.3209
M204 S10000
G0 F6600 X111.179 Y159.076
M204 S1000
G1 F1200 X127.119 Y143.136 E376.88323
M204 S10000
G0 F6600 X127.119 Y142.712
M204 S1000
G1 F1200 X111.179 Y158.652 E377.44555
M204 S10000
G0 F6600 X111.179 Y158.227
M204 S1000
G1 F1200 X127.119 Y142.288 E378.00786
M204 S10000
G0 F6600 X127.119 Y141.864
M204 S1000
G1 F1200 X111.179 Y157.803 E378.57017
M204 S10000
G0 F6600 X111.179 Y157.379
M204 S1000
G1 F1200 X127.119 Y141.439 E379.1325
M204 S10000
G0 F6600 X127.119 Y141.015
M204 S1000
G1 F1200 X111.179 Y156.955 E379.69482
M204 S10000
G0 F6600 X111.179 Y156.53
M204 S1000
G1 F1200 X127.119 Y140.591 E380.25713
M204 S10000
G0 F6600 X127.119 Y140.166
M204 S1000
G1 F1200 X111.179 Y156.106 E380.81946
M204 S10000
G0 F6600 X111.179 Y155.682
M204 S1000
G1 F1200 X127.119 Y139.742 E381.38179
M204 S10000
G0 F6600 X127.119 Y139.318
M204 S1000
G1 F1200 X111.179 Y155.258 E381.94411
M204 S10000
G0 F6600 X111.179 Y154.833
M204 S1000
G1 F1200 X127.119 Y138.894 E382.50642
M204 S10000
G0 F6600 X127.119 Y138.469
M204 S1000
G1 F1200 X111.179 Y154.409 E383.06875
M204 S10000
G0 F6600 X111.179 Y153.985
M204 S1000
G1 F1200 X127.119 Y138.045 E383.63107
M204 S10000
G0 F6600 X127.119 Y137.621
M204 S1000
G1 F1200 X111.179 Y153.56 E384.19338
M204 S10000
G0 F6600 X111.179 Y153.136
M204 S1000
G1 F1200 X127.119 Y137.197 E384.75569
M204 S10000
G0 F6600 X127.119 Y136.772
M204 S1000
G1 F1200 X111.179 Y152.712 E385.31802
M204 S10000
G0 F6600 X111.179 Y152.288
M204 S1000
G1 F1200 X127.119 Y136.348 E385.88034
M204 S10000
G0 F6600 X127.119 Y135.924
M204 S1000
G1 F1200 X111.179 Y151.863 E386.44265
M204 S10000
G0 F6600 X111.179 Y151.439
M204 S1000
G1 F1200 X127.119 Y135.5 E387.00496
M204 S10000
G0 F6600 X127.119 Y135.075
M204 S1000
G1 F1200 X111.179 Y151.015 E387.56729
M204 S10000
G0 F6600 X111.179 Y150.591
M204 S1000
G1 F1200 X127.119 Y134.651 E388.12962
M204 S10000
G0 F6600 X127.119 Y134.227
M204 S1000
G1 F1200 X111.179 Y150.166 E388.69192
M204 S10000
G0 F6600 X111.179 Y149.742
M204 S1000
G1 F1200 X127.119 Y133.802 E389.25425
M204 S10000
G0 F6600 X127.119 Y133.378
M204 S1000
G1 F1200 X111.179 Y149.318 E389.81658
M204 S10000
G0 F6600 X111.179 Y148.894
M204 S1000
G1 F1200 X127.119 Y132.954 E390.3789
M204 S10000
G0 F6600 X127.119 Y132.53
M204 S1000
G1 F1200 X111.179 Y148.469 E390.94121
M204 S10000
G0 F6600 X111.179 Y148.045
M204 S1000
G1 F1200 X127.119 Y132.105 E391.50354
M204 S10000
G0 F6600 X127.119 Y131.681
M204 S1000
G1 F1200 X111.179 Y147.621 E392.06587
M204 S10000
G0 F6600 X111.179 Y147.197
M204 S1000
G1 F1200 X127.119 Y131.257 E392.62819
M204 S10000
G0 F6600 X127.119 Y130.833
M204 S1000
G1 F1200 X111.179 Y146.772 E393.1905
M204 S10000
G0 F6600 X111.179 Y146.348
M204 S1000
G1 F1200 X127.119 Y130.408 E393.75283
M204 S10000
G0 F6600 X127.119 Y129.984
M204 S1000
G1 F1200 X111.179 Y145.924 E394.31515
M204 S10000
G0 F6600 X111.179 Y145.499
M204 S1000
G1 F1200 X127.119 Y129.56 E394.87746
M204 S10000
G0 F6600 X127.119 Y129.136
M204 S1000
G1 F1200 X111.179 Y145.075 E395.43977
M204 S10000
G0 F6600 X111.179 Y144.651
M204 S1000
G1 F1200 X127.119 Y128.711 E396.0021
M204 S10000
G0 F6600 X127.119 Y128.287
M204 S1000
G1 F1200 X111.179 Y144.227 E396.56443
M204 S10000
G0 F6600 X111.179 Y143.802
M204 S1000
G1 F1200 X127.119 Y127.863 E397.12673
M204 S10000
G0 F6600 X127.119 Y127.439
M204 S1000
G1 F1200 X111.179 Y143.378 E397.68904
M204 S10000
G0 F6600 X111.179 Y142.954
M204 S1000
G1 F1200 X127.119 Y127.014 E398.25137
M204 S10000
G0 F6600 X127.119 Y126.59
M204 S1000
G1 F1200 X111.179 Y142.53 E398.8137
M204 S10000
G0 F6600 X111.179 Y142.105
M204 S1000
G1 F1200 X127.119 Y126.166 E399.37601
M204 S10000
G0 F6600 X127.119 Y125.741
M204 S1000
G1 F1200 X111.179 Y141.681 E399.93833
M204 S10000
G0 F6600 X111.179 Y141.257
M204 S1000
G1 F1200 X127.119 Y125.317 E400.50066
M204 S10000
G0 F6600 X127.119 Y124.893
M204 S1000
G1 F1200 X111.179 Y140.833 E401.06299
M204 S10000
G0 F6600 X111.179 Y140.408
M204 S1000
G1 F1200 X127.119 Y124.469 E401.62529
M204 S10000
G0 F6600 X127.119 Y124.044
M204 S1000
G1 F1200 X111.179 Y139.984 E402.18762
M204 S10000
G0 F6600 X111.179 Y139.56
M204 S1000
G1 F1200 X127.119 Y123.62 E402.74995
M204 S10000
G0 F6600 X127.119 Y123.196
M204 S1000
G1 F1200 X111.179 Y139.135 E403.31226
M204 S10000
G0 F6600 X111.179 Y138.711
M204 S1000
G1 F1200 X127.119 Y122.772 E403.87457
M204 S10000
G0 F6600 X127.119 Y122.347
M204 S1000
G1 F1200 X111.179 Y138.287 E404.43689
M204 S10000
G0 F6600 X111.179 Y137.863
M204 S1000
G1 F1200 X127.119 Y121.923 E404.99922
M204 S10000
G0 F6600 X127.119 Y121.499
M204 S1000
G1 F1200 X111.179 Y137.438 E405.56153
M204 S10000
G0 F6600 X111.179 Y137.014
M204 S1000
G1 F1200 X127.064 Y121.129 E406.12191
M204 S10000
G0 F6600 X126.64 Y121.129
M204 S1000
G1 F1200 X111.179 Y136.59 E406.66734
M204 S10000
G0 F6600 X111.179 Y136.166
M204 S1000
G1 F1200 X126.216 Y121.129 E407.19781
M204 S10000
G0 F6600 X125.792 Y121.129
M204 S1000
G1 F1200 X111.179 Y135.741 E407.71331
M204 S10000
G0 F6600 X111.179 Y135.317
M204 S1000
G1 F1200 X125.367 Y121.129 E408.21383
M204 S10000
G0 F6600 X124.943 Y121.129
M204 S1000
G1 F1200 X111.179 Y134.893 E408.69939
M204 S10000
G0 F6600 X111.179 Y134.469
M204 S1000
G1 F1200 X124.519 Y121.129 E409.16999
M204 S10000
G0 F6600 X124.095 Y121.129
M204 S1000
G1 F1200 X111.179 Y134.044 E409.62562
M204 S10000
G0 F6600 X111.179 Y133.62
M204 S1000
G1 F1200 X123.67 Y121.129 E410.06628
M204 S10000
G0 F6600 X123.246 Y121.129
M204 S1000
G1 F1200 X111.179 Y133.196 E410.49197
M204 S10000
G0 F6600 X111.179 Y132.772
M204 S1000
G1 F1200 X122.822 Y121.129 E410.90271
M204 S10000
G0 F6600 X122.398 Y121.129
M204 S1000
G1 F1200 X111.179 Y132.347 E411.29848
M204 S10000
G0 F6600 X111.179 Y131.923
M204 S1000
G1 F1200 X121.973 Y121.129 E411.67926
M204 S10000
G0 F6600 X121.549 Y121.129
M204 S1000
G1 F1200 X111.179 Y131.499 E412.04509
M204 S10000
G0 F6600 X111.179 Y131.074
M204 S1000
G1 F1200 X121.125 Y121.129 E412.39595
M204 S10000
G0 F6600 X120.701 Y121.129
M204 S1000
G1 F1200 X111.179 Y130.65 E412.73184
M204 S10000
G0 F6600 X111.179 Y130.226
M204 S1000
G1 F1200 X120.276 Y121.129 E413.05276
M204 S10000
G0 F6600 X119.852 Y121.129
M204 S1000
G1 F1200 X111.179 Y129.802 E413.35873
M204 S10000
G0 F6600 X111.179 Y129.377
M204 S1000
G1 F1200 X119.428 Y121.129 E413.64972
M204 S10000
G0 F6600 X119.004 Y121.128
M204 S1000
G1 F1200 X111.179 Y128.953 E413.92576
M204 S10000
G0 F6600 X111.179 Y128.529
M204 S1000
G1 F1200 X118.58 Y121.128 E414.18685
M204 S10000
G0 F6600 X118.156 Y121.128
M204 S1000
G1 F1200 X111.179 Y128.105 E414.43299
M204 S10000
G0 F6600 X111.179 Y127.68
M204 S1000
G1 F1200 X117.731 Y121.128 E414.66413
M204 S10000
G0 F6600 X117.307 Y121.128
M204 S1000
G1 F1200 X111.179 Y127.256 E414.88031
M204 S10000
G0 F6600 X111.179 Y126.832
M204 S1000
G1 F1200 X116.883 Y121.128 E415.08153
M204 S10000
G0 F6600 X116.459 Y121.128
M204 S1000
G1 F1200 X111.179 Y126.408 E415.2678
M204 S10000
G0 F6600 X111.179 Y125.983
M204 S1000
G1 F1200 X116.034 Y121.128 E415.43907
M204 S10000
G0 F6600 X115.61 Y121.128
M204 S1000
G1 F1200 X111.179 Y125.559 E415.59539
M204 S10000
G0 F6600 X111.179 Y125.135
M204 S1000
G1 F1200 X115.186 Y121.128 E415.73674
M204 S10000
G0 F6600 X114.762 Y121.128
M204 S1000
G1 F1200 X111.179 Y124.711 E415.86314
M204 S10000
G0 F6600 X111.179 Y124.286
M204 S1000
G1 F1200 X114.337 Y121.128 E415.97455
M204 S10000
G0 F6600 X113.913 Y121.128
M204 S1000
G1 F1200 X111.179 Y123.862 E416.071
M204 S10000
G0 F6600 X111.179 Y123.438
M204 S1000
G1 F1200 X113.489 Y121.128 E416.15249
M204 S10000
G0 F6600 X113.064 Y121.128
M204 S1000
G1 F1200 X111.179 Y123.013 E416.21899
M204 S10000
G0 F6600 X111.179 Y122.589
M204 S1000
G1 F1200 X112.64 Y121.128 E416.27053
M204 S10000
G0 F6600 X112.216 Y121.128
M204 S1000
G1 F1200 X111.179 Y122.165 E416.30711
M204 S10000
G0 F6600 X111.179 Y121.741
M204 S1000
G1 F1200 X111.792 Y121.128 E416.32874
M204 S10000
G0 F6600 X111.367 Y121.128
M204 S1000
G1 F1200 X111.179 Y121.316 E416.33537
M204 S10000
G0 F6600 X110.76 Y121.316
G1 F3000 E410.33537
;MESH:Lid_side_panel_x2.stl
G0 F6600 X110.882 Y120.832
G0 X127.418 Y120.832
G0 X128.22 Y179.29
G0 X130.93 Y179.29
G0 X148.39 Y179.29
M204 S1000
;TYPE:WALL-INNER
G1 F3000 E416.33537
G1 F1500 X148.39 Y120.71 E417.79666
G1 X131.61 Y120.71 E418.21524
G1 X131.61 Y179.29 E419.67652
G1 X148.39 Y179.29 E420.0951
M204 S10000
G0 F6600 X148.69 Y179.59
M204 S1000
G1 F1500 X148.69 Y120.41 E421.57135
G1 X131.31 Y120.41 E422.00489
G1 X131.31 Y179.59 E423.48115
G1 X148.69 Y179.59 E423.91469
M204 S10000
G0 F6600 X148.99 Y179.89
M204 S1000
G1 F1500 X148.99 Y120.11 E425.40591
G1 X131.01 Y120.11 E425.85442
G1 X131.01 Y179.89 E427.34564
G1 X148.99 Y179.89 E427.79415
M204 S10000
G0 F6600 X149.24 Y180.14
M204 S1000
;TYPE:WALL-OUTER
G1 F1500 X149.24 Y119.86 E429.29784
G1 X130.76 Y119.86 E429.75883
G1 X130.76 Y180.14 E431.26252
G1 X149.24 Y180.14 E431.72351
M204 S10000
G0 F6600 X149.24 Y179.94
G0 X148.99 Y179.94
G0 X148.34 Y179.02
G0 X148.12 Y179.02
M204 S1000
;TYPE:SKIN
G1 F1200 X131.88 Y179.02 E432.12861
G1 X131.88 Y120.98 E433.57643
G1 X148.12 Y120.98 E433.98154
G1 X148.12 Y179.02 E435.42935
M204 S10000
G0 F6600 X147.814 Y178.869
M204 S1000
G1 F1200 X147.969 Y178.714 E435.43482
M204 S10000
G0 F6600 X147.969 Y178.289
M204 S1000
G1 F1200 X147.39 Y178.869 E435.45526
M204 S10000
G0 F6600 X146.965 Y178.869
M204 S1000
G1 F1200 X147.969 Y177.865 E435.49068
M204 S10000
G0 F6600 X147.969 Y177.441
M204 S1000
G1 F1200 X146.541 Y178.869 E435.54106
M204 S10000
G0 F6600 X146.117 Y178.869
M204 S1000
G1 F1200 X147.969 Y177.017 E435.60639
M204 S10000
G0 F6600 X147.969 Y176.592
M204 S1000
G1 F1200 X145.692 Y178.869 E435.68672
M204 S10000
G0 F6600 X145.268 Y178.869
M204 S1000
G1 F1200 X147.969 Y176.168 E435.782
M204 S10000
G0 F6600 X147.969 Y175.744
M204 S1000
G1 F1200 X144.844 Y178.869 E435.89225
M204 S10000
G0 F6600 X144.42 Y178.869
M204 S1000
G1 F1200 X147.969 Y175.32 E436.01745
M204 S10000
G0 F6600 X147.969 Y174.895
M204 S1000
G1 F1200 X143.995 Y178.869 E436.15764
M204 S10000
G0 F6600 X143.571 Y178.869
M204 S1000
G1 F1200 X147.969 Y174.471 E436.31279
M204 S10000
G0 F6600 X147.969 Y174.047
M204 S1000
G1 F1200 X143.147 Y178.869 E436.4829
M204 S10000
G0 F6600 X142.723 Y178.869
M204 S1000
G1 F1200 X147.969 Y173.622 E436.66799
M204 S10000
G0 F6600 X147.969 Y173.198
M204 S1000
G1 F1200 X142.298 Y178.869 E436.86805
M204 S10000
G0 F6600 X141.874 Y178.869
M204 S1000
G1 F1200 X147.969 Y172.774 E437.08306
M204 S10000
G0 F6600 X147.969 Y172.35
M204 S1000
G1 F1200 X141.45 Y178.869 E437.31304
M204 S10000
G0 F6600 X141.026 Y178.869
M204 S1000
G1 F1200 X147.969 Y171.925 E437.55799
M204 S10000
G0 F6600 X147.969 Y171.501
M204 S1000
G1 F1200 X140.601 Y178.869 E437.81792
M204 S10000
G0 F6600 X140.177 Y178.869
M204 S1000
G1 F1200 X147.969 Y171.077 E438.0928
M204 S10000
G0 F6600 X147.969 Y170.653
M204 S1000
G1 F1200 X139.753 Y178.869 E438.38264
M204 S10000
G0 F6600 X139.329 Y178.869
M204 S1000
G1 F1200 X147.969 Y170.228 E438.68746
M204 S10000
G0 F6600 X147.969 Y169.804
M204 S1000
G1 F1200 X138.904 Y178.869 E439.00725
M204 S10000
G0 F6600 X138.48 Y178.869
M204 S1000
G1 F1200 X147.969 Y169.38 E439.342
M204 S10000
G0 F6600 X147.969 Y168.956
M204 S1000
G1 F1200 X138.056 Y178.869 E439.69171
M204 S10000
G0 F6600 X137.631 Y178.869
M204 S1000
G1 F1200 X147.969 Y168.531 E440.05641
M204 S10000
G0 F6600 X147.969 Y168.107
M204 S1000
G1 F1200 X137.207 Y178.869 E440.43607
M204 S10000
G0 F6600 X136.783 Y178.869
M204 S1000
G1 F1200 X147.969 Y167.683 E440.83068
M204 S10000
G0 F6600 X147.969 Y167.259
M204 S1000
G1 F1200 X136.359 Y178.869 E441.24026
M204 S10000
G0 F6600 X135.934 Y178.869
M204 S1000
G1 F1200 X147.969 Y166.834 E441.66483
M204 S10000
G0 F6600 X147.969 Y166.41
M204 S1000
G1 F1200 X135.51 Y178.869 E442.10435
M204 S10000
G0 F6600 X135.086 Y178.869
M204 S1000
G1 F1200 X147.969 Y165.986 E442.55883
M204 S10000
G0 F6600 X147.969 Y165.561
M204 S1000
G1 F1200 X134.662 Y178.869 E443.02829
M204 S10000
G0 F6600 X134.237 Y178.869
M204 S1000
G1 F1200 X147.969 Y165.137 E443.51272
M204 S10000
G0 F6600 X147.969 Y164.713
M204 S1000
G1 F1200 X133.813 Y178.869 E444.01212
M204 S10000
G0 F6600 X133.389 Y178.869
M204 S1000
G1 F1200 X147.969 Y164.289 E444.52646
M204 S10000
G0 F6600 X147.969 Y163.864
M204 S1000
G1 F1200 X132.965 Y178.869 E445.05579
M204 S10000
G0 F6600 X132.54 Y178.869
M204 S1000
G1 F1200 X147.969 Y163.44 E445.60009
M204 S10000
G0 F6600 X147.969 Y163.016
M204 S1000
G1 F1200 X132.116 Y178.869 E446.15935
M204 S10000
G0 F6600 X132.03 Y178.531
M204 S1000
G1 F1200 X147.969 Y162.592 E446.72164
M204 S10000
G0 F6600 X147.969 Y162.167
M204 S1000
G1 F1200 X132.03 Y178.106 E447.28393
M204 S10000
G0 F6600 X132.03 Y177.682
M204 S1000
G1 F1200 X147.969 Y161.743 E447.84622
M204 S10000
G0 F6600 X147.969 Y161.319
M204 S1000
G1 F1200 X132.03 Y177.258 E448.40851
M204 S10000
G0 F6600 X132.03 Y176.833
M204 S1000
G1 F1200 X147.969 Y160.895 E448.97078
M204 S10000
G0 F6600 X147.969 Y160.47
M204 S1000
G1 F1200 X132.03 Y176.409 E449.53308
M204 S10000
G0 F6600 X132.03 Y175.985
M204 S1000
G1 F1200 X147.969 Y160.046 E450.09537
M204 S10000
G0 F6600 X147.969 Y159.622
M204 S1000
G1 F1200 X132.03 Y175.561 E450.65766
M204 S10000
G0 F6600 X132.03 Y175.136
M204 S1000
G1 F1200 X147.969 Y159.198 E451.21993
M204 S10000
G0 F6600 X147.969 Y158.773
M204 S1000
G1 F1200 X132.03 Y174.712 E451.78222
M204 S10000
G0 F6600 X132.03 Y174.288
M204 S1000
G1 F1200 X147.969 Y158.349 E452.34451
M204 S10000
G0 F6600 X147.969 Y157.925
M204 S1000
G1 F1200 X132.03 Y173.864 E452.90681
M204 S10000
G0 F6600 X132.03 Y173.439
M204 S1000
G1 F1200 X147.969 Y157.5 E453.4691
M204 S10000
G0 F6600 X147.969 Y157.076
M204 S1000
G1 F1200 X132.03 Y173.015 E454.03139
M204 S10000
G0 F6600 X132.03 Y172.591
M204 S1000
G1 F1200 X147.969 Y156.652 E454.59368
M204 S10000
G0 F6600 X147.969 Y156.228
M204 S1000
G1 F1200 X132.03 Y172.167 E455.15597
M204 S10000
G0 F6600 X132.03 Y171.742
M204 S1000
G1 F1200 X147.969 Y155.803 E455.71826
M204 S10000
G0 F6600 X147.969 Y155.379
M204 S1000
G1 F1200 X132.03 Y171.318 E456.28055
M204 S10000
G0 F6600 X132.03 Y170.894
M204 S1000
G1 F1200 X147.969 Y154.955 E456.84284
M204 S10000
G0 F6600 X147.969 Y154.531
M204 S1000
G1 F1200 X132.03 Y170.47 E457.40514
M204 S10000
G0 F6600 X132.03 Y170.045
M204 S1000
G1 F1200 X147.969 Y154.106 E457.96743
M204 S10000
G0 F6600 X147.969 Y153.682
M204 S1000
G1 F1200 X132.03 Y169.621 E458.52972
M204 S10000
G0 F6600 X132.03 Y169.197
M204 S1000
G1 F1200 X147.969 Y153.258 E459.09201
M204 S10000
G0 F6600 X147.969 Y152.834
M204 S1000
G1 F1200 X132.03 Y168.772 E459.65428
M204 S10000
G0 F6600 X132.03 Y168.348
M204 S1000
G1 F1200 X147.969 Y152.409 E460.21657
M204 S10000
G0 F6600 X147.969 Y151.985
M204 S1000
G1 F1200 X132.03 Y167.924 E460.77887
M204 S10000
G0 F6600 X132.03 Y167.5
M204 S1000
G1 F1200 X147.969 Y151.561 E461.34116
M204 S10000
G0 F6600 X147.969 Y151.137
M204 S1000
G1 F1200 X132.03 Y167.075 E461.90343
M204 S10000
G0 F6600 X132.03 Y166.651
M204 S1000
G1 F1200 X147.969 Y150.712 E462.46572
M204 S10000
G0 F6600 X147.969 Y150.288
M204 S1000
G1 F1200 X132.03 Y166.227 E463.02801
M204 S10000
G0 F6600 X132.03 Y165.803
M204 S1000
G1 F1200 X147.969 Y149.864 E463.5903
M204 S10000
G0 F6600 X147.969 Y149.439
M204 S1000
G1 F1200 X132.03 Y165.378 E464.1526
M204 S10000
G0 F6600 X132.03 Y164.954
M204 S1000
G1 F1200 X147.969 Y149.015 E464.71489
M204 S10000
G0 F6600 X147.969 Y148.591
M204 S1000
G1 F1200 X132.03 Y164.53 E465.27718
M204 S10000
G0 F6600 X132.03 Y164.106
M204 S1000
G1 F1200 X147.969 Y148.167 E465.83947
M204 S10000
G0 F6600 X147.969 Y147.742
M204 S1000
G1 F1200 X132.03 Y163.681 E466.40176
M204 S10000
G0 F6600 X132.03 Y163.257
M204 S1000
G1 F1200 X147.969 Y147.318 E466.96405
M204 S10000
G0 F6600 X147.969 Y146.894
M204 S1000
G1 F1200 X132.03 Y162.833 E467.52634
M204 S10000
G0 F6600 X132.03 Y162.408
M204 S1000
G1 F1200 X147.969 Y146.47 E468.08862
M204 S10000
G0 F6600 X147.969 Y146.045
M204 S1000
G1 F1200 X132.03 Y161.984 E468.65091
M204 S10000
G0 F6600 X132.03 Y161.56
M204 S1000
G1 F1200 X147.969 Y145.621 E469.2132
M204 S10000
G0 F6600 X147.969 Y145.197
M204 S1000
G1 F1200 X132.03 Y161.136 E469.77549
M204 S10000
G0 F6600 X132.03 Y160.711
M204 S1000
G1 F1200 X147.969 Y144.773 E470.33776
M204 S10000
G0 F6600 X147.969 Y144.348
M204 S1000
G1 F1200 X132.03 Y160.287 E470.90006
M204 S10000
G0 F6600 X132.03 Y159.863
M204 S1000
G1 F1200 X147.969 Y143.924 E471.46235
M204 S10000
G0 F6600 X147.969 Y143.5
M204 S1000
G1 F1200 X132.03 Y159.439 E472.02464
M204 S10000
G0 F6600 X132.03 Y159.014
M204 S1000
G1 F1200 X147.969 Y143.075 E472.58693
M204 S10000
G0 F6600 X147.969 Y142.651
M204 S1000
G1 F1200 X132.03 Y158.59 E473.14922
M204 S10000
G0 F6600 X132.03 Y158.166
M204 S1000
G1 F1200 X147.969 Y142.227 E473.71151
M204 S10000
G0 F6600 X147.969 Y141.803
M204 S1000
G1 F1200 X132.03 Y157.742 E474.2738
M204 S10000
G0 F6600 X132.03 Y157.317
M204 S1000
G1 F1200 X147.969 Y141.378 E474.83609
M204 S10000
G0 F6600 X147.969 Y140.954
M204 S1000
G1 F1200 X132.03 Y156.893 E475.39839
M204 S10000
G0 F6600 X132.03 Y156.469
M204 S1000
G1 F1200 X147.969 Y140.53 E475.96068
M204 S10000
G0 F6600 X147.969 Y140.106
M204 S1000
G1 F1200 X132.03 Y156.045 E476.52297
M204 S10000
G0 F6600 X132.03 Y155.62
M204 S1000
G1 F1200 X147.969 Y139.681 E477.08526
M204 S10000
G0 F6600 X147.969 Y139.257
M204 S1000
G1 F1200 X132.03 Y155.196 E477.64755
M204 S10000
G0 F6600 X132.03 Y154.772
M204 S1000
G1 F1200 X147.969 Y138.833 E478.20984
M204 S10000
G0 F6600 X147.969 Y138.409
M204 S1000
G1 F1200 X132.03 Y154.347 E478.77212
M204 S10000
G0 F6600 X132.03 Y153.923
M204 S1000
G1 F1200 X147.969 Y137.984 E479.33441
M204 S10000
G0 F6600 X147.969 Y137.56
M204 S1000
G1 F1200 X132.03 Y153.499 E479.8967
M204 S10000
G0 F6600 X132.03 Y153.075
M204 S1000
G1 F1200 X147.969 Y137.136 E480.45899
M204 S10000
G0 F6600 X147.969 Y136.712
M204 S1000
G1 F1200 X132.03 Y152.65 E481.02126
M204 S10000
G0 F6600 X132.03 Y152.226
M204 S1000
G1 F1200 X147.969 Y136.287 E481.58355
M204 S10000
G0 F6600 X147.969 Y135.863
M204 S1000
G1 F1200 X132.03 Y151.802 E482.14585
M204 S10000
G0 F6600 X132.03 Y151.378
M204 S1000
G1 F1200 X147.969 Y135.439 E482.70814
M204 S10000
G0 F6600 X147.969 Y135.014
M204 S1000
G1 F1200 X132.03 Y150.953 E483.27043
M204 S10000
G0 F6600 X132.03 Y150.529
M204 S1000
G1 F1200 X147.969 Y134.59 E483.83272
M204 S10000
G0 F6600 X147.969 Y134.166
M204 S1000
G1 F1200 X132.03 Y150.105 E484.39501
M204 S10000
G0 F6600 X132.03 Y149.681
M204 S1000
G1 F1200 X147.969 Y133.742 E484.9573
M204 S10000
G0 F6600 X147.969 Y133.317
M204 S1000
G1 F1200 X132.03 Y149.256 E485.51959
M204 S10000
G0 F6600 X132.03 Y148.832
M204 S1000
G1 F1200 X147.969 Y132.893 E486.08188
M204 S10000
G0 F6600 X147.969 Y132.469
M204 S1000
G1 F1200 X132.03 Y148.408 E486.64418
M204 S10000
G0 F6600 X132.03 Y147.984
M204 S1000
G1 F1200 X147.969 Y132.045 E487.20647
M204 S10000
G0 F6600 X147.969 Y131.62
M204 S1000
G1 F1200 X132.03 Y147.559 E487.76876
M204 S10000
G0 F6600 X132.03 Y147.135
M204 S1000
G1 F1200 X147.969 Y131.196 E488.33105
M204 S10000
G0 F6600 X147.969 Y130.772
M204 S1000
G1 F1200 X132.03 Y146.711 E488.89334
M204 S10000
G0 F6600 X132.03 Y146.286
M204 S1000
G1 F1200 X147.969 Y130.348 E489.45561
M204 S10000
G0 F6600 X147.969 Y129.923
M204 S1000
G1 F1200 X132.03 Y145.862 E490.01791
M204 S10000
G0 F6600 X132.03 Y145.438
M204 S1000
G1 F1200 X147.969 Y129.499 E490.5802
M204 S10000
G0 F6600 X147.969 Y129.075
M204 S1000
G1 F1200 X132.03 Y145.014 E491.14249
M204 S10000
G0 F6600 X132.03 Y144.589
M204 S1000
G1 F1200 X147.969 Y128.651 E491.70476
M204 S10000
G0 F6600 X147.969 Y128.226
M204 S1000
G1 F1200 X132.03 Y144.165 E492.26705
M204 S10000
G0 F6600 X132.03 Y143.741
M204 S1000
G1 F1200 X147.969 Y127.802 E492.82934
M204 S10000
G0 F6600 X147.969 Y127.378
M204 S1000
G1 F1200 X132.03 Y143.317 E493.39164
M204 S10000
G0 F6600 X132.03 Y142.892
M204 S1000
G1 F1200 X147.969 Y126.953 E493.95393
M204 S10000
G0 F6600 X147.969 Y126.529
M204 S1000
G1 F1200 X132.03 Y142.468 E494.51622
M204 S10000
G0 F6600 X132.03 Y142.044
M204 S1000
G1 F1200 X147.969 Y126.105 E495.07851
M204 S10000
G0 F6600 X147.969 Y125.681
M204 S1000
G1 F1200 X132.03 Y141.62 E495.6408
M204 S10000
G0 F6600 X132.03 Y141.195
M204 S1000
G1 F1200 X147.969 Y125.256 E496.20309
M204 S10000
G0 F6600 X147.969 Y124.832
M204 S1000
G1 F1200 X132.03 Y140.771 E496.76538
M204 S10000
G0 F6600 X132.03 Y140.347
M204 S1000
G1 F1200 X147.969 Y124.408 E497.32767
M204 S10000
G0 F6600 X147.969 Y123.984
M204 S1000
G1 F1200 X132.03 Y139.922 E497.88995
M204 S10000
G0 F6600 X132.03 Y139.498
M204 S1000
G1 F1200 X147.969 Y123.559 E498.45224
M204 S10000
G0 F6600 X147.969 Y123.135
M204 S1000
G1 F1200 X132.03 Y139.074 E499.01453
M204 S10000
G0 F6600 X132.03 Y138.65
M204 S1000
G1 F1200 X147.969 Y122.711 E499.57682
M204 S10000
G0 F6600 X147.969 Y122.287
M204 S1000
G1 F1200 X132.03 Y138.225 E500.1391
M204 S10000
G0 F6600 X132.03 Y137.801
M204 S1000
G1 F1200 X147.969 Y121.862 E500.70139
M204 S10000
G0 F6600 X147.969 Y121.438
M204 S1000
G1 F1200 X132.03 Y137.377 E501.26368
M204 S10000
G0 F6600 X132.03 Y136.953
M204 S1000
G1 F1200 X147.853 Y121.13 E501.82188
M204 S10000
G0 F6600 X147.428 Y121.13
M204 S1000
G1 F1200 X132.03 Y136.528 E502.36508
M204 S10000
G0 F6600 X132.03 Y136.104
M204 S1000
G1 F1200 X147.004 Y121.13 E502.89333
M204 S10000
G0 F6600 X146.58 Y121.13
M204 S1000
G1 F1200 X132.03 Y135.68 E503.40662
M204 S10000
G0 F6600 X132.03 Y135.256
M204 S1000
G1 F1200 X146.156 Y121.13 E503.90495
M204 S10000
G0 F6600 X145.731 Y121.13
M204 S1000
G1 F1200 X132.03 Y134.831 E504.38829
M204 S10000
G0 F6600 X132.03 Y134.407
M204 S1000
G1 F1200 X145.307 Y121.13 E504.85668
M204 S10000
G0 F6600 X144.883 Y121.13
M204 S1000
G1 F1200 X132.03 Y133.983 E505.3101
M204 S10000
G0 F6600 X132.03 Y133.559
M204 S1000
G1 F1200 X144.459 Y121.13 E505.74857
M204 S10000
G0 F6600 X144.034 Y121.13
M204 S1000
G1 F1200 X132.03 Y133.134 E506.17204
M204 S10000
G0 F6600 X132.03 Y132.71
M204 S1000
G1 F1200 X143.61 Y121.13 E506.58056
M204 S10000
G0 F6600 X143.186 Y121.13
M204 S1000
G1 F1200 X132.03 Y132.286 E506.97411
M204 S10000
G0 F6600 X132.03 Y131.861
M204 S1000
G1 F1200 X142.762 Y121.13 E507.3527
M204 S10000
G0 F6600 X142.337 Y121.13
M204 S1000
G1 F1200 X132.03 Y131.437 E507.7163
M204 S10000
G0 F6600 X132.03 Y131.013
M204 S1000
G1 F1200 X141.913 Y121.13 E508.06495
M204 S10000
G0 F6600 X141.489 Y121.13
M204 S1000
G1 F1200 X132.03 Y130.589 E508.39865
M204 S10000
G0 F6600 X132.03 Y130.164
M204 S1000
G1 F1200 X141.064 Y121.13 E508.71734
M204 S10000
G0 F6600 X140.64 Y121.13
M204 S1000
G1 F1200 X132.03 Y129.74 E509.02109
M204 S10000
G0 F6600 X132.03 Y129.316
M204 S1000
G1 F1200 X140.216 Y121.13 E509.30987
M204 S10000
G0 F6600 X139.792 Y121.13
M204 S1000
G1 F1200 X132.03 Y128.892 E509.58369
M204 S10000
G0 F6600 X132.03 Y128.467
M204 S1000
G1 F1200 X139.367 Y121.13 E509.84253
M204 S10000
G0 F6600 X138.943 Y121.13
M204 S1000
G1 F1200 X132.03 Y128.043 E510.0864
M204 S10000
G0 F6600 X132.03 Y127.619
M204 S1000
G1 F1200 X138.519 Y121.13 E510.31532
M204 S10000
G0 F6600 X138.095 Y121.13
M204 S1000
G1 F1200 X132.03 Y127.195 E510.52928
M204 S10000
G0 F6600 X132.03 Y126.77
M204 S1000
G1 F1200 X137.67 Y121.13 E510.72824
M204 S10000
G0 F6600 X137.246 Y121.13
M204 S1000
G1 F1200 X132.03 Y126.346 E510.91225
M204 S10000
G0 F6600 X132.03 Y125.922
M204 S1000
G1 F1200 X136.822 Y121.13 E511.0813
M204 S10000
G0 F6600 X136.398 Y121.13
M204 S1000
G1 F1200 X132.03 Y125.498 E511.2354
M204 S10000
G0 F6600 X132.03 Y125.073
M204 S1000
G1 F1200 X135.973 Y121.13 E511.3745
M204 S10000
G0 F6600 X135.549 Y121.13
M204 S1000
G1 F1200 X132.03 Y124.649 E511.49864
M204 S10000
G0 F6600 X132.03 Y124.225
M204 S1000
G1 F1200 X135.125 Y121.13 E511.60782
M204 S10000
G0 F6600 X134.701 Y121.13
M204 S1000
G1 F1200 X132.03 Y123.8 E511.70203
M204 S10000
G0 F6600 X132.03 Y123.376
M204 S1000
G1 F1200 X134.276 Y121.13 E511.78127
M204 S10000
G0 F6600 X133.852 Y121.13
M204 S1000
G1 F1200 X132.03 Y122.952 E511.84554
M204 S10000
G0 F6600 X132.03 Y122.528
M204 S1000
G1 F1200 X133.428 Y121.13 E511.89486
M204 S10000
G0 F6600 X133.003 Y121.13
M204 S1000
G1 F1200 X132.03 Y122.103 E511.92919
M204 S10000
G0 F6600 X132.03 Y121.679
M204 S1000
G1 F1200 X132.579 Y121.13 E511.94855
M204 S10000
G0 F6600 X132.155 Y121.13
M204 S1000
G1 F1200 X132.03 Y121.255 E511.95296
M204 S10000
G0 F6600 X131.61 Y121.255
G1 F3000 E505.95296
;MESH:Lid_front_panel.stl
G0 F6600 X131.732 Y120.832
G0 X148.268 Y120.832
G0 X149.07 Y179.289
G0 X151.78 Y179.289
G0 X152.461 Y179.289
M204 S1000
;TYPE:WALL-INNER
G1 F3000 E511.95296
G1 F1500 X169.239 Y179.289 E512.37149
G1 X169.239 Y153.45 E513.01605
G1 X168.35 Y153.45 E513.03822
G1 X168.015 Y153.396 E513.04669
G1 X167.803 Y153.297 E513.05253
G1 X167.577 Y153.111 E513.05983
G1 X167.375 Y152.792 E513.06925
G1 X167.304 Y152.502 E513.07669
G1 X167.304 Y147.498 E513.20152
G1 X167.343 Y147.301 E513.20653
G1 X167.515 Y146.962 E513.21601
G1 X167.802 Y146.703 E513.22565
G1 X168.015 Y146.604 E513.23151
G1 X168.35 Y146.55 E513.23998
G1 X169.24 Y146.55 E513.26218
G1 X169.24 Y120.71 E513.90676
G1 X152.46 Y120.71 E514.32534
G1 X152.461 Y179.289 E515.7866
M204 S10000
G0 F6600 X152.161 Y179.589
M204 S1000
G1 F1500 X169.539 Y179.589 E516.22009
G1 X169.539 Y153.15 E516.87962
G1 X168.35 Y153.15 E516.90928
G1 X168.111 Y153.112 E516.91531
G1 X167.798 Y152.908 E516.92463
G1 X167.653 Y152.68 E516.93137
G1 X167.603 Y152.473 E516.93669
G1 X167.603 Y147.527 E517.06006
G1 X167.682 Y147.257 E517.06708
G1 X167.797 Y147.092 E517.0721
G1 X168.111 Y146.888 E517.08144
G1 X168.35 Y146.85 E517.08748
G1 X169.54 Y146.85 E517.11716
G1 X169.54 Y120.41 E517.77671
G1 X152.16 Y120.41 E518.21026
G1 X152.161 Y179.589 E519.68648
M204 S10000
G0 F6600 X151.861 Y179.889
M204 S1000
G1 F1500 X169.839 Y179.889 E520.13494
G1 X169.839 Y152.85 E520.80944
G1 X168.241 Y152.85 E520.8493
G1 X168.018 Y152.705 E520.85593
G1 X167.906 Y152.478 E520.86225
G1 X167.902 Y147.504 E520.98632
G1 X167.992 Y147.326 E520.9913
G1 X168.115 Y147.215 E520.99543
G1 X168.35 Y147.15 E521.00151
G1 X169.84 Y147.15 E521.03868
G1 X169.84 Y120.11 E521.7132
G1 X151.86 Y120.11 E522.16171
G1 X151.861 Y179.889 E523.6529
M204 S10000
G0 F6600 X151.611 Y180.139
M204 S1000
;TYPE:WALL-OUTER
G1 F1500 X170.089 Y180.139 E524.11384
G1 X170.089 Y152.6 E524.8008
G1 X168.302 Y152.6 E524.84538
G1 X168.202 Y152.536 E524.84834
G1 X168.15 Y152.42 E524.85151
G1 X168.15 Y147.58 E524.97225
G1 X168.202 Y147.464 E524.97542
G1 X168.302 Y147.4 E524.97838
G1 X170.09 Y147.4 E525.02298
G1 X170.09 Y119.86 E525.70997
G1 X151.61 Y119.86 E526.17096
G1 X151.611 Y180.139 E527.67462
M204 S10000
G0 F6600 X151.811 Y180.139
G0 X151.811 Y179.889
G0 X152.731 Y179.239
G0 X152.731 Y179.019
M204 S1000
;TYPE:SKIN
G1 F1200 X152.73 Y120.98 E529.12241
G1 X168.97 Y120.98 E529.52752
G1 X168.97 Y146.28 E530.15863
G1 X168.332 Y146.281 E530.17454
G1 X167.947 Y146.344 E530.18428
G1 X167.567 Y146.52 E530.19472
G1 X167.301 Y146.798 E530.20432
G1 X167.085 Y147.218 E530.2161
G1 X167.035 Y147.468 E530.22246
G1 X167.03 Y152.558 E530.34943
G1 X167.119 Y152.879 E530.35774
G1 X167.376 Y153.294 E530.36992
G1 X167.648 Y153.518 E530.37871
G1 X167.948 Y153.656 E530.38695
G1 X168.333 Y153.719 E530.39668
G1 X168.969 Y153.72 E530.41254
G1 X168.969 Y179.019 E531.04363
G1 X152.731 Y179.019 E531.44869
M204 S10000
G1 F3000 E525.44869
G0 F6600 X152.731 Y179.239
G0 X169.117 Y179.167
G0 X169.189 Y178.654
G0 X168.818 Y178.654
M204 S1000
G1 F3000 E531.44869
G1 F1200 X168.603 Y178.868 E531.45625
M204 S10000
G0 F6600 X168.179 Y178.868
M204 S1000
G1 F1200 X168.818 Y178.229 E531.4788
M204 S10000
G0 F6600 X168.818 Y177.805
M204 S1000
G1 F1200 X167.755 Y178.868 E531.5163
M204 S10000
G0 F6600 X167.331 Y178.868
M204 S1000
G1 F1200 X168.818 Y177.381 E531.56875
M204 S10000
G0 F6600 X168.818 Y176.957
M204 S1000
G1 F1200 X166.906 Y178.868 E531.63619
M204 S10000
G0 F6600 X166.482 Y178.868
M204 S1000
G1 F1200 X168.818 Y176.532 E531.7186
M204 S10000
G0 F6600 X168.818 Y176.108
M204 S1000
G1 F1200 X166.058 Y178.868 E531.81596
M204 S10000
G0 F6600 X165.634 Y178.868
M204 S1000
G1 F1200 X168.818 Y175.684 E531.92829
M204 S10000
G0 F6600 X168.818 Y175.259
M204 S1000
G1 F1200 X165.209 Y178.868 E532.0556
M204 S10000
G0 F6600 X164.785 Y178.868
M204 S1000
G1 F1200 X168.818 Y174.835 E532.19788
M204 S10000
G0 F6600 X168.818 Y174.411
M204 S1000
G1 F1200 X164.361 Y178.868 E532.35511
M204 S10000
G0 F6600 X163.937 Y178.868
M204 S1000
G1 F1200 X168.818 Y173.987 E532.5273
M204 S10000
G0 F6600 X168.818 Y173.562
M204 S1000
G1 F1200 X163.512 Y178.868 E532.71449
M204 S10000
G0 F6600 X163.088 Y178.868
M204 S1000
G1 F1200 X168.818 Y173.138 E532.91663
M204 S10000
G0 F6600 X168.818 Y172.714
M204 S1000
G1 F1200 X162.664 Y178.868 E533.13373
M204 S10000
G0 F6600 X162.239 Y178.868
M204 S1000
G1 F1200 X168.818 Y172.29 E533.3658
M204 S10000
G0 F6600 X168.818 Y171.865
M204 S1000
G1 F1200 X161.815 Y178.868 E533.61285
M204 S10000
G0 F6600 X161.391 Y178.868
M204 S1000
G1 F1200 X168.818 Y171.441 E533.87486
M204 S10000
G0 F6600 X168.818 Y171.017
M204 S1000
G1 F1200 X160.967 Y178.868 E534.15182
M204 S10000
G0 F6600 X160.542 Y178.868
M204 S1000
G1 F1200 X168.818 Y170.593 E534.44376
M204 S10000
G0 F6600 X168.818 Y170.168
M204 S1000
G1 F1200 X160.118 Y178.868 E534.75068
M204 S10000
G0 F6600 X159.694 Y178.868
M204 S1000
G1 F1200 X168.818 Y169.744 E535.07255
M204 S10000
G0 F6600 X168.818 Y169.32
M204 S1000
G1 F1200 X159.27 Y178.868 E535.40938
M204 S10000
G0 F6600 X158.845 Y178.868
M204 S1000
G1 F1200 X168.818 Y168.895 E535.76121
M204 S10000
G0 F6600 X168.818 Y168.471
M204 S1000
G1 F1200 X158.421 Y178.868 E536.12799
M204 S10000
G0 F6600 X157.997 Y178.868
M204 S1000
G1 F1200 X168.818 Y168.047 E536.50973
M204 S10000
G0 F6600 X168.818 Y167.623
M204 S1000
G1 F1200 X157.573 Y178.868 E536.90643
M204 S10000
G0 F6600 X157.148 Y178.868
M204 S1000
G1 F1200 X168.818 Y167.198 E537.31812
M204 S10000
G0 F6600 X168.818 Y166.774
M204 S1000
G1 F1200 X156.724 Y178.868 E537.74477
M204 S10000
G0 F6600 X156.3 Y178.868
M204 S1000
G1 F1200 X168.818 Y166.35 E538.18637
M204 S10000
G0 F6600 X168.818 Y165.926
M204 S1000
G1 F1200 X155.876 Y178.868 E538.64294
M204 S10000
G0 F6600 X155.451 Y178.868
M204 S1000
G1 F1200 X168.818 Y165.501 E539.1145
M204 S10000
G0 F6600 X168.818 Y165.077
M204 S1000
G1 F1200 X155.027 Y178.868 E539.60101
M204 S10000
G0 F6600 X154.603 Y178.868
M204 S1000
G1 F1200 X168.818 Y164.653 E540.10248
M204 S10000
G0 F6600 X168.818 Y164.229
M204 S1000
G1 F1200 X154.178 Y178.868 E540.61893
M204 S10000
G0 F6600 X153.754 Y178.868
M204 S1000
G1 F1200 X168.818 Y163.804 E541.15035
M204 S10000
G0 F6600 X168.818 Y163.38
M204 S1000
G1 F1200 X153.33 Y178.868 E541.69673
M204 S10000
G0 F6600 X152.906 Y178.868
M204 S1000
G1 F1200 X168.818 Y162.956 E542.25807
M204 S10000
G0 F6600 X168.818 Y162.532
M204 S1000
G1 F1200 X152.88 Y178.469 E542.82031
M204 S10000
G0 F6600 X152.88 Y178.045
M204 S1000
G1 F1200 X168.818 Y162.107 E543.38257
M204 S10000
G0 F6600 X168.818 Y161.683
M204 S1000
G1 F1200 X152.88 Y177.62 E543.94481
M204 S10000
G0 F6600 X152.88 Y177.196
M204 S1000
G1 F1200 X168.818 Y161.259 E544.50704
M204 S10000
G0 F6600 X168.818 Y160.834
M204 S1000
G1 F1200 X152.88 Y176.772 E545.0693
M204 S10000
G0 F6600 X152.88 Y176.348
M204 S1000
G1 F1200 X168.818 Y160.41 E545.63156
M204 S10000
G0 F6600 X168.818 Y159.986
M204 S1000
G1 F1200 X152.88 Y175.923 E546.1938
M204 S10000
G0 F6600 X152.88 Y175.499
M204 S1000
G1 F1200 X168.818 Y159.562 E546.75603
M204 S10000
G0 F6600 X168.818 Y159.137
M204 S1000
G1 F1200 X152.88 Y175.075 E547.31829
M204 S10000
G0 F6600 X152.88 Y174.651
M204 S1000
G1 F1200 X168.818 Y158.713 E547.88055
M204 S10000
G0 F6600 X168.818 Y158.289
M204 S1000
G1 F1200 X152.88 Y174.226 E548.44278
M204 S10000
G0 F6600 X152.88 Y173.802
M204 S1000
G1 F1200 X168.818 Y157.865 E549.00502
M204 S10000
G0 F6600 X168.818 Y157.44
M204 S1000
G1 F1200 X152.88 Y173.378 E549.56728
M204 S10000
G0 F6600 X152.88 Y172.954
M204 S1000
G1 F1200 X168.818 Y157.016 E550.12953
M204 S10000
G0 F6600 X168.818 Y156.592
M204 S1000
G1 F1200 X152.88 Y172.529 E550.69177
M204 S10000
G0 F6600 X152.88 Y172.105
M204 S1000
G1 F1200 X168.818 Y156.168 E551.25401
M204 S10000
G0 F6600 X168.818 Y155.743
M204 S1000
G1 F1200 X152.88 Y171.681 E551.81627
M204 S10000
G0 F6600 X152.88 Y171.257
M204 S1000
G1 F1200 X168.818 Y155.319 E552.37852
M204 S10000
G0 F6600 X168.818 Y154.895
M204 S1000
G1 F1200 X152.88 Y170.832 E552.94076
M204 S10000
G0 F6600 X152.88 Y170.408
M204 S1000
G1 F1200 X168.818 Y154.471 E553.503
M204 S10000
G0 F6600 X168.818 Y154.046
M204 S1000
G1 F1200 X152.88 Y169.984 E554.06526
M204 S10000
G0 F6600 X152.88 Y169.559
M204 S1000
G1 F1200 X168.572 Y153.867 E554.61883
M204 S10000
G0 F6600 X168.172 Y153.843
M204 S1000
G1 F1200 X152.88 Y169.135 E555.1583
M204 S10000
G0 F6600 X152.88 Y168.711
M204 S1000
G1 F1200 X167.823 Y153.768 E555.68545
M204 S10000
G0 F6600 X167.542 Y153.625
M204 S1000
G1 F1200 X152.88 Y168.287 E556.2027
M204 S10000
G0 F6600 X152.88 Y167.862
M204 S1000
G1 F1200 X167.31 Y153.432 E556.71175
M204 S10000
G0 F6600 X167.133 Y153.186
M204 S1000
G1 F1200 X152.88 Y167.438 E557.21455
M204 S10000
G0 F6600 X152.88 Y167.014
M204 S1000
G1 F1200 X166.974 Y152.92 E557.71175
M204 S10000
G0 F6600 X166.883 Y152.587
M204 S1000
G1 F1200 X152.88 Y166.59 E558.20575
M204 S10000
G0 F6600 X152.88 Y166.165
M204 S1000
G1 F1200 X166.883 Y152.163 E558.69972
M204 S10000
G0 F6600 X166.883 Y151.738
M204 S1000
G1 F1200 X152.88 Y165.741 E559.19372
M204 S10000
G0 F6600 X152.88 Y165.317
M204 S1000
G1 F1200 X166.883 Y151.314 E559.68771
M204 S10000
G0 F6600 X166.883 Y150.89
M204 S1000
G1 F1200 X152.88 Y164.893 E560.1817
M204 S10000
G0 F6600 X152.88 Y164.468
M204 S1000
G1 F1200 X166.883 Y150.465 E560.6757
M204 S10000
G0 F6600 X166.883 Y150.041
M204 S1000
G1 F1200 X152.88 Y164.044 E561.16969
M204 S10000
G0 F6600 X152.88 Y163.62
M204 S1000
G1 F1200 X166.884 Y149.616 E561.66372
M204 S10000
G0 F6600 X166.884 Y149.192
M204 S1000
G1 F1200 X152.88 Y163.196 E562.15775
M204 S10000
G0 F6600 X152.88 Y162.771
M204 S1000
G1 F1200 X166.884 Y148.768 E562.65176
M204 S10000
G0 F6600 X166.884 Y148.343
M204 S1000
G1 F1200 X152.88 Y162.347 E563.14579
M204 S10000
G0 F6600 X152.88 Y161.923
M204 S1000
G1 F1200 X166.884 Y147.919 E563.63982
M204 S10000
G0 F6600 X166.884 Y147.495
M204 S1000
G1 F1200 X152.88 Y161.498 E564.13383
M204 S10000
G0 F6600 X152.88 Y161.074
M204 S1000
G1 F1200 X167.112 Y146.842 E564.6359
M204 S10000
G0 F6600 X167.63 Y146.325
M204 S1000
G1 F1200 X168.818 Y145.136 E564.67783
M204 S10000
G0 F6600 X168.818 Y145.56
M204 S1000
G1 F1200 X168.234 Y146.144 E564.69843
M204 S10000
G0 F6600 X168.672 Y146.131
M204 S1000
G1 F1200 X168.818 Y145.985 E564.70358
M204 S10000
G1 F3000 E558.70358
G0 F6600 X169.19 Y145.985
G0 X169.19 Y144.712
G0 X168.818 Y144.712
M204 S1000
G1 F3000 E564.70358
G1 F1200 X152.88 Y160.65 E565.26584
M204 S10000
G0 F6600 X152.88 Y160.226
M204 S1000
G1 F1200 X168.818 Y144.287 E565.82811
M204 S10000
G0 F6600 X168.818 Y143.863
M204 S1000
G1 F1200 X152.88 Y159.801 E566.39037
M204 S10000
G0 F6600 X152.88 Y159.377
M204 S1000
G1 F1200 X168.818 Y143.439 E566.95262
M204 S10000
G0 F6600 X168.818 Y143.015
M204 S1000
G1 F1200 X152.88 Y158.953 E567.51488
M204 S10000
G0 F6600 X152.88 Y158.529
M204 S1000
G1 F1200 X168.818 Y142.59 E568.07715
M204 S10000
G0 F6600 X168.818 Y142.166
M204 S1000
G1 F1200 X152.88 Y158.104 E568.63941
M204 S10000
G0 F6600 X152.88 Y157.68
M204 S1000
G1 F1200 X168.818 Y141.742 E569.20166
M204 S10000
G0 F6600 X168.818 Y141.318
M204 S1000
G1 F1200 X152.88 Y157.256 E569.76392
M204 S10000
G0 F6600 X152.88 Y156.832
M204 S1000
G1 F1200 X168.818 Y140.893 E570.32619
M204 S10000
G0 F6600 X168.818 Y140.469
M204 S1000
G1 F1200 X152.88 Y156.407 E570.88845
M204 S10000
G0 F6600 X152.88 Y155.983
M204 S1000
G1 F1200 X168.818 Y140.045 E571.45071
M204 S10000
G0 F6600 X168.818 Y139.621
M204 S1000
G1 F1200 X152.88 Y155.559 E572.01296
M204 S10000
G0 F6600 X152.88 Y155.134
M204 S1000
G1 F1200 X168.818 Y139.196 E572.57522
M204 S10000
G0 F6600 X168.818 Y138.772
M204 S1000
G1 F1200 X152.88 Y154.71 E573.13747
M204 S10000
G0 F6600 X152.88 Y154.286
M204 S1000
G1 F1200 X168.818 Y138.348 E573.69973
M204 S10000
G0 F6600 X168.818 Y137.924
M204 S1000
G1 F1200 X152.88 Y153.862 E574.26199
M204 S10000
G0 F6600 X152.88 Y153.437
M204 S1000
G1 F1200 X168.818 Y137.499 E574.82424
M204 S10000
G0 F6600 X168.818 Y137.075
M204 S1000
G1 F1200 X152.88 Y153.013 E575.3865
M204 S10000
G0 F6600 X152.88 Y152.589
M204 S1000
G1 F1200 X168.818 Y136.651 E575.94875
M204 S10000
G0 F6600 X168.818 Y136.226
M204 S1000
G1 F1200 X152.88 Y152.165 E576.51103
M204 S10000
G0 F6600 X152.88 Y151.74
M204 S1000
G1 F1200 X168.818 Y135.802 E577.07328
M204 S10000
G0 F6600 X168.818 Y135.378
M204 S1000
G1 F1200 X152.88 Y151.316 E577.63554
M204 S10000
G0 F6600 X152.88 Y150.892
M204 S1000
G1 F1200 X168.818 Y134.954 E578.1978
M204 S10000
G0 F6600 X168.818 Y134.529
M204 S1000
G1 F1200 X152.88 Y150.468 E578.76007
M204 S10000
G0 F6600 X152.88 Y150.043
M204 S1000
G1 F1200 X168.818 Y134.105 E579.32233
M204 S10000
G0 F6600 X168.818 Y133.681
M204 S1000
G1 F1200 X152.88 Y149.62 E579.8846
M204 S10000
G0 F6600 X152.88 Y149.195
M204 S1000
G1 F1200 X168.818 Y133.257 E580.44685
M204 S10000
G0 F6600 X168.818 Y132.832
M204 S1000
G1 F1200 X152.88 Y148.771 E581.00913
M204 S10000
G0 F6600 X152.88 Y148.347
M204 S1000
G1 F1200 X168.818 Y132.408 E581.5714
M204 S10000
G0 F6600 X168.818 Y131.984
M204 S1000
G1 F1200 X152.88 Y147.923 E582.13368
M204 S10000
G0 F6600 X152.88 Y147.498
M204 S1000
G1 F1200 X168.818 Y131.56 E582.69593
M204 S10000
G0 F6600 X168.818 Y131.135
M204 S1000
G1 F1200 X152.88 Y147.074 E583.25821
M204 S10000
G0 F6600 X152.88 Y146.65
M204 S1000
G1 F1200 X168.818 Y130.711 E583.82048
M204 S10000
G0 F6600 X168.818 Y130.287
M204 S1000
G1 F1200 X152.88 Y146.226 E584.38275
M204 S10000
G0 F6600 X152.88 Y145.801
M204 S1000
G1 F1200 X168.818 Y129.862 E584.94503
M204 S10000
G0 F6600 X168.818 Y129.438
M204 S1000
G1 F1200 X152.88 Y145.377 E585.5073
M204 S10000
G0 F6600 X152.88 Y144.953
M204 S1000
G1 F1200 X168.818 Y129.014 E586.06957
M204 S10000
G0 F6600 X168.818 Y128.59
M204 S1000
G1 F1200 X152.88 Y144.529 E586.63185
M204 S10000
G0 F6600 X152.88 Y144.104
M204 S1000
G1 F1200 X168.818 Y128.165 E587.19412
M204 S10000
G0 F6600 X168.818 Y127.741
M204 S1000
G1 F1200 X152.88 Y143.68 E587.75639
M204 S10000
G0 F6600 X152.88 Y143.256
M204 S1000
G1 F1200 X168.818 Y127.317 E588.31867
M204 S10000
G0 F6600 X168.818 Y126.893
M204 S1000
G1 F1200 X152.88 Y142.832 E588.88094
M204 S10000
G0 F6600 X152.88 Y142.407
M204 S1000
G1 F1200 X168.818 Y126.468 E589.44322
M204 S10000
G0 F6600 X168.818 Y126.044
M204 S1000
G1 F1200 X152.88 Y141.983 E590.00549
M204 S10000
G0 F6600 X152.88 Y141.559
M204 S1000
G1 F1200 X168.818 Y125.62 E590.56776
M204 S10000
G0 F6600 X168.818 Y125.196
M204 S1000
G1 F1200 X152.88 Y141.134 E591.13002
M204 S10000
G0 F6600 X152.88 Y140.71
M204 S1000
G1 F1200 X168.818 Y124.771 E591.69229
M204 S10000
G0 F6600 X168.818 Y124.347
M204 S1000
G1 F1200 X152.88 Y140.286 E592.25457
M204 S10000
G0 F6600 X152.88 Y139.862
M204 S1000
G1 F1200 X168.818 Y123.923 E592.81684
M204 S10000
G0 F6600 X168.818 Y123.499
M204 S1000
G1 F1200 X152.88 Y139.437 E593.3791
M204 S10000
G0 F6600 X152.88 Y139.013
M204 S1000
G1 F1200 X168.818 Y123.074 E593.94137
M204 S10000
G0 F6600 X168.818 Y122.65
M204 S1000
G1 F1200 X152.88 Y138.589 E594.50364
M204 S10000
G0 F6600 X152.88 Y138.165
M204 S1000
G1 F1200 X168.818 Y122.226 E595.06592
M204 S10000
G0 F6600 X168.818 Y121.801
M204 S1000
G1 F1200 X152.88 Y137.74 E595.62819
M204 S10000
G0 F6600 X152.88 Y137.316
M204 S1000
G1 F1200 X168.818 Y121.377 E596.19046
M204 S10000
G0 F6600 X168.642 Y121.13
M204 S1000
G1 F1200 X152.88 Y136.892 E596.74651
M204 S10000
G0 F6600 X152.88 Y136.468
M204 S1000
G1 F1200 X168.217 Y121.13 E597.28758
M204 S10000
G0 F6600 X167.793 Y121.13
M204 S1000
G1 F1200 X152.88 Y136.043 E597.81368
M204 S10000
G0 F6600 X152.88 Y135.619
M204 S1000
G1 F1200 X167.369 Y121.13 E598.32482
M204 S10000
G0 F6600 X166.945 Y121.13
M204 S1000
G1 F1200 X152.88 Y135.195 E598.821
M204 S10000
G0 F6600 X152.88 Y134.771
M204 S1000
G1 F1200 X166.52 Y121.13 E599.3022
M204 S10000
G0 F6600 X166.096 Y121.13
M204 S1000
G1 F1200 X152.88 Y134.346 E599.76843
M204 S10000
G0 F6600 X152.88 Y133.922
M204 S1000
G1 F1200 X165.672 Y121.13 E600.21971
M204 S10000
G0 F6600 X165.248 Y121.13
M204 S1000
G1 F1200 X152.88 Y133.498 E600.65602
M204 S10000
G0 F6600 X152.88 Y133.073
M204 S1000
G1 F1200 X164.823 Y121.13 E601.07734
M204 S10000
G0 F6600 X164.399 Y121.13
M204 S1000
G1 F1200 X152.88 Y132.649 E601.48371
M204 S10000
G0 F6600 X152.88 Y132.225
M204 S1000
G1 F1200 X163.975 Y121.13 E601.87511
M204 S10000
G0 F6600 X163.55 Y121.13
M204 S1000
G1 F1200 X152.88 Y131.801 E602.25154
M204 S10000
G0 F6600 X152.88 Y131.376
M204 S1000
G1 F1200 X163.126 Y121.13 E602.613
M204 S10000
G0 F6600 X162.702 Y121.13
M204 S1000
G1 F1200 X152.88 Y130.952 E602.9595
M204 S10000
G0 F6600 X152.88 Y130.528
M204 S1000
G1 F1200 X162.278 Y121.13 E603.29104
M204 S10000
G0 F6600 X161.853 Y121.13
M204 S1000
G1 F1200 X152.88 Y130.104 E603.6076
M204 S10000
G0 F6600 X152.88 Y129.679
M204 S1000
G1 F1200 X161.429 Y121.13 E603.90919
M204 S10000
G0 F6600 X161.005 Y121.13
M204 S1000
G1 F1200 X152.88 Y129.255 E604.19582
M204 S10000
G0 F6600 X152.88 Y128.831
M204 S1000
G1 F1200 X160.581 Y121.13 E604.46749
M204 S10000
G0 F6600 X160.156 Y121.13
M204 S1000
G1 F1200 X152.88 Y128.407 E604.72419
M204 S10000
G0 F6600 X152.88 Y127.982
M204 S1000
G1 F1200 X159.732 Y121.13 E604.96592
M204 S10000
G0 F6600 X159.308 Y121.13
M204 S1000
G1 F1200 X152.88 Y127.558 E605.19268
M204 S10000
G0 F6600 X152.88 Y127.134
M204 S1000
G1 F1200 X158.884 Y121.13 E605.40449
M204 S10000
G0 F6600 X158.459 Y121.13
M204 S1000
G1 F1200 X152.88 Y126.709 E605.6013
M204 S10000
G0 F6600 X152.88 Y126.285
M204 S1000
G1 F1200 X158.035 Y121.13 E605.78316
M204 S10000
G0 F6600 X157.611 Y121.13
M204 S1000
G1 F1200 X152.88 Y125.861 E605.95006
M204 S10000
G0 F6600 X152.88 Y125.437
M204 S1000
G1 F1200 X157.187 Y121.13 E606.102
M204 S10000
G0 F6600 X156.762 Y121.13
M204 S1000
G1 F1200 X152.88 Y125.012 E606.23895
M204 S10000
G0 F6600 X152.88 Y124.588
M204 S1000
G1 F1200 X156.338 Y121.13 E606.36094
M204 S10000
G0 F6600 X155.914 Y121.13
M204 S1000
G1 F1200 X152.88 Y124.164 E606.46797
M204 S10000
G0 F6600 X152.88 Y123.74
M204 S1000
G1 F1200 X155.489 Y121.13 E606.56003
M204 S10000
G0 F6600 X155.065 Y121.13
M204 S1000
G1 F1200 X152.88 Y123.315 E606.63711
M204 S10000
G0 F6600 X152.88 Y122.891
M204 S1000
G1 F1200 X154.641 Y121.13 E606.69923
M204 S10000
G0 F6600 X154.217 Y121.13
M204 S1000
G1 F1200 X152.88 Y122.467 E606.7464
M204 S10000
G0 F6600 X152.88 Y122.043
M204 S1000
G1 F1200 X153.792 Y121.13 E606.77859
M204 S10000
G0 F6600 X153.368 Y121.13
M204 S1000
G1 F1200 X152.88 Y121.618 E606.7958
M204 S10000
G0 F6600 X152.88 Y121.194
M204 S1000
G1 F1200 X152.944 Y121.13 E606.79806
M204 S10000
G0 F6600 X152.944 Y120.71
G1 F3000 E600.79806
;MESH:Lid_back_panel.stl
G0 F6600 X169.118 Y120.832
G0 X169.118 Y146.428
G0 X167.194 Y147.487
G0 X167.979 Y153.5
G0 X169.117 Y153.572
G0 X169.919 Y179.289
G0 X172.462 Y179.292
G0 X173.143 Y179.289
M204 S1000
;TYPE:WALL-INNER
G1 F3000 E606.79806
G1 F1500 X189.221 Y179.289 E607.19913
G1 X189.221 Y120.711 E608.66036
G1 X173.143 Y120.711 E609.06143
G1 X173.149 Y134.15 E609.39667
G1 X173.434 Y134.15 E609.40378
G1 X173.914 Y134.265 E609.41609
G1 X174.145 Y134.426 E609.42311
G1 X174.385 Y134.718 E609.43254
G1 X174.485 Y135.075 E609.44179
G1 X174.48 Y164.899 E610.18575
G1 X174.375 Y165.268 E610.19532
G1 X174.145 Y165.574 E610.20487
G1 X173.914 Y165.735 E610.2119
G1 X173.434 Y165.85 E610.22421
G1 X173.149 Y165.85 E610.23132
G1 X173.143 Y179.289 E610.56656
M204 S10000
G0 F6600 X172.843 Y179.589
M204 S1000
G1 F1500 X189.521 Y179.589 E610.98259
G1 X189.521 Y120.411 E612.45879
G1 X172.843 Y120.411 E612.87483
G1 X172.849 Y134.45 E613.22503
G1 X173.434 Y134.45 E613.23962
G1 X173.777 Y134.532 E613.24842
G1 X173.942 Y134.647 E613.25344
G1 X174.074 Y134.808 E613.25863
G1 X174.185 Y135.093 E613.26626
G1 X174.185 Y164.907 E614.00997
G1 X174.074 Y165.192 E614.0176
G1 X173.942 Y165.353 E614.0228
G1 X173.777 Y165.468 E614.02781
G1 X173.434 Y165.55 E614.03661
G1 X172.849 Y165.55 E614.0512
G1 X172.843 Y179.589 E614.40141
M204 S10000
G0 F6600 X172.543 Y179.889
M204 S1000
G1 F1500 X189.821 Y179.889 E614.83241
G1 X189.821 Y120.111 E616.32358
G1 X172.543 Y120.111 E616.75458
G1 X172.549 Y134.75 E617.11975
G1 X173.434 Y134.75 E617.14183
G1 X173.64 Y134.799 E617.14711
G1 X173.838 Y134.999 E617.15413
G1 X173.883 Y135.157 E617.15823
G1 X173.883 Y164.843 E617.89875
G1 X173.838 Y165.001 E617.90285
G1 X173.64 Y165.201 E617.90987
G1 X173.434 Y165.25 E617.91515
G1 X172.549 Y165.25 E617.93722
G1 X172.543 Y179.889 E618.3024
M204 S10000
G0 F6600 X172.293 Y180.139
M204 S1000
;TYPE:WALL-OUTER
G1 F1500 X190.071 Y180.139 E618.74587
G1 X190.071 Y119.861 E620.24951
G1 X172.293 Y119.861 E620.69298
G1 X172.299 Y135 E621.07063
G1 X173.504 Y135 E621.10069
G1 X173.632 Y135.128 E621.1052
G1 X173.634 Y164.87 E621.84712
G1 X173.504 Y165 E621.85171
G1 X172.299 Y165 E621.88177
G1 X172.293 Y180.139 E622.25941
M204 S10000
G0 F6600 X172.493 Y180.139
G0 X172.494 Y179.89
G0 X173.414 Y179.239
G0 X173.414 Y179.019
M204 S1000
;TYPE:SKIN
G1 F1200 X173.419 Y166.128 E622.58098
G1 X174.036 Y165.979 E622.59681
G1 X174.315 Y165.785 E622.60529
G1 X174.467 Y165.623 E622.61083
G1 X174.667 Y165.273 E622.62088
G1 X174.748 Y164.935 E622.62955
G1 X174.754 Y135.04 E623.37529
G1 X174.622 Y134.582 E623.38718
G1 X174.343 Y134.243 E623.39813
G1 X174.033 Y134.019 E623.40767
G1 X173.419 Y133.872 E623.42342
G1 X173.414 Y120.981 E623.74499
G1 X188.951 Y120.981 E624.13256
G1 X188.951 Y179.019 E625.58032
G1 X173.414 Y179.019 E625.96789
M204 S10000
G1 F3000 E619.96789
G0 F6600 X173.414 Y179.239
G0 X189.099 Y179.167
G0 X189.171 Y178.613
G0 X188.799 Y178.613
M204 S1000
G1 F3000 E625.96789
G1 F1200 X188.543 Y178.869 E625.97693
M204 S10000
G0 F6600 X188.119 Y178.869
M204 S1000
G1 F1200 X188.799 Y178.188 E626.00093
M204 S10000
G0 F6600 X188.799 Y177.764
M204 S1000
G1 F1200 X187.695 Y178.869 E626.0399
M204 S10000
G0 F6600 X187.27 Y178.869
M204 S1000
G1 F1200 X188.799 Y177.34 E626.09384
M204 S10000
G0 F6600 X188.799 Y176.915
M204 S1000
G1 F1200 X186.846 Y178.869 E626.16275
M204 S10000
G0 F6600 X186.422 Y178.869
M204 S1000
G1 F1200 X188.799 Y176.491 E626.24662
M204 S10000
G0 F6600 X188.799 Y176.067
M204 S1000
G1 F1200 X185.998 Y178.869 E626.34545
M204 S10000
G0 F6600 X185.573 Y178.869
M204 S1000
G1 F1200 X188.799 Y175.643 E626.45926
M204 S10000
G0 F6600 X188.799 Y175.218
M204 S1000
G1 F1200 X185.149 Y178.869 E626.58804
M204 S10000
G0 F6600 X184.725 Y178.869
M204 S1000
G1 F1200 X188.799 Y174.794 E626.73178
M204 S10000
G0 F6600 X188.799 Y174.37
M204 S1000
G1 F1200 X184.301 Y178.869 E626.89048
M204 S10000
G0 F6600 X183.876 Y178.869
M204 S1000
G1 F1200 X188.799 Y173.946 E627.06415
M204 S10000
G0 F6600 X188.799 Y173.521
M204 S1000
G1 F1200 X183.452 Y178.869 E627.2528
M204 S10000
G0 F6600 X183.028 Y178.869
M204 S1000
G1 F1200 X188.799 Y173.097 E627.4564
M204 S10000
G0 F6600 X188.799 Y172.673
M204 S1000
G1 F1200 X182.603 Y178.869 E627.67498
M204 S10000
G0 F6600 X182.179 Y178.869
M204 S1000
G1 F1200 X188.799 Y172.249 E627.90852
M204 S10000
G0 F6600 X188.799 Y171.824
M204 S1000
G1 F1200 X181.755 Y178.869 E628.15703
M204 S10000
G0 F6600 X181.331 Y178.869
M204 S1000
G1 F1200 X188.799 Y171.4 E628.42051
M204 S10000
G0 F6600 X188.799 Y170.976
M204 S1000
G1 F1200 X180.906 Y178.869 E628.69895
M204 S10000
G0 F6600 X180.482 Y178.869
M204 S1000
G1 F1200 X188.799 Y170.552 E628.99236
M204 S10000
G0 F6600 X188.799 Y170.127
M204 S1000
G1 F1200 X180.058 Y178.869 E629.30074
M204 S10000
G0 F6600 X179.634 Y178.869
M204 S1000
G1 F1200 X188.799 Y169.703 E629.62408
M204 S10000
G0 F6600 X188.799 Y169.279
M204 S1000
G1 F1200 X179.209 Y178.869 E629.96239
M204 S10000
G0 F6600 X178.785 Y178.869
M204 S1000
G1 F1200 X188.799 Y168.854 E630.31568
M204 S10000
G0 F6600 X188.799 Y168.43
M204 S1000
G1 F1200 X178.361 Y178.869 E630.68392
M204 S10000
G0 F6600 X177.937 Y178.869
M204 S1000
G1 F1200 X188.799 Y168.006 E631.06713
M204 S10000
G0 F6600 X188.799 Y167.582
M204 S1000
G1 F1200 X177.512 Y178.869 E631.46531
M204 S10000
G0 F6600 X177.088 Y178.869
M204 S1000
G1 F1200 X188.799 Y167.157 E631.87846
M204 S10000
G0 F6600 X188.799 Y166.733
M204 S1000
G1 F1200 X176.664 Y178.869 E632.30657
M204 S10000
G0 F6600 X176.24 Y178.869
M204 S1000
G1 F1200 X188.799 Y166.309 E632.74964
M204 S10000
G0 F6600 X188.799 Y165.885
M204 S1000
G1 F1200 X175.815 Y178.869 E633.20769
M204 S10000
G0 F6600 X175.391 Y178.869
M204 S1000
G1 F1200 X188.799 Y165.46 E633.68071
M204 S10000
G0 F6600 X188.799 Y165.036
M204 S1000
G1 F1200 X174.967 Y178.869 E634.16869
M204 S10000
G0 F6600 X174.542 Y178.869
M204 S1000
G1 F1200 X188.799 Y164.612 E634.67164
M204 S10000
G0 F6600 X188.799 Y164.188
M204 S1000
G1 F1200 X174.118 Y178.869 E635.18956
M204 S10000
G0 F6600 X173.694 Y178.869
M204 S1000
G1 F1200 X188.799 Y163.763 E635.72244
M204 S10000
G0 F6600 X188.799 Y163.339
M204 S1000
G1 F1200 X173.564 Y178.574 E636.2599
M204 S10000
G0 F6600 X173.564 Y178.15
M204 S1000
G1 F1200 X188.799 Y162.915 E636.79735
M204 S10000
G0 F6600 X188.799 Y162.491
M204 S1000
G1 F1200 X173.564 Y177.726 E637.33481
M204 S10000
G0 F6600 X173.564 Y177.302
M204 S1000
G1 F1200 X188.799 Y162.066 E637.87228
M204 S10000
G0 F6600 X188.799 Y161.642
M204 S1000
G1 F1200 X173.565 Y176.877 E638.40972
M204 S10000
G0 F6600 X173.565 Y176.452
M204 S1000
G1 F1200 X188.799 Y161.218 E638.94714
M204 S10000
G0 F6600 X188.799 Y160.793
M204 S1000
G1 F1200 X173.565 Y176.028 E639.48458
M204 S10000
G0 F6600 X173.565 Y175.604
M204 S1000
G1 F1200 X188.799 Y160.369 E640.02202
M204 S10000
G0 F6600 X188.799 Y159.945
M204 S1000
G1 F1200 X173.565 Y175.179 E640.55944
M204 S10000
G0 F6600 X173.565 Y174.755
M204 S1000
G1 F1200 X188.799 Y159.521 E641.09686
M204 S10000
G0 F6600 X188.799 Y159.096
M204 S1000
G1 F1200 X173.565 Y174.33 E641.63428
M204 S10000
G0 F6600 X173.565 Y173.906
M204 S1000
G1 F1200 X188.799 Y158.672 E642.1717
M204 S10000
G0 F6600 X188.799 Y158.248
M204 S1000
G1 F1200 X173.565 Y173.482 E642.70912
M204 S10000
G0 F6600 X173.566 Y173.057
M204 S1000
G1 F1200 X188.799 Y157.824 E643.24651
M204 S10000
G0 F6600 X188.799 Y157.399
M204 S1000
G1 F1200 X173.566 Y172.633 E643.78391
M204 S10000
G0 F6600 X173.566 Y172.208
M204 S1000
G1 F1200 X188.799 Y156.975 E644.32129
M204 S10000
G0 F6600 X188.799 Y156.551
M204 S1000
G1 F1200 X173.566 Y171.784 E644.85868
M204 S10000
G0 F6600 X173.567 Y171.359
M204 S1000
G1 F1200 X188.799 Y156.127 E645.39603
M204 S10000
G0 F6600 X188.799 Y155.702
M204 S1000
G1 F1200 X173.567 Y170.935 E645.9334
M204 S10000
G0 F6600 X173.567 Y170.511
M204 S1000
G1 F1200 X188.799 Y155.278 E646.47077
M204 S10000
G0 F6600 X188.799 Y154.854
M204 S1000
G1 F1200 X173.567 Y170.086 E647.00811
M204 S10000
G0 F6600 X173.567 Y169.661
M204 S1000
G1 F1200 X188.799 Y154.429 E647.54546
M204 S10000
G0 F6600 X188.799 Y154.005
M204 S1000
G1 F1200 X173.567 Y169.237 E648.08281
M204 S10000
G0 F6600 X173.567 Y168.813
M204 S1000
G1 F1200 X188.799 Y153.581 E648.62016
M204 S10000
G0 F6600 X188.799 Y153.157
M204 S1000
G1 F1200 X173.567 Y168.388 E649.1575
M204 S10000
G0 F6600 X173.568 Y167.964
M204 S1000
G1 F1200 X188.799 Y152.732 E649.69483
M204 S10000
G0 F6600 X188.799 Y152.308
M204 S1000
G1 F1200 X173.568 Y167.539 E650.23214
M204 S10000
G0 F6600 X173.568 Y167.115
M204 S1000
G1 F1200 X188.799 Y151.884 E650.76946
M204 S10000
G0 F6600 X188.799 Y151.46
M204 S1000
G1 F1200 X174.646 Y165.613 E651.26874
M204 S10000
G0 F6600 X174.236 Y166.023
M204 S1000
G1 F1200 X173.568 Y166.691 E651.29231
M204 S10000
G1 F3000 E645.29231
G0 F6600 X173.199 Y166.69
G0 X173.271 Y165.972
G0 X174.212 Y165.578
G0 X174.531 Y164.902
G0 X174.895 Y164.939
M204 S1000
G1 F3000 E651.29231
G1 F1200 X188.799 Y151.035 E651.78281
M204 S10000
G0 F6600 X188.799 Y150.611
M204 S1000
G1 F1200 X174.895 Y164.515 E652.27331
M204 S10000
G0 F6600 X174.895 Y164.091
M204 S1000
G1 F1200 X188.799 Y150.187 E652.76381
M204 S10000
G0 F6600 X188.799 Y149.763
M204 S1000
G1 F1200 X174.895 Y163.666 E653.2543
M204 S10000
G0 F6600 X174.895 Y163.242
M204 S1000
G1 F1200 X188.799 Y149.338 E653.7448
M204 S10000
G0 F6600 X188.799 Y148.914
M204 S1000
G1 F1200 X174.895 Y162.818 E654.2353
M204 S10000
G0 F6600 X174.895 Y162.394
M204 S1000
G1 F1200 X188.799 Y148.49 E654.7258
M204 S10000
G0 F6600 X188.799 Y148.066
M204 S1000
G1 F1200 X174.895 Y161.969 E655.21628
M204 S10000
G0 F6600 X174.896 Y161.544
M204 S1000
G1 F1200 X188.799 Y147.641 E655.70675
M204 S10000
G0 F6600 X188.799 Y147.217
M204 S1000
G1 F1200 X174.896 Y161.12 E656.19722
M204 S10000
G0 F6600 X174.896 Y160.696
M204 S1000
G1 F1200 X188.799 Y146.793 E656.68768
M204 S10000
G0 F6600 X188.799 Y146.368
M204 S1000
G1 F1200 X174.896 Y160.272 E657.17816
M204 S10000
G0 F6600 X174.896 Y159.847
M204 S1000
G1 F1200 X188.799 Y145.944 E657.66863
M204 S10000
G0 F6600 X188.799 Y145.52
M204 S1000
G1 F1200 X174.896 Y159.423 E658.1591
M204 S10000
G0 F6600 X174.896 Y158.999
M204 S1000
G1 F1200 X188.799 Y145.096 E658.64956
M204 S10000
G0 F6600 X188.799 Y144.671
M204 S1000
G1 F1200 X174.897 Y158.574 E659.14001
M204 S10000
G0 F6600 X174.897 Y158.15
M204 S1000
G1 F1200 X188.799 Y144.247 E659.63046
M204 S10000
G0 F6600 X188.799 Y143.823
M204 S1000
G1 F1200 X174.897 Y157.725 E660.12089
M204 S10000
G0 F6600 X174.897 Y157.301
M204 S1000
G1 F1200 X188.799 Y143.399 E660.61132
M204 S10000
G0 F6600 X188.799 Y142.974
M204 S1000
G1 F1200 X174.897 Y156.877 E661.10177
M204 S10000
G0 F6600 X174.897 Y156.453
M204 S1000
G1 F1200 X188.799 Y142.55 E661.59222
M204 S10000
G0 F6600 X188.799 Y142.126
M204 S1000
G1 F1200 X174.897 Y156.028 E662.08265
M204 S10000
G0 F6600 X174.897 Y155.603
M204 S1000
G1 F1200 X188.799 Y141.702 E662.57306
M204 S10000
G0 F6600 X188.799 Y141.277
M204 S1000
G1 F1200 X174.897 Y155.179 E663.06349
M204 S10000
G0 F6600 X174.897 Y154.755
M204 S1000
G1 F1200 X188.799 Y140.853 E663.55392
M204 S10000
G0 F6600 X188.799 Y140.429
M204 S1000
G1 F1200 X174.897 Y154.331 E664.04435
M204 S10000
G0 F6600 X174.897 Y153.906
M204 S1000
G1 F1200 X188.799 Y140.005 E664.53476
M204 S10000
G0 F6600 X188.799 Y139.58
M204 S1000
G1 F1200 X174.897 Y153.482 E665.0252
M204 S10000
G0 F6600 X174.897 Y153.058
M204 S1000
G1 F1200 X188.799 Y139.156 E665.51563
M204 S10000
G0 F6600 X188.799 Y138.732
M204 S1000
G1 F1200 X174.898 Y152.633 E666.00602
M204 S10000
G0 F6600 X174.898 Y152.208
M204 S1000
G1 F1200 X188.799 Y138.307 E666.49642
M204 S10000
G0 F6600 X188.799 Y137.883
M204 S1000
G1 F1200 X174.898 Y151.784 E666.98681
M204 S10000
G0 F6600 X174.898 Y151.36
M204 S1000
G1 F1200 X188.799 Y137.459 E667.47721
M204 S10000
G0 F6600 X188.799 Y137.035
M204 S1000
G1 F1200 X174.898 Y150.936 E667.9676
M204 S10000
G0 F6600 X174.898 Y150.511
M204 S1000
G1 F1200 X188.799 Y136.61 E668.458
M204 S10000
G0 F6600 X188.799 Y136.186
M204 S1000
G1 F1200 X174.898 Y150.087 E668.94839
M204 S10000
G0 F6600 X174.899 Y149.662
M204 S1000
G1 F1200 X188.799 Y135.762 E669.43875
M204 S10000
G0 F6600 X188.799 Y135.338
M204 S1000
G1 F1200 X174.899 Y149.238 E669.92911
M204 S10000
G0 F6600 X174.899 Y148.814
M204 S1000
G1 F1200 X188.799 Y134.913 E670.41949
M204 S10000
G0 F6600 X188.799 Y134.489
M204 S1000
G1 F1200 X174.899 Y148.389 E670.90985
M204 S10000
G0 F6600 X174.899 Y147.965
M204 S1000
G1 F1200 X188.799 Y134.065 E671.40021
M204 S10000
G0 F6600 X188.799 Y133.641
M204 S1000
G1 F1200 X174.899 Y147.541 E671.89057
M204 S10000
G0 F6600 X174.899 Y147.117
M204 S1000
G1 F1200 X188.799 Y133.216 E672.38095
M204 S10000
G0 F6600 X188.799 Y132.792
M204 S1000
G1 F1200 X174.9 Y146.692 E672.87129
M204 S10000
G0 F6600 X174.9 Y146.267
M204 S1000
G1 F1200 X188.799 Y132.368 E673.36162
M204 S10000
G0 F6600 X188.799 Y131.944
M204 S1000
G1 F1200 X174.9 Y145.843 E673.85194
M204 S10000
G0 F6600 X174.9 Y145.419
M204 S1000
G1 F1200 X188.799 Y131.519 E674.34228
M204 S10000
G0 F6600 X188.799 Y131.095
M204 S1000
G1 F1200 X174.9 Y144.995 E674.83263
M204 S10000
G0 F6600 X174.9 Y144.57
M204 S1000
G1 F1200 X188.799 Y130.671 E675.32295
M204 S10000
G0 F6600 X188.799 Y130.246
M204 S1000
G1 F1200 X174.9 Y144.146 E675.81329
M204 S10000
G0 F6600 X174.9 Y143.721
M204 S1000
G1 F1200 X188.799 Y129.822 E676.30362
M204 S10000
G0 F6600 X188.799 Y129.398
M204 S1000
G1 F1200 X174.9 Y143.297 E676.79394
M204 S10000
G0 F6600 X174.9 Y142.873
M204 S1000
G1 F1200 X188.799 Y128.974 E677.28427
M204 S10000
G0 F6600 X188.799 Y128.549
M204 S1000
G1 F1200 X174.9 Y142.448 E677.77459
M204 S10000
G0 F6600 X174.9 Y142.024
M204 S1000
G1 F1200 X188.799 Y128.125 E678.26492
M204 S10000
G0 F6600 X188.799 Y127.701
M204 S1000
G1 F1200 X174.9 Y141.6 E678.75524
M204 S10000
G0 F6600 X174.9 Y141.175
M204 S1000
G1 F1200 X188.799 Y127.277 E679.24555
M204 S10000
G0 F6600 X188.799 Y126.852
M204 S1000
G1 F1200 X174.901 Y140.751 E679.73586
M204 S10000
G0 F6600 X174.901 Y140.326
M204 S1000
G1 F1200 X188.799 Y126.428 E680.22614
M204 S10000
G0 F6600 X188.799 Y126.004
M204 S1000
G1 F1200 X174.901 Y139.902 E680.71643
M204 S10000
G0 F6600 X174.901 Y139.478
M204 S1000
G1 F1200 X188.799 Y125.58 E681.20672
M204 S10000
G0 F6600 X188.799 Y125.155
M204 S1000
G1 F1200 X174.901 Y139.053 E681.69701
M204 S10000
G0 F6600 X174.901 Y138.629
M204 S1000
G1 F1200 X188.799 Y124.731 E682.1873
M204 S10000
G0 F6600 X188.799 Y124.307
M204 S1000
G1 F1200 X174.901 Y138.205 E682.67759
M204 S10000
G0 F6600 X174.902 Y137.78
M204 S1000
G1 F1200 X188.799 Y123.882 E683.16786
M204 S10000
G0 F6600 X188.799 Y123.458
M204 S1000
G1 F1200 X174.902 Y137.356 E683.65814
M204 S10000
G0 F6600 X174.902 Y136.931
M204 S1000
G1 F1200 X188.799 Y123.034 E684.14839
M204 S10000
G0 F6600 X188.799 Y122.61
M204 S1000
G1 F1200 X174.902 Y136.507 E684.63864
M204 S10000
G0 F6600 X174.902 Y136.083
M204 S1000
G1 F1200 X188.799 Y122.185 E685.12892
M204 S10000
G0 F6600 X188.799 Y121.761
M204 S1000
G1 F1200 X174.902 Y135.659 E685.61919
M204 S10000
G0 F6600 X174.902 Y135.234
M204 S1000
G1 F1200 X188.799 Y121.337 E686.10944
M204 S10000
G0 F6600 X188.581 Y121.13
M204 S1000
G1 F1200 X174.856 Y134.856 E686.59365
M204 S10000
G0 F6600 X174.762 Y134.525
M204 S1000
G1 F1200 X188.157 Y121.13 E687.06619
M204 S10000
G0 F6600 X187.733 Y121.13
M204 S1000
G1 F1200 X174.576 Y134.288 E687.53036
M204 S10000
G0 F6600 X174.368 Y134.071
M204 S1000
G1 F1200 X187.309 Y121.13 E687.98689
M204 S10000
G0 F6600 X186.884 Y121.13
M204 S1000
G1 F1200 X174.118 Y133.897 E688.43726
M204 S10000
G0 F6600 X173.785 Y133.805
M204 S1000
G1 F1200 X186.46 Y121.13 E688.8844
M204 S10000
G0 F6600 X186.036 Y121.13
M204 S1000
G1 F1200 X173.569 Y133.597 E689.32421
M204 S10000
G0 F6600 X173.569 Y133.173
M204 S1000
G1 F1200 X185.611 Y121.13 E689.74904
M204 S10000
G0 F6600 X185.187 Y121.13
M204 S1000
G1 F1200 X173.569 Y132.749 E690.15892
M204 S10000
G0 F6600 X173.568 Y132.325
M204 S1000
G1 F1200 X184.763 Y121.13 E690.55385
M204 S10000
G0 F6600 X184.339 Y121.13
M204 S1000
G1 F1200 X173.568 Y131.901 E690.93383
M204 S10000
G0 F6600 X173.568 Y131.477
M204 S1000
G1 F1200 X183.914 Y121.13 E691.29883
M204 S10000
G0 F6600 X183.49 Y121.13
M204 S1000
G1 F1200 X173.568 Y131.053 E691.64887
M204 S10000
G0 F6600 X173.567 Y130.629
M204 S1000
G1 F1200 X183.066 Y121.13 E691.98397
M204 S10000
G0 F6600 X182.642 Y121.13
M204 S1000
G1 F1200 X173.567 Y130.205 E692.30412
M204 S10000
G0 F6600 X173.567 Y129.78
M204 S1000
G1 F1200 X182.217 Y121.13 E692.60927
M204 S10000
G0 F6600 X181.793 Y121.13
M204 S1000
G1 F1200 X173.567 Y129.357 E692.89948
M204 S10000
G0 F6600 X173.567 Y128.933
M204 S1000
G1 F1200 X181.369 Y121.13 E693.17474
M204 S10000
G0 F6600 X180.945 Y121.13
M204 S1000
G1 F1200 X173.567 Y128.508 E693.43502
M204 S10000
G0 F6600 X173.566 Y128.085
M204 S1000
G1 F1200 X180.52 Y121.13 E693.68035
M204 S10000
G0 F6600 X180.096 Y121.13
M204 S1000
G1 F1200 X173.566 Y127.661 E693.91074
M204 S10000
G0 F6600 X173.566 Y127.236
M204 S1000
G1 F1200 X179.672 Y121.13 E694.12614
M204 S10000
G0 F6600 X179.248 Y121.13
M204 S1000
G1 F1200 X173.566 Y126.812 E694.32659
M204 S10000
G0 F6600 X173.565 Y126.388
M204 S1000
G1 F1200 X178.823 Y121.13 E694.51208
M204 S10000
G0 F6600 X178.399 Y121.13
M204 S1000
G1 F1200 X173.565 Y125.964 E694.68261
M204 S10000
G0 F6600 X173.565 Y125.54
M204 S1000
G1 F1200 X177.975 Y121.13 E694.83819
M204 S10000
G0 F6600 X177.55 Y121.13
M204 S1000
G1 F1200 X173.565 Y125.116 E694.97879
M204 S10000
G0 F6600 X173.565 Y124.692
M204 S1000
G1 F1200 X177.126 Y121.13 E695.10443
M204 S10000
G0 F6600 X176.702 Y121.13
M204 S1000
G1 F1200 X173.565 Y124.268 E695.21511
M204 S10000
G0 F6600 X173.564 Y123.844
M204 S1000
G1 F1200 X176.278 Y121.13 E695.31085
M204 S10000
G0 F6600 X175.853 Y121.13
M204 S1000
G1 F1200 X173.564 Y123.42 E695.39162
M204 S10000
G0 F6600 X173.564 Y122.996
M204 S1000
G1 F1200 X175.429 Y121.13 E695.45743
M204 S10000
G0 F6600 X175.005 Y121.13
M204 S1000
G1 F1200 X173.564 Y122.572 E695.50829
M204 S10000
G0 F6600 X173.563 Y122.148
M204 S1000
G1 F1200 X174.581 Y121.13 E695.5442
M204 S10000
G0 F6600 X174.156 Y121.13
M204 S1000
G1 F1200 X173.563 Y121.724 E695.56514
M204 S10000
G0 F6600 X173.563 Y121.299
M204 S1000
G1 F1200 X173.732 Y121.13 E695.5711
M204 S10000
G0 F6600 X173.731 Y120.711
G1 F3000 E689.5711
;MESH:NONMESH
G0 F300 X173.731 Y120.711 Z0.56
G0 F6600 X172.456 Y120.025
G0 X107.368 Y117.206
;TIME_ELAPSED:1642.672806
;LAYER:2
M106 S170
M204 S1000
;TYPE:SKIRT
G1 F3000 E695.5711
G1 F1200 X107.758 Y116.891 E695.5836
G1 X108.193 Y116.641 E695.59612
G1 X108.662 Y116.463 E695.60863
G1 X109.154 Y116.363 E695.62116
G1 X109.451 Y116.34 E695.62859
G1 X109.772 Y116.331 E695.6366
G1 X189.789 Y116.33 E697.63263
G1 X190.487 Y116.34 E697.65004
G1 X190.987 Y116.387 E697.66257
G1 X191.472 Y116.513 E697.67507
G1 X191.932 Y116.714 E697.68759
G1 X192.353 Y116.986 E697.7001
G1 X192.726 Y117.321 E697.7126
G1 X193.042 Y117.711 E697.72512
G1 X193.291 Y118.146 E697.73763
G1 X193.468 Y118.616 E697.75015
G1 X193.569 Y119.107 E697.76266
G1 X193.591 Y119.401 E697.77001
G1 X193.6 Y119.721 E697.778
G1 X193.601 Y179.823 E699.27725
G1 X193.592 Y180.55 E699.29539
G1 X193.546 Y181.049 E699.30789
G1 X193.421 Y181.535 E699.3204
G1 X193.22 Y181.995 E699.33293
G1 X192.95 Y182.417 E699.34542
G1 X192.615 Y182.791 E699.35795
G1 X192.226 Y183.107 E699.37045
G1 X191.791 Y183.358 E699.38298
G1 X191.322 Y183.536 E699.39549
G1 X190.831 Y183.637 E699.408
G1 X190.531 Y183.66 E699.4155
G1 X190.121 Y183.67 E699.42573
G1 X170.811 Y183.664 E699.90742
G1 X110.196 Y183.67 E701.41947
G1 X109.498 Y183.661 E701.43688
G1 X108.999 Y183.614 E701.44939
G1 X108.513 Y183.489 E701.4619
G1 X108.053 Y183.289 E701.47442
G1 X107.631 Y183.018 E701.48693
G1 X107.258 Y182.683 E701.49943
G1 X106.942 Y182.293 E701.51195
G1 X106.692 Y181.859 E701.52445
G1 X106.514 Y181.39 E701.53696
G1 X106.413 Y180.898 E701.54949
G1 X106.39 Y180.596 E701.55705
G1 X106.381 Y180.263 E701.56536
G1 X106.38 Y120.111 E703.06585
G1 X106.389 Y119.446 E703.08244
G1 X106.436 Y118.947 E703.09495
G1 X106.561 Y118.461 E703.10746
G1 X106.762 Y118.002 E703.11996
G1 X107.034 Y117.58 E703.13249
G1 X107.368 Y117.206 E703.145
M204 S10000
G1 F3000 E697.145
;MESH:Lid_side_panel_x2.stl(1)
G0 F9600 X111.11 Y121.06
G0 X127.218 Y121.032
G0 X127.34 Y179.09
M204 S1000
;TYPE:WALL-INNER
G1 F3000 E703.145
G1 F1800 X127.34 Y120.91 E704.5963
G1 X110.96 Y120.91 E705.0049
G1 X110.96 Y179.09 E706.45621
G1 X127.34 Y179.09 E706.86481
M204 S10000
G0 F9600 X127.64 Y179.39
M204 S1000
G1 F1800 X127.64 Y120.61 E708.33108
G1 X110.66 Y120.61 E708.75465
G1 X110.66 Y179.39 E710.22092
G1 X127.64 Y179.39 E710.64449
M204 S10000
G0 F9600 X127.94 Y179.69
M204 S1000
G1 F1800 X127.94 Y120.31 E712.12573
G1 X110.36 Y120.31 E712.56427
G1 X110.36 Y179.69 E714.04551
G1 X127.94 Y179.69 E714.48404
M204 S10000
G0 F9600 X128.19 Y179.94
M204 S1000
;TYPE:WALL-OUTER
G1 F1800 X128.19 Y120.06 E715.97775
G1 X110.11 Y120.06 E716.42876
G1 X110.11 Y179.94 E717.92247
G1 X128.19 Y179.94 E718.37348
M204 S10000
G0 F9600 X128.19 Y179.74
G0 X127.94 Y179.74
G0 X127.29 Y178.82
G0 X127.07 Y178.82
M204 S1000
;TYPE:SKIN
G1 F1200 X111.23 Y178.82 E718.76861
G1 X111.23 Y121.18 E720.20645
G1 X127.07 Y121.18 E720.60158
G1 X127.07 Y178.82 E722.03941
M204 S10000
G1 F3000 E716.03941
G0 F9600 X127.29 Y178.82
G0 X111.635 Y179.04
G0 X111.635 Y178.668
M204 S1000
G1 F3000 E722.03941
G1 F1200 X111.379 Y178.413 E722.04843
M204 S10000
G0 F9600 X111.379 Y177.989
M204 S1000
G1 F1200 X112.059 Y178.668 E722.0724
M204 S10000
G0 F9600 X112.483 Y178.668
M204 S1000
G1 F1200 X111.379 Y177.565 E722.11133
M204 S10000
G0 F9600 X111.379 Y177.14
M204 S1000
G1 F1200 X112.907 Y178.668 E722.16523
M204 S10000
G0 F9600 X113.332 Y178.668
M204 S1000
G1 F1200 X111.379 Y176.716 E722.23411
M204 S10000
G0 F9600 X111.379 Y176.292
M204 S1000
G1 F1200 X113.756 Y178.668 E722.31795
M204 S10000
G0 F9600 X114.18 Y178.668
M204 S1000
G1 F1200 X111.379 Y175.868 E722.41674
M204 S10000
G0 F9600 X111.379 Y175.443
M204 S1000
G1 F1200 X114.605 Y178.668 E722.53053
M204 S10000
G0 F9600 X115.029 Y178.668
M204 S1000
G1 F1200 X111.379 Y175.019 E722.65928
M204 S10000
G0 F9600 X111.379 Y174.595
M204 S1000
G1 F1200 X115.453 Y178.668 E722.80298
M204 S10000
G0 F9600 X115.877 Y178.668
M204 S1000
G1 F1200 X111.379 Y174.171 E722.96164
M204 S10000
G0 F9600 X111.379 Y173.746
M204 S1000
G1 F1200 X116.302 Y178.668 E723.1353
M204 S10000
G0 F9600 X116.726 Y178.668
M204 S1000
G1 F1200 X111.379 Y173.322 E723.32391
M204 S10000
G0 F9600 X111.379 Y172.898
M204 S1000
G1 F1200 X117.15 Y178.668 E723.52748
M204 S10000
G0 F9600 X117.574 Y178.668
M204 S1000
G1 F1200 X111.379 Y172.473 E723.74602
M204 S10000
G0 F9600 X111.379 Y172.049
M204 S1000
G1 F1200 X117.999 Y178.668 E723.97955
M204 S10000
G0 F9600 X118.423 Y178.668
M204 S1000
G1 F1200 X111.379 Y171.625 E724.22802
M204 S10000
G0 F9600 X111.379 Y171.201
M204 S1000
G1 F1200 X118.847 Y178.668 E724.49146
M204 S10000
G0 F9600 X119.271 Y178.668
M204 S1000
G1 F1200 X111.379 Y170.776 E724.76987
M204 S10000
G0 F9600 X111.379 Y170.352
M204 S1000
G1 F1200 X119.696 Y178.668 E725.06326
M204 S10000
G0 F9600 X120.12 Y178.668
M204 S1000
G1 F1200 X111.379 Y169.928 E725.3716
M204 S10000
G0 F9600 X111.379 Y169.504
M204 S1000
G1 F1200 X120.544 Y178.668 E725.69491
M204 S10000
G0 F9600 X120.968 Y178.668
M204 S1000
G1 F1200 X111.379 Y169.079 E726.03318
M204 S10000
G0 F9600 X111.379 Y168.655
M204 S1000
G1 F1200 X121.393 Y178.668 E726.38644
M204 S10000
G0 F9600 X121.817 Y178.668
M204 S1000
G1 F1200 X111.379 Y168.231 E726.75465
M204 S10000
G0 F9600 X111.379 Y167.807
M204 S1000
G1 F1200 X122.241 Y178.668 E727.13782
M204 S10000
G0 F9600 X122.666 Y178.668
M204 S1000
G1 F1200 X111.379 Y167.382 E727.53598
M204 S10000
G0 F9600 X111.379 Y166.958
M204 S1000
G1 F1200 X123.09 Y178.668 E727.9491
M204 S10000
G0 F9600 X123.514 Y178.668
M204 S1000
G1 F1200 X111.379 Y166.534 E728.37718
M204 S10000
G0 F9600 X111.379 Y166.109
M204 S1000
G1 F1200 X123.938 Y178.668 E728.82023
M204 S10000
G0 F9600 X124.363 Y178.668
M204 S1000
G1 F1200 X111.379 Y165.685 E729.27826
M204 S10000
G0 F9600 X111.379 Y165.261
M204 S1000
G1 F1200 X124.787 Y178.668 E729.75124
M204 S10000
G0 F9600 X125.211 Y178.668
M204 S1000
G1 F1200 X111.379 Y164.837 E730.23919
M204 S10000
G0 F9600 X111.379 Y164.412
M204 S1000
G1 F1200 X125.635 Y178.668 E730.7421
M204 S10000
G0 F9600 X126.06 Y178.668
M204 S1000
G1 F1200 X111.379 Y163.988 E731.26
M204 S10000
G0 F9600 X111.379 Y163.564
M204 S1000
G1 F1200 X126.484 Y178.668 E731.79285
M204 S10000
G0 F9600 X126.908 Y178.668
M204 S1000
G1 F1200 X111.379 Y163.14 E732.34066
M204 S10000
G0 F9600 X111.379 Y162.715
M204 S1000
G1 F1200 X126.92 Y178.255 E732.88889
M204 S10000
G0 F9600 X126.92 Y177.831
M204 S1000
G1 F1200 X111.379 Y162.291 E733.43713
M204 S10000
G0 F9600 X111.379 Y161.867
M204 S1000
G1 F1200 X126.92 Y177.407 E733.98536
M204 S10000
G0 F9600 X126.92 Y176.983
M204 S1000
G1 F1200 X111.379 Y161.443 E734.53359
M204 S10000
G0 F9600 X111.379 Y161.018
M204 S1000
G1 F1200 X126.92 Y176.558 E735.08183
M204 S10000
G0 F9600 X126.92 Y176.134
M204 S1000
G1 F1200 X111.379 Y160.594 E735.63006
M204 S10000
G0 F9600 X111.379 Y160.17
M204 S1000
G1 F1200 X126.92 Y175.71 E736.17829
M204 S10000
G0 F9600 X126.92 Y175.286
M204 S1000
G1 F1200 X111.379 Y159.746 E736.72653
M204 S10000
G0 F9600 X111.379 Y159.321
M204 S1000
G1 F1200 X126.92 Y174.861 E737.27476
M204 S10000
G0 F9600 X126.92 Y174.437
M204 S1000
G1 F1200 X111.379 Y158.897 E737.82299
M204 S10000
G0 F9600 X111.379 Y158.473
M204 S1000
G1 F1200 X126.92 Y174.013 E738.37122
M204 S10000
G0 F9600 X126.92 Y173.589
M204 S1000
G1 F1200 X111.379 Y158.048 E738.91948
M204 S10000
G0 F9600 X111.379 Y157.624
M204 S1000
G1 F1200 X126.92 Y173.164 E739.46771
M204 S10000
G0 F9600 X126.92 Y172.74
M204 S1000
G1 F1200 X111.379 Y157.2 E740.01594
M204 S10000
G0 F9600 X111.379 Y156.776
M204 S1000
G1 F1200 X126.92 Y172.316 E740.56417
M204 S10000
G0 F9600 X126.92 Y171.892
M204 S1000
G1 F1200 X111.379 Y156.351 E741.11243
M204 S10000
G0 F9600 X111.379 Y155.927
M204 S1000
G1 F1200 X126.92 Y171.467 E741.66066
M204 S10000
G0 F9600 X126.92 Y171.043
M204 S1000
G1 F1200 X111.379 Y155.503 E742.20889
M204 S10000
G0 F9600 X111.379 Y155.079
M204 S1000
G1 F1200 X126.92 Y170.619 E742.75712
M204 S10000
G0 F9600 X126.92 Y170.194
M204 S1000
G1 F1200 X111.379 Y154.654 E743.30536
M204 S10000
G0 F9600 X111.379 Y154.23
M204 S1000
G1 F1200 X126.92 Y169.77 E743.85359
M204 S10000
G0 F9600 X126.92 Y169.346
M204 S1000
G1 F1200 X111.379 Y153.806 E744.40182
M204 S10000
G0 F9600 X111.379 Y153.382
M204 S1000
G1 F1200 X126.92 Y168.922 E744.95006
M204 S10000
G0 F9600 X126.92 Y168.497
M204 S1000
G1 F1200 X111.379 Y152.957 E745.49829
M204 S10000
G0 F9600 X111.379 Y152.533
M204 S1000
G1 F1200 X126.92 Y168.073 E746.04652
M204 S10000
G0 F9600 X126.92 Y167.649
M204 S1000
G1 F1200 X111.379 Y152.109 E746.59476
M204 S10000
G0 F9600 X111.379 Y151.685
M204 S1000
G1 F1200 X126.92 Y167.225 E747.14299
M204 S10000
G0 F9600 X126.92 Y166.8
M204 S1000
G1 F1200 X111.379 Y151.26 E747.69122
M204 S10000
G0 F9600 X111.379 Y150.836
M204 S1000
G1 F1200 X126.92 Y166.376 E748.23946
M204 S10000
G0 F9600 X126.92 Y165.952
M204 S1000
G1 F1200 X111.379 Y150.412 E748.78769
M204 S10000
G0 F9600 X111.379 Y149.987
M204 S1000
G1 F1200 X126.92 Y165.528 E749.33594
M204 S10000
G0 F9600 X126.92 Y165.103
M204 S1000
G1 F1200 X111.379 Y149.563 E749.88417
M204 S10000
G0 F9600 X111.379 Y149.139
M204 S1000
G1 F1200 X126.92 Y164.679 E750.43241
M204 S10000
G0 F9600 X126.92 Y164.255
M204 S1000
G1 F1200 X111.379 Y148.715 E750.98064
M204 S10000
G0 F9600 X111.379 Y148.29
M204 S1000
G1 F1200 X126.92 Y163.83 E751.52887
M204 S10000
G0 F9600 X126.92 Y163.406
M204 S1000
G1 F1200 X111.379 Y147.866 E752.07711
M204 S10000
G0 F9600 X111.379 Y147.442
M204 S1000
G1 F1200 X126.92 Y162.982 E752.62534
M204 S10000
G0 F9600 X126.92 Y162.558
M204 S1000
G1 F1200 X111.379 Y147.018 E753.17357
M204 S10000
G0 F9600 X111.379 Y146.593
M204 S1000
G1 F1200 X126.92 Y162.133 E753.7218
M204 S10000
G0 F9600 X126.92 Y161.709
M204 S1000
G1 F1200 X111.379 Y146.169 E754.27004
M204 S10000
G0 F9600 X111.379 Y145.745
M204 S1000
G1 F1200 X126.92 Y161.285 E754.81827
M204 S10000
G0 F9600 X126.92 Y160.861
M204 S1000
G1 F1200 X111.379 Y145.321 E755.3665
M204 S10000
G0 F9600 X111.379 Y144.896
M204 S1000
G1 F1200 X126.92 Y160.436 E755.91474
M204 S10000
G0 F9600 X126.92 Y160.012
M204 S1000
G1 F1200 X111.379 Y144.472 E756.46297
M204 S10000
G0 F9600 X111.379 Y144.048
M204 S1000
G1 F1200 X126.92 Y159.588 E757.0112
M204 S10000
G0 F9600 X126.92 Y159.164
M204 S1000
G1 F1200 X111.379 Y143.623 E757.55945
M204 S10000
G0 F9600 X111.379 Y143.199
M204 S1000
G1 F1200 X126.92 Y158.739 E758.10769
M204 S10000
G0 F9600 X126.92 Y158.315
M204 S1000
G1 F1200 X111.379 Y142.775 E758.65592
M204 S10000
G0 F9600 X111.379 Y142.351
M204 S1000
G1 F1200 X126.92 Y157.891 E759.20415
M204 S10000
G0 F9600 X126.92 Y157.467
M204 S1000
G1 F1200 X111.379 Y141.926 E759.7524
M204 S10000
G0 F9600 X111.379 Y141.502
M204 S1000
G1 F1200 X126.92 Y157.042 E760.30064
M204 S10000
G0 F9600 X126.92 Y156.618
M204 S1000
G1 F1200 X111.379 Y141.078 E760.84887
M204 S10000
G0 F9600 X111.379 Y140.654
M204 S1000
G1 F1200 X126.92 Y156.194 E761.3971
M204 S10000
G0 F9600 X126.92 Y155.769
M204 S1000
G1 F1200 X111.379 Y140.229 E761.94534
M204 S10000
G0 F9600 X111.379 Y139.805
M204 S1000
G1 F1200 X126.92 Y155.345 E762.49357
M204 S10000
G0 F9600 X126.92 Y154.921
M204 S1000
G1 F1200 X111.379 Y139.381 E763.0418
M204 S10000
G0 F9600 X111.379 Y138.957
M204 S1000
G1 F1200 X126.92 Y154.497 E763.59004
M204 S10000
G0 F9600 X126.92 Y154.072
M204 S1000
G1 F1200 X111.379 Y138.532 E764.13827
M204 S10000
G0 F9600 X111.379 Y138.108
M204 S1000
G1 F1200 X126.92 Y153.648 E764.6865
M204 S10000
G0 F9600 X126.92 Y153.224
M204 S1000
G1 F1200 X111.379 Y137.684 E765.23473
M204 S10000
G0 F9600 X111.379 Y137.26
M204 S1000
G1 F1200 X126.92 Y152.8 E765.78297
M204 S10000
G0 F9600 X126.92 Y152.375
M204 S1000
G1 F1200 X111.379 Y136.835 E766.3312
M204 S10000
G0 F9600 X111.379 Y136.411
M204 S1000
G1 F1200 X126.92 Y151.951 E766.87943
M204 S10000
G0 F9600 X126.92 Y151.527
M204 S1000
G1 F1200 X111.379 Y135.987 E767.42767
M204 S10000
G0 F9600 X111.379 Y135.562
M204 S1000
G1 F1200 X126.92 Y151.103 E767.97592
M204 S10000
G0 F9600 X126.92 Y150.678
M204 S1000
G1 F1200 X111.379 Y135.138 E768.52415
M204 S10000
G0 F9600 X111.379 Y134.714
M204 S1000
G1 F1200 X126.92 Y150.254 E769.07238
M204 S10000
G0 F9600 X126.92 Y149.83
M204 S1000
G1 F1200 X111.379 Y134.29 E769.62062
M204 S10000
G0 F9600 X111.379 Y133.865
M204 S1000
G1 F1200 X126.92 Y149.406 E770.16887
M204 S10000
G0 F9600 X126.92 Y148.981
M204 S1000
G1 F1200 X111.379 Y133.441 E770.7171
M204 S10000
G0 F9600 X111.379 Y133.017
M204 S1000
G1 F1200 X126.92 Y148.557 E771.26533
M204 S10000
G0 F9600 X126.92 Y148.133
M204 S1000
G1 F1200 X111.379 Y132.593 E771.81357
M204 S10000
G0 F9600 X111.379 Y132.168
M204 S1000
G1 F1200 X126.92 Y147.708 E772.3618
M204 S10000
G0 F9600 X126.92 Y147.284
M204 S1000
G1 F1200 X111.379 Y131.744 E772.91003
M204 S10000
G0 F9600 X111.379 Y131.32
M204 S1000
G1 F1200 X126.92 Y146.86 E773.45827
M204 S10000
G0 F9600 X126.92 Y146.436
M204 S1000
G1 F1200 X111.379 Y130.896 E774.0065
M204 S10000
G0 F9600 X111.379 Y130.471
M204 S1000
G1 F1200 X126.92 Y146.011 E774.55473
M204 S10000
G0 F9600 X126.92 Y145.587
M204 S1000
G1 F1200 X111.379 Y130.047 E775.10297
M204 S10000
G0 F9600 X111.379 Y129.623
M204 S1000
G1 F1200 X126.92 Y145.163 E775.6512
M204 S10000
G0 F9600 X126.92 Y144.739
M204 S1000
G1 F1200 X111.379 Y129.199 E776.19943
M204 S10000
G0 F9600 X111.379 Y128.774
M204 S1000
G1 F1200 X126.92 Y144.314 E776.74767
M204 S10000
G0 F9600 X126.92 Y143.89
M204 S1000
G1 F1200 X111.379 Y128.35 E777.2959
M204 S10000
G0 F9600 X111.379 Y127.926
M204 S1000
G1 F1200 X126.92 Y143.466 E777.84413
M204 S10000
G0 F9600 X126.92 Y143.042
M204 S1000
G1 F1200 X111.379 Y127.501 E778.39238
M204 S10000
G0 F9600 X111.379 Y127.077
M204 S1000
G1 F1200 X126.92 Y142.617 E778.94062
M204 S10000
G0 F9600 X126.92 Y142.193
M204 S1000
G1 F1200 X111.379 Y126.653 E779.48885
M204 S10000
G0 F9600 X111.379 Y126.229
M204 S1000
G1 F1200 X126.92 Y141.769 E780.03708
M204 S10000
G0 F9600 X126.92 Y141.344
M204 S1000
G1 F1200 X111.379 Y125.804 E780.58531
M204 S10000
G0 F9600 X111.379 Y125.38
M204 S1000
G1 F1200 X126.92 Y140.92 E781.13355
M204 S10000
G0 F9600 X126.92 Y140.496
M204 S1000
G1 F1200 X111.379 Y124.956 E781.68178
M204 S10000
G0 F9600 X111.379 Y124.532
M204 S1000
G1 F1200 X126.92 Y140.072 E782.23001
M204 S10000
G0 F9600 X126.92 Y139.647
M204 S1000
G1 F1200 X111.379 Y124.107 E782.77825
M204 S10000
G0 F9600 X111.379 Y123.683
M204 S1000
G1 F1200 X126.92 Y139.223 E783.32648
M204 S10000
G0 F9600 X126.92 Y138.799
M204 S1000
G1 F1200 X111.379 Y123.259 E783.87471
M204 S10000
G0 F9600 X111.379 Y122.835
M204 S1000
G1 F1200 X126.92 Y138.375 E784.42295
M204 S10000
G0 F9600 X126.92 Y137.95
M204 S1000
G1 F1200 X111.379 Y122.41 E784.97118
M204 S10000
G0 F9600 X111.379 Y121.986
M204 S1000
G1 F1200 X126.92 Y137.526 E785.51941
M204 S10000
G0 F9600 X126.92 Y137.102
M204 S1000
G1 F1200 X111.379 Y121.562 E786.06765
M204 S10000
G0 F9600 X111.571 Y121.329
M204 S1000
G1 F1200 X126.92 Y136.678 E786.60912
M204 S10000
G0 F9600 X126.92 Y136.253
M204 S1000
G1 F1200 X111.995 Y121.329 E787.13563
M204 S10000
G0 F9600 X112.42 Y121.329
M204 S1000
G1 F1200 X126.92 Y135.829 E787.64715
M204 S10000
G0 F9600 X126.92 Y135.405
M204 S1000
G1 F1200 X112.844 Y121.329 E788.14372
M204 S10000
G0 F9600 X113.268 Y121.329
M204 S1000
G1 F1200 X126.92 Y134.981 E788.62533
M204 S10000
G0 F9600 X126.92 Y134.556
M204 S1000
G1 F1200 X113.692 Y121.329 E789.09197
M204 S10000
G0 F9600 X114.117 Y121.329
M204 S1000
G1 F1200 X126.92 Y134.132 E789.54363
M204 S10000
G0 F9600 X126.92 Y133.708
M204 S1000
G1 F1200 X114.541 Y121.329 E789.98033
M204 S10000
G0 F9600 X114.965 Y121.329
M204 S1000
G1 F1200 X126.92 Y133.283 E790.40206
M204 S10000
G0 F9600 X126.92 Y132.859
M204 S1000
G1 F1200 X115.389 Y121.329 E790.80883
M204 S10000
G0 F9600 X115.814 Y121.329
M204 S1000
G1 F1200 X126.92 Y132.435 E791.20062
M204 S10000
G0 F9600 X126.92 Y132.011
M204 S1000
G1 F1200 X116.238 Y121.329 E791.57746
M204 S10000
G0 F9600 X116.662 Y121.329
M204 S1000
G1 F1200 X126.92 Y131.586 E791.93932
M204 S10000
G0 F9600 X126.92 Y131.162
M204 S1000
G1 F1200 X117.086 Y121.329 E792.28622
M204 S10000
G0 F9600 X117.511 Y121.329
M204 S1000
G1 F1200 X126.92 Y130.738 E792.61815
M204 S10000
G0 F9600 X126.92 Y130.314
M204 S1000
G1 F1200 X117.935 Y121.329 E792.93512
M204 S10000
G0 F9600 X118.359 Y121.329
M204 S1000
G1 F1200 X126.92 Y129.889 E793.23712
M204 S10000
G0 F9600 X126.92 Y129.465
M204 S1000
G1 F1200 X118.784 Y121.329 E793.52413
M204 S10000
G0 F9600 X119.209 Y121.33
M204 S1000
G1 F1200 X126.92 Y129.041 E793.79616
M204 S10000
G0 F9600 X126.92 Y128.617
M204 S1000
G1 F1200 X119.633 Y121.33 E794.05323
M204 S10000
G0 F9600 X120.057 Y121.33
M204 S1000
G1 F1200 X126.92 Y128.192 E794.29532
M204 S10000
G0 F9600 X126.92 Y127.768
M204 S1000
G1 F1200 X120.481 Y121.33 E794.52246
M204 S10000
G0 F9600 X120.906 Y121.33
M204 S1000
G1 F1200 X126.92 Y127.344 E794.73462
M204 S10000
G0 F9600 X126.92 Y126.92
M204 S1000
G1 F1200 X121.33 Y121.33 E794.93182
M204 S10000
G0 F9600 X121.754 Y121.33
M204 S1000
G1 F1200 X126.92 Y126.495 E795.11405
M204 S10000
G0 F9600 X126.92 Y126.071
M204 S1000
G1 F1200 X122.178 Y121.33 E795.28132
M204 S10000
G0 F9600 X122.603 Y121.33
M204 S1000
G1 F1200 X126.92 Y125.647 E795.43361
M204 S10000
G0 F9600 X126.92 Y125.222
M204 S1000
G1 F1200 X123.027 Y121.33 E795.57093
M204 S10000
G0 F9600 X123.451 Y121.33
M204 S1000
G1 F1200 X126.92 Y124.798 E795.69329
M204 S10000
G0 F9600 X126.92 Y124.374
M204 S1000
G1 F1200 X123.875 Y121.33 E795.80069
M204 S10000
G0 F9600 X124.3 Y121.33
M204 S1000
G1 F1200 X126.92 Y123.95 E795.89312
M204 S10000
G0 F9600 X126.92 Y123.525
M204 S1000
G1 F1200 X124.724 Y121.33 E795.97057
M204 S10000
G0 F9600 X125.148 Y121.33
M204 S1000
G1 F1200 X126.92 Y123.101 E796.03307
M204 S10000
G0 F9600 X126.92 Y122.677
M204 S1000
G1 F1200 X125.572 Y121.33 E796.0806
M204 S10000
G0 F9600 X125.997 Y121.33
M204 S1000
G1 F1200 X126.92 Y122.253 E796.11317
M204 S10000
G0 F9600 X126.92 Y121.828
M204 S1000
G1 F1200 X126.421 Y121.33 E796.13075
M204 S10000
G0 F9600 X126.845 Y121.33
M204 S1000
G1 F1200 X126.92 Y121.404 E796.13338
M204 S10000
G0 F9600 X127.34 Y121.404
G1 F3000 E790.13338
;MESH:Lid_side_panel_x2.stl
G0 F9600 X128.02 Y179.09
G0 X131.13 Y179.09
G0 X148.19 Y179.09
M204 S1000
;TYPE:WALL-INNER
G1 F3000 E796.13338
G1 F1800 X148.19 Y120.91 E797.58469
G1 X131.81 Y120.91 E797.99329
G1 X131.81 Y179.09 E799.44459
G1 X148.19 Y179.09 E799.85319
M204 S10000
G0 F9600 X148.49 Y179.39
M204 S1000
G1 F1800 X148.49 Y120.61 E801.31947
G1 X131.51 Y120.61 E801.74303
G1 X131.51 Y179.39 E803.20931
G1 X148.49 Y179.39 E803.63287
M204 S10000
G0 F9600 X148.79 Y179.69
M204 S1000
G1 F1800 X148.79 Y120.31 E805.11411
G1 X131.21 Y120.31 E805.55265
G1 X131.21 Y179.69 E807.03389
G1 X148.79 Y179.69 E807.47242
M204 S10000
G0 F9600 X149.04 Y179.94
M204 S1000
;TYPE:WALL-OUTER
G1 F1800 X149.04 Y120.06 E808.96614
G1 X130.96 Y120.06 E809.41714
G1 X130.96 Y179.94 E810.91086
G1 X149.04 Y179.94 E811.36186
M204 S10000
G0 F9600 X149.04 Y179.74
G0 X148.79 Y179.74
G0 X148.14 Y178.82
G0 X147.92 Y178.82
M204 S1000
;TYPE:SKIN
G1 F1200 X132.08 Y178.82 E811.757
G1 X132.08 Y121.18 E813.19483
G1 X147.92 Y121.18 E813.58996
G1 X147.92 Y178.82 E815.0278
M204 S10000
G1 F3000 E809.0278
G0 F9600 X148.14 Y178.82
G0 X132.424 Y179.04
G0 X132.424 Y178.668
M204 S1000
G1 F3000 E815.0278
G1 F1200 X132.228 Y178.473 E815.03469
M204 S10000
G0 F9600 X132.228 Y178.049
M204 S1000
G1 F1200 X132.848 Y178.668 E815.05655
M204 S10000
G0 F9600 X133.272 Y178.668
M204 S1000
G1 F1200 X132.228 Y177.625 E815.09336
M204 S10000
G0 F9600 X132.228 Y177.2
M204 S1000
G1 F1200 X133.696 Y178.668 E815.14515
M204 S10000
G0 F9600 X134.121 Y178.668
M204 S1000
G1 F1200 X132.228 Y176.776 E815.21191
M204 S10000
G0 F9600 X132.228 Y176.352
M204 S1000
G1 F1200 X134.545 Y178.668 E815.29363
M204 S10000
G0 F9600 X134.969 Y178.668
M204 S1000
G1 F1200 X132.228 Y175.928 E815.39031
M204 S10000
G0 F9600 X132.228 Y175.503
M204 S1000
G1 F1200 X135.393 Y178.668 E815.50196
M204 S10000
G0 F9600 X135.818 Y178.668
M204 S1000
G1 F1200 X132.228 Y175.079 E815.62859
M204 S10000
G0 F9600 X132.228 Y174.655
M204 S1000
G1 F1200 X136.242 Y178.668 E815.77018
M204 S10000
G0 F9600 X136.666 Y178.668
M204 S1000
G1 F1200 X132.228 Y174.231 E815.92673
M204 S10000
G0 F9600 X132.228 Y173.806
M204 S1000
G1 F1200 X137.091 Y178.668 E816.09826
M204 S10000
G0 F9600 X137.515 Y178.668
M204 S1000
G1 F1200 X132.228 Y173.382 E816.28476
M204 S10000
G0 F9600 X132.228 Y172.958
M204 S1000
G1 F1200 X137.939 Y178.668 E816.48621
M204 S10000
G0 F9600 X138.363 Y178.668
M204 S1000
G1 F1200 X132.228 Y172.534 E816.70262
M204 S10000
G0 F9600 X132.228 Y172.109
M204 S1000
G1 F1200 X138.788 Y178.668 E816.93403
M204 S10000
G0 F9600 X139.212 Y178.668
M204 S1000
G1 F1200 X132.228 Y171.685 E817.18039
M204 S10000
G0 F9600 X132.228 Y171.261
M204 S1000
G1 F1200 X139.636 Y178.668 E817.44171
M204 S10000
G0 F9600 X140.06 Y178.668
M204 S1000
G1 F1200 X132.228 Y170.836 E817.718
M204 S10000
G0 F9600 X132.228 Y170.412
M204 S1000
G1 F1200 X140.485 Y178.668 E818.00927
M204 S10000
G0 F9600 X140.909 Y178.668
M204 S1000
G1 F1200 X132.228 Y169.988 E818.3155
M204 S10000
G0 F9600 X132.228 Y169.564
M204 S1000
G1 F1200 X141.333 Y178.668 E818.63669
M204 S10000
G0 F9600 X141.757 Y178.668
M204 S1000
G1 F1200 X132.228 Y169.139 E818.97285
M204 S10000
G0 F9600 X132.228 Y168.715
M204 S1000
G1 F1200 X142.182 Y178.668 E819.32399
M204 S10000
G0 F9600 X142.606 Y178.668
M204 S1000
G1 F1200 X132.228 Y168.291 E819.69008
M204 S10000
G0 F9600 X132.228 Y167.867
M204 S1000
G1 F1200 X143.03 Y178.668 E820.07113
M204 S10000
G0 F9600 X143.454 Y178.668
M204 S1000
G1 F1200 X132.228 Y167.442 E820.46716
M204 S10000
G0 F9600 X132.228 Y167.018
M204 S1000
G1 F1200 X143.879 Y178.668 E820.87816
M204 S10000
G0 F9600 X144.303 Y178.668
M204 S1000
G1 F1200 X132.228 Y166.594 E821.30412
M204 S10000
G0 F9600 X132.228 Y166.17
M204 S1000
G1 F1200 X144.727 Y178.668 E821.74504
M204 S10000
G0 F9600 X145.152 Y178.668
M204 S1000
G1 F1200 X132.228 Y165.745 E822.20095
M204 S10000
G0 F9600 X132.228 Y165.321
M204 S1000
G1 F1200 X145.576 Y178.668 E822.67182
M204 S10000
G0 F9600 X146 Y178.668
M204 S1000
G1 F1200 X132.228 Y164.897 E823.15765
M204 S10000
G0 F9600 X132.228 Y164.473
M204 S1000
G1 F1200 X146.424 Y178.668 E823.65843
M204 S10000
G0 F9600 X146.849 Y178.668
M204 S1000
G1 F1200 X132.228 Y164.048 E824.17421
M204 S10000
G0 F9600 X132.228 Y163.624
M204 S1000
G1 F1200 X147.273 Y178.668 E824.70495
M204 S10000
G0 F9600 X147.697 Y178.668
M204 S1000
G1 F1200 X132.228 Y163.2 E825.25064
M204 S10000
G0 F9600 X132.228 Y162.775
M204 S1000
G1 F1200 X147.769 Y178.316 E825.79889
M204 S10000
G0 F9600 X147.769 Y177.892
M204 S1000
G1 F1200 X132.228 Y162.351 E826.34714
M204 S10000
G0 F9600 X132.228 Y161.927
M204 S1000
G1 F1200 X147.769 Y177.468 E826.89539
M204 S10000
G0 F9600 X147.769 Y177.043
M204 S1000
G1 F1200 X132.228 Y161.503 E827.44362
M204 S10000
G0 F9600 X132.228 Y161.078
M204 S1000
G1 F1200 X147.769 Y176.619 E827.99188
M204 S10000
G0 F9600 X147.769 Y176.195
M204 S1000
G1 F1200 X132.228 Y160.654 E828.54013
M204 S10000
G0 F9600 X132.228 Y160.23
M204 S1000
G1 F1200 X147.769 Y175.771 E829.08838
M204 S10000
G0 F9600 X147.769 Y175.346
M204 S1000
G1 F1200 X132.228 Y159.806 E829.63661
M204 S10000
G0 F9600 X132.228 Y159.381
M204 S1000
G1 F1200 X147.769 Y174.922 E830.18486
M204 S10000
G0 F9600 X147.769 Y174.498
M204 S1000
G1 F1200 X132.228 Y158.957 E830.73311
M204 S10000
G0 F9600 X132.228 Y158.533
M204 S1000
G1 F1200 X147.769 Y174.074 E831.28136
M204 S10000
G0 F9600 X147.769 Y173.649
M204 S1000
G1 F1200 X132.228 Y158.109 E831.8296
M204 S10000
G0 F9600 X132.228 Y157.684
M204 S1000
G1 F1200 X147.769 Y173.225 E832.37785
M204 S10000
G0 F9600 X147.769 Y172.801
M204 S1000
G1 F1200 X132.228 Y157.26 E832.9261
M204 S10000
G0 F9600 X132.228 Y156.836
M204 S1000
G1 F1200 X147.769 Y172.377 E833.47435
M204 S10000
G0 F9600 X147.769 Y171.952
M204 S1000
G1 F1200 X132.228 Y156.412 E834.02258
M204 S10000
G0 F9600 X132.228 Y155.987
M204 S1000
G1 F1200 X147.769 Y171.528 E834.57083
M204 S10000
G0 F9600 X147.769 Y171.104
M204 S1000
G1 F1200 X132.228 Y155.563 E835.11908
M204 S10000
G0 F9600 X132.228 Y155.139
M204 S1000
G1 F1200 X147.769 Y170.68 E835.66733
M204 S10000
G0 F9600 X147.769 Y170.255
M204 S1000
G1 F1200 X132.228 Y154.714 E836.21558
M204 S10000
G0 F9600 X132.228 Y154.29
M204 S1000
G1 F1200 X147.769 Y169.831 E836.76383
M204 S10000
G0 F9600 X147.769 Y169.407
M204 S1000
G1 F1200 X132.228 Y153.866 E837.31209
M204 S10000
G0 F9600 X132.228 Y153.442
M204 S1000
G1 F1200 X147.769 Y168.982 E837.86032
M204 S10000
G0 F9600 X147.769 Y168.558
M204 S1000
G1 F1200 X132.228 Y153.017 E838.40857
M204 S10000
G0 F9600 X132.228 Y152.593
M204 S1000
G1 F1200 X147.769 Y168.134 E838.95682
M204 S10000
G0 F9600 X147.769 Y167.71
M204 S1000
G1 F1200 X132.228 Y152.169 E839.50507
M204 S10000
G0 F9600 X132.228 Y151.745
M204 S1000
G1 F1200 X147.769 Y167.285 E840.0533
M204 S10000
G0 F9600 X147.769 Y166.861
M204 S1000
G1 F1200 X132.228 Y151.32 E840.60155
M204 S10000
G0 F9600 X132.228 Y150.896
M204 S1000
G1 F1200 X147.769 Y166.437 E841.14981
M204 S10000
G0 F9600 X147.769 Y166.013
M204 S1000
G1 F1200 X132.228 Y150.472 E841.69806
M204 S10000
G0 F9600 X132.228 Y150.048
M204 S1000
G1 F1200 X147.769 Y165.588 E842.24629
M204 S10000
G0 F9600 X147.769 Y165.164
M204 S1000
G1 F1200 X132.228 Y149.623 E842.79454
M204 S10000
G0 F9600 X132.228 Y149.199
M204 S1000
G1 F1200 X147.769 Y164.74 E843.34279
M204 S10000
G0 F9600 X147.769 Y164.316
M204 S1000
G1 F1200 X132.228 Y148.775 E843.89104
M204 S10000
G0 F9600 X132.228 Y148.351
M204 S1000
G1 F1200 X147.769 Y163.891 E844.43927
M204 S10000
G0 F9600 X147.769 Y163.467
M204 S1000
G1 F1200 X132.228 Y147.926 E844.98753
M204 S10000
G0 F9600 X132.228 Y147.502
M204 S1000
G1 F1200 X147.769 Y163.043 E845.53578
M204 S10000
G0 F9600 X147.769 Y162.619
M204 S1000
G1 F1200 X132.228 Y147.078 E846.08403
M204 S10000
G0 F9600 X132.228 Y146.653
M204 S1000
G1 F1200 X147.769 Y162.194 E846.63228
M204 S10000
G0 F9600 X147.769 Y161.77
M204 S1000
G1 F1200 X132.228 Y146.229 E847.18053
M204 S10000
G0 F9600 X132.228 Y145.805
M204 S1000
G1 F1200 X147.769 Y161.346 E847.72878
M204 S10000
G0 F9600 X147.769 Y160.921
M204 S1000
G1 F1200 X132.228 Y145.381 E848.27701
M204 S10000
G0 F9600 X132.228 Y144.956
M204 S1000
G1 F1200 X147.769 Y160.497 E848.82526
M204 S10000
G0 F9600 X147.769 Y160.073
M204 S1000
G1 F1200 X132.228 Y144.532 E849.37351
M204 S10000
G0 F9600 X132.228 Y144.108
M204 S1000
G1 F1200 X147.769 Y159.649 E849.92176
M204 S10000
G0 F9600 X147.769 Y159.224
M204 S1000
G1 F1200 X132.228 Y143.684 E850.47
M204 S10000
G0 F9600 X132.228 Y143.259
M204 S1000
G1 F1200 X147.769 Y158.8 E851.01825
M204 S10000
G0 F9600 X147.769 Y158.376
M204 S1000
G1 F1200 X132.228 Y142.835 E851.5665
M204 S10000
G0 F9600 X132.228 Y142.411
M204 S1000
G1 F1200 X147.769 Y157.952 E852.11475
M204 S10000
G0 F9600 X147.769 Y157.527
M204 S1000
G1 F1200 X132.228 Y141.987 E852.66298
M204 S10000
G0 F9600 X132.228 Y141.562
M204 S1000
G1 F1200 X147.769 Y157.103 E853.21123
M204 S10000
G0 F9600 X147.769 Y156.679
M204 S1000
G1 F1200 X132.228 Y141.138 E853.75948
M204 S10000
G0 F9600 X132.228 Y140.714
M204 S1000
G1 F1200 X147.769 Y156.255 E854.30774
M204 S10000
G0 F9600 X147.769 Y155.83
M204 S1000
G1 F1200 X132.228 Y140.289 E854.85599
M204 S10000
G0 F9600 X132.228 Y139.865
M204 S1000
G1 F1200 X147.769 Y155.406 E855.40424
M204 S10000
G0 F9600 X147.769 Y154.982
M204 S1000
G1 F1200 X132.228 Y139.441 E855.95249
M204 S10000
G0 F9600 X132.228 Y139.017
M204 S1000
G1 F1200 X147.769 Y154.557 E856.50072
M204 S10000
G0 F9600 X147.769 Y154.133
M204 S1000
G1 F1200 X132.228 Y138.592 E857.04897
M204 S10000
G0 F9600 X132.228 Y138.168
M204 S1000
G1 F1200 X147.769 Y153.709 E857.59722
M204 S10000
G0 F9600 X147.769 Y153.285
M204 S1000
G1 F1200 X132.228 Y137.744 E858.14547
M204 S10000
G0 F9600 X132.228 Y137.32
M204 S1000
G1 F1200 X147.769 Y152.86 E858.69371
M204 S10000
G0 F9600 X147.769 Y152.436
M204 S1000
G1 F1200 X132.228 Y136.895 E859.24196
M204 S10000
G0 F9600 X132.228 Y136.471
M204 S1000
G1 F1200 X147.769 Y152.012 E859.79021
M204 S10000
G0 F9600 X147.769 Y151.588
M204 S1000
G1 F1200 X132.228 Y136.047 E860.33846
M204 S10000
G0 F9600 X132.228 Y135.623
M204 S1000
G1 F1200 X147.769 Y151.163 E860.88669
M204 S10000
G0 F9600 X147.769 Y150.739
M204 S1000
G1 F1200 X132.228 Y135.198 E861.43494
M204 S10000
G0 F9600 X132.228 Y134.774
M204 S1000
G1 F1200 X147.769 Y150.315 E861.98319
M204 S10000
G0 F9600 X147.769 Y149.891
M204 S1000
G1 F1200 X132.228 Y134.35 E862.53144
M204 S10000
G0 F9600 X132.228 Y133.926
M204 S1000
G1 F1200 X147.769 Y149.466 E863.07968
M204 S10000
G0 F9600 X147.769 Y149.042
M204 S1000
G1 F1200 X132.228 Y133.501 E863.62793
M204 S10000
G0 F9600 X132.228 Y133.077
M204 S1000
G1 F1200 X147.769 Y148.618 E864.17618
M204 S10000
G0 F9600 X147.769 Y148.194
M204 S1000
G1 F1200 X132.228 Y132.653 E864.72443
M204 S10000
G0 F9600 X132.228 Y132.228
M204 S1000
G1 F1200 X147.769 Y147.769 E865.27268
M204 S10000
G0 F9600 X147.769 Y147.345
M204 S1000
G1 F1200 X132.228 Y131.804 E865.82093
M204 S10000
G0 F9600 X132.228 Y131.38
M204 S1000
G1 F1200 X147.769 Y146.921 E866.36918
M204 S10000
G0 F9600 X147.769 Y146.496
M204 S1000
G1 F1200 X132.228 Y130.956 E866.91741
M204 S10000
G0 F9600 X132.228 Y130.531
M204 S1000
G1 F1200 X147.769 Y146.072 E867.46566
M204 S10000
G0 F9600 X147.769 Y145.648
M204 S1000
G1 F1200 X132.228 Y130.107 E868.01392
M204 S10000
G0 F9600 X132.228 Y129.683
M204 S1000
G1 F1200 X147.769 Y145.224 E868.56217
M204 S10000
G0 F9600 X147.769 Y144.799
M204 S1000
G1 F1200 X132.228 Y129.259 E869.1104
M204 S10000
G0 F9600 X132.228 Y128.834
M204 S1000
G1 F1200 X147.769 Y144.375 E869.65865
M204 S10000
G0 F9600 X147.769 Y143.951
M204 S1000
G1 F1200 X132.228 Y128.41 E870.2069
M204 S10000
G0 F9600 X132.228 Y127.986
M204 S1000
G1 F1200 X147.769 Y143.527 E870.75515
M204 S10000
G0 F9600 X147.769 Y143.102
M204 S1000
G1 F1200 X132.228 Y127.562 E871.30338
M204 S10000
G0 F9600 X132.228 Y127.137
M204 S1000
G1 F1200 X147.769 Y142.678 E871.85164
M204 S10000
G0 F9600 X147.769 Y142.254
M204 S1000
G1 F1200 X132.228 Y126.713 E872.39989
M204 S10000
G0 F9600 X132.228 Y126.289
M204 S1000
G1 F1200 X147.769 Y141.83 E872.94814
M204 S10000
G0 F9600 X147.769 Y141.405
M204 S1000
G1 F1200 X132.228 Y125.865 E873.49637
M204 S10000
G0 F9600 X132.228 Y125.44
M204 S1000
G1 F1200 X147.769 Y140.981 E874.04462
M204 S10000
G0 F9600 X147.769 Y140.557
M204 S1000
G1 F1200 X132.228 Y125.016 E874.59287
M204 S10000
G0 F9600 X132.228 Y124.592
M204 S1000
G1 F1200 X147.769 Y140.133 E875.14112
M204 S10000
G0 F9600 X147.769 Y139.708
M204 S1000
G1 F1200 X132.228 Y124.167 E875.68937
M204 S10000
G0 F9600 X132.228 Y123.743
M204 S1000
G1 F1200 X147.769 Y139.284 E876.23762
M204 S10000
G0 F9600 X147.769 Y138.86
M204 S1000
G1 F1200 X132.228 Y123.319 E876.78587
M204 S10000
G0 F9600 X132.228 Y122.895
M204 S1000
G1 F1200 X147.769 Y138.435 E877.33411
M204 S10000
G0 F9600 X147.769 Y138.011
M204 S1000
G1 F1200 X132.228 Y122.47 E877.88236
M204 S10000
G0 F9600 X132.228 Y122.046
M204 S1000
G1 F1200 X147.769 Y137.587 E878.43061
M204 S10000
G0 F9600 X147.769 Y137.163
M204 S1000
G1 F1200 X132.228 Y121.622 E878.97886
M204 S10000
G0 F9600 X132.361 Y121.33
M204 S1000
G1 F1200 X147.769 Y136.738 E879.52242
M204 S10000
G0 F9600 X147.769 Y136.314
M204 S1000
G1 F1200 X132.785 Y121.33 E880.05102
M204 S10000
G0 F9600 X133.209 Y121.33
M204 S1000
G1 F1200 X147.769 Y135.89 E880.56466
M204 S10000
G0 F9600 X147.769 Y135.466
M204 S1000
G1 F1200 X133.633 Y121.33 E881.06335
M204 S10000
G0 F9600 X134.058 Y121.33
M204 S1000
G1 F1200 X147.769 Y135.041 E881.54704
M204 S10000
G0 F9600 X147.769 Y134.617
M204 S1000
G1 F1200 X134.482 Y121.33 E882.01578
M204 S10000
G0 F9600 X134.906 Y121.33
M204 S1000
G1 F1200 X147.769 Y134.193 E882.46955
M204 S10000
G0 F9600 X147.769 Y133.769
M204 S1000
G1 F1200 X135.331 Y121.33 E882.90835
M204 S10000
G0 F9600 X135.755 Y121.33
M204 S1000
G1 F1200 X147.769 Y133.344 E883.33218
M204 S10000
G0 F9600 X147.769 Y132.92
M204 S1000
G1 F1200 X136.179 Y121.33 E883.74105
M204 S10000
G0 F9600 X136.603 Y121.33
M204 S1000
G1 F1200 X147.769 Y132.496 E884.13496
M204 S10000
G0 F9600 X147.769 Y132.071
M204 S1000
G1 F1200 X137.028 Y121.33 E884.51388
M204 S10000
G0 F9600 X137.452 Y121.33
M204 S1000
G1 F1200 X147.769 Y131.647 E884.87784
M204 S10000
G0 F9600 X147.769 Y131.223
M204 S1000
G1 F1200 X137.876 Y121.33 E885.22684
M204 S10000
G0 F9600 X138.3 Y121.33
M204 S1000
G1 F1200 X147.769 Y130.799 E885.56088
M204 S10000
G0 F9600 X147.769 Y130.374
M204 S1000
G1 F1200 X138.725 Y121.33 E885.87994
M204 S10000
G0 F9600 X139.149 Y121.33
M204 S1000
G1 F1200 X147.769 Y129.95 E886.18403
M204 S10000
G0 F9600 X147.769 Y129.526
M204 S1000
G1 F1200 X139.573 Y121.33 E886.47317
M204 S10000
G0 F9600 X139.997 Y121.33
M204 S1000
G1 F1200 X147.769 Y129.102 E886.74734
M204 S10000
G0 F9600 X147.769 Y128.677
M204 S1000
G1 F1200 X140.422 Y121.33 E887.00653
M204 S10000
G0 F9600 X140.846 Y121.33
M204 S1000
G1 F1200 X147.769 Y128.253 E887.25076
M204 S10000
G0 F9600 X147.769 Y127.829
M204 S1000
G1 F1200 X141.27 Y121.33 E887.48003
M204 S10000
G0 F9600 X141.695 Y121.33
M204 S1000
G1 F1200 X147.769 Y127.405 E887.69432
M204 S10000
G0 F9600 X147.769 Y126.98
M204 S1000
G1 F1200 X142.119 Y121.33 E887.89364
M204 S10000
G0 F9600 X142.543 Y121.33
M204 S1000
G1 F1200 X147.769 Y126.556 E888.078
M204 S10000
G0 F9600 X147.769 Y126.132
M204 S1000
G1 F1200 X142.967 Y121.33 E888.24741
M204 S10000
G0 F9600 X143.392 Y121.33
M204 S1000
G1 F1200 X147.769 Y125.708 E888.40183
M204 S10000
G0 F9600 X147.769 Y125.283
M204 S1000
G1 F1200 X143.816 Y121.33 E888.54129
M204 S10000
G0 F9600 X144.24 Y121.33
M204 S1000
G1 F1200 X147.769 Y124.859 E888.66578
M204 S10000
G0 F9600 X147.769 Y124.435
M204 S1000
G1 F1200 X144.664 Y121.33 E888.77532
M204 S10000
G0 F9600 X145.089 Y121.33
M204 S1000
G1 F1200 X147.769 Y124.01 E888.86986
M204 S10000
G0 F9600 X147.769 Y123.586
M204 S1000
G1 F1200 X145.513 Y121.33 E888.94945
M204 S10000
G0 F9600 X145.937 Y121.33
M204 S1000
G1 F1200 X147.769 Y123.162 E889.01408
M204 S10000
G0 F9600 X147.769 Y122.738
M204 S1000
G1 F1200 X146.361 Y121.33 E889.06375
M204 S10000
G0 F9600 X146.786 Y121.33
M204 S1000
G1 F1200 X147.769 Y122.313 E889.09843
M204 S10000
G0 F9600 X147.769 Y121.889
M204 S1000
G1 F1200 X147.21 Y121.33 E889.11815
M204 S10000
G0 F9600 X147.634 Y121.33
M204 S1000
G1 F1200 X147.769 Y121.465 E889.12291
M204 S10000
G0 F9600 X148.19 Y121.465
G1 F3000 E883.12291
;MESH:Lid_front_panel.stl
G0 F9600 X148.87 Y179.089
G0 X151.98 Y179.089
G0 X152.661 Y179.089
M204 S1000
;TYPE:WALL-INNER
G1 F3000 E889.12291
G1 F1800 X169.039 Y179.089 E889.53146
G1 X169.039 Y153.45 E890.17103
G1 X168.35 Y153.45 E890.18822
G1 X167.996 Y153.389 E890.19718
G1 X167.778 Y153.282 E890.20323
G1 X167.497 Y153.014 E890.21292
G1 X167.405 Y152.86 E890.21739
G1 X167.3 Y152.535 E890.22591
G1 X167.304 Y147.503 E890.35144
G1 X167.39 Y147.131 E890.36096
G1 X167.643 Y146.823 E890.37091
G1 X167.996 Y146.611 E890.38118
G1 X168.35 Y146.55 E890.39014
G1 X169.04 Y146.55 E890.40735
G1 X169.04 Y120.91 E891.04694
G1 X152.66 Y120.91 E891.45554
G1 X152.661 Y179.089 E892.90682
M204 S10000
G0 F9600 X152.361 Y179.389
M204 S1000
G1 F1800 X169.339 Y179.389 E893.33034
G1 X169.339 Y153.15 E893.98488
G1 X168.35 Y153.15 E894.00955
G1 X168.097 Y153.107 E894.01595
G1 X167.783 Y152.892 E894.02544
G1 X167.649 Y152.668 E894.03195
G1 X167.6 Y152.49 E894.03656
G1 X167.603 Y147.489 E894.16131
G1 X167.741 Y147.161 E894.17019
G1 X167.941 Y146.97 E894.17708
G1 X168.097 Y146.893 E894.18142
G1 X168.35 Y146.85 E894.18783
G1 X169.34 Y146.85 E894.21252
G1 X169.34 Y120.61 E894.86708
G1 X152.36 Y120.61 E895.29065
G1 X152.361 Y179.389 E896.7569
M204 S10000
G0 F9600 X152.061 Y179.689
M204 S1000
G1 F1800 X169.639 Y179.689 E897.19538
G1 X169.639 Y152.85 E897.86488
G1 X168.236 Y152.85 E897.89988
G1 X168.009 Y152.695 E897.90674
G1 X167.901 Y152.494 E897.91243
G1 X167.901 Y147.558 E898.03556
G1 X167.963 Y147.368 E898.04054
G1 X168.105 Y147.222 E898.04562
G1 X168.35 Y147.15 E898.05199
G1 X169.64 Y147.15 E898.08417
G1 X169.64 Y120.31 E898.7537
G1 X152.06 Y120.31 E899.19224
G1 X152.061 Y179.689 E900.67345
M204 S10000
G0 F9600 X151.811 Y179.939
M204 S1000
;TYPE:WALL-OUTER
G1 F1800 X169.889 Y179.939 E901.12441
G1 X169.889 Y152.6 E901.80638
G1 X168.298 Y152.6 E901.84607
G1 X168.15 Y152.442 E901.85147
G1 X168.15 Y147.581 E901.97273
G1 X168.198 Y147.469 E901.97577
G1 X168.298 Y147.4 E901.9788
G1 X169.89 Y147.4 E902.01851
G1 X169.89 Y120.06 E902.70051
G1 X151.81 Y120.06 E903.15152
G1 X151.811 Y179.939 E904.64521
M204 S10000
G0 F9600 X152.011 Y179.939
G0 X152.011 Y179.689
G0 X152.931 Y179.039
G0 X152.931 Y178.819
M204 S1000
;TYPE:SKIN
G1 F1200 X152.93 Y121.18 E906.08302
G1 X168.77 Y121.18 E906.47815
G1 X168.77 Y146.28 E907.10427
G1 X168.327 Y146.281 E907.11532
G1 X167.888 Y146.362 E907.12646
G1 X167.531 Y146.547 E907.13649
G1 X167.273 Y146.838 E907.14619
G1 X167.083 Y147.227 E907.15699
G1 X167.035 Y147.482 E907.16346
G1 X167.03 Y152.565 E907.29025
G1 X167.198 Y153.08 E907.30377
G1 X167.531 Y153.453 E907.31624
G1 X167.931 Y153.653 E907.3274
G1 X168.327 Y153.718 E907.33741
G1 X168.769 Y153.72 E907.34843
G1 X168.769 Y178.819 E907.97453
G1 X152.931 Y178.819 E908.36961
M204 S10000
G0 F9600 X153.212 Y178.668
M204 S1000
G1 F1200 X153.08 Y178.535 E908.37428
M204 S10000
G0 F9600 X153.08 Y178.111
M204 S1000
G1 F1200 X153.636 Y178.668 E908.39392
M204 S10000
G0 F9600 X154.06 Y178.668
M204 S1000
G1 F1200 X153.08 Y177.687 E908.42851
M204 S10000
G0 F9600 X153.08 Y177.263
M204 S1000
G1 F1200 X154.485 Y178.668 E908.47807
M204 S10000
G0 F9600 X154.909 Y178.668
M204 S1000
G1 F1200 X153.08 Y176.838 E908.54261
M204 S10000
G0 F9600 X153.08 Y176.414
M204 S1000
G1 F1200 X155.333 Y178.668 E908.62211
M204 S10000
G0 F9600 X155.757 Y178.668
M204 S1000
G1 F1200 X153.08 Y175.99 E908.71657
M204 S10000
G0 F9600 X153.08 Y175.566
M204 S1000
G1 F1200 X156.182 Y178.668 E908.826
M204 S10000
G0 F9600 X156.606 Y178.668
M204 S1000
G1 F1200 X153.08 Y175.141 E908.9504
M204 S10000
G0 F9600 X153.08 Y174.717
M204 S1000
G1 F1200 X157.03 Y178.668 E909.08977
M204 S10000
G0 F9600 X157.455 Y178.668
M204 S1000
G1 F1200 X153.08 Y174.293 E909.24411
M204 S10000
G0 F9600 X153.08 Y173.869
M204 S1000
G1 F1200 X157.879 Y178.668 E909.41341
M204 S10000
G0 F9600 X158.303 Y178.668
M204 S1000
G1 F1200 X153.08 Y173.444 E909.59768
M204 S10000
G0 F9600 X153.08 Y173.02
M204 S1000
G1 F1200 X158.727 Y178.668 E909.79691
M204 S10000
G0 F9600 X159.152 Y178.668
M204 S1000
G1 F1200 X153.08 Y172.596 E910.01112
M204 S10000
G0 F9600 X153.08 Y172.172
M204 S1000
G1 F1200 X159.576 Y178.668 E910.24028
M204 S10000
G0 F9600 X160 Y178.668
M204 S1000
G1 F1200 X153.08 Y171.747 E910.48442
M204 S10000
G0 F9600 X153.08 Y171.323
M204 S1000
G1 F1200 X160.424 Y178.668 E910.74352
M204 S10000
G0 F9600 X160.849 Y178.668
M204 S1000
G1 F1200 X153.08 Y170.899 E911.01759
M204 S10000
G0 F9600 X153.08 Y170.474
M204 S1000
G1 F1200 X161.273 Y178.668 E911.30664
M204 S10000
G0 F9600 X161.697 Y178.668
M204 S1000
G1 F1200 X153.08 Y170.05 E911.61064
M204 S10000
G0 F9600 X153.08 Y169.626
M204 S1000
G1 F1200 X162.121 Y178.668 E911.92961
M204 S10000
G0 F9600 X162.546 Y178.668
M204 S1000
G1 F1200 X153.08 Y169.202 E912.26355
M204 S10000
G0 F9600 X153.08 Y168.777
M204 S1000
G1 F1200 X162.97 Y178.668 E912.61246
M204 S10000
G0 F9600 X163.394 Y178.668
M204 S1000
G1 F1200 X153.08 Y168.353 E912.97633
M204 S10000
G0 F9600 X153.08 Y167.929
M204 S1000
G1 F1200 X163.818 Y178.668 E913.35516
M204 S10000
G0 F9600 X164.243 Y178.668
M204 S1000
G1 F1200 X153.08 Y167.505 E913.74897
M204 S10000
G0 F9600 X153.08 Y167.08
M204 S1000
G1 F1200 X164.667 Y178.668 E914.15775
M204 S10000
G0 F9600 X165.091 Y178.668
M204 S1000
G1 F1200 X153.08 Y166.656 E914.58148
M204 S10000
G0 F9600 X153.08 Y166.232
M204 S1000
G1 F1200 X165.516 Y178.668 E915.0202
M204 S10000
G0 F9600 X165.94 Y178.668
M204 S1000
G1 F1200 X153.08 Y165.808 E915.47387
M204 S10000
G0 F9600 X153.08 Y165.383
M204 S1000
G1 F1200 X166.364 Y178.668 E915.94252
M204 S10000
G0 F9600 X166.788 Y178.668
M204 S1000
G1 F1200 X153.08 Y164.959 E916.42612
M204 S10000
G0 F9600 X153.08 Y164.535
M204 S1000
G1 F1200 X167.213 Y178.668 E916.9247
M204 S10000
G0 F9600 X167.637 Y178.668
M204 S1000
G1 F1200 X153.08 Y164.11 E917.43825
M204 S10000
G0 F9600 X153.08 Y163.686
M204 S1000
G1 F1200 X168.061 Y178.668 E917.96677
M204 S10000
G0 F9600 X168.485 Y178.668
M204 S1000
G1 F1200 X153.08 Y163.262 E918.51024
M204 S10000
G0 F9600 X153.08 Y162.838
M204 S1000
G1 F1200 X168.618 Y178.376 E919.05838
M204 S10000
G0 F9600 X168.618 Y177.952
M204 S1000
G1 F1200 X153.08 Y162.413 E919.60655
M204 S10000
G0 F9600 X153.08 Y161.989
M204 S1000
G1 F1200 X168.618 Y177.528 E920.15471
M204 S10000
G0 F9600 X168.618 Y177.104
M204 S1000
G1 F1200 X153.08 Y161.565 E920.70287
M204 S10000
G0 F9600 X153.08 Y161.141
M204 S1000
G1 F1200 X168.618 Y176.679 E921.25102
M204 S10000
G0 F9600 X168.618 Y176.255
M204 S1000
G1 F1200 X153.08 Y160.716 E921.79918
M204 S10000
G0 F9600 X153.08 Y160.292
M204 S1000
G1 F1200 X168.618 Y175.831 E922.34734
M204 S10000
G0 F9600 X168.618 Y175.407
M204 S1000
G1 F1200 X153.08 Y159.868 E922.8955
M204 S10000
G0 F9600 X153.08 Y159.444
M204 S1000
G1 F1200 X168.618 Y174.982 E923.44365
M204 S10000
G0 F9600 X168.618 Y174.558
M204 S1000
G1 F1200 X153.08 Y159.019 E923.99181
M204 S10000
G0 F9600 X153.08 Y158.595
M204 S1000
G1 F1200 X168.618 Y174.134 E924.53997
M204 S10000
G0 F9600 X168.618 Y173.709
M204 S1000
G1 F1200 X153.08 Y158.171 E925.08812
M204 S10000
G0 F9600 X153.08 Y157.747
M204 S1000
G1 F1200 X168.618 Y173.285 E925.63626
M204 S10000
G0 F9600 X168.618 Y172.861
M204 S1000
G1 F1200 X153.08 Y157.322 E926.18443
M204 S10000
G0 F9600 X153.08 Y156.898
M204 S1000
G1 F1200 X168.618 Y172.437 E926.73259
M204 S10000
G0 F9600 X168.618 Y172.012
M204 S1000
G1 F1200 X153.08 Y156.474 E927.28073
M204 S10000
G0 F9600 X153.08 Y156.049
M204 S1000
G1 F1200 X168.618 Y171.588 E927.8289
M204 S10000
G0 F9600 X168.618 Y171.164
M204 S1000
G1 F1200 X153.08 Y155.625 E928.37706
M204 S10000
G0 F9600 X153.08 Y155.201
M204 S1000
G1 F1200 X168.618 Y170.74 E928.92522
M204 S10000
G0 F9600 X168.618 Y170.315
M204 S1000
G1 F1200 X153.08 Y154.777 E929.47337
M204 S10000
G0 F9600 X153.08 Y154.352
M204 S1000
G1 F1200 X168.618 Y169.891 E930.02153
M204 S10000
G0 F9600 X168.618 Y169.467
M204 S1000
G1 F1200 X153.08 Y153.928 E930.56969
M204 S10000
G0 F9600 X153.08 Y153.504
M204 S1000
G1 F1200 X168.618 Y169.043 E931.11785
M204 S10000
G0 F9600 X168.618 Y168.618
M204 S1000
G1 F1200 X153.08 Y153.08 E931.666
M204 S10000
G0 F9600 X153.08 Y152.655
M204 S1000
G1 F1200 X168.618 Y168.194 E932.21416
M204 S10000
G0 F9600 X168.618 Y167.77
M204 S1000
G1 F1200 X153.08 Y152.231 E932.76232
M204 S10000
G0 F9600 X153.08 Y151.807
M204 S1000
G1 F1200 X168.618 Y167.346 E933.31049
M204 S10000
G0 F9600 X168.618 Y166.921
M204 S1000
G1 F1200 X153.08 Y151.383 E933.85863
M204 S10000
G0 F9600 X153.08 Y150.958
M204 S1000
G1 F1200 X168.618 Y166.497 E934.40679
M204 S10000
G0 F9600 X168.618 Y166.073
M204 S1000
G1 F1200 X153.08 Y150.534 E934.95496
M204 S10000
G0 F9600 X153.08 Y150.11
M204 S1000
G1 F1200 X168.618 Y165.648 E935.5031
M204 S10000
G0 F9600 X168.618 Y165.224
M204 S1000
G1 F1200 X153.079 Y149.685 E936.05128
M204 S10000
G0 F9600 X153.079 Y149.261
M204 S1000
G1 F1200 X168.618 Y164.8 E936.59946
M204 S10000
G0 F9600 X168.618 Y164.376
M204 S1000
G1 F1200 X153.079 Y148.836 E937.14766
M204 S10000
G0 F9600 X153.079 Y148.412
M204 S1000
G1 F1200 X168.618 Y163.951 E937.69584
M204 S10000
G0 F9600 X168.618 Y163.527
M204 S1000
G1 F1200 X153.079 Y147.988 E938.24402
M204 S10000
G0 F9600 X153.079 Y147.563
M204 S1000
G1 F1200 X168.618 Y163.103 E938.79222
M204 S10000
G0 F9600 X168.618 Y162.679
M204 S1000
G1 F1200 X153.079 Y147.139 E939.34041
M204 S10000
G0 F9600 X153.079 Y146.715
M204 S1000
G1 F1200 X168.618 Y162.254 E939.8886
M204 S10000
G0 F9600 X168.618 Y161.83
M204 S1000
G1 F1200 X153.079 Y146.291 E940.43678
M204 S10000
G0 F9600 X153.079 Y145.866
M204 S1000
G1 F1200 X168.618 Y161.406 E940.98497
M204 S10000
G0 F9600 X168.618 Y160.982
M204 S1000
G1 F1200 X153.079 Y145.442 E941.53317
M204 S10000
G0 F9600 X153.079 Y145.018
M204 S1000
G1 F1200 X168.618 Y160.557 E942.08135
M204 S10000
G0 F9600 X168.618 Y160.133
M204 S1000
G1 F1200 X153.079 Y144.594 E942.62953
M204 S10000
G0 F9600 X153.079 Y144.169
M204 S1000
G1 F1200 X168.618 Y159.709 E943.17773
M204 S10000
G0 F9600 X168.618 Y159.284
M204 S1000
G1 F1200 X153.079 Y143.745 E943.72591
M204 S10000
G0 F9600 X153.079 Y143.321
M204 S1000
G1 F1200 X168.618 Y158.86 E944.27409
M204 S10000
G0 F9600 X168.618 Y158.436
M204 S1000
G1 F1200 X153.079 Y142.897 E944.82227
M204 S10000
G0 F9600 X153.079 Y142.472
M204 S1000
G1 F1200 X168.618 Y158.012 E945.37047
M204 S10000
G0 F9600 X168.618 Y157.587
M204 S1000
G1 F1200 X153.079 Y142.048 E945.91865
M204 S10000
G0 F9600 X153.079 Y141.624
M204 S1000
G1 F1200 X168.618 Y157.163 E946.46683
M204 S10000
G0 F9600 X168.618 Y156.739
M204 S1000
G1 F1200 X153.079 Y141.2 E947.01501
M204 S10000
G0 F9600 X153.079 Y140.775
M204 S1000
G1 F1200 X168.618 Y156.315 E947.56321
M204 S10000
G0 F9600 X168.618 Y155.89
M204 S1000
G1 F1200 X153.079 Y140.351 E948.11139
M204 S10000
G0 F9600 X153.079 Y139.927
M204 S1000
G1 F1200 X168.618 Y155.466 E948.65957
M204 S10000
G0 F9600 X168.618 Y155.042
M204 S1000
G1 F1200 X153.079 Y139.502 E949.20776
M204 S10000
G0 F9600 X153.079 Y139.078
M204 S1000
G1 F1200 X167.015 Y153.014 E949.69939
M204 S10000
G0 F9600 X166.88 Y152.455
M204 S1000
G1 F1200 X153.079 Y138.654 E950.18626
M204 S10000
G0 F9600 X153.079 Y138.23
M204 S1000
G1 F1200 X166.88 Y152.031 E950.67313
M204 S10000
G0 F9600 X166.881 Y151.607
M204 S1000
G1 F1200 X153.079 Y137.805 E951.16003
M204 S10000
G0 F9600 X153.079 Y137.381
M204 S1000
G1 F1200 X166.881 Y151.183 E951.64693
M204 S10000
G0 F9600 X166.882 Y150.76
M204 S1000
G1 F1200 X153.079 Y136.957 E952.13387
M204 S10000
G0 F9600 X153.079 Y136.533
M204 S1000
G1 F1200 X166.882 Y150.336 E952.62081
M204 S10000
G0 F9600 X166.882 Y149.912
M204 S1000
G1 F1200 X153.079 Y136.108 E953.10777
M204 S10000
G0 F9600 X153.079 Y135.684
M204 S1000
G1 F1200 X166.883 Y149.488 E953.59474
M204 S10000
G0 F9600 X166.883 Y149.064
M204 S1000
G1 F1200 X153.079 Y135.26 E954.08171
M204 S10000
G0 F9600 X153.079 Y134.836
M204 S1000
G1 F1200 X166.884 Y148.64 E954.5687
M204 S10000
G0 F9600 X166.884 Y148.216
M204 S1000
G1 F1200 X153.079 Y134.411 E955.05571
M204 S10000
G0 F9600 X153.079 Y133.987
M204 S1000
G1 F1200 X166.884 Y147.793 E955.54274
M204 S10000
G0 F9600 X166.901 Y147.385
M204 S1000
G1 F1200 X153.079 Y133.563 E956.03035
M204 S10000
G0 F9600 X153.079 Y133.139
M204 S1000
G1 F1200 X166.998 Y147.058 E956.52138
M204 S10000
G0 F9600 X167.138 Y146.774
M204 S1000
G1 F1200 X153.079 Y132.714 E957.01737
M204 S10000
G0 F9600 X153.079 Y132.29
M204 S1000
G1 F1200 X167.333 Y146.544 E957.52021
M204 S10000
G0 F9600 X167.57 Y146.357
M204 S1000
G1 F1200 X153.079 Y131.866 E958.03142
M204 S10000
G0 F9600 X153.079 Y131.441
M204 S1000
G1 F1200 X167.848 Y146.211 E958.55246
M204 S10000
G0 F9600 X168.209 Y146.147
M204 S1000
G1 F1200 X153.079 Y131.017 E959.08621
M204 S10000
G0 F9600 X153.079 Y130.593
M204 S1000
G1 F1200 X168.615 Y146.129 E959.63428
M204 S10000
G0 F9600 X168.619 Y145.709
M204 S1000
G1 F1200 X153.079 Y130.169 E960.1825
M204 S10000
G0 F9600 X153.079 Y129.744
M204 S1000
G1 F1200 X168.619 Y145.284 E960.73071
M204 S10000
G0 F9600 X168.619 Y144.86
M204 S1000
G1 F1200 X153.079 Y129.32 E961.27893
M204 S10000
G0 F9600 X153.079 Y128.896
M204 S1000
G1 F1200 X168.619 Y144.436 E961.82714
M204 S10000
G0 F9600 X168.619 Y144.012
M204 S1000
G1 F1200 X153.079 Y128.472 E962.37536
M204 S10000
G0 F9600 X153.079 Y128.047
M204 S1000
G1 F1200 X168.619 Y143.587 E962.92358
M204 S10000
G0 F9600 X168.619 Y143.163
M204 S1000
G1 F1200 X153.079 Y127.623 E963.47179
M204 S10000
G0 F9600 X153.079 Y127.199
M204 S1000
G1 F1200 X168.619 Y142.739 E964.02001
M204 S10000
G0 F9600 X168.619 Y142.315
M204 S1000
G1 F1200 X153.079 Y126.775 E964.56822
M204 S10000
G0 F9600 X153.079 Y126.35
M204 S1000
G1 F1200 X168.619 Y141.89 E965.11644
M204 S10000
G0 F9600 X168.619 Y141.466
M204 S1000
G1 F1200 X153.079 Y125.926 E965.66465
M204 S10000
G0 F9600 X153.079 Y125.502
M204 S1000
G1 F1200 X168.619 Y141.042 E966.21287
M204 S10000
G0 F9600 X168.619 Y140.618
M204 S1000
G1 F1200 X153.079 Y125.077 E966.7611
M204 S10000
G0 F9600 X153.079 Y124.653
M204 S1000
G1 F1200 X168.619 Y140.193 E967.30932
M204 S10000
G0 F9600 X168.619 Y139.769
M204 S1000
G1 F1200 X153.079 Y124.229 E967.85753
M204 S10000
G0 F9600 X153.079 Y123.805
M204 S1000
G1 F1200 X168.619 Y139.345 E968.40575
M204 S10000
G0 F9600 X168.619 Y138.921
M204 S1000
G1 F1200 X153.079 Y123.38 E968.95398
M204 S10000
G0 F9600 X153.079 Y122.956
M204 S1000
G1 F1200 X168.619 Y138.496 E969.5022
M204 S10000
G0 F9600 X168.619 Y138.072
M204 S1000
G1 F1200 X153.079 Y122.532 E970.05041
M204 S10000
G0 F9600 X153.079 Y122.108
M204 S1000
G1 F1200 X168.619 Y137.648 E970.59863
M204 S10000
G0 F9600 X168.619 Y137.223
M204 S1000
G1 F1200 X153.079 Y121.683 E971.14684
M204 S10000
G0 F9600 X153.15 Y121.33
M204 S1000
G1 F1200 X168.619 Y136.799 E971.69255
M204 S10000
G0 F9600 X168.619 Y136.375
M204 S1000
G1 F1200 X153.574 Y121.33 E972.22331
M204 S10000
G0 F9600 X153.998 Y121.33
M204 S1000
G1 F1200 X168.619 Y135.951 E972.7391
M204 S10000
G0 F9600 X168.619 Y135.526
M204 S1000
G1 F1200 X154.422 Y121.33 E973.23992
M204 S10000
G0 F9600 X154.847 Y121.33
M204 S1000
G1 F1200 X168.619 Y135.102 E973.72577
M204 S10000
G0 F9600 X168.619 Y134.678
M204 S1000
G1 F1200 X155.271 Y121.33 E974.19665
M204 S10000
G0 F9600 X155.695 Y121.33
M204 S1000
G1 F1200 X168.619 Y134.254 E974.65258
M204 S10000
G0 F9600 X168.619 Y133.829
M204 S1000
G1 F1200 X156.119 Y121.33 E975.09354
M204 S10000
G0 F9600 X156.544 Y121.33
M204 S1000
G1 F1200 X168.619 Y133.405 E975.51951
M204 S10000
G0 F9600 X168.619 Y132.981
M204 S1000
G1 F1200 X156.968 Y121.33 E975.93053
M204 S10000
G0 F9600 X157.392 Y121.33
M204 S1000
G1 F1200 X168.619 Y132.557 E976.3266
M204 S10000
G0 F9600 X168.619 Y132.132
M204 S1000
G1 F1200 X157.817 Y121.33 E976.70767
M204 S10000
G0 F9600 X158.241 Y121.33
M204 S1000
G1 F1200 X168.619 Y131.708 E977.07378
M204 S10000
G0 F9600 X168.619 Y131.284
M204 S1000
G1 F1200 X158.665 Y121.33 E977.42493
M204 S10000
G0 F9600 X159.089 Y121.33
M204 S1000
G1 F1200 X168.619 Y130.86 E977.76113
M204 S10000
G0 F9600 X168.619 Y130.435
M204 S1000
G1 F1200 X159.514 Y121.33 E978.08233
M204 S10000
G0 F9600 X159.938 Y121.33
M204 S1000
G1 F1200 X168.619 Y130.011 E978.38858
M204 S10000
G0 F9600 X168.619 Y129.587
M204 S1000
G1 F1200 X160.362 Y121.33 E978.67987
M204 S10000
G0 F9600 X160.786 Y121.33
M204 S1000
G1 F1200 X168.619 Y129.162 E978.95618
M204 S10000
G0 F9600 X168.619 Y128.738
M204 S1000
G1 F1200 X161.211 Y121.33 E979.21752
M204 S10000
G0 F9600 X161.635 Y121.33
M204 S1000
G1 F1200 X168.619 Y128.314 E979.4639
M204 S10000
G0 F9600 X168.619 Y127.89
M204 S1000
G1 F1200 X162.059 Y121.33 E979.69532
M204 S10000
G0 F9600 X162.483 Y121.33
M204 S1000
G1 F1200 X168.619 Y127.465 E979.91176
M204 S10000
G0 F9600 X168.619 Y127.041
M204 S1000
G1 F1200 X162.908 Y121.33 E980.11323
M204 S10000
G0 F9600 X163.332 Y121.33
M204 S1000
G1 F1200 X168.619 Y126.617 E980.29975
M204 S10000
G0 F9600 X168.619 Y126.193
M204 S1000
G1 F1200 X163.756 Y121.33 E980.4713
M204 S10000
G0 F9600 X164.181 Y121.33
M204 S1000
G1 F1200 X168.619 Y125.768 E980.62787
M204 S10000
G0 F9600 X168.619 Y125.344
M204 S1000
G1 F1200 X164.605 Y121.33 E980.76947
M204 S10000
G0 F9600 X165.029 Y121.33
M204 S1000
G1 F1200 X168.619 Y124.92 E980.89612
M204 S10000
G0 F9600 X168.619 Y124.496
M204 S1000
G1 F1200 X165.453 Y121.33 E981.00781
M204 S10000
G0 F9600 X165.878 Y121.33
M204 S1000
G1 F1200 X168.619 Y124.071 E981.1045
M204 S10000
G0 F9600 X168.619 Y123.647
M204 S1000
G1 F1200 X166.302 Y121.33 E981.18624
M204 S10000
G0 F9600 X166.726 Y121.33
M204 S1000
G1 F1200 X168.619 Y123.223 E981.25302
M204 S10000
G0 F9600 X168.619 Y122.798
M204 S1000
G1 F1200 X167.15 Y121.33 E981.30483
M204 S10000
G0 F9600 X167.575 Y121.33
M204 S1000
G1 F1200 X168.619 Y122.374 E981.34166
M204 S10000
G0 F9600 X168.619 Y121.95
M204 S1000
G1 F1200 X167.999 Y121.33 E981.36353
M204 S10000
G0 F9600 X168.423 Y121.33
M204 S1000
G1 F1200 X168.619 Y121.526 E981.37044
M204 S10000
G1 F3000 E975.37044
G0 F9600 X168.99 Y121.526
G0 X168.918 Y146.428
G0 X167.572 Y146.822
G0 X167.572 Y153.178
G0 X167.889 Y153.392
G0 X167.724 Y153.723
M204 S1000
G1 F3000 E981.37044
G1 F1200 X168.618 Y154.618 E981.402
M204 S10000
G0 F9600 X168.618 Y154.193
M204 S1000
G1 F1200 X168.289 Y153.865 E981.41359
M204 S10000
G0 F9600 X168.385 Y153.45
G1 F3000 E975.41359
;MESH:Lid_back_panel.stl
G0 F9600 X168.917 Y153.572
G0 X169.719 Y179.089
G0 X172.412 Y179.086
G0 X173.113 Y179.089
M204 S1000
;TYPE:WALL-INNER
G1 F3000 E981.41359
G1 F1800 X189.021 Y179.089 E981.81042
G1 X189.021 Y120.91 E983.2617
G1 X173.114 Y120.91 E983.6585
G1 X173.113 Y134.15 E983.98877
G1 X173.634 Y134.15 E984.00177
G1 X174.072 Y134.245 E984.01295
G1 X174.301 Y134.388 E984.01968
G1 X174.554 Y134.692 E984.02955
G1 X174.636 Y134.882 E984.03471
G1 X174.685 Y135.2 E984.04274
G1 X174.679 Y164.908 E984.78381
G1 X174.554 Y165.308 E984.79426
G1 X174.301 Y165.612 E984.80413
G1 X174.072 Y165.755 E984.81086
G1 X173.634 Y165.85 E984.82204
G1 X173.113 Y165.85 E984.83504
G1 X173.113 Y179.089 E985.16528
M204 S10000
G0 F9600 X172.813 Y179.389
M204 S1000
G1 F1800 X189.321 Y179.389 E985.57708
G1 X189.321 Y120.61 E987.04333
G1 X172.814 Y120.61 E987.4551
G1 X172.813 Y134.45 E987.80034
G1 X173.634 Y134.45 E987.82082
G1 X173.947 Y134.517 E987.8288
G1 X174.111 Y134.62 E987.83363
G1 X174.254 Y134.776 E987.83891
G1 X174.381 Y135.122 E987.8481
G1 X174.381 Y164.878 E988.59037
G1 X174.291 Y165.163 E988.59783
G1 X174.111 Y165.38 E988.60486
G1 X173.947 Y165.483 E988.60969
G1 X173.634 Y165.55 E988.61767
G1 X172.813 Y165.55 E988.63815
G1 X172.813 Y179.389 E988.98337
M204 S10000
G0 F9600 X172.513 Y179.689
M204 S1000
G1 F1800 X189.621 Y179.689 E989.41013
G1 X189.621 Y120.31 E990.89135
G1 X172.514 Y120.31 E991.31808
G1 X172.513 Y134.75 E991.67829
G1 X173.634 Y134.75 E991.70625
G1 X173.822 Y134.79 E991.71105
G1 X174.029 Y134.982 E991.71809
G1 X174.085 Y135.142 E991.72232
G1 X174.082 Y164.847 E992.46331
G1 X174.029 Y165.018 E992.46778
G1 X173.822 Y165.21 E992.47482
G1 X173.634 Y165.25 E992.47962
G1 X172.513 Y165.25 E992.50758
G1 X172.513 Y179.689 E992.86776
M204 S10000
G0 F9600 X172.263 Y179.939
M204 S1000
;TYPE:WALL-OUTER
G1 F1800 X189.871 Y179.939 E993.307
G1 X189.871 Y120.06 E994.80068
G1 X172.264 Y120.06 E995.23989
G1 X172.263 Y135 E995.61257
G1 X173.634 Y135 E995.64677
G1 X173.762 Y135.045 E995.65016
G1 X173.832 Y135.165 E995.65362
G1 X173.834 Y164.875 E996.39474
G1 X173.699 Y165 E996.39933
G1 X172.263 Y165 E996.43515
G1 X172.263 Y179.939 E996.80781
M204 S10000
G0 F9600 X172.463 Y179.939
G0 X172.464 Y179.69
G0 X173.163 Y178.819
G0 X173.383 Y178.819
M204 S1000
;TYPE:SKIN
G1 F1200 X173.383 Y166.12 E997.12458
G1 X173.663 Y166.117 E997.13157
G1 X174.184 Y166.004 E997.14487
G1 X174.565 Y165.76 E997.15615
G1 X174.857 Y165.344 E997.16883
G1 X174.955 Y164.904 E997.18008
G1 X174.948 Y135.06 E997.92454
G1 X174.854 Y134.695 E997.93394
G1 X174.732 Y134.465 E997.94043
G1 X174.458 Y134.166 E997.95055
G1 X174.184 Y133.996 E997.95859
G1 X173.663 Y133.883 E997.97189
G1 X173.383 Y133.88 E997.97888
G1 X173.384 Y121.18 E998.29568
G1 X188.751 Y121.18 E998.67901
G1 X188.751 Y178.819 E1000.11682
G1 X173.383 Y178.819 E1000.50018
M204 S10000
G0 F9600 X173.577 Y178.668
M204 S1000
G1 F1200 X173.532 Y178.623 E1000.50177
M204 S10000
G0 F9600 X173.532 Y178.199
M204 S1000
G1 F1200 X174.001 Y178.668 E1000.51831
M204 S10000
G0 F9600 X174.425 Y178.668
M204 S1000
G1 F1200 X173.532 Y177.775 E1000.54981
M204 S10000
G0 F9600 X173.532 Y177.35
M204 S1000
G1 F1200 X174.849 Y178.668 E1000.59629
M204 S10000
G0 F9600 X175.274 Y178.668
M204 S1000
G1 F1200 X173.532 Y176.926 E1000.65775
M204 S10000
G0 F9600 X173.532 Y176.502
M204 S1000
G1 F1200 X175.698 Y178.668 E1000.73416
M204 S10000
G0 F9600 X176.122 Y178.668
M204 S1000
G1 F1200 X173.532 Y176.078 E1000.82553
M204 S10000
G0 F9600 X173.532 Y175.653
M204 S1000
G1 F1200 X176.546 Y178.668 E1000.93187
M204 S10000
G0 F9600 X176.971 Y178.668
M204 S1000
G1 F1200 X173.532 Y175.229 E1001.05319
M204 S10000
G0 F9600 X173.532 Y174.805
M204 S1000
G1 F1200 X177.395 Y178.668 E1001.18947
M204 S10000
G0 F9600 X177.819 Y178.668
M204 S1000
G1 F1200 X173.532 Y174.381 E1001.34071
M204 S10000
G0 F9600 X173.532 Y173.956
M204 S1000
G1 F1200 X178.243 Y178.668 E1001.50692
M204 S10000
G0 F9600 X178.668 Y178.668
M204 S1000
G1 F1200 X173.532 Y173.532 E1001.6881
M204 S10000
G0 F9600 X173.532 Y173.108
M204 S1000
G1 F1200 X179.092 Y178.668 E1001.88425
M204 S10000
G0 F9600 X179.516 Y178.668
M204 S1000
G1 F1200 X173.532 Y172.683 E1002.09537
M204 S10000
G0 F9600 X173.532 Y172.259
M204 S1000
G1 F1200 X179.94 Y178.668 E1002.32144
M204 S10000
G0 F9600 X180.365 Y178.668
M204 S1000
G1 F1200 X173.532 Y171.835 E1002.5625
M204 S10000
G0 F9600 X173.532 Y171.411
M204 S1000
G1 F1200 X180.789 Y178.668 E1002.81851
M204 S10000
G0 F9600 X181.214 Y178.668
M204 S1000
G1 F1200 X173.532 Y170.986 E1003.08951
M204 S10000
G0 F9600 X173.532 Y170.562
M204 S1000
G1 F1200 X181.638 Y178.668 E1003.37547
M204 S10000
G0 F9600 X182.063 Y178.668
M204 S1000
G1 F1200 X173.532 Y170.138 E1003.67641
M204 S10000
G0 F9600 X173.532 Y169.714
M204 S1000
G1 F1200 X182.487 Y178.668 E1003.9923
M204 S10000
G0 F9600 X182.911 Y178.668
M204 S1000
G1 F1200 X173.532 Y169.289 E1004.32317
M204 S10000
G0 F9600 X173.532 Y168.865
M204 S1000
G1 F1200 X183.335 Y178.668 E1004.669
M204 S10000
G0 F9600 X183.76 Y178.668
M204 S1000
G1 F1200 X173.532 Y168.441 E1005.0298
M204 S10000
G0 F9600 X173.532 Y168.017
M204 S1000
G1 F1200 X184.184 Y178.668 E1005.40556
M204 S10000
G0 F9600 X184.608 Y178.668
M204 S1000
G1 F1200 X173.532 Y167.592 E1005.7963
M204 S10000
G0 F9600 X173.532 Y167.168
M204 S1000
G1 F1200 X185.032 Y178.668 E1006.20199
M204 S10000
G0 F9600 X185.457 Y178.668
M204 S1000
G1 F1200 X173.532 Y166.744 E1006.62266
M204 S10000
G0 F9600 X173.532 Y166.32
M204 S1000
G1 F1200 X185.881 Y178.668 E1007.05829
M204 S10000
G0 F9600 X186.305 Y178.668
M204 S1000
G1 F1200 X173.864 Y166.227 E1007.49718
M204 S10000
G0 F9600 X174.212 Y166.151
M204 S1000
G1 F1200 X186.729 Y178.668 E1007.93875
M204 S10000
G0 F9600 X187.154 Y178.668
M204 S1000
G1 F1200 X174.48 Y165.994 E1008.38586
M204 S10000
G0 F9600 X174.714 Y165.805
M204 S1000
G1 F1200 X187.578 Y178.668 E1008.83965
M204 S10000
G0 F9600 X188.002 Y178.668
M204 S1000
G1 F1200 X174.89 Y165.557 E1009.30219
M204 S10000
G0 F9600 X175.03 Y165.272
M204 S1000
G1 F1200 X188.426 Y178.668 E1009.77477
M204 S10000
G0 F9600 X188.6 Y178.417
M204 S1000
G1 F1200 X175.102 Y164.92 E1010.25094
M204 S10000
G0 F9600 X175.102 Y164.496
M204 S1000
G1 F1200 X188.6 Y177.993 E1010.7271
M204 S10000
G0 F9600 X188.6 Y177.569
M204 S1000
G1 F1200 X175.102 Y164.072 E1011.20326
M204 S10000
G0 F9600 X175.102 Y163.647
M204 S1000
G1 F1200 X188.6 Y177.145 E1011.67944
M204 S10000
G0 F9600 X188.6 Y176.72
M204 S1000
G1 F1200 X175.102 Y163.223 E1012.1556
M204 S10000
G0 F9600 X175.102 Y162.799
M204 S1000
G1 F1200 X188.6 Y176.296 E1012.63176
M204 S10000
G0 F9600 X188.6 Y175.872
M204 S1000
G1 F1200 X175.102 Y162.375 E1013.10792
M204 S10000
G0 F9600 X175.102 Y161.95
M204 S1000
G1 F1200 X188.6 Y175.448 E1013.5841
M204 S10000
G0 F9600 X188.6 Y175.023
M204 S1000
G1 F1200 X175.102 Y161.525 E1014.06027
M204 S10000
G0 F9600 X175.102 Y161.101
M204 S1000
G1 F1200 X188.6 Y174.599 E1014.53645
M204 S10000
G0 F9600 X188.6 Y174.175
M204 S1000
G1 F1200 X175.102 Y160.677 E1015.01263
M204 S10000
G0 F9600 X175.102 Y160.253
M204 S1000
G1 F1200 X188.6 Y173.75 E1015.48879
M204 S10000
G0 F9600 X188.6 Y173.326
M204 S1000
G1 F1200 X175.102 Y159.828 E1015.96497
M204 S10000
G0 F9600 X175.102 Y159.404
M204 S1000
G1 F1200 X188.6 Y172.902 E1016.44115
M204 S10000
G0 F9600 X188.6 Y172.478
M204 S1000
G1 F1200 X175.102 Y158.98 E1016.91733
M204 S10000
G0 F9600 X175.101 Y158.555
M204 S1000
G1 F1200 X188.6 Y172.053 E1017.39352
M204 S10000
G0 F9600 X188.6 Y171.629
M204 S1000
G1 F1200 X175.101 Y158.13 E1017.86974
M204 S10000
G0 F9600 X175.101 Y157.706
M204 S1000
G1 F1200 X188.6 Y171.205 E1018.34595
M204 S10000
G0 F9600 X188.6 Y170.781
M204 S1000
G1 F1200 X175.101 Y157.282 E1018.82216
M204 S10000
G0 F9600 X175.101 Y156.858
M204 S1000
G1 F1200 X188.6 Y170.356 E1019.29836
M204 S10000
G0 F9600 X188.6 Y169.932
M204 S1000
G1 F1200 X175.101 Y156.433 E1019.77457
M204 S10000
G0 F9600 X175.101 Y156.009
M204 S1000
G1 F1200 X188.6 Y169.508 E1020.25079
M204 S10000
G0 F9600 X188.6 Y169.084
M204 S1000
G1 F1200 X175.1 Y155.584 E1020.72704
M204 S10000
G0 F9600 X175.1 Y155.16
M204 S1000
G1 F1200 X188.6 Y168.659 E1021.20327
M204 S10000
G0 F9600 X188.6 Y168.235
M204 S1000
G1 F1200 X175.1 Y154.736 E1021.6795
M204 S10000
G0 F9600 X175.1 Y154.311
M204 S1000
G1 F1200 X188.6 Y167.811 E1022.15575
M204 S10000
G0 F9600 X188.6 Y167.387
M204 S1000
G1 F1200 X175.1 Y153.887 E1022.632
M204 S10000
G0 F9600 X175.1 Y153.463
M204 S1000
G1 F1200 X188.6 Y166.962 E1023.10823
M204 S10000
G0 F9600 X188.6 Y166.538
M204 S1000
G1 F1200 X175.1 Y153.039 E1023.58446
M204 S10000
G0 F9600 X175.1 Y152.614
M204 S1000
G1 F1200 X188.6 Y166.114 E1024.06071
M204 S10000
G0 F9600 X188.6 Y165.689
M204 S1000
G1 F1200 X175.1 Y152.189 E1024.53696
M204 S10000
G0 F9600 X175.1 Y151.765
M204 S1000
G1 F1200 X188.6 Y165.265 E1025.01321
M204 S10000
G0 F9600 X188.6 Y164.841
M204 S1000
G1 F1200 X175.1 Y151.341 E1025.48946
M204 S10000
G0 F9600 X175.1 Y150.917
M204 S1000
G1 F1200 X188.6 Y164.417 E1025.9657
M204 S10000
G0 F9600 X188.6 Y163.992
M204 S1000
G1 F1200 X175.1 Y150.492 E1026.44195
M204 S10000
G0 F9600 X175.1 Y150.068
M204 S1000
G1 F1200 X188.6 Y163.568 E1026.9182
M204 S10000
G0 F9600 X188.6 Y163.144
M204 S1000
G1 F1200 X175.099 Y149.643 E1027.39449
M204 S10000
G0 F9600 X175.099 Y149.219
M204 S1000
G1 F1200 X188.6 Y162.72 E1027.87077
M204 S10000
G0 F9600 X188.6 Y162.295
M204 S1000
G1 F1200 X175.099 Y148.795 E1028.34704
M204 S10000
G0 F9600 X175.099 Y148.37
M204 S1000
G1 F1200 X188.6 Y161.871 E1028.82332
M204 S10000
G0 F9600 X188.6 Y161.447
M204 S1000
G1 F1200 X175.099 Y147.946 E1029.29961
M204 S10000
G0 F9600 X175.099 Y147.522
M204 S1000
G1 F1200 X188.6 Y161.023 E1029.77589
M204 S10000
G0 F9600 X188.6 Y160.598
M204 S1000
G1 F1200 X175.099 Y147.098 E1030.25216
M204 S10000
G0 F9600 X175.098 Y146.673
M204 S1000
G1 F1200 X188.6 Y160.174 E1030.72846
M204 S10000
G0 F9600 X188.6 Y159.75
M204 S1000
G1 F1200 X175.098 Y146.248 E1031.20478
M204 S10000
G0 F9600 X175.098 Y145.824
M204 S1000
G1 F1200 X188.6 Y159.326 E1031.6811
M204 S10000
G0 F9600 X188.6 Y158.901
M204 S1000
G1 F1200 X175.098 Y145.4 E1032.1574
M204 S10000
G0 F9600 X175.098 Y144.975
M204 S1000
G1 F1200 X188.6 Y158.477 E1032.63372
M204 S10000
G0 F9600 X188.6 Y158.053
M204 S1000
G1 F1200 X175.098 Y144.551 E1033.11004
M204 S10000
G0 F9600 X175.098 Y144.127
M204 S1000
G1 F1200 X188.6 Y157.628 E1033.58634
M204 S10000
G0 F9600 X188.6 Y157.204
M204 S1000
G1 F1200 X175.098 Y143.702 E1034.06266
M204 S10000
G0 F9600 X175.098 Y143.278
M204 S1000
G1 F1200 X188.6 Y156.78 E1034.53898
M204 S10000
G0 F9600 X188.6 Y156.356
M204 S1000
G1 F1200 X175.098 Y142.853 E1035.01532
M204 S10000
G0 F9600 X175.098 Y142.429
M204 S1000
G1 F1200 X188.6 Y155.931 E1035.49164
M204 S10000
G0 F9600 X188.6 Y155.507
M204 S1000
G1 F1200 X175.098 Y142.005 E1035.96796
M204 S10000
G0 F9600 X175.098 Y141.581
M204 S1000
G1 F1200 X188.6 Y155.083 E1036.44428
M204 S10000
G0 F9600 X188.6 Y154.659
M204 S1000
G1 F1200 X175.098 Y141.156 E1036.92061
M204 S10000
G0 F9600 X175.097 Y140.731
M204 S1000
G1 F1200 X188.6 Y154.234 E1037.39697
M204 S10000
G0 F9600 X188.6 Y153.81
M204 S1000
G1 F1200 X175.097 Y140.307 E1037.87332
M204 S10000
G0 F9600 X175.097 Y139.883
M204 S1000
G1 F1200 X188.6 Y153.386 E1038.34968
M204 S10000
G0 F9600 X188.6 Y152.962
M204 S1000
G1 F1200 X175.097 Y139.459 E1038.82603
M204 S10000
G0 F9600 X175.097 Y139.034
M204 S1000
G1 F1200 X188.6 Y152.537 E1039.30239
M204 S10000
G0 F9600 X188.6 Y152.113
M204 S1000
G1 F1200 X175.097 Y138.61 E1039.77874
M204 S10000
G0 F9600 X175.097 Y138.186
M204 S1000
G1 F1200 X188.6 Y151.689 E1040.2551
M204 S10000
G0 F9600 X188.6 Y151.264
M204 S1000
G1 F1200 X175.096 Y137.761 E1040.73147
M204 S10000
G0 F9600 X175.096 Y137.337
M204 S1000
G1 F1200 X188.6 Y150.84 E1041.20784
M204 S10000
G0 F9600 X188.6 Y150.416
M204 S1000
G1 F1200 X175.096 Y136.912 E1041.68423
M204 S10000
G0 F9600 X175.096 Y136.488
M204 S1000
G1 F1200 X188.6 Y149.992 E1042.16062
M204 S10000
G0 F9600 X188.6 Y149.567
M204 S1000
G1 F1200 X175.096 Y136.064 E1042.63699
M204 S10000
G0 F9600 X175.096 Y135.64
M204 S1000
G1 F1200 X188.6 Y149.143 E1043.11337
M204 S10000
G0 F9600 X188.6 Y148.719
M204 S1000
G1 F1200 X175.096 Y135.215 E1043.58976
M204 S10000
G0 F9600 X175.006 Y134.701
M204 S1000
G1 F1200 X188.6 Y148.295 E1044.06932
M204 S10000
G0 F9600 X188.6 Y147.87
M204 S1000
G1 F1200 X173.532 Y132.803 E1044.60087
M204 S10000
G0 F9600 X173.532 Y133.227
M204 S1000
G1 F1200 X174.137 Y133.831 E1044.62219
M204 S10000
G0 F9600 X173.595 Y133.714
M204 S1000
G1 F1200 X173.532 Y133.651 E1044.62442
M204 S10000
G1 F3000 E1038.62442
G0 F9600 X173.164 Y133.65
G0 X173.164 Y132.377
G0 X173.532 Y132.378
M204 S1000
G1 F3000 E1044.62442
G1 F1200 X188.6 Y147.446 E1045.15598
M204 S10000
G0 F9600 X188.6 Y147.022
M204 S1000
G1 F1200 X173.532 Y131.954 E1045.68754
M204 S10000
G0 F9600 X173.532 Y131.53
M204 S1000
G1 F1200 X188.6 Y146.598 E1046.21911
M204 S10000
G0 F9600 X188.6 Y146.173
M204 S1000
G1 F1200 X173.532 Y131.106 E1046.75066
M204 S10000
G0 F9600 X173.532 Y130.681
M204 S1000
G1 F1200 X188.6 Y145.749 E1047.28222
M204 S10000
G0 F9600 X188.6 Y145.325
M204 S1000
G1 F1200 X173.532 Y130.257 E1047.81378
M204 S10000
G0 F9600 X173.532 Y129.833
M204 S1000
G1 F1200 X188.6 Y144.901 E1048.34535
M204 S10000
G0 F9600 X188.6 Y144.476
M204 S1000
G1 F1200 X173.532 Y129.409 E1048.8769
M204 S10000
G0 F9600 X173.532 Y128.984
M204 S1000
G1 F1200 X188.6 Y144.052 E1049.40846
M204 S10000
G0 F9600 X188.6 Y143.628
M204 S1000
G1 F1200 X173.532 Y128.56 E1049.94002
M204 S10000
G0 F9600 X173.532 Y128.136
M204 S1000
G1 F1200 X188.6 Y143.203 E1050.47157
M204 S10000
G0 F9600 X188.6 Y142.779
M204 S1000
G1 F1200 X173.532 Y127.711 E1051.00314
M204 S10000
G0 F9600 X173.532 Y127.287
M204 S1000
G1 F1200 X188.6 Y142.355 E1051.5347
M204 S10000
G0 F9600 X188.6 Y141.931
M204 S1000
G1 F1200 X173.532 Y126.863 E1052.06626
M204 S10000
G0 F9600 X173.532 Y126.439
M204 S1000
G1 F1200 X188.6 Y141.506 E1052.59781
M204 S10000
G0 F9600 X188.6 Y141.082
M204 S1000
G1 F1200 X173.532 Y126.014 E1053.12938
M204 S10000
G0 F9600 X173.532 Y125.59
M204 S1000
G1 F1200 X188.6 Y140.658 E1053.66094
M204 S10000
G0 F9600 X188.6 Y140.234
M204 S1000
G1 F1200 X173.532 Y125.166 E1054.1925
M204 S10000
G0 F9600 X173.532 Y124.742
M204 S1000
G1 F1200 X188.6 Y139.809 E1054.72405
M204 S10000
G0 F9600 X188.6 Y139.385
M204 S1000
G1 F1200 X173.532 Y124.317 E1055.25562
M204 S10000
G0 F9600 X173.532 Y123.893
M204 S1000
G1 F1200 X188.6 Y138.961 E1055.78718
M204 S10000
G0 F9600 X188.6 Y138.537
M204 S1000
G1 F1200 X173.532 Y123.469 E1056.31874
M204 S10000
G0 F9600 X173.532 Y123.045
M204 S1000
G1 F1200 X188.6 Y138.112 E1056.85029
M204 S10000
G0 F9600 X188.6 Y137.688
M204 S1000
G1 F1200 X173.532 Y122.62 E1057.38186
M204 S10000
G0 F9600 X173.532 Y122.196
M204 S1000
G1 F1200 X188.6 Y137.264 E1057.91342
M204 S10000
G0 F9600 X188.6 Y136.84
M204 S1000
G1 F1200 X173.532 Y121.772 E1058.44498
M204 S10000
G0 F9600 X173.532 Y121.348
M204 S1000
G1 F1200 X188.6 Y136.415 E1058.97653
M204 S10000
G0 F9600 X188.6 Y135.991
M204 S1000
G1 F1200 X173.939 Y121.33 E1059.49374
M204 S10000
G0 F9600 X174.363 Y121.33
M204 S1000
G1 F1200 X188.6 Y135.567 E1059.99599
M204 S10000
G0 F9600 X188.6 Y135.142
M204 S1000
G1 F1200 X174.787 Y121.33 E1060.48326
M204 S10000
G0 F9600 X175.211 Y121.33
M204 S1000
G1 F1200 X188.6 Y134.718 E1060.95557
M204 S10000
G0 F9600 X188.6 Y134.294
M204 S1000
G1 F1200 X175.636 Y121.33 E1061.41291
M204 S10000
G0 F9600 X176.06 Y121.33
M204 S1000
G1 F1200 X188.6 Y133.87 E1061.8553
M204 S10000
G0 F9600 X188.6 Y133.445
M204 S1000
G1 F1200 X176.484 Y121.33 E1062.2827
M204 S10000
G0 F9600 X176.908 Y121.33
M204 S1000
G1 F1200 X188.6 Y133.021 E1062.69515
M204 S10000
G0 F9600 X188.6 Y132.597
M204 S1000
G1 F1200 X177.333 Y121.33 E1063.09263
M204 S10000
G0 F9600 X177.757 Y121.33
M204 S1000
G1 F1200 X188.6 Y132.173 E1063.47514
M204 S10000
G0 F9600 X188.6 Y131.748
M204 S1000
G1 F1200 X178.181 Y121.33 E1063.84268
M204 S10000
G0 F9600 X178.605 Y121.33
M204 S1000
G1 F1200 X188.6 Y131.324 E1064.19527
M204 S10000
G0 F9600 X188.6 Y130.9
M204 S1000
G1 F1200 X179.03 Y121.33 E1064.53287
M204 S10000
G0 F9600 X179.454 Y121.33
M204 S1000
G1 F1200 X188.6 Y130.476 E1064.85552
M204 S10000
G0 F9600 X188.6 Y130.051
M204 S1000
G1 F1200 X179.878 Y121.33 E1065.1632
M204 S10000
G0 F9600 X180.303 Y121.33
M204 S1000
G1 F1200 X188.6 Y129.627 E1065.4559
M204 S10000
G0 F9600 X188.6 Y129.203
M204 S1000
G1 F1200 X180.727 Y121.33 E1065.73364
M204 S10000
G0 F9600 X181.151 Y121.33
M204 S1000
G1 F1200 X188.6 Y128.778 E1065.99641
M204 S10000
G0 F9600 X188.6 Y128.354
M204 S1000
G1 F1200 X181.575 Y121.33 E1066.24421
M204 S10000
G0 F9600 X182 Y121.33
M204 S1000
G1 F1200 X188.6 Y127.93 E1066.47705
M204 S10000
G0 F9600 X188.6 Y127.506
M204 S1000
G1 F1200 X182.424 Y121.33 E1066.69492
M204 S10000
G0 F9600 X182.848 Y121.33
M204 S1000
G1 F1200 X188.6 Y127.081 E1066.89782
M204 S10000
G0 F9600 X188.6 Y126.657
M204 S1000
G1 F1200 X183.272 Y121.33 E1067.08576
M204 S10000
G0 F9600 X183.697 Y121.33
M204 S1000
G1 F1200 X188.6 Y126.233 E1067.25873
M204 S10000
G0 F9600 X188.6 Y125.809
M204 S1000
G1 F1200 X184.121 Y121.33 E1067.41674
M204 S10000
G0 F9600 X184.545 Y121.33
M204 S1000
G1 F1200 X188.6 Y125.384 E1067.55977
M204 S10000
G0 F9600 X188.6 Y124.96
M204 S1000
G1 F1200 X184.969 Y121.33 E1067.68785
M204 S10000
G0 F9600 X185.394 Y121.33
M204 S1000
G1 F1200 X188.6 Y124.536 E1067.80095
M204 S10000
G0 F9600 X188.6 Y124.112
M204 S1000
G1 F1200 X185.818 Y121.33 E1067.89909
M204 S10000
G0 F9600 X186.242 Y121.33
M204 S1000
G1 F1200 X188.6 Y123.687 E1067.98226
M204 S10000
G0 F9600 X188.6 Y123.263
M204 S1000
G1 F1200 X186.666 Y121.33 E1068.05047
M204 S10000
G0 F9600 X187.091 Y121.33
M204 S1000
G1 F1200 X188.6 Y122.839 E1068.1037
M204 S10000
G0 F9600 X188.6 Y122.415
M204 S1000
G1 F1200 X187.515 Y121.33 E1068.14198
M204 S10000
G0 F9600 X187.939 Y121.33
M204 S1000
G1 F1200 X188.6 Y121.99 E1068.16528
M204 S10000
G0 F9600 X188.6 Y121.566
M204 S1000
G1 F1200 X188.364 Y121.33 E1068.1736
M204 S10000
G0 F9600 X188.364 Y120.91
G1 F3000 E1062.1736
;MESH:NONMESH
G0 F300 X188.364 Y120.91 Z0.76
G0 F9600 X173.236 Y121.032
G0 X173.235 Y134.028
G0 X174.117 Y134.625
G0 X173.998 Y165.164
G0 X128.02 Y165.164
G0 X127.29 Y178.89
G0 X127.14 Y178.89
;TIME_ELAPSED:2407.662988
;LAYER:3
M106 S255
M204 S1000
;TYPE:WALL-INNER
;MESH:Lid_side_panel_x2.stl(1)
G1 F3000 E1068.1736
G1 F1800 X127.14 Y121.11 E1069.61493
G1 X111.16 Y121.11 E1070.01355
G1 X111.16 Y178.89 E1071.45488
G1 X127.14 Y178.89 E1071.85351
M204 S10000
G0 F9600 X127.44 Y179.19
M204 S1000
G1 F1800 X127.44 Y120.81 E1073.3098
G1 X110.86 Y120.81 E1073.72339
G1 X110.86 Y179.19 E1075.17968
G1 X127.44 Y179.19 E1075.59327
M204 S10000
G0 F9600 X127.74 Y179.49
M204 S1000
G1 F1800 X127.74 Y120.51 E1077.06454
G1 X110.56 Y120.51 E1077.49309
G1 X110.56 Y179.49 E1078.96436
G1 X127.74 Y179.49 E1079.39291
M204 S10000
G0 F9600 X127.99 Y179.74
M204 S1000
;TYPE:WALL-OUTER
G1 F1800 X127.99 Y120.26 E1080.87665
G1 X110.31 Y120.26 E1081.31768
G1 X110.31 Y179.74 E1082.80141
G1 X127.99 Y179.74 E1083.24244
M204 S10000
G0 F9600 X127.99 Y179.54
G0 X127.74 Y179.54
G0 X127.09 Y178.62
G0 X126.87 Y178.62
M204 S1000
;TYPE:SKIN
G1 F1200 X111.43 Y178.62 E1083.62759
G1 X111.43 Y121.38 E1085.05545
G1 X126.87 Y121.38 E1085.4406
G1 X126.87 Y178.62 E1086.86846
M204 S10000
G0 F9600 X126.576 Y178.469
M204 S1000
G1 F1200 X126.719 Y178.326 E1086.87351
M204 S10000
G0 F9600 X126.719 Y177.902
M204 S1000
G1 F1200 X126.152 Y178.469 E1086.89351
M204 S10000
G0 F9600 X125.727 Y178.469
M204 S1000
G1 F1200 X126.719 Y177.478 E1086.92849
M204 S10000
G0 F9600 X126.719 Y177.053
M204 S1000
G1 F1200 X125.303 Y178.469 E1086.97844
M204 S10000
G0 F9600 X124.879 Y178.469
M204 S1000
G1 F1200 X126.719 Y176.629 E1087.04335
M204 S10000
G0 F9600 X126.719 Y176.205
M204 S1000
G1 F1200 X124.455 Y178.469 E1087.12322
M204 S10000
G0 F9600 X124.03 Y178.469
M204 S1000
G1 F1200 X126.719 Y175.781 E1087.21806
M204 S10000
G0 F9600 X126.719 Y175.356
M204 S1000
G1 F1200 X123.606 Y178.469 E1087.32788
M204 S10000
G0 F9600 X123.182 Y178.469
M204 S1000
G1 F1200 X126.719 Y174.932 E1087.45266
M204 S10000
G0 F9600 X126.719 Y174.508
M204 S1000
G1 F1200 X122.757 Y178.469 E1087.59241
M204 S10000
G0 F9600 X122.333 Y178.469
M204 S1000
G1 F1200 X126.719 Y174.084 E1087.74712
M204 S10000
G0 F9600 X126.719 Y173.659
M204 S1000
G1 F1200 X121.909 Y178.469 E1087.91681
M204 S10000
G0 F9600 X121.485 Y178.469
M204 S1000
G1 F1200 X126.719 Y173.235 E1088.10145
M204 S10000
G0 F9600 X126.719 Y172.811
M204 S1000
G1 F1200 X121.06 Y178.469 E1088.30107
M204 S10000
G0 F9600 X120.636 Y178.469
M204 S1000
G1 F1200 X126.719 Y172.386 E1088.51566
M204 S10000
G0 F9600 X126.719 Y171.962
M204 S1000
G1 F1200 X120.212 Y178.469 E1088.74522
M204 S10000
G0 F9600 X119.788 Y178.469
M204 S1000
G1 F1200 X126.719 Y171.538 E1088.98973
M204 S10000
G0 F9600 X126.719 Y171.114
M204 S1000
G1 F1200 X119.363 Y178.469 E1089.24921
M204 S10000
G0 F9600 X118.939 Y178.469
M204 S1000
G1 F1200 X126.719 Y170.689 E1089.52367
M204 S10000
G0 F9600 X126.719 Y170.265
M204 S1000
G1 F1200 X118.515 Y178.469 E1089.81309
M204 S10000
G0 F9600 X118.091 Y178.469
M204 S1000
G1 F1200 X126.719 Y169.841 E1090.11747
M204 S10000
G0 F9600 X126.719 Y169.417
M204 S1000
G1 F1200 X117.666 Y178.469 E1090.43682
M204 S10000
G0 F9600 X117.242 Y178.469
M204 S1000
G1 F1200 X126.719 Y168.992 E1090.77114
M204 S10000
G0 F9600 X126.719 Y168.568
M204 S1000
G1 F1200 X116.818 Y178.469 E1091.12043
M204 S10000
G0 F9600 X116.394 Y178.469
M204 S1000
G1 F1200 X126.719 Y168.144 E1091.48467
M204 S10000
G0 F9600 X126.719 Y167.72
M204 S1000
G1 F1200 X115.969 Y178.469 E1091.86389
M204 S10000
G0 F9600 X115.545 Y178.469
M204 S1000
G1 F1200 X126.719 Y167.295 E1092.25808
M204 S10000
G0 F9600 X126.719 Y166.871
M204 S1000
G1 F1200 X115.121 Y178.469 E1092.66723
M204 S10000
G0 F9600 X114.696 Y178.469
M204 S1000
G1 F1200 X126.719 Y166.447 E1093.09136
M204 S10000
G0 F9600 X126.719 Y166.023
M204 S1000
G1 F1200 X114.272 Y178.469 E1093.53044
M204 S10000
G0 F9600 X113.848 Y178.469
M204 S1000
G1 F1200 X126.719 Y165.598 E1093.9845
M204 S10000
G0 F9600 X126.719 Y165.174
M204 S1000
G1 F1200 X113.424 Y178.469 E1094.45352
M204 S10000
G0 F9600 X112.999 Y178.469
M204 S1000
G1 F1200 X126.719 Y164.75 E1094.93751
M204 S10000
G0 F9600 X126.719 Y164.325
M204 S1000
G1 F1200 X112.575 Y178.469 E1095.43648
M204 S10000
G0 F9600 X112.151 Y178.469
M204 S1000
G1 F1200 X126.719 Y163.901 E1095.9504
M204 S10000
G0 F9600 X126.719 Y163.477
M204 S1000
G1 F1200 X111.727 Y178.469 E1096.47929
M204 S10000
G0 F9600 X111.58 Y178.192
M204 S1000
G1 F1200 X126.719 Y163.053 E1097.01336
M204 S10000
G0 F9600 X126.719 Y162.628
M204 S1000
G1 F1200 X111.58 Y177.768 E1097.54744
M204 S10000
G0 F9600 X111.58 Y177.343
M204 S1000
G1 F1200 X126.719 Y162.204 E1098.08151
M204 S10000
G0 F9600 X126.719 Y161.78
M204 S1000
G1 F1200 X111.58 Y176.919 E1098.61558
M204 S10000
G0 F9600 X111.58 Y176.495
M204 S1000
G1 F1200 X126.719 Y161.356 E1099.14965
M204 S10000
G0 F9600 X126.719 Y160.931
M204 S1000
G1 F1200 X111.58 Y176.071 E1099.68374
M204 S10000
G0 F9600 X111.58 Y175.646
M204 S1000
G1 F1200 X126.719 Y160.507 E1100.21781
M204 S10000
G0 F9600 X126.719 Y160.083
M204 S1000
G1 F1200 X111.58 Y175.222 E1100.75188
M204 S10000
G0 F9600 X111.58 Y174.798
M204 S1000
G1 F1200 X126.719 Y159.659 E1101.28595
M204 S10000
G0 F9600 X126.719 Y159.234
M204 S1000
G1 F1200 X111.58 Y174.373 E1101.82001
M204 S10000
G0 F9600 X111.58 Y173.949
M204 S1000
G1 F1200 X126.719 Y158.81 E1102.35408
M204 S10000
G0 F9600 X126.719 Y158.386
M204 S1000
G1 F1200 X111.58 Y173.525 E1102.88815
M204 S10000
G0 F9600 X111.58 Y173.101
M204 S1000
G1 F1200 X126.719 Y157.961 E1103.42224
M204 S10000
G0 F9600 X126.719 Y157.537
M204 S1000
G1 F1200 X111.58 Y172.676 E1103.95631
M204 S10000
G0 F9600 X111.58 Y172.252
M204 S1000
G1 F1200 X126.719 Y157.113 E1104.49038
M204 S10000
G0 F9600 X126.719 Y156.689
M204 S1000
G1 F1200 X111.58 Y171.828 E1105.02445
M204 S10000
G0 F9600 X111.58 Y171.404
M204 S1000
G1 F1200 X126.719 Y156.264 E1105.55853
M204 S10000
G0 F9600 X126.719 Y155.84
M204 S1000
G1 F1200 X111.58 Y170.979 E1106.0926
M204 S10000
G0 F9600 X111.58 Y170.555
M204 S1000
G1 F1200 X126.719 Y155.416 E1106.62667
M204 S10000
G0 F9600 X126.719 Y154.992
M204 S1000
G1 F1200 X111.58 Y170.131 E1107.16074
M204 S10000
G0 F9600 X111.58 Y169.707
M204 S1000
G1 F1200 X126.719 Y154.567 E1107.69483
M204 S10000
G0 F9600 X126.719 Y154.143
M204 S1000
G1 F1200 X111.58 Y169.282 E1108.2289
M204 S10000
G0 F9600 X111.58 Y168.858
M204 S1000
G1 F1200 X126.719 Y153.719 E1108.76297
M204 S10000
G0 F9600 X126.719 Y153.295
M204 S1000
G1 F1200 X111.58 Y168.434 E1109.29703
M204 S10000
G0 F9600 X111.58 Y168.009
M204 S1000
G1 F1200 X126.719 Y152.87 E1109.8311
M204 S10000
G0 F9600 X126.719 Y152.446
M204 S1000
G1 F1200 X111.58 Y167.585 E1110.36517
M204 S10000
G0 F9600 X111.58 Y167.161
M204 S1000
G1 F1200 X126.719 Y152.022 E1110.89924
M204 S10000
G0 F9600 X126.719 Y151.598
M204 S1000
G1 F1200 X111.58 Y166.737 E1111.43331
M204 S10000
G0 F9600 X111.58 Y166.312
M204 S1000
G1 F1200 X126.719 Y151.173 E1111.96738
M204 S10000
G0 F9600 X126.719 Y150.749
M204 S1000
G1 F1200 X111.58 Y165.888 E1112.50145
M204 S10000
G0 F9600 X111.58 Y165.464
M204 S1000
G1 F1200 X126.719 Y150.325 E1113.03552
M204 S10000
G0 F9600 X126.719 Y149.9
M204 S1000
G1 F1200 X111.58 Y165.04 E1113.56961
M204 S10000
G0 F9600 X111.58 Y164.615
M204 S1000
G1 F1200 X126.719 Y149.476 E1114.10367
M204 S10000
G0 F9600 X126.719 Y149.052
M204 S1000
G1 F1200 X111.58 Y164.191 E1114.63774
M204 S10000
G0 F9600 X111.58 Y163.767
M204 S1000
G1 F1200 X126.719 Y148.628 E1115.17181
M204 S10000
G0 F9600 X126.719 Y148.203
M204 S1000
G1 F1200 X111.58 Y163.343 E1115.7059
M204 S10000
G0 F9600 X111.58 Y162.918
M204 S1000
G1 F1200 X126.719 Y147.779 E1116.23997
M204 S10000
G0 F9600 X126.719 Y147.355
M204 S1000
G1 F1200 X111.58 Y162.494 E1116.77404
M204 S10000
G0 F9600 X111.58 Y162.07
M204 S1000
G1 F1200 X126.719 Y146.931 E1117.30811
M204 S10000
G0 F9600 X126.719 Y146.506
M204 S1000
G1 F1200 X111.58 Y161.646 E1117.84219
M204 S10000
G0 F9600 X111.58 Y161.221
M204 S1000
G1 F1200 X126.719 Y146.082 E1118.37626
M204 S10000
G0 F9600 X126.719 Y145.658
M204 S1000
G1 F1200 X111.58 Y160.797 E1118.91033
M204 S10000
G0 F9600 X111.58 Y160.373
M204 S1000
G1 F1200 X126.719 Y145.234 E1119.4444
M204 S10000
G0 F9600 X126.719 Y144.809
M204 S1000
G1 F1200 X111.58 Y159.948 E1119.97847
M204 S10000
G0 F9600 X111.58 Y159.524
M204 S1000
G1 F1200 X126.719 Y144.385 E1120.51254
M204 S10000
G0 F9600 X126.719 Y143.961
M204 S1000
G1 F1200 X111.58 Y159.1 E1121.04661
M204 S10000
G0 F9600 X111.58 Y158.676
M204 S1000
G1 F1200 X126.719 Y143.537 E1121.58068
M204 S10000
G0 F9600 X126.719 Y143.112
M204 S1000
G1 F1200 X111.58 Y158.251 E1122.11475
M204 S10000
G0 F9600 X111.58 Y157.827
M204 S1000
G1 F1200 X126.719 Y142.688 E1122.64882
M204 S10000
G0 F9600 X126.719 Y142.264
M204 S1000
G1 F1200 X111.58 Y157.403 E1123.18288
M204 S10000
G0 F9600 X111.58 Y156.979
M204 S1000
G1 F1200 X126.719 Y141.839 E1123.71697
M204 S10000
G0 F9600 X126.719 Y141.415
M204 S1000
G1 F1200 X111.58 Y156.554 E1124.25104
M204 S10000
G0 F9600 X111.58 Y156.13
M204 S1000
G1 F1200 X126.719 Y140.991 E1124.78511
M204 S10000
G0 F9600 X126.719 Y140.567
M204 S1000
G1 F1200 X111.58 Y155.706 E1125.31918
M204 S10000
G0 F9600 X111.58 Y155.282
M204 S1000
G1 F1200 X126.719 Y140.142 E1125.85327
M204 S10000
G0 F9600 X126.719 Y139.718
M204 S1000
G1 F1200 X111.58 Y154.857 E1126.38733
M204 S10000
G0 F9600 X111.58 Y154.433
M204 S1000
G1 F1200 X126.719 Y139.294 E1126.9214
M204 S10000
G0 F9600 X126.719 Y138.87
M204 S1000
G1 F1200 X111.58 Y154.009 E1127.45547
M204 S10000
G0 F9600 X111.58 Y153.585
M204 S1000
G1 F1200 X126.719 Y138.445 E1127.98956
M204 S10000
G0 F9600 X126.719 Y138.021
M204 S1000
G1 F1200 X111.58 Y153.16 E1128.52363
M204 S10000
G0 F9600 X111.58 Y152.736
M204 S1000
G1 F1200 X126.719 Y137.597 E1129.0577
M204 S10000
G0 F9600 X126.719 Y137.173
M204 S1000
G1 F1200 X111.58 Y152.312 E1129.59177
M204 S10000
G0 F9600 X111.58 Y151.887
M204 S1000
G1 F1200 X126.719 Y136.748 E1130.12584
M204 S10000
G0 F9600 X126.719 Y136.324
M204 S1000
G1 F1200 X111.58 Y151.463 E1130.6599
M204 S10000
G0 F9600 X111.58 Y151.039
M204 S1000
G1 F1200 X126.719 Y135.9 E1131.19397
M204 S10000
G0 F9600 X126.719 Y135.476
M204 S1000
G1 F1200 X111.58 Y150.615 E1131.72804
M204 S10000
G0 F9600 X111.58 Y150.19
M204 S1000
G1 F1200 X126.719 Y135.051 E1132.26211
M204 S10000
G0 F9600 X126.719 Y134.627
M204 S1000
G1 F1200 X111.58 Y149.766 E1132.79618
M204 S10000
G0 F9600 X111.58 Y149.342
M204 S1000
G1 F1200 X126.719 Y134.203 E1133.33025
M204 S10000
G0 F9600 X126.719 Y133.778
M204 S1000
G1 F1200 X111.58 Y148.918 E1133.86434
M204 S10000
G0 F9600 X111.58 Y148.493
M204 S1000
G1 F1200 X126.719 Y133.354 E1134.39841
M204 S10000
G0 F9600 X126.719 Y132.93
M204 S1000
G1 F1200 X111.58 Y148.069 E1134.93248
M204 S10000
G0 F9600 X111.58 Y147.645
M204 S1000
G1 F1200 X126.719 Y132.506 E1135.46654
M204 S10000
G0 F9600 X126.719 Y132.081
M204 S1000
G1 F1200 X111.58 Y147.221 E1136.00063
M204 S10000
G0 F9600 X111.58 Y146.796
M204 S1000
G1 F1200 X126.719 Y131.657 E1136.5347
M204 S10000
G0 F9600 X126.719 Y131.233
M204 S1000
G1 F1200 X111.58 Y146.372 E1137.06877
M204 S10000
G0 F9600 X111.58 Y145.948
M204 S1000
G1 F1200 X126.719 Y130.809 E1137.60284
M204 S10000
G0 F9600 X126.719 Y130.384
M204 S1000
G1 F1200 X111.58 Y145.523 E1138.13691
M204 S10000
G0 F9600 X111.58 Y145.099
M204 S1000
G1 F1200 X126.719 Y129.96 E1138.67098
M204 S10000
G0 F9600 X126.719 Y129.536
M204 S1000
G1 F1200 X111.58 Y144.675 E1139.20505
M204 S10000
G0 F9600 X111.58 Y144.251
M204 S1000
G1 F1200 X126.719 Y129.112 E1139.73912
M204 S10000
G0 F9600 X126.719 Y128.687
M204 S1000
G1 F1200 X111.58 Y143.826 E1140.27318
M204 S10000
G0 F9600 X111.58 Y143.402
M204 S1000
G1 F1200 X126.719 Y128.263 E1140.80725
M204 S10000
G0 F9600 X126.719 Y127.839
M204 S1000
G1 F1200 X111.58 Y142.978 E1141.34132
M204 S10000
G0 F9600 X111.58 Y142.554
M204 S1000
G1 F1200 X126.719 Y127.414 E1141.87541
M204 S10000
G0 F9600 X126.719 Y126.99
M204 S1000
G1 F1200 X111.58 Y142.129 E1142.40948
M204 S10000
G0 F9600 X111.58 Y141.705
M204 S1000
G1 F1200 X126.719 Y126.566 E1142.94355
M204 S10000
G0 F9600 X126.719 Y126.142
M204 S1000
G1 F1200 X111.58 Y141.281 E1143.47762
M204 S10000
G0 F9600 X111.58 Y140.857
M204 S1000
G1 F1200 X126.719 Y125.717 E1144.0117
M204 S10000
G0 F9600 X126.719 Y125.293
M204 S1000
G1 F1200 X111.58 Y140.432 E1144.54577
M204 S10000
G0 F9600 X111.58 Y140.008
M204 S1000
G1 F1200 X126.719 Y124.869 E1145.07984
M204 S10000
G0 F9600 X126.719 Y124.445
M204 S1000
G1 F1200 X111.58 Y139.584 E1145.61391
M204 S10000
G0 F9600 X111.58 Y139.16
M204 S1000
G1 F1200 X126.719 Y124.02 E1146.148
M204 S10000
G0 F9600 X126.719 Y123.596
M204 S1000
G1 F1200 X111.58 Y138.735 E1146.68207
M204 S10000
G0 F9600 X111.58 Y138.311
M204 S1000
G1 F1200 X126.719 Y123.172 E1147.21614
M204 S10000
G0 F9600 X126.719 Y122.748
M204 S1000
G1 F1200 X111.58 Y137.887 E1147.7502
M204 S10000
G0 F9600 X111.58 Y137.462
M204 S1000
G1 F1200 X126.719 Y122.323 E1148.28427
M204 S10000
G0 F9600 X126.719 Y121.899
M204 S1000
G1 F1200 X111.58 Y137.038 E1148.81834
M204 S10000
G0 F9600 X111.58 Y136.614
M204 S1000
G1 F1200 X126.664 Y121.529 E1149.35049
M204 S10000
G0 F9600 X126.24 Y121.529
M204 S1000
G1 F1200 X111.58 Y136.19 E1149.86768
M204 S10000
G0 F9600 X111.58 Y135.765
M204 S1000
G1 F1200 X125.816 Y121.529 E1150.36989
M204 S10000
G0 F9600 X125.391 Y121.529
M204 S1000
G1 F1200 X111.58 Y135.341 E1150.85713
M204 S10000
G0 F9600 X111.58 Y134.917
M204 S1000
G1 F1200 X124.967 Y121.529 E1151.32941
M204 S10000
G0 F9600 X124.543 Y121.529
M204 S1000
G1 F1200 X111.58 Y134.493 E1151.78673
M204 S10000
G0 F9600 X111.58 Y134.068
M204 S1000
G1 F1200 X124.119 Y121.529 E1152.22908
M204 S10000
G0 F9600 X123.694 Y121.529
M204 S1000
G1 F1200 X111.58 Y133.644 E1152.65645
M204 S10000
G0 F9600 X111.58 Y133.22
M204 S1000
G1 F1200 X123.27 Y121.529 E1153.06886
M204 S10000
G0 F9600 X122.846 Y121.529
M204 S1000
G1 F1200 X111.58 Y132.796 E1153.46632
M204 S10000
G0 F9600 X111.58 Y132.371
M204 S1000
G1 F1200 X122.422 Y121.529 E1153.8488
M204 S10000
G0 F9600 X121.997 Y121.529
M204 S1000
G1 F1200 X111.58 Y131.947 E1154.21631
M204 S10000
G0 F9600 X111.58 Y131.523
M204 S1000
G1 F1200 X121.573 Y121.529 E1154.56885
M204 S10000
G0 F9600 X121.149 Y121.529
M204 S1000
G1 F1200 X111.58 Y131.099 E1154.90644
M204 S10000
G0 F9600 X111.58 Y130.674
M204 S1000
G1 F1200 X120.725 Y121.529 E1155.22906
M204 S10000
G0 F9600 X120.3 Y121.529
M204 S1000
G1 F1200 X111.58 Y130.25 E1155.5367
M204 S10000
G0 F9600 X111.58 Y129.826
M204 S1000
G1 F1200 X119.876 Y121.529 E1155.82938
M204 S10000
G0 F9600 X119.452 Y121.529
M204 S1000
G1 F1200 X111.58 Y129.401 E1156.10709
M204 S10000
G0 F9600 X111.58 Y128.977
M204 S1000
G1 F1200 X119.028 Y121.529 E1156.36983
M204 S10000
G0 F9600 X118.604 Y121.529
M204 S1000
G1 F1200 X111.58 Y128.553 E1156.61763
M204 S10000
G0 F9600 X111.58 Y128.129
M204 S1000
G1 F1200 X118.18 Y121.529 E1156.85046
M204 S10000
G0 F9600 X117.755 Y121.529
M204 S1000
G1 F1200 X111.58 Y127.704 E1157.0683
M204 S10000
G0 F9600 X111.58 Y127.28
M204 S1000
G1 F1200 X117.331 Y121.529 E1157.27118
M204 S10000
G0 F9600 X116.907 Y121.529
M204 S1000
G1 F1200 X111.58 Y126.856 E1157.4591
M204 S10000
G0 F9600 X111.58 Y126.432
M204 S1000
G1 F1200 X116.483 Y121.529 E1157.63207
M204 S10000
G0 F9600 X116.058 Y121.529
M204 S1000
G1 F1200 X111.58 Y126.007 E1157.79004
M204 S10000
G0 F9600 X111.58 Y125.583
M204 S1000
G1 F1200 X115.634 Y121.529 E1157.93306
M204 S10000
G0 F9600 X115.21 Y121.529
M204 S1000
G1 F1200 X111.58 Y125.159 E1158.06112
M204 S10000
G0 F9600 X111.58 Y124.735
M204 S1000
G1 F1200 X114.786 Y121.529 E1158.17422
M204 S10000
G0 F9600 X114.361 Y121.529
M204 S1000
G1 F1200 X111.58 Y124.31 E1158.27233
M204 S10000
G0 F9600 X111.58 Y123.886
M204 S1000
G1 F1200 X113.937 Y121.529 E1158.35548
M204 S10000
G0 F9600 X113.513 Y121.529
M204 S1000
G1 F1200 X111.58 Y123.462 E1158.42367
M204 S10000
G0 F9600 X111.58 Y123.037
M204 S1000
G1 F1200 X113.089 Y121.529 E1158.47688
M204 S10000
G0 F9600 X112.664 Y121.529
M204 S1000
G1 F1200 X111.58 Y122.613 E1158.51512
M204 S10000
G0 F9600 X111.58 Y122.189
M204 S1000
G1 F1200 X112.24 Y121.529 E1158.53841
M204 S10000
G0 F9600 X111.816 Y121.529
M204 S1000
G1 F1200 X111.58 Y121.765 E1158.54673
M204 S10000
G0 F9600 X111.16 Y121.765
G1 F3000 E1152.54673
;MESH:Lid_side_panel_x2.stl
G0 F9600 X111.282 Y121.232
G0 X127.018 Y121.232
G0 X127.82 Y178.89
G0 X131.33 Y178.89
G0 X147.99 Y178.89
M204 S1000
;TYPE:WALL-INNER
G1 F3000 E1158.54673
G1 F1800 X147.99 Y121.11 E1159.98806
G1 X132.01 Y121.11 E1160.38668
G1 X132.01 Y178.89 E1161.82801
G1 X147.99 Y178.89 E1162.22663
M204 S10000
G0 F9600 X148.29 Y179.19
M204 S1000
G1 F1800 X148.29 Y120.81 E1163.68293
G1 X131.71 Y120.81 E1164.09652
G1 X131.71 Y179.19 E1165.55281
G1 X148.29 Y179.19 E1165.9664
M204 S10000
G0 F9600 X148.59 Y179.49
M204 S1000
G1 F1800 X148.59 Y120.51 E1167.43767
G1 X131.41 Y120.51 E1167.86622
G1 X131.41 Y179.49 E1169.33749
G1 X148.59 Y179.49 E1169.76604
M204 S10000
G0 F9600 X148.84 Y179.74
M204 S1000
;TYPE:WALL-OUTER
G1 F1800 X148.84 Y120.26 E1171.24978
G1 X131.16 Y120.26 E1171.69081
G1 X131.16 Y179.74 E1173.17454
G1 X148.84 Y179.74 E1173.61557
M204 S10000
G0 F9600 X148.84 Y179.54
G0 X148.59 Y179.54
G0 X147.94 Y178.62
G0 X147.72 Y178.62
M204 S1000
;TYPE:SKIN
G1 F1200 X132.28 Y178.62 E1174.00072
G1 X132.28 Y121.38 E1175.42858
G1 X147.72 Y121.38 E1175.81373
G1 X147.72 Y178.62 E1177.24159
M204 S10000
G0 F9600 X147.365 Y178.469
M204 S1000
G1 F1200 X147.569 Y178.265 E1177.24879
M204 S10000
G0 F9600 X147.569 Y177.84
M204 S1000
G1 F1200 X146.941 Y178.469 E1177.27096
M204 S10000
G0 F9600 X146.516 Y178.469
M204 S1000
G1 F1200 X147.569 Y177.416 E1177.30811
M204 S10000
G0 F9600 X147.569 Y176.992
M204 S1000
G1 F1200 X146.092 Y178.469 E1177.36021
M204 S10000
G0 F9600 X145.668 Y178.469
M204 S1000
G1 F1200 X147.569 Y176.568 E1177.42727
M204 S10000
G0 F9600 X147.569 Y176.143
M204 S1000
G1 F1200 X145.243 Y178.469 E1177.50933
M204 S10000
G0 F9600 X144.819 Y178.469
M204 S1000
G1 F1200 X147.569 Y175.719 E1177.60634
M204 S10000
G0 F9600 X147.569 Y175.295
M204 S1000
G1 F1200 X144.395 Y178.469 E1177.71832
M204 S10000
G0 F9600 X143.971 Y178.469
M204 S1000
G1 F1200 X147.569 Y174.871 E1177.84524
M204 S10000
G0 F9600 X147.569 Y174.446
M204 S1000
G1 F1200 X143.546 Y178.469 E1177.98717
M204 S10000
G0 F9600 X143.122 Y178.469
M204 S1000
G1 F1200 X147.569 Y174.022 E1178.14405
M204 S10000
G0 F9600 X147.569 Y173.598
M204 S1000
G1 F1200 X142.698 Y178.469 E1178.31588
M204 S10000
G0 F9600 X142.274 Y178.469
M204 S1000
G1 F1200 X147.569 Y173.173 E1178.5027
M204 S10000
G0 F9600 X147.569 Y172.749
M204 S1000
G1 F1200 X141.849 Y178.469 E1178.70449
M204 S10000
G0 F9600 X141.425 Y178.469
M204 S1000
G1 F1200 X147.569 Y172.325 E1178.92123
M204 S10000
G0 F9600 X147.569 Y171.901
M204 S1000
G1 F1200 X141.001 Y178.469 E1179.15294
M204 S10000
G0 F9600 X140.577 Y178.469
M204 S1000
G1 F1200 X147.569 Y171.476 E1179.39962
M204 S10000
G0 F9600 X147.569 Y171.052
M204 S1000
G1 F1200 X140.152 Y178.469 E1179.66127
M204 S10000
G0 F9600 X139.728 Y178.469
M204 S1000
G1 F1200 X147.569 Y170.628 E1179.93788
M204 S10000
G0 F9600 X147.569 Y170.204
M204 S1000
G1 F1200 X139.304 Y178.469 E1180.22945
M204 S10000
G0 F9600 X138.88 Y178.469
M204 S1000
G1 F1200 X147.569 Y169.779 E1180.536
M204 S10000
G0 F9600 X147.569 Y169.355
M204 S1000
G1 F1200 X138.455 Y178.469 E1180.85752
M204 S10000
G0 F9600 X138.031 Y178.469
M204 S1000
G1 F1200 X147.569 Y168.931 E1181.194
M204 S10000
G0 F9600 X147.569 Y168.507
M204 S1000
G1 F1200 X137.607 Y178.469 E1181.54543
M204 S10000
G0 F9600 X137.182 Y178.469
M204 S1000
G1 F1200 X147.569 Y168.082 E1181.91186
M204 S10000
G0 F9600 X147.569 Y167.658
M204 S1000
G1 F1200 X136.758 Y178.469 E1182.29325
M204 S10000
G0 F9600 X136.334 Y178.469
M204 S1000
G1 F1200 X147.569 Y167.234 E1182.6896
M204 S10000
G0 F9600 X147.569 Y166.81
M204 S1000
G1 F1200 X135.91 Y178.469 E1183.1009
M204 S10000
G0 F9600 X135.485 Y178.469
M204 S1000
G1 F1200 X147.569 Y166.385 E1183.52719
M204 S10000
G0 F9600 X147.569 Y165.961
M204 S1000
G1 F1200 X135.061 Y178.469 E1183.96845
M204 S10000
G0 F9600 X134.637 Y178.469
M204 S1000
G1 F1200 X147.569 Y165.537 E1184.42466
M204 S10000
G0 F9600 X147.569 Y165.112
M204 S1000
G1 F1200 X134.213 Y178.469 E1184.89585
M204 S10000
G0 F9600 X133.788 Y178.469
M204 S1000
G1 F1200 X147.569 Y164.688 E1185.38201
M204 S10000
G0 F9600 X147.569 Y164.264
M204 S1000
G1 F1200 X133.364 Y178.469 E1185.88313
M204 S10000
G0 F9600 X132.94 Y178.469
M204 S1000
G1 F1200 X147.569 Y163.84 E1186.3992
M204 S10000
G0 F9600 X147.569 Y163.415
M204 S1000
G1 F1200 X132.516 Y178.469 E1186.93026
M204 S10000
G0 F9600 X132.429 Y178.131
M204 S1000
G1 F1200 X147.569 Y162.991 E1187.46436
M204 S10000
G0 F9600 X147.569 Y162.567
M204 S1000
G1 F1200 X132.429 Y177.707 E1187.99847
M204 S10000
G0 F9600 X132.429 Y177.282
M204 S1000
G1 F1200 X147.569 Y162.143 E1188.53255
M204 S10000
G0 F9600 X147.569 Y161.718
M204 S1000
G1 F1200 X132.429 Y176.858 E1189.06666
M204 S10000
G0 F9600 X132.429 Y176.434
M204 S1000
G1 F1200 X147.569 Y161.294 E1189.60076
M204 S10000
G0 F9600 X147.569 Y160.87
M204 S1000
G1 F1200 X132.429 Y176.01 E1190.13487
M204 S10000
G0 F9600 X132.429 Y175.585
M204 S1000
G1 F1200 X147.569 Y160.446 E1190.66895
M204 S10000
G0 F9600 X147.569 Y160.021
M204 S1000
G1 F1200 X132.429 Y175.161 E1191.20306
M204 S10000
G0 F9600 X132.429 Y174.737
M204 S1000
G1 F1200 X147.569 Y159.597 E1191.73716
M204 S10000
G0 F9600 X147.569 Y159.173
M204 S1000
G1 F1200 X132.429 Y174.313 E1192.27127
M204 S10000
G0 F9600 X132.429 Y173.888
M204 S1000
G1 F1200 X147.569 Y158.749 E1192.80535
M204 S10000
G0 F9600 X147.569 Y158.324
M204 S1000
G1 F1200 X132.429 Y173.464 E1193.33946
M204 S10000
G0 F9600 X132.429 Y173.04
M204 S1000
G1 F1200 X147.569 Y157.9 E1193.87356
M204 S10000
G0 F9600 X147.569 Y157.476
M204 S1000
G1 F1200 X132.429 Y172.616 E1194.40767
M204 S10000
G0 F9600 X132.429 Y172.191
M204 S1000
G1 F1200 X147.569 Y157.051 E1194.94177
M204 S10000
G0 F9600 X147.569 Y156.627
M204 S1000
G1 F1200 X132.429 Y171.767 E1195.47587
M204 S10000
G0 F9600 X132.429 Y171.343
M204 S1000
G1 F1200 X147.569 Y156.203 E1196.00998
M204 S10000
G0 F9600 X147.569 Y155.779
M204 S1000
G1 F1200 X132.429 Y170.919 E1196.54408
M204 S10000
G0 F9600 X132.429 Y170.494
M204 S1000
G1 F1200 X147.569 Y155.354 E1197.07819
M204 S10000
G0 F9600 X147.569 Y154.93
M204 S1000
G1 F1200 X132.429 Y170.07 E1197.61229
M204 S10000
G0 F9600 X132.429 Y169.646
M204 S1000
G1 F1200 X147.569 Y154.506 E1198.1464
M204 S10000
G0 F9600 X147.569 Y154.082
M204 S1000
G1 F1200 X132.429 Y169.221 E1198.68048
M204 S10000
G0 F9600 X132.429 Y168.797
M204 S1000
G1 F1200 X147.569 Y153.657 E1199.21459
M204 S10000
G0 F9600 X147.569 Y153.233
M204 S1000
G1 F1200 X132.429 Y168.373 E1199.74869
M204 S10000
G0 F9600 X132.429 Y167.949
M204 S1000
G1 F1200 X147.569 Y152.809 E1200.2828
M204 S10000
G0 F9600 X147.569 Y152.385
M204 S1000
G1 F1200 X132.429 Y167.524 E1200.81688
M204 S10000
G0 F9600 X132.429 Y167.1
M204 S1000
G1 F1200 X147.569 Y151.96 E1201.35099
M204 S10000
G0 F9600 X147.569 Y151.536
M204 S1000
G1 F1200 X132.429 Y166.676 E1201.88509
M204 S10000
G0 F9600 X132.429 Y166.252
M204 S1000
G1 F1200 X147.569 Y151.112 E1202.4192
M204 S10000
G0 F9600 X147.569 Y150.687
M204 S1000
G1 F1200 X132.429 Y165.827 E1202.9533
M204 S10000
G0 F9600 X132.429 Y165.403
M204 S1000
G1 F1200 X147.569 Y150.263 E1203.48741
M204 S10000
G0 F9600 X147.569 Y149.839
M204 S1000
G1 F1200 X132.429 Y164.979 E1204.02151
M204 S10000
G0 F9600 X132.429 Y164.555
M204 S1000
G1 F1200 X147.569 Y149.415 E1204.55561
M204 S10000
G0 F9600 X147.569 Y148.99
M204 S1000
G1 F1200 X132.429 Y164.13 E1205.08972
M204 S10000
G0 F9600 X132.429 Y163.706
M204 S1000
G1 F1200 X147.569 Y148.566 E1205.62382
M204 S10000
G0 F9600 X147.569 Y148.142
M204 S1000
G1 F1200 X132.429 Y163.282 E1206.15793
M204 S10000
G0 F9600 X132.429 Y162.858
M204 S1000
G1 F1200 X147.569 Y147.718 E1206.69203
M204 S10000
G0 F9600 X147.569 Y147.293
M204 S1000
G1 F1200 X132.429 Y162.433 E1207.22614
M204 S10000
G0 F9600 X132.429 Y162.009
M204 S1000
G1 F1200 X147.569 Y146.869 E1207.76024
M204 S10000
G0 F9600 X147.569 Y146.445
M204 S1000
G1 F1200 X132.429 Y161.585 E1208.29434
M204 S10000
G0 F9600 X132.429 Y161.16
M204 S1000
G1 F1200 X147.569 Y146.021 E1208.82843
M204 S10000
G0 F9600 X147.569 Y145.596
M204 S1000
G1 F1200 X132.429 Y160.736 E1209.36254
M204 S10000
G0 F9600 X132.429 Y160.312
M204 S1000
G1 F1200 X147.569 Y145.172 E1209.89664
M204 S10000
G0 F9600 X147.569 Y144.748
M204 S1000
G1 F1200 X132.429 Y159.888 E1210.43074
M204 S10000
G0 F9600 X132.429 Y159.463
M204 S1000
G1 F1200 X147.569 Y144.324 E1210.96483
M204 S10000
G0 F9600 X147.569 Y143.899
M204 S1000
G1 F1200 X132.429 Y159.039 E1211.49894
M204 S10000
G0 F9600 X132.429 Y158.615
M204 S1000
G1 F1200 X147.569 Y143.475 E1212.03304
M204 S10000
G0 F9600 X147.569 Y143.051
M204 S1000
G1 F1200 X132.429 Y158.191 E1212.56714
M204 S10000
G0 F9600 X132.429 Y157.766
M204 S1000
G1 F1200 X147.569 Y142.626 E1213.10125
M204 S10000
G0 F9600 X147.569 Y142.202
M204 S1000
G1 F1200 X132.429 Y157.342 E1213.63535
M204 S10000
G0 F9600 X132.429 Y156.918
M204 S1000
G1 F1200 X147.569 Y141.778 E1214.16946
M204 S10000
G0 F9600 X147.569 Y141.354
M204 S1000
G1 F1200 X132.429 Y156.494 E1214.70356
M204 S10000
G0 F9600 X132.429 Y156.069
M204 S1000
G1 F1200 X147.569 Y140.929 E1215.23767
M204 S10000
G0 F9600 X147.569 Y140.505
M204 S1000
G1 F1200 X132.429 Y155.645 E1215.77177
M204 S10000
G0 F9600 X132.429 Y155.221
M204 S1000
G1 F1200 X147.569 Y140.081 E1216.30588
M204 S10000
G0 F9600 X147.569 Y139.657
M204 S1000
G1 F1200 X132.429 Y154.796 E1216.83996
M204 S10000
G0 F9600 X132.429 Y154.372
M204 S1000
G1 F1200 X147.569 Y139.232 E1217.37407
M204 S10000
G0 F9600 X147.569 Y138.808
M204 S1000
G1 F1200 X132.429 Y153.948 E1217.90817
M204 S10000
G0 F9600 X132.429 Y153.524
M204 S1000
G1 F1200 X147.569 Y138.384 E1218.44228
M204 S10000
G0 F9600 X147.569 Y137.96
M204 S1000
G1 F1200 X132.429 Y153.099 E1218.97636
M204 S10000
G0 F9600 X132.429 Y152.675
M204 S1000
G1 F1200 X147.569 Y137.535 E1219.51047
M204 S10000
G0 F9600 X147.569 Y137.111
M204 S1000
G1 F1200 X132.429 Y152.251 E1220.04457
M204 S10000
G0 F9600 X132.429 Y151.827
M204 S1000
G1 F1200 X147.569 Y136.687 E1220.57868
M204 S10000
G0 F9600 X147.569 Y136.263
M204 S1000
G1 F1200 X132.429 Y151.402 E1221.11276
M204 S10000
G0 F9600 X132.429 Y150.978
M204 S1000
G1 F1200 X147.569 Y135.838 E1221.64687
M204 S10000
G0 F9600 X147.569 Y135.414
M204 S1000
G1 F1200 X132.429 Y150.554 E1222.18097
M204 S10000
G0 F9600 X132.429 Y150.13
M204 S1000
G1 F1200 X147.569 Y134.99 E1222.71508
M204 S10000
G0 F9600 X147.569 Y134.565
M204 S1000
G1 F1200 X132.429 Y149.705 E1223.24918
M204 S10000
G0 F9600 X132.429 Y149.281
M204 S1000
G1 F1200 X147.569 Y134.141 E1223.78328
M204 S10000
G0 F9600 X147.569 Y133.717
M204 S1000
G1 F1200 X132.429 Y148.857 E1224.31739
M204 S10000
G0 F9600 X132.429 Y148.433
M204 S1000
G1 F1200 X147.569 Y133.293 E1224.85149
M204 S10000
G0 F9600 X147.569 Y132.868
M204 S1000
G1 F1200 X132.429 Y148.008 E1225.3856
M204 S10000
G0 F9600 X132.429 Y147.584
M204 S1000
G1 F1200 X147.569 Y132.444 E1225.9197
M204 S10000
G0 F9600 X147.569 Y132.02
M204 S1000
G1 F1200 X132.429 Y147.16 E1226.45381
M204 S10000
G0 F9600 X132.429 Y146.735
M204 S1000
G1 F1200 X147.569 Y131.596 E1226.98789
M204 S10000
G0 F9600 X147.569 Y131.171
M204 S1000
G1 F1200 X132.429 Y146.311 E1227.522
M204 S10000
G0 F9600 X132.429 Y145.887
M204 S1000
G1 F1200 X147.569 Y130.747 E1228.0561
M204 S10000
G0 F9600 X147.569 Y130.323
M204 S1000
G1 F1200 X132.429 Y145.463 E1228.59021
M204 S10000
G0 F9600 X132.429 Y145.038
M204 S1000
G1 F1200 X147.569 Y129.899 E1229.12429
M204 S10000
G0 F9600 X147.569 Y129.474
M204 S1000
G1 F1200 X132.429 Y144.614 E1229.6584
M204 S10000
G0 F9600 X132.429 Y144.19
M204 S1000
G1 F1200 X147.569 Y129.05 E1230.1925
M204 S10000
G0 F9600 X147.569 Y128.626
M204 S1000
G1 F1200 X132.429 Y143.766 E1230.72661
M204 S10000
G0 F9600 X132.429 Y143.341
M204 S1000
G1 F1200 X147.569 Y128.201 E1231.26071
M204 S10000
G0 F9600 X147.569 Y127.777
M204 S1000
G1 F1200 X132.429 Y142.917 E1231.79481
M204 S10000
G0 F9600 X132.429 Y142.493
M204 S1000
G1 F1200 X147.569 Y127.353 E1232.32892
M204 S10000
G0 F9600 X147.569 Y126.929
M204 S1000
G1 F1200 X132.429 Y142.069 E1232.86302
M204 S10000
G0 F9600 X132.429 Y141.644
M204 S1000
G1 F1200 X147.569 Y126.504 E1233.39713
M204 S10000
G0 F9600 X147.569 Y126.08
M204 S1000
G1 F1200 X132.429 Y141.22 E1233.93123
M204 S10000
G0 F9600 X132.429 Y140.796
M204 S1000
G1 F1200 X147.569 Y125.656 E1234.46534
M204 S10000
G0 F9600 X147.569 Y125.232
M204 S1000
G1 F1200 X132.429 Y140.372 E1234.99944
M204 S10000
G0 F9600 X132.429 Y139.947
M204 S1000
G1 F1200 X147.569 Y124.807 E1235.53355
M204 S10000
G0 F9600 X147.569 Y124.383
M204 S1000
G1 F1200 X132.429 Y139.523 E1236.06765
M204 S10000
G0 F9600 X132.429 Y139.099
M204 S1000
G1 F1200 X147.569 Y123.959 E1236.60175
M204 S10000
G0 F9600 X147.569 Y123.535
M204 S1000
G1 F1200 X132.429 Y138.674 E1237.13584
M204 S10000
G0 F9600 X132.429 Y138.25
M204 S1000
G1 F1200 X147.569 Y123.11 E1237.66995
M204 S10000
G0 F9600 X147.569 Y122.686
M204 S1000
G1 F1200 X132.429 Y137.826 E1238.20405
M204 S10000
G0 F9600 X132.429 Y137.402
M204 S1000
G1 F1200 X147.569 Y122.262 E1238.73815
M204 S10000
G0 F9600 X147.569 Y121.838
M204 S1000
G1 F1200 X132.429 Y136.977 E1239.27224
M204 S10000
G0 F9600 X132.429 Y136.553
M204 S1000
G1 F1200 X147.453 Y121.529 E1239.80225
M204 S10000
G0 F9600 X147.029 Y121.529
M204 S1000
G1 F1200 X132.429 Y136.129 E1240.31731
M204 S10000
G0 F9600 X132.429 Y135.705
M204 S1000
G1 F1200 X146.605 Y121.529 E1240.8174
M204 S10000
G0 F9600 X146.18 Y121.529
M204 S1000
G1 F1200 X132.429 Y135.28 E1241.30251
M204 S10000
G0 F9600 X132.429 Y134.856
M204 S1000
G1 F1200 X145.756 Y121.529 E1241.77265
M204 S10000
G0 F9600 X145.332 Y121.529
M204 S1000
G1 F1200 X132.429 Y134.432 E1242.22784
M204 S10000
G0 F9600 X132.429 Y134.008
M204 S1000
G1 F1200 X144.908 Y121.529 E1242.66807
M204 S10000
G0 F9600 X144.483 Y121.529
M204 S1000
G1 F1200 X132.429 Y133.583 E1243.09331
M204 S10000
G0 F9600 X132.429 Y133.159
M204 S1000
G1 F1200 X144.059 Y121.529 E1243.50359
M204 S10000
G0 F9600 X143.635 Y121.529
M204 S1000
G1 F1200 X132.429 Y132.735 E1243.89891
M204 S10000
G0 F9600 X132.429 Y132.31
M204 S1000
G1 F1200 X143.211 Y121.529 E1244.27926
M204 S10000
G0 F9600 X142.786 Y121.529
M204 S1000
G1 F1200 X132.429 Y131.886 E1244.64463
M204 S10000
G0 F9600 X132.429 Y131.462
M204 S1000
G1 F1200 X142.362 Y121.529 E1244.99504
M204 S10000
G0 F9600 X141.938 Y121.529
M204 S1000
G1 F1200 X132.429 Y131.038 E1245.3305
M204 S10000
G0 F9600 X132.429 Y130.613
M204 S1000
G1 F1200 X141.513 Y121.529 E1245.65096
M204 S10000
G0 F9600 X141.089 Y121.529
M204 S1000
G1 F1200 X132.429 Y130.189 E1245.95647
M204 S10000
G0 F9600 X132.429 Y129.765
M204 S1000
G1 F1200 X140.665 Y121.529 E1246.24701
M204 S10000
G0 F9600 X140.241 Y121.529
M204 S1000
G1 F1200 X132.429 Y129.341 E1246.5226
M204 S10000
G0 F9600 X132.429 Y128.916
M204 S1000
G1 F1200 X139.816 Y121.529 E1246.7832
M204 S10000
G0 F9600 X139.392 Y121.529
M204 S1000
G1 F1200 X132.429 Y128.492 E1247.02884
M204 S10000
G0 F9600 X132.429 Y128.068
M204 S1000
G1 F1200 X138.968 Y121.529 E1247.25952
M204 S10000
G0 F9600 X138.544 Y121.529
M204 S1000
G1 F1200 X132.429 Y127.644 E1247.47524
M204 S10000
G0 F9600 X132.429 Y127.219
M204 S1000
G1 F1200 X138.119 Y121.529 E1247.67597
M204 S10000
G0 F9600 X137.695 Y121.529
M204 S1000
G1 F1200 X132.429 Y126.795 E1247.86174
M204 S10000
G0 F9600 X132.429 Y126.371
M204 S1000
G1 F1200 X137.271 Y121.529 E1248.03256
M204 S10000
G0 F9600 X136.847 Y121.529
M204 S1000
G1 F1200 X132.429 Y125.947 E1248.18841
M204 S10000
G0 F9600 X132.429 Y125.522
M204 S1000
G1 F1200 X136.422 Y121.529 E1248.32928
M204 S10000
G0 F9600 X135.998 Y121.529
M204 S1000
G1 F1200 X132.429 Y125.098 E1248.45518
M204 S10000
G0 F9600 X132.429 Y124.674
M204 S1000
G1 F1200 X135.574 Y121.529 E1248.56613
M204 S10000
G0 F9600 X135.15 Y121.529
M204 S1000
G1 F1200 X132.429 Y124.249 E1248.66211
M204 S10000
G0 F9600 X132.429 Y123.825
M204 S1000
G1 F1200 X134.725 Y121.529 E1248.7431
M204 S10000
G0 F9600 X134.301 Y121.529
M204 S1000
G1 F1200 X132.429 Y123.401 E1248.80914
M204 S10000
G0 F9600 X132.429 Y122.977
M204 S1000
G1 F1200 X133.877 Y121.529 E1248.86023
M204 S10000
G0 F9600 X133.452 Y121.529
M204 S1000
G1 F1200 X132.429 Y122.552 E1248.89631
M204 S10000
G0 F9600 X132.429 Y122.128
M204 S1000
G1 F1200 X133.028 Y121.529 E1248.91745
M204 S10000
G0 F9600 X132.604 Y121.529
M204 S1000
G1 F1200 X132.429 Y121.704 E1248.92362
M204 S10000
G0 F9600 X132.01 Y121.704
G1 F3000 E1242.92362
;MESH:Lid_front_panel.stl
G0 F9600 X132.132 Y121.232
G0 X147.868 Y121.232
G0 X148.67 Y178.889
G0 X152.18 Y178.889
G0 X152.861 Y178.889
M204 S1000
;TYPE:WALL-INNER
G1 F3000 E1248.92362
G1 F1800 X168.839 Y178.889 E1249.32219
G1 X168.839 Y153.45 E1249.95677
G1 X168.35 Y153.45 E1249.96897
G1 X167.906 Y153.353 E1249.98031
G1 X167.676 Y153.206 E1249.98712
G1 X167.414 Y152.917 E1249.99685
G1 X167.3 Y152.531 E1250.00689
G1 X167.305 Y147.493 E1250.13256
G1 X167.427 Y147.098 E1250.14287
G1 X167.676 Y146.794 E1250.15267
G1 X167.906 Y146.648 E1250.15947
G1 X168.35 Y146.55 E1250.17081
G1 X168.84 Y146.55 E1250.18304
G1 X168.84 Y121.11 E1250.81764
G1 X152.86 Y121.11 E1251.21626
G1 X152.861 Y178.889 E1252.65756
M204 S10000
G0 F9600 X152.561 Y179.189
M204 S1000
G1 F1800 X169.139 Y179.189 E1253.0711
G1 X169.139 Y153.15 E1253.72065
G1 X168.35 Y153.15 E1253.74033
G1 X168.033 Y153.081 E1253.74842
G1 X167.869 Y152.976 E1253.75328
G1 X167.69 Y152.759 E1253.7603
G1 X167.603 Y152.476 E1253.76768
G1 X167.603 Y147.523 E1253.89124
G1 X167.659 Y147.306 E1253.89683
G1 X167.779 Y147.112 E1253.90252
G1 X168.033 Y146.92 E1253.91046
G1 X168.35 Y146.85 E1253.91856
G1 X169.14 Y146.85 E1253.93827
G1 X169.14 Y120.81 E1254.58784
G1 X152.56 Y120.81 E1255.00143
G1 X152.561 Y179.189 E1256.4577
M204 S10000
G0 F9600 X152.261 Y179.489
M204 S1000
G1 F1800 X169.439 Y179.489 E1256.8862
G1 X169.439 Y152.85 E1257.55072
G1 X168.35 Y152.85 E1257.57788
G1 X168.16 Y152.809 E1257.58273
G1 X167.976 Y152.652 E1257.58876
G1 X167.906 Y152.478 E1257.59344
G1 X167.902 Y147.554 E1257.71627
G1 X168.007 Y147.307 E1257.72297
G1 X168.159 Y147.192 E1257.72772
G1 X168.35 Y147.15 E1257.7326
G1 X169.44 Y147.15 E1257.75979
G1 X169.44 Y120.51 E1258.42433
G1 X152.26 Y120.51 E1258.85288
G1 X152.261 Y179.489 E1260.32412
M204 S10000
G0 F9600 X152.011 Y179.739
M204 S1000
;TYPE:WALL-OUTER
G1 F1800 X169.689 Y179.739 E1260.7651
G1 X169.689 Y152.6 E1261.44209
G1 X168.289 Y152.6 E1261.47701
G1 X168.198 Y152.531 E1261.47986
G1 X168.153 Y152.435 E1261.4825
G1 X168.151 Y147.54 E1261.60461
G1 X168.221 Y147.446 E1261.60753
G1 X168.35 Y147.4 E1261.61095
G1 X169.69 Y147.4 E1261.64437
G1 X169.69 Y120.26 E1262.32138
G1 X152.01 Y120.26 E1262.76241
G1 X152.011 Y179.739 E1264.24612
M204 S10000
G0 F9600 X152.211 Y179.739
G0 X152.211 Y179.489
G0 X153.131 Y178.839
G0 X153.131 Y178.619
M204 S1000
;TYPE:SKIN
G1 F1200 X153.13 Y121.38 E1265.67396
G1 X168.57 Y121.38 E1266.05911
G1 X168.57 Y146.28 E1266.68024
G1 X168.317 Y146.283 E1266.68655
G1 X167.795 Y146.399 E1266.69989
G1 X167.411 Y146.649 E1266.71132
G1 X167.193 Y146.963 E1266.72086
G1 X167.087 Y147.21 E1266.72756
G1 X167.03 Y147.504 E1266.73503
G1 X167.036 Y152.533 E1266.86048
G1 X167.191 Y153.033 E1266.87354
G1 X167.412 Y153.353 E1266.88324
G1 X167.797 Y153.603 E1266.89469
G1 X168.318 Y153.717 E1266.908
G1 X168.569 Y153.72 E1266.91426
G1 X168.569 Y178.619 E1267.53537
G1 X153.131 Y178.619 E1267.92047
M204 S10000
G1 F3000 E1261.92047
G0 F9600 X153.131 Y178.839
G0 X168.155 Y178.839
G0 X168.155 Y178.468
M204 S1000
G1 F3000 E1267.92047
G1 F1200 X168.418 Y178.205 E1267.92975
M204 S10000
G0 F9600 X168.418 Y177.78
M204 S1000
G1 F1200 X167.731 Y178.468 E1267.954
M204 S10000
G0 F9600 X167.307 Y178.468
M204 S1000
G1 F1200 X168.418 Y177.356 E1267.99321
M204 S10000
G0 F9600 X168.418 Y176.932
M204 S1000
G1 F1200 X166.882 Y178.468 E1268.0474
M204 S10000
G0 F9600 X166.458 Y178.468
M204 S1000
G1 F1200 X168.418 Y176.507 E1268.11656
M204 S10000
G0 F9600 X168.418 Y176.083
M204 S1000
G1 F1200 X166.034 Y178.468 E1268.20068
M204 S10000
G0 F9600 X165.61 Y178.468
M204 S1000
G1 F1200 X168.418 Y175.659 E1268.29976
M204 S10000
G0 F9600 X168.418 Y175.235
M204 S1000
G1 F1200 X165.185 Y178.468 E1268.41381
M204 S10000
G0 F9600 X164.761 Y178.468
M204 S1000
G1 F1200 X168.418 Y174.81 E1268.54284
M204 S10000
G0 F9600 X168.418 Y174.386
M204 S1000
G1 F1200 X164.337 Y178.468 E1268.68682
M204 S10000
G0 F9600 X163.913 Y178.468
M204 S1000
G1 F1200 X168.418 Y173.962 E1268.84577
M204 S10000
G0 F9600 X168.418 Y173.538
M204 S1000
G1 F1200 X163.488 Y178.468 E1269.01969
M204 S10000
G0 F9600 X163.064 Y178.468
M204 S1000
G1 F1200 X168.418 Y173.113 E1269.20858
M204 S10000
G0 F9600 X168.418 Y172.689
M204 S1000
G1 F1200 X162.64 Y178.468 E1269.41243
M204 S10000
G0 F9600 X162.215 Y178.468
M204 S1000
G1 F1200 X168.418 Y172.265 E1269.63126
M204 S10000
G0 F9600 X168.418 Y171.841
M204 S1000
G1 F1200 X161.791 Y178.468 E1269.86505
M204 S10000
G0 F9600 X161.367 Y178.468
M204 S1000
G1 F1200 X168.418 Y171.416 E1270.11381
M204 S10000
G0 F9600 X168.418 Y170.992
M204 S1000
G1 F1200 X160.943 Y178.468 E1270.37752
M204 S10000
G0 F9600 X160.518 Y178.468
M204 S1000
G1 F1200 X168.418 Y170.568 E1270.65622
M204 S10000
G0 F9600 X168.418 Y170.144
M204 S1000
G1 F1200 X160.094 Y178.468 E1270.94987
M204 S10000
G0 F9600 X159.67 Y178.468
M204 S1000
G1 F1200 X168.418 Y169.719 E1271.2585
M204 S10000
G0 F9600 X168.418 Y169.295
M204 S1000
G1 F1200 X159.246 Y178.468 E1271.58208
M204 S10000
G0 F9600 X158.821 Y178.468
M204 S1000
G1 F1200 X168.418 Y168.871 E1271.92064
M204 S10000
G0 F9600 X168.418 Y168.446
M204 S1000
G1 F1200 X158.397 Y178.468 E1272.27418
M204 S10000
G0 F9600 X157.973 Y178.468
M204 S1000
G1 F1200 X168.418 Y168.022 E1272.64267
M204 S10000
G0 F9600 X168.418 Y167.598
M204 S1000
G1 F1200 X157.549 Y178.468 E1273.02612
M204 S10000
G0 F9600 X157.124 Y178.468
M204 S1000
G1 F1200 X168.418 Y167.174 E1273.42455
M204 S10000
G0 F9600 X168.418 Y166.749
M204 S1000
G1 F1200 X156.7 Y178.468 E1273.83795
M204 S10000
G0 F9600 X156.276 Y178.468
M204 S1000
G1 F1200 X168.418 Y166.325 E1274.26631
M204 S10000
G0 F9600 X168.418 Y165.901
M204 S1000
G1 F1200 X155.851 Y178.468 E1274.70964
M204 S10000
G0 F9600 X155.427 Y178.468
M204 S1000
G1 F1200 X168.418 Y165.477 E1275.16794
M204 S10000
G0 F9600 X168.418 Y165.052
M204 S1000
G1 F1200 X155.003 Y178.468 E1275.6412
M204 S10000
G0 F9600 X154.579 Y178.468
M204 S1000
G1 F1200 X168.418 Y164.628 E1276.12943
M204 S10000
G0 F9600 X168.418 Y164.204
M204 S1000
G1 F1200 X154.154 Y178.468 E1276.63263
M204 S10000
G0 F9600 X153.73 Y178.468
M204 S1000
G1 F1200 X168.418 Y163.78 E1277.15079
M204 S10000
G0 F9600 X168.418 Y163.355
M204 S1000
G1 F1200 X153.306 Y178.468 E1277.68392
M204 S10000
G0 F9600 X153.28 Y178.069
M204 S1000
G1 F1200 X168.418 Y162.931 E1278.21796
M204 S10000
G0 F9600 X168.418 Y162.507
M204 S1000
G1 F1200 X153.28 Y177.645 E1278.75199
M204 S10000
G0 F9600 X153.28 Y177.22
M204 S1000
G1 F1200 X168.418 Y162.083 E1279.28601
M204 S10000
G0 F9600 X168.418 Y161.658
M204 S1000
G1 F1200 X153.28 Y176.796 E1279.82004
M204 S10000
G0 F9600 X153.28 Y176.372
M204 S1000
G1 F1200 X168.418 Y161.234 E1280.35408
M204 S10000
G0 F9600 X168.418 Y160.81
M204 S1000
G1 F1200 X153.28 Y175.947 E1280.88809
M204 S10000
G0 F9600 X153.28 Y175.523
M204 S1000
G1 F1200 X168.418 Y160.385 E1281.42213
M204 S10000
G0 F9600 X168.418 Y159.961
M204 S1000
G1 F1200 X153.28 Y175.099 E1281.95616
M204 S10000
G0 F9600 X153.28 Y174.675
M204 S1000
G1 F1200 X168.418 Y159.537 E1282.49019
M204 S10000
G0 F9600 X168.418 Y159.113
M204 S1000
G1 F1200 X153.28 Y174.25 E1283.02421
M204 S10000
G0 F9600 X153.28 Y173.826
M204 S1000
G1 F1200 X168.418 Y158.688 E1283.55824
M204 S10000
G0 F9600 X168.418 Y158.264
M204 S1000
G1 F1200 X153.28 Y173.402 E1284.09228
M204 S10000
G0 F9600 X153.28 Y172.978
M204 S1000
G1 F1200 X168.418 Y157.84 E1284.62631
M204 S10000
G0 F9600 X168.418 Y157.416
M204 S1000
G1 F1200 X153.28 Y172.553 E1285.16033
M204 S10000
G0 F9600 X153.28 Y172.129
M204 S1000
G1 F1200 X168.418 Y156.991 E1285.69436
M204 S10000
G0 F9600 X168.418 Y156.567
M204 S1000
G1 F1200 X153.28 Y171.705 E1286.2284
M204 S10000
G0 F9600 X153.28 Y171.281
M204 S1000
G1 F1200 X168.418 Y156.143 E1286.76243
M204 S10000
G0 F9600 X168.418 Y155.719
M204 S1000
G1 F1200 X153.28 Y170.856 E1287.29645
M204 S10000
G0 F9600 X153.28 Y170.432
M204 S1000
G1 F1200 X168.418 Y155.294 E1287.83048
M204 S10000
G0 F9600 X168.418 Y154.87
M204 S1000
G1 F1200 X153.28 Y170.008 E1288.36451
M204 S10000
G0 F9600 X153.28 Y169.584
M204 S1000
G1 F1200 X168.418 Y154.446 E1288.89855
M204 S10000
G0 F9600 X168.418 Y154.021
M204 S1000
G1 F1200 X153.28 Y169.159 E1289.43258
M204 S10000
G0 F9600 X153.28 Y168.735
M204 S1000
G1 F1200 X168.176 Y153.84 E1289.95806
M204 S10000
G0 F9600 X167.827 Y153.764
M204 S1000
G1 F1200 X153.28 Y168.311 E1290.47124
M204 S10000
G0 F9600 X153.28 Y167.886
M204 S1000
G1 F1200 X167.544 Y153.623 E1290.97443
M204 S10000
G0 F9600 X167.295 Y153.448
M204 S1000
G1 F1200 X153.28 Y167.462 E1291.46883
M204 S10000
G0 F9600 X153.28 Y167.038
M204 S1000
G1 F1200 X167.123 Y153.195 E1291.95718
M204 S10000
G0 F9600 X166.991 Y152.903
M204 S1000
G1 F1200 X153.28 Y166.614 E1292.44087
M204 S10000
G0 F9600 X153.28 Y166.189
M204 S1000
G1 F1200 X166.894 Y152.576 E1292.92112
M204 S10000
G0 F9600 X166.885 Y152.16
M204 S1000
G1 F1200 X153.28 Y165.765 E1293.40108
M204 S10000
G0 F9600 X153.28 Y165.341
M204 S1000
G1 F1200 X166.884 Y151.737 E1293.88099
M204 S10000
G0 F9600 X166.884 Y151.313
M204 S1000
G1 F1200 X153.28 Y164.917 E1294.36091
M204 S10000
G0 F9600 X153.28 Y164.492
M204 S1000
G1 F1200 X166.884 Y150.889 E1294.84081
M204 S10000
G0 F9600 X166.883 Y150.465
M204 S1000
G1 F1200 X153.28 Y164.068 E1295.32069
M204 S10000
G0 F9600 X153.28 Y163.644
M204 S1000
G1 F1200 X166.882 Y150.042 E1295.80054
M204 S10000
G0 F9600 X166.882 Y149.618
M204 S1000
G1 F1200 X153.28 Y163.22 E1296.28039
M204 S10000
G0 F9600 X153.28 Y162.795
M204 S1000
G1 F1200 X166.882 Y149.194 E1296.76022
M204 S10000
G0 F9600 X166.881 Y148.771
M204 S1000
G1 F1200 X153.28 Y162.371 E1297.24001
M204 S10000
G0 F9600 X153.28 Y161.947
M204 S1000
G1 F1200 X166.88 Y148.347 E1297.71979
M204 S10000
G0 F9600 X166.88 Y147.923
M204 S1000
G1 F1200 X153.28 Y161.522 E1298.19955
M204 S10000
G0 F9600 X153.28 Y161.098
M204 S1000
G1 F1200 X166.88 Y147.499 E1298.67931
M204 S10000
G0 F9600 X167.057 Y146.897
M204 S1000
G1 F1200 X153.28 Y160.674 E1299.16533
M204 S10000
G0 F9600 X153.28 Y160.25
M204 S1000
G1 F1200 X168.419 Y145.111 E1299.6994
M204 S10000
G0 F9600 X168.419 Y144.687
M204 S1000
G1 F1200 X153.28 Y159.825 E1300.23345
M204 S10000
G0 F9600 X153.28 Y159.401
M204 S1000
G1 F1200 X168.419 Y144.263 E1300.7675
M204 S10000
G0 F9600 X168.419 Y143.838
M204 S1000
G1 F1200 X153.28 Y158.977 E1301.30157
M204 S10000
G0 F9600 X153.28 Y158.553
M204 S1000
G1 F1200 X168.419 Y143.414 E1301.83564
M204 S10000
G0 F9600 X168.419 Y142.99
M204 S1000
G1 F1200 X153.28 Y158.128 E1302.36969
M204 S10000
G0 F9600 X153.28 Y157.704
M204 S1000
G1 F1200 X168.419 Y142.566 E1302.90374
M204 S10000
G0 F9600 X168.419 Y142.141
M204 S1000
G1 F1200 X153.28 Y157.28 E1303.43781
M204 S10000
G0 F9600 X153.28 Y156.856
M204 S1000
G1 F1200 X168.419 Y141.717 E1303.97188
M204 S10000
G0 F9600 X168.419 Y141.293
M204 S1000
G1 F1200 X153.28 Y156.431 E1304.50593
M204 S10000
G0 F9600 X153.28 Y156.007
M204 S1000
G1 F1200 X168.419 Y140.869 E1305.03998
M204 S10000
G0 F9600 X168.419 Y140.444
M204 S1000
G1 F1200 X153.28 Y155.583 E1305.57405
M204 S10000
G0 F9600 X153.28 Y155.159
M204 S1000
G1 F1200 X168.419 Y140.02 E1306.10812
M204 S10000
G0 F9600 X168.419 Y139.596
M204 S1000
G1 F1200 X153.28 Y154.734 E1306.64217
M204 S10000
G0 F9600 X153.28 Y154.31
M204 S1000
G1 F1200 X168.419 Y139.172 E1307.17622
M204 S10000
G0 F9600 X168.419 Y138.747
M204 S1000
G1 F1200 X153.28 Y153.886 E1307.71029
M204 S10000
G0 F9600 X153.28 Y153.461
M204 S1000
G1 F1200 X168.419 Y138.323 E1308.24434
M204 S10000
G0 F9600 X168.419 Y137.899
M204 S1000
G1 F1200 X153.28 Y153.037 E1308.7784
M204 S10000
G0 F9600 X153.28 Y152.613
M204 S1000
G1 F1200 X168.419 Y137.474 E1309.31246
M204 S10000
G0 F9600 X168.419 Y137.05
M204 S1000
G1 F1200 X153.28 Y152.189 E1309.84653
M204 S10000
G0 F9600 X153.28 Y151.764
M204 S1000
G1 F1200 X168.419 Y136.626 E1310.38059
M204 S10000
G0 F9600 X168.419 Y136.202
M204 S1000
G1 F1200 X153.28 Y151.34 E1310.91464
M204 S10000
G0 F9600 X153.28 Y150.916
M204 S1000
G1 F1200 X168.419 Y135.777 E1311.44871
M204 S10000
G0 F9600 X168.419 Y135.353
M204 S1000
G1 F1200 X153.28 Y150.492 E1311.98278
M204 S10000
G0 F9600 X153.28 Y150.067
M204 S1000
G1 F1200 X168.419 Y134.929 E1312.51683
M204 S10000
G0 F9600 X168.419 Y134.505
M204 S1000
G1 F1200 X153.28 Y149.644 E1313.0509
M204 S10000
G0 F9600 X153.28 Y149.22
M204 S1000
G1 F1200 X168.419 Y134.08 E1313.58498
M204 S10000
G0 F9600 X168.419 Y133.656
M204 S1000
G1 F1200 X153.28 Y148.795 E1314.11905
M204 S10000
G0 F9600 X153.28 Y148.371
M204 S1000
G1 F1200 X168.419 Y133.232 E1314.65312
M204 S10000
G0 F9600 X168.419 Y132.808
M204 S1000
G1 F1200 X153.28 Y147.947 E1315.18719
M204 S10000
G0 F9600 X153.28 Y147.522
M204 S1000
G1 F1200 X168.419 Y132.383 E1315.72126
M204 S10000
G0 F9600 X168.419 Y131.959
M204 S1000
G1 F1200 X153.28 Y147.098 E1316.25533
M204 S10000
G0 F9600 X153.28 Y146.674
M204 S1000
G1 F1200 X168.419 Y131.535 E1316.7894
M204 S10000
G0 F9600 X168.419 Y131.111
M204 S1000
G1 F1200 X153.28 Y146.25 E1317.32347
M204 S10000
G0 F9600 X153.28 Y145.825
M204 S1000
G1 F1200 X168.419 Y130.686 E1317.85754
M204 S10000
G0 F9600 X168.419 Y130.262
M204 S1000
G1 F1200 X153.28 Y145.401 E1318.3916
M204 S10000
G0 F9600 X153.28 Y144.977
M204 S1000
G1 F1200 X168.419 Y129.838 E1318.92567
M204 S10000
G0 F9600 X168.419 Y129.413
M204 S1000
G1 F1200 X153.28 Y144.553 E1319.45976
M204 S10000
G0 F9600 X153.28 Y144.128
M204 S1000
G1 F1200 X168.419 Y128.989 E1319.99383
M204 S10000
G0 F9600 X168.419 Y128.565
M204 S1000
G1 F1200 X153.28 Y143.704 E1320.5279
M204 S10000
G0 F9600 X153.28 Y143.28
M204 S1000
G1 F1200 X168.419 Y128.141 E1321.06197
M204 S10000
G0 F9600 X168.419 Y127.716
M204 S1000
G1 F1200 X153.28 Y142.856 E1321.59605
M204 S10000
G0 F9600 X153.28 Y142.431
M204 S1000
G1 F1200 X168.419 Y127.292 E1322.13012
M204 S10000
G0 F9600 X168.419 Y126.868
M204 S1000
G1 F1200 X153.28 Y142.007 E1322.66419
M204 S10000
G0 F9600 X153.28 Y141.583
M204 S1000
G1 F1200 X168.419 Y126.444 E1323.19826
M204 S10000
G0 F9600 X168.419 Y126.019
M204 S1000
G1 F1200 X153.28 Y141.159 E1323.73235
M204 S10000
G0 F9600 X153.28 Y140.734
M204 S1000
G1 F1200 X168.419 Y125.595 E1324.26642
M204 S10000
G0 F9600 X168.419 Y125.171
M204 S1000
G1 F1200 X153.28 Y140.31 E1324.80049
M204 S10000
G0 F9600 X153.28 Y139.886
M204 S1000
G1 F1200 X168.419 Y124.747 E1325.33456
M204 S10000
G0 F9600 X168.419 Y124.322
M204 S1000
G1 F1200 X153.28 Y139.461 E1325.86862
M204 S10000
G0 F9600 X153.28 Y139.037
M204 S1000
G1 F1200 X168.419 Y123.898 E1326.40269
M204 S10000
G0 F9600 X168.419 Y123.474
M204 S1000
G1 F1200 X153.28 Y138.613 E1326.93676
M204 S10000
G0 F9600 X153.28 Y138.189
M204 S1000
G1 F1200 X168.419 Y123.05 E1327.47083
M204 S10000
G0 F9600 X168.419 Y122.625
M204 S1000
G1 F1200 X153.28 Y137.764 E1328.0049
M204 S10000
G0 F9600 X153.28 Y137.34
M204 S1000
G1 F1200 X168.419 Y122.201 E1328.53897
M204 S10000
G0 F9600 X168.419 Y121.777
M204 S1000
G1 F1200 X153.28 Y136.916 E1329.07304
M204 S10000
G0 F9600 X153.28 Y136.492
M204 S1000
G1 F1200 X168.242 Y121.529 E1329.60088
M204 S10000
G0 F9600 X167.818 Y121.529
M204 S1000
G1 F1200 X153.28 Y136.067 E1330.11375
M204 S10000
G0 F9600 X153.28 Y135.643
M204 S1000
G1 F1200 X167.394 Y121.529 E1330.61166
M204 S10000
G0 F9600 X166.969 Y121.529
M204 S1000
G1 F1200 X153.28 Y135.219 E1331.09459
M204 S10000
G0 F9600 X153.28 Y134.795
M204 S1000
G1 F1200 X166.545 Y121.529 E1331.56257
M204 S10000
G0 F9600 X166.121 Y121.529
M204 S1000
G1 F1200 X153.28 Y134.37 E1332.01557
M204 S10000
G0 F9600 X153.28 Y133.946
M204 S1000
G1 F1200 X165.697 Y121.529 E1332.45361
M204 S10000
G0 F9600 X165.272 Y121.529
M204 S1000
G1 F1200 X153.28 Y133.522 E1332.87668
M204 S10000
G0 F9600 X153.28 Y133.098
M204 S1000
G1 F1200 X164.848 Y121.529 E1333.28479
M204 S10000
G0 F9600 X164.424 Y121.529
M204 S1000
G1 F1200 X153.28 Y132.673 E1333.67793
M204 S10000
G0 F9600 X153.28 Y132.249
M204 S1000
G1 F1200 X163.999 Y121.529 E1334.05609
M204 S10000
G0 F9600 X163.575 Y121.529
M204 S1000
G1 F1200 X153.28 Y131.825 E1334.41929
M204 S10000
G0 F9600 X153.28 Y131.4
M204 S1000
G1 F1200 X163.151 Y121.529 E1334.76751
M204 S10000
G0 F9600 X162.727 Y121.529
M204 S1000
G1 F1200 X153.28 Y130.976 E1335.10078
M204 S10000
G0 F9600 X153.28 Y130.552
M204 S1000
G1 F1200 X162.302 Y121.529 E1335.41907
M204 S10000
G0 F9600 X161.878 Y121.529
M204 S1000
G1 F1200 X153.28 Y130.128 E1335.72241
M204 S10000
G0 F9600 X153.28 Y129.703
M204 S1000
G1 F1200 X161.454 Y121.529 E1336.01077
M204 S10000
G0 F9600 X161.03 Y121.529
M204 S1000
G1 F1200 X153.28 Y129.279 E1336.28417
M204 S10000
G0 F9600 X153.28 Y128.855
M204 S1000
G1 F1200 X160.605 Y121.529 E1336.5426
M204 S10000
G0 F9600 X160.181 Y121.529
M204 S1000
G1 F1200 X153.28 Y128.431 E1336.78607
M204 S10000
G0 F9600 X153.28 Y128.006
M204 S1000
G1 F1200 X159.757 Y121.529 E1337.01456
M204 S10000
G0 F9600 X159.333 Y121.529
M204 S1000
G1 F1200 X153.28 Y127.582 E1337.2281
M204 S10000
G0 F9600 X153.28 Y127.158
M204 S1000
G1 F1200 X158.908 Y121.529 E1337.42666
M204 S10000
G0 F9600 X158.484 Y121.529
M204 S1000
G1 F1200 X153.28 Y126.734 E1337.61026
M204 S10000
G0 F9600 X153.28 Y126.309
M204 S1000
G1 F1200 X158.06 Y121.529 E1337.77889
M204 S10000
G0 F9600 X157.636 Y121.529
M204 S1000
G1 F1200 X153.28 Y125.885 E1337.93256
M204 S10000
G0 F9600 X153.28 Y125.461
M204 S1000
G1 F1200 X157.211 Y121.529 E1338.07125
M204 S10000
G0 F9600 X156.787 Y121.529
M204 S1000
G1 F1200 X153.28 Y125.036 E1338.19497
M204 S10000
G0 F9600 X153.28 Y124.612
M204 S1000
G1 F1200 X156.363 Y121.529 E1338.30373
M204 S10000
G0 F9600 X155.938 Y121.529
M204 S1000
G1 F1200 X153.28 Y124.188 E1338.39752
M204 S10000
G0 F9600 X153.28 Y123.764
M204 S1000
G1 F1200 X155.514 Y121.529 E1338.47635
M204 S10000
G0 F9600 X155.09 Y121.529
M204 S1000
G1 F1200 X153.28 Y123.339 E1338.5402
M204 S10000
G0 F9600 X153.28 Y122.915
M204 S1000
G1 F1200 X154.666 Y121.529 E1338.58909
M204 S10000
G0 F9600 X154.241 Y121.529
M204 S1000
G1 F1200 X153.28 Y122.491 E1338.62301
M204 S10000
G0 F9600 X153.28 Y122.067
M204 S1000
G1 F1200 X153.817 Y121.529 E1338.64197
M204 S10000
G0 F9600 X153.393 Y121.529
M204 S1000
G1 F1200 X153.28 Y121.642 E1338.64596
M204 S10000
G1 F3000 E1332.64596
G0 F9600 X152.91 Y121.642
G0 X152.982 Y121.232
G0 X168.718 Y121.232
G0 X168.79 Y145.536
G0 X168.419 Y145.536
M204 S1000
G1 F3000 E1338.64596
G1 F1200 X167.632 Y146.323 E1338.67372
M204 S10000
G0 F9600 X168.231 Y146.148
M204 S1000
G1 F1200 X168.419 Y145.96 E1338.68036
M204 S10000
G0 F9600 X168.84 Y145.96
G1 F3000 E1332.68036
;MESH:Lid_back_panel.stl
G0 F9600 X168.479 Y147.214
G0 X167.972 Y147.222
G0 X167.972 Y152.778
G0 X168.788 Y152.786
G0 X169.519 Y178.889
G0 X172.383 Y178.891
G0 X173.064 Y178.889
M204 S1000
;TYPE:WALL-INNER
G1 F3000 E1338.68036
G1 F1800 X188.821 Y178.89 E1339.07342
G1 X188.821 Y121.11 E1340.51474
G1 X173.065 Y121.11 E1340.90778
G1 X173.068 Y134.15 E1341.23306
G1 X173.834 Y134.15 E1341.25217
G1 X174.234 Y134.228 E1341.26234
G1 X174.46 Y134.356 E1341.26882
G1 X174.671 Y134.564 E1341.27621
G1 X174.77 Y134.722 E1341.28086
G1 X174.885 Y135.066 E1341.28991
G1 X174.885 Y164.8 E1342.03162
G1 X174.842 Y165.097 E1342.03911
G1 X174.671 Y165.436 E1342.04858
G1 X174.46 Y165.644 E1342.05597
G1 X174.234 Y165.771 E1342.06244
G1 X173.834 Y165.85 E1342.07261
G1 X173.068 Y165.85 E1342.09172
G1 X173.064 Y178.889 E1342.41698
M204 S10000
G0 F9600 X172.764 Y179.189
M204 S1000
G1 F1800 X189.121 Y179.19 E1342.825
G1 X189.121 Y120.81 E1344.2813
G1 X172.765 Y120.81 E1344.6893
G1 X172.768 Y134.45 E1345.02955
G1 X173.834 Y134.45 E1345.05614
G1 X174.12 Y134.506 E1345.06341
G1 X174.281 Y134.597 E1345.06803
G1 X174.432 Y134.746 E1345.07332
G1 X174.581 Y135.04 E1345.08154
G1 X174.585 Y164.902 E1345.82645
G1 X174.503 Y165.141 E1345.83275
G1 X174.375 Y165.321 E1345.83826
G1 X174.12 Y165.494 E1345.84595
G1 X173.834 Y165.55 E1345.85322
G1 X172.768 Y165.55 E1345.87981
G1 X172.764 Y179.189 E1346.22004
M204 S10000
G0 F9600 X172.464 Y179.489
M204 S1000
G1 F1800 X189.421 Y179.49 E1346.64303
G1 X189.421 Y120.51 E1348.11429
G1 X172.465 Y120.51 E1348.53726
G1 X172.468 Y134.75 E1348.89248
G1 X173.834 Y134.75 E1348.92656
G1 X174.006 Y134.783 E1348.93093
G1 X174.193 Y134.927 E1348.93681
G1 X174.285 Y135.147 E1348.94276
G1 X174.283 Y164.844 E1349.68356
G1 X174.193 Y165.073 E1349.68969
G1 X174.006 Y165.217 E1349.69558
G1 X173.834 Y165.25 E1349.69995
G1 X172.468 Y165.25 E1349.73403
G1 X172.464 Y179.489 E1350.08922
M204 S10000
G0 F9600 X172.214 Y179.739
M204 S1000
;TYPE:WALL-OUTER
G1 F1800 X189.671 Y179.74 E1350.52469
G1 X189.671 Y120.26 E1352.00842
G1 X172.215 Y120.26 E1352.44386
G1 X172.218 Y135 E1352.81155
G1 X173.834 Y135 E1352.85186
G1 X173.954 Y135.039 E1352.85501
G1 X174.032 Y135.165 E1352.85871
G1 X174.034 Y164.82 E1353.59845
G1 X173.979 Y164.939 E1353.60172
G1 X173.889 Y165 E1353.60444
G1 X172.218 Y165 E1353.64612
G1 X172.214 Y179.739 E1354.01379
M204 S10000
G0 F9600 X172.414 Y179.739
G0 X172.415 Y179.49
G0 X173.115 Y178.618
G0 X173.335 Y178.619
M204 S1000
;TYPE:SKIN
G1 F1200 X173.338 Y166.12 E1354.32558
G1 X173.861 Y166.118 E1354.33862
G1 X174.334 Y166.026 E1354.35064
G1 X174.725 Y165.804 E1354.36186
G1 X174.999 Y165.423 E1354.37356
G1 X175.095 Y165.191 E1354.37983
G1 X175.154 Y164.814 E1354.38935
G1 X175.154 Y135.184 E1355.12847
G1 X175.102 Y134.831 E1355.13737
G1 X174.892 Y134.41 E1355.14911
G1 X174.64 Y134.155 E1355.15805
G1 X174.332 Y133.975 E1355.16695
G1 X173.86 Y133.882 E1355.17895
G1 X173.338 Y133.88 E1355.19197
G1 X173.336 Y121.38 E1355.50378
G1 X188.551 Y121.38 E1355.88332
G1 X188.551 Y178.619 E1357.31116
G1 X173.335 Y178.619 E1357.69072
M204 S10000
G1 F3000 E1351.69072
G0 F9600 X173.115 Y178.618
G0 X188.699 Y178.768
G0 X188.771 Y178.164
G0 X188.4 Y178.164
M204 S1000
G1 F3000 E1357.69072
G1 F1200 X188.094 Y178.469 E1357.7015
M204 S10000
G0 F9600 X187.67 Y178.469
M204 S1000
G1 F1200 X188.4 Y177.739 E1357.72725
M204 S10000
G0 F9600 X188.4 Y177.315
M204 S1000
G1 F1200 X187.246 Y178.469 E1357.76796
M204 S10000
G0 F9600 X186.821 Y178.469
M204 S1000
G1 F1200 X188.4 Y176.891 E1357.82365
M204 S10000
G0 F9600 X188.4 Y176.466
M204 S1000
G1 F1200 X186.397 Y178.469 E1357.89431
M204 S10000
G0 F9600 X185.973 Y178.469
M204 S1000
G1 F1200 X188.4 Y176.042 E1357.97993
M204 S10000
G0 F9600 X188.4 Y175.618
M204 S1000
G1 F1200 X185.549 Y178.469 E1358.0805
M204 S10000
G0 F9600 X185.124 Y178.469
M204 S1000
G1 F1200 X188.4 Y175.194 E1358.19606
M204 S10000
G0 F9600 X188.4 Y174.769
M204 S1000
G1 F1200 X184.7 Y178.469 E1358.32658
M204 S10000
G0 F9600 X184.276 Y178.469
M204 S1000
G1 F1200 X188.4 Y174.345 E1358.47207
M204 S10000
G0 F9600 X188.4 Y173.921
M204 S1000
G1 F1200 X183.852 Y178.469 E1358.63251
M204 S10000
G0 F9600 X183.427 Y178.469
M204 S1000
G1 F1200 X188.4 Y173.497 E1358.80793
M204 S10000
G0 F9600 X188.4 Y173.072
M204 S1000
G1 F1200 X183.003 Y178.469 E1358.99832
M204 S10000
G0 F9600 X182.579 Y178.469
M204 S1000
G1 F1200 X188.4 Y172.648 E1359.20368
M204 S10000
G0 F9600 X188.4 Y172.224
M204 S1000
G1 F1200 X182.154 Y178.469 E1359.424
M204 S10000
G0 F9600 X181.73 Y178.469
M204 S1000
G1 F1200 X188.4 Y171.8 E1359.65929
M204 S10000
G0 F9600 X188.4 Y171.375
M204 S1000
G1 F1200 X181.306 Y178.469 E1359.90955
M204 S10000
G0 F9600 X180.882 Y178.469
M204 S1000
G1 F1200 X188.4 Y170.951 E1360.17476
M204 S10000
G0 F9600 X188.4 Y170.527
M204 S1000
G1 F1200 X180.457 Y178.469 E1360.45496
M204 S10000
G0 F9600 X180.033 Y178.469
M204 S1000
G1 F1200 X188.4 Y170.103 E1360.75011
M204 S10000
G0 F9600 X188.4 Y169.678
M204 S1000
G1 F1200 X179.609 Y178.469 E1361.06023
M204 S10000
G0 F9600 X179.185 Y178.469
M204 S1000
G1 F1200 X188.4 Y169.254 E1361.38532
M204 S10000
G0 F9600 X188.4 Y168.83
M204 S1000
G1 F1200 X178.76 Y178.469 E1361.72538
M204 S10000
G0 F9600 X178.336 Y178.469
M204 S1000
G1 F1200 X188.4 Y168.405 E1362.08041
M204 S10000
G0 F9600 X188.4 Y167.981
M204 S1000
G1 F1200 X177.912 Y178.469 E1362.45041
M204 S10000
G0 F9600 X177.488 Y178.469
M204 S1000
G1 F1200 X188.4 Y167.557 E1362.83536
M204 S10000
G0 F9600 X188.4 Y167.133
M204 S1000
G1 F1200 X177.063 Y178.469 E1363.23528
M204 S10000
G0 F9600 X176.639 Y178.469
M204 S1000
G1 F1200 X188.4 Y166.708 E1363.65018
M204 S10000
G0 F9600 X188.4 Y166.284
M204 S1000
G1 F1200 X176.215 Y178.469 E1364.08004
M204 S10000
G0 F9600 X175.79 Y178.469
M204 S1000
G1 F1200 X188.4 Y165.86 E1364.52488
M204 S10000
G0 F9600 X188.4 Y165.436
M204 S1000
G1 F1200 X175.366 Y178.469 E1364.98467
M204 S10000
G0 F9600 X174.942 Y178.469
M204 S1000
G1 F1200 X188.4 Y165.011 E1365.45943
M204 S10000
G0 F9600 X188.4 Y164.587
M204 S1000
G1 F1200 X174.518 Y178.469 E1365.94916
M204 S10000
G0 F9600 X174.093 Y178.469
M204 S1000
G1 F1200 X188.4 Y164.163 E1366.45386
M204 S10000
G0 F9600 X188.4 Y163.739
M204 S1000
G1 F1200 X173.669 Y178.469 E1366.97352
M204 S10000
G0 F9600 X173.485 Y178.229
M204 S1000
G1 F1200 X188.4 Y163.314 E1367.49969
M204 S10000
G0 F9600 X188.4 Y162.89
M204 S1000
G1 F1200 X173.485 Y177.804 E1368.02583
M204 S10000
G0 F9600 X173.485 Y177.38
M204 S1000
G1 F1200 X188.4 Y162.466 E1368.55198
M204 S10000
G0 F9600 X188.4 Y162.042
M204 S1000
G1 F1200 X173.485 Y176.956 E1369.07813
M204 S10000
G0 F9600 X173.485 Y176.532
M204 S1000
G1 F1200 X188.4 Y161.617 E1369.6043
M204 S10000
G0 F9600 X188.4 Y161.193
M204 S1000
G1 F1200 X173.485 Y176.107 E1370.13045
M204 S10000
G0 F9600 X173.485 Y175.683
M204 S1000
G1 F1200 X188.4 Y160.769 E1370.6566
M204 S10000
G0 F9600 X188.4 Y160.344
M204 S1000
G1 F1200 X173.485 Y175.259 E1371.18277
M204 S10000
G0 F9600 X173.485 Y174.834
M204 S1000
G1 F1200 X188.4 Y159.92 E1371.70891
M204 S10000
G0 F9600 X188.4 Y159.496
M204 S1000
G1 F1200 X173.485 Y174.41 E1372.23506
M204 S10000
G0 F9600 X173.486 Y173.985
M204 S1000
G1 F1200 X188.4 Y159.072 E1372.76118
M204 S10000
G0 F9600 X188.4 Y158.647
M204 S1000
G1 F1200 X173.486 Y173.561 E1373.28731
M204 S10000
G0 F9600 X173.486 Y173.137
M204 S1000
G1 F1200 X188.4 Y158.223 E1373.81344
M204 S10000
G0 F9600 X188.4 Y157.799
M204 S1000
G1 F1200 X173.486 Y172.712 E1374.33956
M204 S10000
G0 F9600 X173.486 Y172.288
M204 S1000
G1 F1200 X188.4 Y157.375 E1374.86567
M204 S10000
G0 F9600 X188.4 Y156.95
M204 S1000
G1 F1200 X173.486 Y171.864 E1375.3918
M204 S10000
G0 F9600 X173.486 Y171.44
M204 S1000
G1 F1200 X188.4 Y156.526 E1375.91793
M204 S10000
G0 F9600 X188.4 Y156.102
M204 S1000
G1 F1200 X173.486 Y171.015 E1376.44405
M204 S10000
G0 F9600 X173.486 Y170.591
M204 S1000
G1 F1200 X188.4 Y155.678 E1376.97016
M204 S10000
G0 F9600 X188.4 Y155.253
M204 S1000
G1 F1200 X173.487 Y170.166 E1377.49626
M204 S10000
G0 F9600 X173.487 Y169.742
M204 S1000
G1 F1200 X188.4 Y154.829 E1378.02235
M204 S10000
G0 F9600 X188.4 Y154.405
M204 S1000
G1 F1200 X173.487 Y169.318 E1378.54845
M204 S10000
G0 F9600 X173.487 Y168.893
M204 S1000
G1 F1200 X188.4 Y153.98 E1379.07455
M204 S10000
G0 F9600 X188.4 Y153.556
M204 S1000
G1 F1200 X173.487 Y168.469 E1379.60064
M204 S10000
G0 F9600 X173.487 Y168.045
M204 S1000
G1 F1200 X188.4 Y153.132 E1380.12674
M204 S10000
G0 F9600 X188.4 Y152.708
M204 S1000
G1 F1200 X173.487 Y167.621 E1380.65283
M204 S10000
G0 F9600 X173.487 Y167.196
M204 S1000
G1 F1200 X174.685 Y165.998 E1380.6951
M204 S10000
G0 F9600 X174.984 Y165.699
M204 S1000
G1 F1200 X188.4 Y152.283 E1381.16838
M204 S10000
G0 F9600 X188.4 Y151.859
M204 S1000
G1 F1200 X175.28 Y164.979 E1381.63123
M204 S10000
G0 F9600 X175.301 Y164.533
M204 S1000
G1 F1200 X188.4 Y151.435 E1382.09331
M204 S10000
G0 F9600 X188.4 Y151.011
M204 S1000
G1 F1200 X175.301 Y164.109 E1382.5554
M204 S10000
G0 F9600 X175.301 Y163.685
M204 S1000
G1 F1200 X188.4 Y150.586 E1383.0175
M204 S10000
G0 F9600 X188.4 Y150.162
M204 S1000
G1 F1200 X175.301 Y163.261 E1383.4796
M204 S10000
G0 F9600 X175.301 Y162.836
M204 S1000
G1 F1200 X188.4 Y149.738 E1383.94169
M204 S10000
G0 F9600 X188.4 Y149.314
M204 S1000
G1 F1200 X175.301 Y162.412 E1384.40377
M204 S10000
G0 F9600 X175.301 Y161.988
M204 S1000
G1 F1200 X188.4 Y148.889 E1384.86587
M204 S10000
G0 F9600 X188.4 Y148.465
M204 S1000
G1 F1200 X175.301 Y161.564 E1385.32798
M204 S10000
G0 F9600 X175.301 Y161.139
M204 S1000
G1 F1200 X188.4 Y148.041 E1385.79006
M204 S10000
G0 F9600 X188.4 Y147.617
M204 S1000
G1 F1200 X175.301 Y160.715 E1386.25215
M204 S10000
G0 F9600 X175.301 Y160.291
M204 S1000
G1 F1200 X188.4 Y147.192 E1386.71425
M204 S10000
G0 F9600 X188.4 Y146.768
M204 S1000
G1 F1200 X175.301 Y159.866 E1387.17633
M204 S10000
G0 F9600 X175.301 Y159.442
M204 S1000
G1 F1200 X188.4 Y146.344 E1387.63842
M204 S10000
G0 F9600 X188.4 Y145.919
M204 S1000
G1 F1200 X175.301 Y159.018 E1388.10052
M204 S10000
G0 F9600 X175.301 Y158.594
M204 S1000
G1 F1200 X188.4 Y145.495 E1388.56262
M204 S10000
G0 F9600 X188.4 Y145.071
M204 S1000
G1 F1200 X175.301 Y158.169 E1389.02471
M204 S10000
G0 F9600 X175.301 Y157.745
M204 S1000
G1 F1200 X188.4 Y144.647 E1389.48679
M204 S10000
G0 F9600 X188.4 Y144.222
M204 S1000
G1 F1200 X175.301 Y157.321 E1389.9489
M204 S10000
G0 F9600 X175.301 Y156.897
M204 S1000
G1 F1200 X188.4 Y143.798 E1390.411
M204 S10000
G0 F9600 X188.4 Y143.374
M204 S1000
G1 F1200 X175.301 Y156.472 E1390.87308
M204 S10000
G0 F9600 X175.301 Y156.048
M204 S1000
G1 F1200 X188.4 Y142.95 E1391.33517
M204 S10000
G0 F9600 X188.4 Y142.525
M204 S1000
G1 F1200 X175.301 Y155.624 E1391.79727
M204 S10000
G0 F9600 X175.301 Y155.2
M204 S1000
G1 F1200 X188.4 Y142.101 E1392.25937
M204 S10000
G0 F9600 X188.4 Y141.677
M204 S1000
G1 F1200 X175.301 Y154.775 E1392.72146
M204 S10000
G0 F9600 X175.301 Y154.351
M204 S1000
G1 F1200 X188.4 Y141.253 E1393.18354
M204 S10000
G0 F9600 X188.4 Y140.828
M204 S1000
G1 F1200 X175.301 Y153.927 E1393.64565
M204 S10000
G0 F9600 X175.301 Y153.502
M204 S1000
G1 F1200 X188.4 Y140.404 E1394.10773
M204 S10000
G0 F9600 X188.4 Y139.98
M204 S1000
G1 F1200 X175.301 Y153.078 E1394.56982
M204 S10000
G0 F9600 X175.301 Y152.654
M204 S1000
G1 F1200 X188.4 Y139.556 E1395.0319
M204 S10000
G0 F9600 X188.4 Y139.131
M204 S1000
G1 F1200 X175.301 Y152.23 E1395.494
M204 S10000
G0 F9600 X175.301 Y151.805
M204 S1000
G1 F1200 X188.4 Y138.707 E1395.95609
M204 S10000
G0 F9600 X188.4 Y138.283
M204 S1000
G1 F1200 X175.301 Y151.381 E1396.41817
M204 S10000
G0 F9600 X175.301 Y150.957
M204 S1000
G1 F1200 X188.4 Y137.858 E1396.88028
M204 S10000
G0 F9600 X188.4 Y137.434
M204 S1000
G1 F1200 X175.301 Y150.533 E1397.34238
M204 S10000
G0 F9600 X175.301 Y150.108
M204 S1000
G1 F1200 X188.4 Y137.01 E1397.80446
M204 S10000
G0 F9600 X188.4 Y136.586
M204 S1000
G1 F1200 X175.301 Y149.684 E1398.26655
M204 S10000
G0 F9600 X175.301 Y149.26
M204 S1000
G1 F1200 X188.4 Y136.161 E1398.72865
M204 S10000
G0 F9600 X188.4 Y135.737
M204 S1000
G1 F1200 X175.301 Y148.836 E1399.19075
M204 S10000
G0 F9600 X175.301 Y148.411
M204 S1000
G1 F1200 X188.4 Y135.313 E1399.65284
M204 S10000
G0 F9600 X188.4 Y134.889
M204 S1000
G1 F1200 X175.301 Y147.987 E1400.11492
M204 S10000
G0 F9600 X175.301 Y147.563
M204 S1000
G1 F1200 X188.4 Y134.464 E1400.57703
M204 S10000
G0 F9600 X188.4 Y134.04
M204 S1000
G1 F1200 X175.301 Y147.139 E1401.03913
M204 S10000
G0 F9600 X175.301 Y146.714
M204 S1000
G1 F1200 X188.4 Y133.616 E1401.50122
M204 S10000
G0 F9600 X188.4 Y133.192
M204 S1000
G1 F1200 X175.301 Y146.29 E1401.9633
M204 S10000
G0 F9600 X175.301 Y145.866
M204 S1000
G1 F1200 X188.4 Y132.767 E1402.4254
M204 S10000
G0 F9600 X188.4 Y132.343
M204 S1000
G1 F1200 X175.301 Y145.441 E1402.88749
M204 S10000
G0 F9600 X175.301 Y145.017
M204 S1000
G1 F1200 X188.4 Y131.919 E1403.34957
M204 S10000
G0 F9600 X188.4 Y131.494
M204 S1000
G1 F1200 X175.301 Y144.593 E1403.81168
M204 S10000
G0 F9600 X175.301 Y144.169
M204 S1000
G1 F1200 X188.4 Y131.07 E1404.27378
M204 S10000
G0 F9600 X188.4 Y130.646
M204 S1000
G1 F1200 X175.301 Y143.744 E1404.73586
M204 S10000
G0 F9600 X175.301 Y143.32
M204 S1000
G1 F1200 X188.4 Y130.222 E1405.19795
M204 S10000
G0 F9600 X188.4 Y129.797
M204 S1000
G1 F1200 X175.301 Y142.896 E1405.66005
M204 S10000
G0 F9600 X175.301 Y142.472
M204 S1000
G1 F1200 X188.4 Y129.373 E1406.12215
M204 S10000
G0 F9600 X188.4 Y128.949
M204 S1000
G1 F1200 X175.301 Y142.047 E1406.58424
M204 S10000
G0 F9600 X175.301 Y141.623
M204 S1000
G1 F1200 X188.4 Y128.525 E1407.04632
M204 S10000
G0 F9600 X188.4 Y128.1
M204 S1000
G1 F1200 X175.301 Y141.199 E1407.50843
M204 S10000
G0 F9600 X175.301 Y140.775
M204 S1000
G1 F1200 X188.4 Y127.676 E1407.97053
M204 S10000
G0 F9600 X188.4 Y127.252
M204 S1000
G1 F1200 X175.301 Y140.35 E1408.43261
M204 S10000
G0 F9600 X175.301 Y139.926
M204 S1000
G1 F1200 X188.4 Y126.828 E1408.8947
M204 S10000
G0 F9600 X188.4 Y126.403
M204 S1000
G1 F1200 X175.301 Y139.502 E1409.3568
M204 S10000
G0 F9600 X175.301 Y139.078
M204 S1000
G1 F1200 X188.4 Y125.979 E1409.8189
M204 S10000
G0 F9600 X188.4 Y125.555
M204 S1000
G1 F1200 X175.301 Y138.653 E1410.28099
M204 S10000
G0 F9600 X175.301 Y138.229
M204 S1000
G1 F1200 X188.4 Y125.131 E1410.74307
M204 S10000
G0 F9600 X188.4 Y124.706
M204 S1000
G1 F1200 X175.301 Y137.805 E1411.20518
M204 S10000
G0 F9600 X175.301 Y137.38
M204 S1000
G1 F1200 X188.4 Y124.282 E1411.66726
M204 S10000
G0 F9600 X188.4 Y123.858
M204 S1000
G1 F1200 X175.301 Y136.956 E1412.12935
M204 S10000
G0 F9600 X175.301 Y136.532
M204 S1000
G1 F1200 X188.4 Y123.433 E1412.59145
M204 S10000
G0 F9600 X188.4 Y123.009
M204 S1000
G1 F1200 X175.301 Y136.108 E1413.05355
M204 S10000
G0 F9600 X175.301 Y135.683
M204 S1000
G1 F1200 X188.4 Y122.585 E1413.51564
M204 S10000
G0 F9600 X188.4 Y122.161
M204 S1000
G1 F1200 X175.301 Y135.259 E1413.97772
M204 S10000
G0 F9600 X175.259 Y134.877
M204 S1000
G1 F1200 X188.4 Y121.736 E1414.4413
M204 S10000
G0 F9600 X188.183 Y121.529
M204 S1000
G1 F1200 X175.139 Y134.573 E1414.90147
M204 S10000
G0 F9600 X174.994 Y134.294
M204 S1000
G1 F1200 X187.758 Y121.529 E1415.35177
M204 S10000
G0 F9600 X187.334 Y121.529
M204 S1000
G1 F1200 X174.781 Y134.083 E1415.79463
M204 S10000
G0 F9600 X174.526 Y133.913
M204 S1000
G1 F1200 X186.91 Y121.529 E1416.23151
M204 S10000
G0 F9600 X186.485 Y121.529
M204 S1000
G1 F1200 X174.216 Y133.798 E1416.66433
M204 S10000
G0 F9600 X173.857 Y133.734
M204 S1000
G1 F1200 X186.061 Y121.529 E1417.09488
M204 S10000
G0 F9600 X185.637 Y121.529
M204 S1000
G1 F1200 X173.487 Y133.679 E1417.5235
M204 S10000
G0 F9600 X173.487 Y133.255
M204 S1000
G1 F1200 X185.213 Y121.529 E1417.93717
M204 S10000
G0 F9600 X184.788 Y121.529
M204 S1000
G1 F1200 X173.487 Y132.831 E1418.33586
M204 S10000
G0 F9600 X173.487 Y132.407
M204 S1000
G1 F1200 X184.364 Y121.529 E1418.71959
M204 S10000
G0 F9600 X183.94 Y121.529
M204 S1000
G1 F1200 X173.487 Y131.982 E1419.08835
M204 S10000
G0 F9600 X173.487 Y131.558
M204 S1000
G1 F1200 X183.516 Y121.529 E1419.44215
M204 S10000
G0 F9600 X183.091 Y121.529
M204 S1000
G1 F1200 X173.487 Y131.134 E1419.78097
M204 S10000
G0 F9600 X173.487 Y130.71
M204 S1000
G1 F1200 X182.667 Y121.529 E1420.10484
M204 S10000
G0 F9600 X182.243 Y121.529
M204 S1000
G1 F1200 X173.487 Y130.285 E1420.41373
M204 S10000
G0 F9600 X173.487 Y129.861
M204 S1000
G1 F1200 X181.819 Y121.529 E1420.70767
M204 S10000
G0 F9600 X181.394 Y121.529
M204 S1000
G1 F1200 X173.486 Y129.438 E1420.98666
M204 S10000
G0 F9600 X173.486 Y129.013
M204 S1000
G1 F1200 X180.97 Y121.529 E1421.25068
M204 S10000
G0 F9600 X180.546 Y121.529
M204 S1000
G1 F1200 X173.486 Y128.589 E1421.49974
M204 S10000
G0 F9600 X173.486 Y128.165
M204 S1000
G1 F1200 X180.122 Y121.529 E1421.73384
M204 S10000
G0 F9600 X179.697 Y121.529
M204 S1000
G1 F1200 X173.486 Y127.74 E1421.95295
M204 S10000
G0 F9600 X173.486 Y127.316
M204 S1000
G1 F1200 X179.273 Y121.529 E1422.1571
M204 S10000
G0 F9600 X178.849 Y121.529
M204 S1000
G1 F1200 X173.486 Y126.892 E1422.3463
M204 S10000
G0 F9600 X173.486 Y126.468
M204 S1000
G1 F1200 X178.424 Y121.529 E1422.52052
M204 S10000
G0 F9600 X178 Y121.529
M204 S1000
G1 F1200 X173.486 Y126.043 E1422.67976
M204 S10000
G0 F9600 X173.486 Y125.619
M204 S1000
G1 F1200 X177.576 Y121.529 E1422.82405
M204 S10000
G0 F9600 X177.152 Y121.529
M204 S1000
G1 F1200 X173.485 Y125.196 E1422.95341
M204 S10000
G0 F9600 X173.485 Y124.771
M204 S1000
G1 F1200 X176.727 Y121.529 E1423.06778
M204 S10000
G0 F9600 X176.303 Y121.529
M204 S1000
G1 F1200 X173.485 Y124.347 E1423.16719
M204 S10000
G0 F9600 X173.485 Y123.923
M204 S1000
G1 F1200 X175.879 Y121.529 E1423.25165
M204 S10000
G0 F9600 X175.455 Y121.529
M204 S1000
G1 F1200 X173.485 Y123.499 E1423.32114
M204 S10000
G0 F9600 X173.485 Y123.074
M204 S1000
G1 F1200 X175.03 Y121.529 E1423.37565
M204 S10000
G0 F9600 X174.606 Y121.529
M204 S1000
G1 F1200 X173.485 Y122.65 E1423.41519
M204 S10000
G0 F9600 X173.485 Y122.226
M204 S1000
G1 F1200 X174.182 Y121.529 E1423.43978
M204 S10000
G0 F9600 X173.758 Y121.529
M204 S1000
G1 F1200 X173.485 Y121.801 E1423.4494
M204 S10000
G1 F3000 E1417.4494
G0 F9600 X173.115 Y121.801
G0 X173.19 Y134.028
G0 X174.612 Y134.422
G0 X174.612 Y165.578
G0 X173.948 Y165.875
G0 X174.019 Y166.24
M204 S1000
G1 F3000 E1423.4494
G1 F1200 X173.487 Y166.772 E1423.46816
M204 S10000
G0 F9600 X173.487 Y166.348
M204 S1000
G1 F1200 X173.565 Y166.269 E1423.47093
M204 S10000
G0 F9600 X173.565 Y165.85
G1 F3000 E1417.47093
;MESH:NONMESH
G0 F300 X173.565 Y165.85 Z0.96
G0 F9600 X172.382 Y165.164
G0 X127.82 Y165.164
G0 X127.018 Y121.232
G0 X111.282 Y121.232
G0 X111.21 Y122.47
G0 X111.42 Y122.47
;TIME_ELAPSED:3137.953566
;LAYER:4
M204 S1000
;TYPE:FILL
;MESH:Lid_side_panel_x2.stl(1)
G1 F3000 E1423.47093
G1 F2400 X126.88 Y137.931 E1424.01634
M204 S10000
G0 F9600 X126.879 Y136.612
M204 S1000
G1 F2400 X111.42 Y152.071 E1424.5617
M204 S10000
G0 F9600 X111.42 Y150.755
M204 S1000
G1 F2400 X126.88 Y166.215 E1425.10709
M204 S10000
G0 F9600 X126.879 Y164.896
M204 S1000
G1 F2400 X113.146 Y178.629 E1425.59156
M204 S10000
G0 F9600 X113.838 Y178.629
M204 S1000
G1 F2400 X111.42 Y176.211 E1425.67686
M204 S10000
G0 F9600 X111.42 Y177.527
M204 S1000
G1 F2400 X126.879 Y162.068 E1426.22222
M204 S10000
G0 F9600 X126.88 Y163.386
M204 S1000
G1 F2400 X111.42 Y147.926 E1426.76762
M204 S10000
G0 F9600 X111.42 Y149.243
M204 S1000
G1 F2400 X126.879 Y133.783 E1427.31299
M204 S10000
G0 F9600 X126.88 Y135.102
M204 S1000
G1 F2400 X113.147 Y121.369 E1427.79746
M204 S10000
G0 F9600 X113.838 Y121.369
M204 S1000
G1 F2400 X111.42 Y123.787 E1427.88276
M204 S10000
G0 F9600 X111.42 Y125.299
M204 S1000
G1 F2400 X126.88 Y140.759 E1428.42815
M204 S10000
G0 F9600 X126.879 Y139.44
M204 S1000
G1 F2400 X111.42 Y154.9 E1428.97353
M204 S10000
G0 F9600 X111.42 Y153.583
M204 S1000
G1 F2400 X126.88 Y169.043 E1429.51892
M204 S10000
G0 F9600 X126.879 Y167.725
M204 S1000
G1 F2400 X115.975 Y178.629 E1429.90359
M204 S10000
G0 F9600 X116.666 Y178.629
M204 S1000
G1 F2400 X111.42 Y173.382 E1430.08868
M204 S10000
G0 F9600 X111.42 Y174.699
M204 S1000
G1 F2400 X126.879 Y159.239 E1430.63405
M204 S10000
G0 F9600 X126.88 Y160.558
M204 S1000
G1 F2400 X111.42 Y145.098 E1431.17945
M204 S10000
G0 F9600 X111.42 Y146.414
M204 S1000
G1 F2400 X126.879 Y130.955 E1431.7248
M204 S10000
G0 F9600 X126.88 Y132.274
M204 S1000
G1 F2400 X115.976 Y121.369 E1432.10949
M204 S10000
G0 F9600 X116.666 Y121.369
M204 S1000
G1 F2400 X111.42 Y126.615 E1432.29456
M204 S10000
G0 F9600 X111.42 Y128.127
M204 S1000
G1 F2400 X126.88 Y143.587 E1432.83995
M204 S10000
G0 F9600 X126.879 Y142.269
M204 S1000
G1 F2400 X111.42 Y157.728 E1433.38531
M204 S10000
G0 F9600 X111.42 Y156.412
M204 S1000
G1 F2400 X126.88 Y171.872 E1433.9307
M204 S10000
G0 F9600 X126.879 Y170.553
M204 S1000
G1 F2400 X118.803 Y178.629 E1434.2156
M204 S10000
G0 F9600 X119.495 Y178.629
M204 S1000
G1 F2400 X111.42 Y170.554 E1434.50047
M204 S10000
G0 F9600 X111.42 Y171.87
M204 S1000
G1 F2400 X126.879 Y156.411 E1435.04583
M204 S10000
G0 F9600 X126.88 Y157.73
M204 S1000
G1 F2400 X111.42 Y142.269 E1435.59124
M204 S10000
G0 F9600 X111.42 Y143.586
M204 S1000
G1 F2400 X126.879 Y128.127 E1436.1366
M204 S10000
G0 F9600 X126.88 Y129.445
M204 S1000
G1 F2400 X118.804 Y121.369 E1436.4215
M204 S10000
G0 F9600 X119.495 Y121.369
M204 S1000
G1 F2400 X111.42 Y129.444 E1436.70637
M204 S10000
G0 F9600 X111.42 Y130.956
M204 S1000
G1 F2400 X126.88 Y146.416 E1437.25176
M204 S10000
G0 F9600 X126.879 Y145.097
M204 S1000
G1 F2400 X111.42 Y160.557 E1437.79714
M204 S10000
G0 F9600 X111.42 Y159.24
M204 S1000
G1 F2400 X126.88 Y174.7 E1438.34253
M204 S10000
G0 F9600 X126.879 Y173.381
M204 S1000
G1 F2400 X121.632 Y178.629 E1438.52765
M204 S10000
G0 F9600 X122.323 Y178.629
M204 S1000
G1 F2400 X111.42 Y167.725 E1438.9123
M204 S10000
G0 F9600 X111.42 Y169.042
M204 S1000
G1 F2400 X126.879 Y153.582 E1439.45767
M204 S10000
G0 F9600 X126.88 Y154.901
M204 S1000
G1 F2400 X111.42 Y139.441 E1440.00307
M204 S10000
G0 F9600 X111.42 Y140.758
M204 S1000
G1 F2400 X126.879 Y125.298 E1440.54844
M204 S10000
G0 F9600 X126.88 Y126.617
M204 S1000
G1 F2400 X121.632 Y121.369 E1440.73358
M204 S10000
G0 F9600 X122.323 Y121.369
M204 S1000
G1 F2400 X111.42 Y132.272 E1441.11821
M204 S10000
G0 F9600 X111.42 Y133.784
M204 S1000
G1 F2400 X126.88 Y149.244 E1441.66361
M204 S10000
G0 F9600 X126.879 Y147.926
M204 S1000
G1 F2400 X111.42 Y163.385 E1442.20897
M204 S10000
G0 F9600 X111.42 Y162.068
M204 S1000
G1 F2400 X126.88 Y177.529 E1442.75438
M204 S10000
G0 F9600 X126.879 Y176.21
M204 S1000
G1 F2400 X124.46 Y178.629 E1442.83971
M204 S10000
G0 F9600 X125.152 Y178.629
M204 S1000
G1 F2400 X111.42 Y164.897 E1443.32415
M204 S10000
G0 F9600 X111.42 Y166.213
M204 S1000
G1 F2400 X126.879 Y150.754 E1443.8695
M204 S10000
G0 F9600 X126.88 Y152.073
M204 S1000
G1 F2400 X111.42 Y136.613 E1444.4149
M204 S10000
G0 F9600 X111.42 Y137.929
M204 S1000
G1 F2400 X126.879 Y122.47 E1444.96026
M204 S10000
G0 F9600 X126.88 Y123.788
M204 S1000
G1 F2400 X124.461 Y121.369 E1445.04559
M204 S10000
G0 F9600 X125.152 Y121.369
M204 S1000
G1 F2400 X111.42 Y135.101 E1445.53003
M204 S10000
G1 F3000 E1439.53003
G0 F9600 X126.94 Y178.69
M204 S1000
;TYPE:WALL-INNER
G1 F3000 E1445.53003
G1 F1800 X126.94 Y121.31 E1446.96138
G1 X111.36 Y121.31 E1447.35002
G1 X111.36 Y178.69 E1448.78137
G1 X126.94 Y178.69 E1449.17001
M204 S10000
G0 F9600 X127.24 Y178.99
M204 S1000
G1 F1800 X127.24 Y121.01 E1450.61633
G1 X111.06 Y121.01 E1451.01994
G1 X111.06 Y178.99 E1452.46626
G1 X127.24 Y178.99 E1452.86987
M204 S10000
G0 F9600 X127.54 Y179.29
M204 S1000
G1 F1800 X127.54 Y120.71 E1454.33116
G1 X110.76 Y120.71 E1454.74974
G1 X110.76 Y179.29 E1456.21102
G1 X127.54 Y179.29 E1456.6296
M204 S10000
G0 F9600 X127.79 Y179.54
M204 S1000
;TYPE:WALL-OUTER
G1 F1800 X127.79 Y120.46 E1458.10335
G1 X110.51 Y120.46 E1458.53441
G1 X110.51 Y179.54 E1460.00816
G1 X127.79 Y179.54 E1460.43921
M204 S10000
G0 F9600 X127.79 Y179.34
G0 X126.94 Y178.778
G1 F3000 E1454.43921
;MESH:Lid_side_panel_x2.stl
G0 F9600 X127.62 Y177.527
G0 X131.53 Y177.527
G0 X132.269 Y177.527
M204 S1000
;TYPE:FILL
G1 F3000 E1460.43921
G1 F2400 X147.729 Y162.068 E1460.98459
M204 S10000
G0 F9600 X147.73 Y163.386
M204 S1000
G1 F2400 X132.269 Y147.926 E1461.53
M204 S10000
G0 F9600 X132.269 Y149.243
M204 S1000
G1 F2400 X147.729 Y133.783 E1462.07539
M204 S10000
G0 F9600 X147.73 Y135.102
M204 S1000
G1 F2400 X133.997 Y121.369 E1462.55986
M204 S10000
G0 F9600 X134.687 Y121.369
M204 S1000
G1 F2400 X132.269 Y123.787 E1462.64516
M204 S10000
G0 F9600 X132.269 Y122.47
M204 S1000
G1 F2400 X147.73 Y137.931 E1463.19059
M204 S10000
G0 F9600 X147.729 Y136.612
M204 S1000
G1 F2400 X132.269 Y152.071 E1463.73597
M204 S10000
G0 F9600 X132.269 Y150.754
M204 S1000
G1 F2400 X147.73 Y166.215 E1464.2814
M204 S10000
G0 F9600 X147.729 Y164.896
M204 S1000
G1 F2400 X133.996 Y178.629 E1464.76586
M204 S10000
G0 F9600 X134.688 Y178.629
M204 S1000
G1 F2400 X132.269 Y176.21 E1464.8512
M204 S10000
G0 F9600 X132.269 Y174.699
M204 S1000
G1 F2400 X147.729 Y159.239 E1465.39659
M204 S10000
G0 F9600 X147.73 Y160.558
M204 S1000
G1 F2400 X132.269 Y145.097 E1465.94202
M204 S10000
G0 F9600 X132.269 Y146.414
M204 S1000
G1 F2400 X147.729 Y130.955 E1466.4874
M204 S10000
G0 F9600 X147.73 Y132.274
M204 S1000
G1 F2400 X136.825 Y121.369 E1466.8721
M204 S10000
G0 F9600 X137.516 Y121.369
M204 S1000
G1 F2400 X132.269 Y126.615 E1467.05719
M204 S10000
G0 F9600 X132.269 Y125.298
M204 S1000
G1 F2400 X147.73 Y140.759 E1467.60262
M204 S10000
G0 F9600 X147.729 Y139.44
M204 S1000
G1 F2400 X132.269 Y154.9 E1468.14801
M204 S10000
G0 F9600 X132.269 Y153.582
M204 S1000
G1 F2400 X147.73 Y169.043 E1468.69344
M204 S10000
G0 F9600 X147.729 Y167.725
M204 S1000
G1 F2400 X136.825 Y178.629 E1469.07811
M204 S10000
G0 F9600 X137.516 Y178.629
M204 S1000
G1 F2400 X132.269 Y173.381 E1469.26322
M204 S10000
G0 F9600 X132.269 Y171.87
M204 S1000
G1 F2400 X147.729 Y156.411 E1469.8086
M204 S10000
G0 F9600 X147.73 Y157.73
M204 S1000
G1 F2400 X132.269 Y142.269 E1470.35403
M204 S10000
G0 F9600 X132.269 Y143.586
M204 S1000
G1 F2400 X147.729 Y128.127 E1470.8994
M204 S10000
G0 F9600 X147.73 Y129.445
M204 S1000
G1 F2400 X139.654 Y121.369 E1471.18431
M204 S10000
G0 F9600 X140.344 Y121.369
M204 S1000
G1 F2400 X132.269 Y129.444 E1471.46917
M204 S10000
G0 F9600 X132.269 Y128.127
M204 S1000
G1 F2400 X147.73 Y143.587 E1472.01459
M204 S10000
G0 F9600 X147.729 Y142.269
M204 S1000
G1 F2400 X132.269 Y157.728 E1472.55996
M204 S10000
G0 F9600 X132.269 Y156.411
M204 S1000
G1 F2400 X147.73 Y171.872 E1473.10539
M204 S10000
G0 F9600 X147.729 Y170.553
M204 S1000
G1 F2400 X139.653 Y178.629 E1473.39029
M204 S10000
G0 F9600 X140.345 Y178.629
M204 S1000
G1 F2400 X132.269 Y170.553 E1473.6752
M204 S10000
G0 F9600 X132.269 Y169.042
M204 S1000
G1 F2400 X147.729 Y153.582 E1474.22059
M204 S10000
G0 F9600 X147.73 Y154.901
M204 S1000
G1 F2400 X132.269 Y139.44 E1474.76602
M204 S10000
G0 F9600 X132.269 Y140.758
M204 S1000
G1 F2400 X147.729 Y125.298 E1475.31141
M204 S10000
G0 F9600 X147.73 Y126.617
M204 S1000
G1 F2400 X142.482 Y121.369 E1475.49655
M204 S10000
G0 F9600 X143.172 Y121.369
M204 S1000
G1 F2400 X132.269 Y132.272 E1475.88118
M204 S10000
G0 F9600 X132.269 Y130.955
M204 S1000
G1 F2400 X147.73 Y146.416 E1476.42661
M204 S10000
G0 F9600 X147.729 Y145.097
M204 S1000
G1 F2400 X132.269 Y160.557 E1476.972
M204 S10000
G0 F9600 X132.269 Y159.239
M204 S1000
G1 F2400 X147.73 Y174.7 E1477.51743
M204 S10000
G0 F9600 X147.729 Y173.381
M204 S1000
G1 F2400 X142.482 Y178.629 E1477.70255
M204 S10000
G0 F9600 X143.173 Y178.629
M204 S1000
G1 F2400 X132.269 Y167.725 E1478.08722
M204 S10000
G0 F9600 X132.269 Y166.213
M204 S1000
G1 F2400 X147.729 Y150.754 E1478.63259
M204 S10000
G0 F9600 X147.73 Y152.073
M204 S1000
G1 F2400 X132.269 Y136.612 E1479.17802
M204 S10000
G0 F9600 X132.269 Y137.929
M204 S1000
G1 F2400 X147.729 Y122.47 E1479.7234
M204 S10000
G0 F9600 X147.73 Y123.788
M204 S1000
G1 F2400 X145.311 Y121.369 E1479.80874
M204 S10000
G0 F9600 X146.001 Y121.369
M204 S1000
G1 F2400 X132.269 Y135.101 E1480.29317
M204 S10000
G0 F9600 X132.269 Y133.783
M204 S1000
G1 F2400 X147.73 Y149.244 E1480.8386
M204 S10000
G0 F9600 X147.729 Y147.926
M204 S1000
G1 F2400 X132.269 Y163.385 E1481.38397
M204 S10000
G0 F9600 X132.269 Y162.068
M204 S1000
G1 F2400 X147.73 Y177.529 E1481.9294
M204 S10000
G0 F9600 X147.729 Y176.21
M204 S1000
G1 F2400 X145.31 Y178.629 E1482.01474
M204 S10000
G0 F9600 X146.001 Y178.629
M204 S1000
G1 F2400 X132.269 Y164.896 E1482.49919
M204 S10000
G1 F3000 E1476.49919
G0 F9600 X147.79 Y178.69
M204 S1000
;TYPE:WALL-INNER
G1 F3000 E1482.49919
G1 F1800 X147.79 Y121.31 E1483.93054
G1 X132.21 Y121.31 E1484.31918
G1 X132.21 Y178.69 E1485.75053
G1 X147.79 Y178.69 E1486.13918
M204 S10000
G0 F9600 X148.09 Y178.99
M204 S1000
G1 F1800 X148.09 Y121.01 E1487.5855
G1 X131.91 Y121.01 E1487.98911
G1 X131.91 Y178.99 E1489.43542
G1 X148.09 Y178.99 E1489.83904
M204 S10000
G0 F9600 X148.39 Y179.29
M204 S1000
G1 F1800 X148.39 Y120.71 E1491.30032
G1 X131.61 Y120.71 E1491.7189
G1 X131.61 Y179.29 E1493.18018
G1 X148.39 Y179.29 E1493.59876
M204 S10000
G0 F9600 X148.64 Y179.54
M204 S1000
;TYPE:WALL-OUTER
G1 F1800 X148.64 Y120.46 E1495.07252
G1 X131.36 Y120.46 E1495.50357
G1 X131.36 Y179.54 E1496.97733
G1 X148.64 Y179.54 E1497.40838
M204 S10000
G0 F9600 X148.64 Y179.34
G0 X147.79 Y178.778
G1 F3000 E1491.40838
;MESH:Lid_front_panel.stl
G0 F9600 X148.47 Y177.527
G0 X152.38 Y177.527
G0 X153.121 Y177.527
M204 S1000
;TYPE:FILL
G1 F3000 E1497.40838
G1 F2400 X168.578 Y162.07 E1497.95366
M204 S10000
G0 F9600 X168.579 Y163.386
M204 S1000
G1 F2400 X153.119 Y147.926 E1498.49906
M204 S10000
G0 F9600 X153.12 Y149.244
M204 S1000
G1 F2400 X168.579 Y133.785 E1499.04442
M204 S10000
G0 F9600 X168.579 Y135.101
M204 S1000
G1 F2400 X154.847 Y121.369 E1499.52885
M204 S10000
G0 F9600 X155.538 Y121.369
M204 S1000
G1 F2400 X153.119 Y123.788 E1499.61419
M204 S10000
G0 F9600 X153.119 Y122.47
M204 S1000
G1 F2400 X168.579 Y137.93 E1500.15958
M204 S10000
G0 F9600 X168.579 Y136.613
M204 S1000
G1 F2400 X153.12 Y152.072 E1500.70494
M204 S10000
G0 F9600 X153.119 Y150.755
M204 S1000
G1 F2400 X168.579 Y166.214 E1501.25031
M204 S10000
G0 F9600 X168.578 Y164.898
M204 S1000
G1 F2400 X154.848 Y178.628 E1501.73468
M204 S10000
G0 F9600 X155.536 Y178.627
M204 S1000
G1 F2400 X153.12 Y176.211 E1501.81991
M204 S10000
G0 F9600 X153.121 Y174.699
M204 S1000
G1 F2400 X168.578 Y159.241 E1502.36521
M204 S10000
G0 F9600 X168.579 Y160.557
M204 S1000
G1 F2400 X153.119 Y145.098 E1502.91059
M204 S10000
G0 F9600 X153.12 Y146.415
M204 S1000
G1 F2400 X168.579 Y130.956 E1503.45595
M204 S10000
G0 F9600 X168.579 Y132.273
M204 S1000
G1 F2400 X157.675 Y121.369 E1503.84061
M204 S10000
G0 F9600 X158.367 Y121.369
M204 S1000
G1 F2400 X153.119 Y126.617 E1504.02575
M204 S10000
G0 F9600 X153.119 Y125.298
M204 S1000
G1 F2400 X168.579 Y140.758 E1504.57114
M204 S10000
G0 F9600 X168.579 Y139.442
M204 S1000
G1 F2400 X153.12 Y154.9 E1505.11648
M204 S10000
G0 F9600 X153.119 Y153.583
M204 S1000
G1 F2400 X168.579 Y169.043 E1505.66188
M204 S10000
G0 F9600 X168.578 Y167.727
M204 S1000
G1 F2400 X157.677 Y178.628 E1506.04644
M204 S10000
G0 F9600 X158.365 Y178.627
M204 S1000
G1 F2400 X153.12 Y173.383 E1506.23145
M204 S10000
G0 F9600 X153.121 Y171.87
M204 S1000
G1 F2400 X168.578 Y156.413 E1506.77674
M204 S10000
G0 F9600 X168.579 Y157.729
M204 S1000
G1 F2400 X153.119 Y142.269 E1507.32213
M204 S10000
G0 F9600 X153.12 Y143.587
M204 S1000
G1 F2400 X168.579 Y128.128 E1507.86749
M204 S10000
G0 F9600 X168.579 Y129.445
M204 S1000
G1 F2400 X160.504 Y121.369 E1508.15238
M204 S10000
G0 F9600 X161.195 Y121.369
M204 S1000
G1 F2400 X153.119 Y129.445 E1508.43728
M204 S10000
G0 F9600 X153.119 Y128.127
M204 S1000
G1 F2400 X168.579 Y143.587 E1508.98267
M204 S10000
G0 F9600 X168.579 Y142.27
M204 S1000
G1 F2400 X153.12 Y157.729 E1509.52803
M204 S10000
G0 F9600 X153.119 Y156.412
M204 S1000
G1 F2400 X168.579 Y171.871 E1510.07341
M204 S10000
G0 F9600 X168.578 Y170.555
M204 S1000
G1 F2400 X160.505 Y178.628 E1510.3582
M204 S10000
G0 F9600 X161.193 Y178.627
M204 S1000
G1 F2400 X153.12 Y170.554 E1510.643
M204 S10000
G0 F9600 X153.121 Y169.042
M204 S1000
G1 F2400 X168.578 Y153.585 E1511.18829
M204 S10000
G0 F9600 X168.579 Y154.9
M204 S1000
G1 F2400 X153.119 Y139.44 E1511.73368
M204 S10000
G0 F9600 X153.12 Y140.758
M204 S1000
G1 F2400 X168.579 Y125.3 E1512.27902
M204 S10000
G0 F9600 X168.579 Y126.616
M204 S1000
G1 F2400 X163.332 Y121.369 E1512.46412
M204 S10000
G0 F9600 X164.024 Y121.369
M204 S1000
G1 F2400 X153.119 Y132.274 E1512.84883
M204 S10000
G0 F9600 X153.119 Y130.955
M204 S1000
G1 F2400 X168.579 Y146.415 E1513.39422
M204 S10000
G0 F9600 X168.579 Y145.099
M204 S1000
G1 F2400 X153.121 Y160.557 E1513.93954
M204 S10000
G0 F9600 X153.119 Y159.24
M204 S1000
G1 F2400 X168.579 Y174.699 E1514.48492
M204 S10000
G0 F9600 X168.578 Y173.383
M204 S1000
G1 F2400 X163.333 Y178.628 E1514.66995
M204 S10000
G0 F9600 X164.021 Y178.627
M204 S1000
G1 F2400 X153.12 Y167.726 E1515.05451
M204 S10000
G0 F9600 X153.121 Y166.213
M204 S1000
G1 F2400 X167.239 Y152.095 E1515.55256
M204 S10000
G0 F9600 X167.241 Y150.734
M204 S1000
G1 F2400 X153.119 Y136.612 E1516.05075
M204 S10000
G0 F9600 X153.119 Y137.931
M204 S1000
G1 F2400 X168.579 Y122.471 E1516.59615
M204 S10000
G0 F9600 X168.579 Y123.788
M204 S1000
G1 F2400 X166.16 Y121.369 E1516.68148
M204 S10000
G0 F9600 X166.852 Y121.369
M204 S1000
G1 F2400 X153.119 Y135.102 E1517.16595
M204 S10000
G0 F9600 X153.119 Y133.783
M204 S1000
G1 F2400 X167.244 Y147.909 E1517.66427
M204 S10000
G0 F9600 X167.242 Y149.263
M204 S1000
G1 F2400 X153.121 Y163.385 E1518.16244
M204 S10000
G0 F9600 X153.12 Y162.069
M204 S1000
G1 F2400 X168.579 Y177.528 E1518.7078
M204 S10000
G0 F9600 X168.578 Y176.212
M204 S1000
G1 F2400 X166.162 Y178.628 E1518.79303
M204 S10000
G0 F9600 X166.85 Y178.627
M204 S1000
G1 F2400 X153.12 Y164.898 E1519.27738
M204 S10000
G1 F3000 E1513.27738
G0 F9600 X153.061 Y178.689
M204 S1000
;TYPE:WALL-INNER
G1 F3000 E1519.27738
G1 F1800 X168.639 Y178.689 E1519.66597
G1 X168.639 Y153.45 E1520.29556
G1 X168.35 Y153.45 E1520.30277
G1 X167.878 Y153.339 E1520.31487
G1 X167.647 Y153.181 E1520.32185
G1 X167.412 Y152.874 E1520.33149
G1 X167.304 Y152.558 E1520.33982
G1 X167.304 Y147.499 E1520.46602
G1 X167.373 Y147.213 E1520.47336
G1 X167.571 Y146.871 E1520.48321
G1 X167.877 Y146.662 E1520.49246
G1 X168.35 Y146.55 E1520.50458
G1 X168.64 Y146.55 E1520.51182
G1 X168.64 Y121.31 E1521.14143
G1 X153.06 Y121.31 E1521.53008
G1 X153.061 Y178.689 E1522.9614
M204 S10000
G0 F9600 X152.761 Y178.989
M204 S1000
G1 F1800 X168.939 Y178.989 E1523.36496
G1 X168.939 Y153.15 E1524.00952
G1 X168.35 Y153.15 E1524.02421
G1 X168.012 Y153.071 E1524.03287
G1 X167.848 Y152.958 E1524.03784
G1 X167.68 Y152.739 E1524.04473
G1 X167.603 Y152.472 E1524.05166
G1 X167.603 Y147.528 E1524.17499
G1 X167.652 Y147.323 E1524.18024
G1 X167.762 Y147.133 E1524.18572
G1 X168.012 Y146.93 E1524.19375
G1 X168.35 Y146.85 E1524.20242
G1 X168.94 Y146.85 E1524.21714
G1 X168.94 Y121.01 E1524.86172
G1 X152.76 Y121.01 E1525.26533
G1 X152.761 Y178.989 E1526.71162
M204 S10000
G0 F9600 X152.461 Y179.289
M204 S1000
G1 F1800 X169.239 Y179.289 E1527.13015
G1 X169.239 Y152.85 E1527.78967
G1 X168.35 Y152.85 E1527.81185
G1 X168.147 Y152.803 E1527.81705
G1 X167.997 Y152.68 E1527.82189
G1 X167.906 Y152.478 E1527.82741
G1 X167.902 Y147.557 E1527.95017
G1 X167.931 Y147.434 E1527.95332
G1 X168.048 Y147.265 E1527.95845
G1 X168.147 Y147.198 E1527.96143
G1 X168.35 Y147.15 E1527.96663
G1 X169.24 Y147.15 E1527.98883
G1 X169.24 Y120.71 E1528.64838
G1 X152.46 Y120.71 E1529.06696
G1 X152.461 Y179.289 E1530.52822
M204 S10000
G0 F9600 X152.211 Y179.539
M204 S1000
;TYPE:WALL-OUTER
G1 F1800 X169.489 Y179.539 E1530.95922
G1 X169.489 Y152.6 E1531.63122
G1 X168.276 Y152.6 E1531.66148
G1 X168.152 Y152.435 E1531.66662
G1 X168.15 Y147.53 E1531.78898
G1 X168.281 Y147.4 E1531.79358
G1 X169.49 Y147.4 E1531.82374
G1 X169.49 Y120.46 E1532.49576
G1 X152.21 Y120.46 E1532.92682
G1 X152.211 Y179.539 E1534.40055
M204 S10000
G0 F9600 X152.411 Y179.539
G0 X152.973 Y178.689
G1 F3000 E1528.40055
;MESH:Lid_back_panel.stl
G0 F9600 X169.319 Y177.947
G0 X172.361 Y177.947
G0 X173.101 Y177.947
M204 S1000
;TYPE:FILL
G1 F3000 E1534.40055
G1 F2400 X188.559 Y162.488 E1534.94589
M204 S10000
G0 F9600 X188.56 Y162.967
M204 S1000
G1 F2400 X175.136 Y149.543 E1535.41945
M204 S10000
G0 F9600 X175.138 Y150.454
M204 S1000
G1 F2400 X188.559 Y137.033 E1535.89292
M204 S10000
G0 F9600 X188.559 Y137.511
M204 S1000
G1 F2400 X173.101 Y122.052 E1536.43826
M204 S10000
G1 F3000 E1530.43826
G0 F9600 X173.101 Y124.207
M204 S1000
G1 F3000 E1536.43826
G1 F2400 X175.938 Y121.37 E1536.53834
M204 S10000
G0 F9600 X175.248 Y121.371
M204 S1000
G1 F2400 X188.559 Y134.682 E1537.00792
M204 S10000
G0 F9600 X188.559 Y134.205
M204 S1000
G1 F2400 X175.137 Y147.626 E1537.4814
M204 S10000
G0 F9600 X175.136 Y146.715
M204 S1000
G1 F2400 X188.56 Y160.139 E1537.95497
M204 S10000
G0 F9600 X188.559 Y159.66
M204 S1000
G1 F2400 X173.101 Y175.119 E1538.50031
M204 S10000
G0 F9600 X173.1 Y175.791
M204 S1000
G1 F2400 X175.938 Y178.629 E1538.60043
M204 S10000
G0 F9600 X175.247 Y178.63
M204 S1000
G1 F2400 X188.559 Y165.317 E1539.07006
M204 S10000
G0 F9600 X188.56 Y165.796
M204 S1000
G1 F2400 X175.137 Y152.373 E1539.54359
M204 S10000
G0 F9600 X175.138 Y153.283
M204 S1000
G1 F2400 X188.559 Y139.862 E1540.01706
M204 S10000
G0 F9600 X188.559 Y140.339
M204 S1000
G1 F2400 X173.101 Y124.88 E1540.5624
M204 S10000
G1 F3000 E1534.5624
G0 F9600 X173.101 Y127.035
M204 S1000
G1 F3000 E1540.5624
G1 F2400 X178.766 Y121.37 E1540.76224
M204 S10000
G0 F9600 X178.077 Y121.371
M204 S1000
G1 F2400 X188.559 Y131.854 E1541.13204
M204 S10000
G0 F9600 X188.559 Y131.376
M204 S1000
G1 F2400 X175.137 Y144.798 E1541.60554
M204 S10000
G0 F9600 X175.136 Y143.887
M204 S1000
G1 F2400 X188.56 Y157.31 E1542.07909
M204 S10000
G0 F9600 X188.559 Y156.832
M204 S1000
G1 F2400 X173.101 Y172.29 E1542.62441
M204 S10000
G0 F9600 X173.1 Y172.963
M204 S1000
G1 F2400 X178.766 Y178.629 E1542.8243
M204 S10000
G0 F9600 X178.075 Y178.63
M204 S1000
G1 F2400 X188.559 Y168.145 E1543.19417
M204 S10000
G0 F9600 X188.56 Y168.624
M204 S1000
G1 F2400 X175.137 Y155.201 E1543.6677
M204 S10000
G0 F9600 X175.138 Y156.111
M204 S1000
G1 F2400 X188.559 Y142.69 E1544.14116
M204 S10000
G0 F9600 X188.559 Y143.167
M204 S1000
G1 F2400 X173.101 Y127.709 E1544.68648
M204 S10000
G1 F3000 E1538.68648
G0 F9600 X173.101 Y129.864
M204 S1000
G1 F3000 E1544.68648
G1 F2400 X181.594 Y121.37 E1544.98611
M204 S10000
G0 F9600 X180.905 Y121.371
M204 S1000
G1 F2400 X188.559 Y129.025 E1545.25613
M204 S10000
G0 F9600 X188.559 Y128.548
M204 S1000
G1 F2400 X175.137 Y141.97 E1545.72963
M204 S10000
G0 F9600 X175.136 Y141.058
M204 S1000
G1 F2400 X188.56 Y154.482 E1546.2032
M204 S10000
G0 F9600 X188.559 Y154.003
M204 S1000
G1 F2400 X173.1 Y169.463 E1546.74857
M204 S10000
G0 F9600 X173.099 Y170.134
M204 S1000
G1 F2400 X181.594 Y178.629 E1547.04825
M204 S10000
G0 F9600 X180.904 Y178.63
M204 S1000
G1 F2400 X188.559 Y170.974 E1547.31832
M204 S10000
G0 F9600 X188.56 Y171.452
M204 S1000
G1 F2400 X175.137 Y158.029 E1547.79186
M204 S10000
G0 F9600 X175.138 Y158.939
M204 S1000
G1 F2400 X188.559 Y145.519 E1548.2653
M204 S10000
G0 F9600 X188.559 Y145.996
M204 S1000
G1 F2400 X173.101 Y130.537 E1548.81064
M204 S10000
G1 F3000 E1542.81064
G0 F9600 X173.101 Y132.692
M204 S1000
G1 F3000 E1548.81064
G1 F2400 X184.423 Y121.37 E1549.21005
M204 S10000
G0 F9600 X183.733 Y121.371
M204 S1000
G1 F2400 X188.559 Y126.197 E1549.3803
M204 S10000
G0 F9600 X188.559 Y125.72
M204 S1000
G1 F2400 X175.137 Y139.141 E1549.85378
M204 S10000
G0 F9600 X175.136 Y138.23
M204 S1000
G1 F2400 X188.56 Y151.653 E1550.32733
M204 S10000
G0 F9600 X188.559 Y151.175
M204 S1000
G1 F2400 X175.138 Y164.596 E1550.8008
M204 S10000
G0 F9600 X175.137 Y163.686
M204 S1000
G1 F2400 X188.56 Y177.109 E1551.27433
M204 S10000
G0 F9600 X188.559 Y176.631
M204 S1000
G1 F2400 X186.56 Y178.63 E1551.34485
M204 S10000
G0 F9600 X187.251 Y178.629
M204 S1000
G1 F2400 X174.446 Y165.824 E1551.79658
M204 S10000
G0 F9600 X173.825 Y165.909
M204 S1000
G1 F2400 X173.1 Y166.634 E1551.82216
M204 S10000
G0 F9600 X173.099 Y167.305
M204 S1000
G1 F2400 X184.423 Y178.629 E1552.22164
M204 S10000
G0 F9600 X183.732 Y178.63
M204 S1000
G1 F2400 X188.559 Y173.802 E1552.39194
M204 S10000
G0 F9600 X188.56 Y174.281
M204 S1000
G1 F2400 X175.137 Y160.858 E1552.86548
M204 S10000
G0 F9600 X175.138 Y161.768
M204 S1000
G1 F2400 X188.559 Y148.347 E1553.33894
M204 S10000
G0 F9600 X188.559 Y148.824
M204 S1000
G1 F2400 X175.136 Y135.401 E1553.81247
M204 S10000
G0 F9600 X175.137 Y136.313
M204 S1000
G1 F2400 X188.559 Y122.891 E1554.28597
M204 S10000
G0 F9600 X188.559 Y123.368
M204 S1000
G1 F2400 X186.562 Y121.371 E1554.35642
M204 S10000
G0 F9600 X187.251 Y121.37
M204 S1000
G1 F2400 X174.445 Y134.177 E1554.8082
M204 S10000
G0 F9600 X173.825 Y134.09
M204 S1000
G1 F2400 X173.101 Y133.365 E1554.83376
M204 S10000
G1 F3000 E1548.83376
G0 F9600 X174.812 Y134.422
G0 X174.812 Y165.578
G0 X173.041 Y178.69
M204 S1000
;TYPE:WALL-INNER
G1 F3000 E1554.83376
G1 F1800 X188.621 Y178.69 E1555.22241
G1 X188.62 Y121.311 E1556.65373
G1 X173.042 Y121.311 E1557.04233
G1 X173.042 Y134.15 E1557.3626
G1 X174.034 Y134.15 E1557.38734
G1 X174.343 Y134.196 E1557.39513
G1 X174.548 Y134.284 E1557.4007
G1 X174.777 Y134.457 E1557.40786
G1 X174.999 Y134.783 E1557.4177
G1 X175.084 Y135.068 E1557.42512
G1 X175.079 Y164.908 E1558.16948
G1 X175.036 Y165.118 E1558.17483
G1 X174.901 Y165.394 E1558.18249
G1 X174.777 Y165.543 E1558.18732
G1 X174.548 Y165.717 E1558.1945
G1 X174.342 Y165.805 E1558.20009
G1 X174.034 Y165.85 E1558.20785
G1 X173.041 Y165.85 E1558.23262
G1 X173.041 Y178.69 E1558.55292
M204 S10000
G0 F9600 X172.741 Y178.99
M204 S1000
G1 F1800 X188.921 Y178.99 E1558.95653
G1 X188.92 Y121.011 E1560.40282
G1 X172.742 Y121.011 E1560.80638
G1 X172.742 Y134.45 E1561.14162
G1 X174.034 Y134.45 E1561.17385
G1 X174.255 Y134.482 E1561.17942
G1 X174.499 Y134.61 E1561.18629
G1 X174.691 Y134.836 E1561.19369
G1 X174.781 Y135.122 E1561.20117
G1 X174.781 Y164.878 E1561.94344
G1 X174.75 Y165.027 E1561.94723
G1 X174.611 Y165.28 E1561.95443
G1 X174.401 Y165.455 E1561.96125
G1 X174.034 Y165.55 E1561.97071
G1 X172.741 Y165.55 E1562.00296
G1 X172.741 Y178.99 E1562.33823
M204 S10000
G0 F9600 X172.441 Y179.29
M204 S1000
G1 F1800 X189.221 Y179.29 E1562.7568
G1 X189.22 Y120.711 E1564.21806
G1 X172.442 Y120.711 E1564.63659
G1 X172.442 Y134.75 E1564.9868
G1 X174.135 Y134.75 E1565.02903
G1 X174.353 Y134.881 E1565.03537
G1 X174.478 Y135.122 E1565.04214
G1 X174.482 Y164.907 E1565.78513
G1 X174.353 Y165.119 E1565.79133
G1 X174.134 Y165.25 E1565.79769
G1 X172.441 Y165.25 E1565.83992
G1 X172.441 Y179.29 E1566.19015
M204 S10000
G0 F9600 X172.191 Y179.54
M204 S1000
;TYPE:WALL-OUTER
G1 F1800 X189.471 Y179.54 E1566.6212
G1 X189.47 Y120.461 E1568.09494
G1 X172.192 Y120.461 E1568.52594
G1 X172.192 Y135 E1568.88861
G1 X174.08 Y135 E1568.93571
G1 X174.176 Y135.058 E1568.93851
G1 X174.233 Y135.152 E1568.94125
G1 X174.234 Y164.821 E1569.68135
G1 X174.2 Y164.914 E1569.68382
G1 X174.078 Y165 E1569.68754
G1 X172.191 Y165 E1569.73461
G1 X172.191 Y179.54 E1570.09731
M204 S10000
G0 F9600 X172.391 Y179.54
G0 X172.953 Y178.69
G1 F3000 E1564.09731
;MESH:NONMESH
G0 F300 X172.953 Y178.69 Z1.16
G0 F9600 X172.355 Y165.164
G0 X127.62 Y165.164
G0 X111.62 Y122.671
;TIME_ELAPSED:3343.382525
;LAYER:5
M204 S1000
;TYPE:FILL
;MESH:Lid_side_panel_x2.stl(1)
G1 F3000 E1570.09731
G1 F2400 X126.68 Y137.73 E1570.62858
M204 S10000
G0 F9600 X126.679 Y136.812
M204 S1000
G1 F2400 X111.62 Y151.871 E1571.15982
M204 S10000
G0 F9600 X111.62 Y150.955
M204 S1000
G1 F2400 X126.68 Y166.015 E1571.69111
M204 S10000
G0 F9600 X126.679 Y165.096
M204 S1000
G1 F2400 X113.347 Y178.429 E1572.16145
M204 S10000
G0 F9600 X113.638 Y178.429
M204 S1000
G1 F2400 X111.62 Y176.411 E1572.23264
M204 S10000
G0 F9600 X111.62 Y177.327
M204 S1000
G1 F2400 X126.679 Y162.268 E1572.76388
M204 S10000
G0 F9600 X126.68 Y163.186
M204 S1000
G1 F2400 X111.62 Y148.126 E1573.29517
M204 S10000
G0 F9600 X111.62 Y149.043
M204 S1000
G1 F2400 X126.679 Y133.984 E1573.82641
M204 S10000
G0 F9600 X126.68 Y134.902
M204 S1000
G1 F2400 X113.347 Y121.57 E1574.29675
M204 S10000
G0 F9600 X113.638 Y121.569
M204 S1000
G1 F2400 X111.62 Y123.587 E1574.36794
M204 S10000
G0 F9600 X111.62 Y125.499
M204 S1000
G1 F2400 X126.68 Y140.559 E1574.89923
M204 S10000
G0 F9600 X126.679 Y139.64
M204 S1000
G1 F2400 X111.62 Y154.7 E1575.43049
M204 S10000
G0 F9600 X111.62 Y153.783
M204 S1000
G1 F2400 X126.68 Y168.843 E1575.96177
M204 S10000
G0 F9600 X126.679 Y167.925
M204 S1000
G1 F2400 X116.175 Y178.429 E1576.33233
M204 S10000
G0 F9600 X116.466 Y178.429
M204 S1000
G1 F2400 X111.62 Y173.582 E1576.5033
M204 S10000
G0 F9600 X111.62 Y174.499
M204 S1000
G1 F2400 X126.679 Y159.439 E1577.03457
M204 S10000
G0 F9600 X126.68 Y160.358
M204 S1000
G1 F2400 X111.62 Y145.298 E1577.56585
M204 S10000
G0 F9600 X111.62 Y146.214
M204 S1000
G1 F2400 X126.679 Y131.155 E1578.0971
M204 S10000
G0 F9600 X126.68 Y132.074
M204 S1000
G1 F2400 X116.176 Y121.57 E1578.46765
M204 S10000
G0 F9600 X116.466 Y121.569
M204 S1000
G1 F2400 X111.62 Y126.415 E1578.63861
M204 S10000
G0 F9600 X111.62 Y128.327
M204 S1000
G1 F2400 X126.68 Y143.387 E1579.16989
M204 S10000
G0 F9600 X126.679 Y142.469
M204 S1000
G1 F2400 X111.62 Y157.528 E1579.70114
M204 S10000
G0 F9600 X111.62 Y156.612
M204 S1000
G1 F2400 X126.68 Y171.672 E1580.23242
M204 S10000
G0 F9600 X126.679 Y170.753
M204 S1000
G1 F2400 X119.003 Y178.429 E1580.50321
M204 S10000
G0 F9600 X119.295 Y178.429
M204 S1000
G1 F2400 X111.62 Y170.754 E1580.77397
M204 S10000
G0 F9600 X111.62 Y171.67
M204 S1000
G1 F2400 X126.679 Y156.611 E1581.30521
M204 S10000
G0 F9600 X126.68 Y157.529
M204 S1000
G1 F2400 X111.62 Y142.469 E1581.8365
M204 S10000
G0 F9600 X111.62 Y143.386
M204 S1000
G1 F2400 X126.679 Y128.327 E1582.36774
M204 S10000
G0 F9600 X126.68 Y129.245
M204 S1000
G1 F2400 X119.004 Y121.57 E1582.63852
M204 S10000
G0 F9600 X119.295 Y121.569
M204 S1000
G1 F2400 X111.62 Y129.244 E1582.90927
M204 S10000
G0 F9600 X111.62 Y131.156
M204 S1000
G1 F2400 X126.68 Y146.216 E1583.44056
M204 S10000
G0 F9600 X126.679 Y145.297
M204 S1000
G1 F2400 X111.62 Y160.356 E1583.9718
M204 S10000
G0 F9600 X111.62 Y159.44
M204 S1000
G1 F2400 X126.68 Y174.5 E1584.50309
M204 S10000
G0 F9600 X126.679 Y173.581
M204 S1000
G1 F2400 X121.832 Y178.429 E1584.67409
M204 S10000
G0 F9600 X122.123 Y178.429
M204 S1000
G1 F2400 X111.62 Y167.925 E1585.04463
M204 S10000
G0 F9600 X111.62 Y168.842
M204 S1000
G1 F2400 X126.679 Y153.782 E1585.5759
M204 S10000
G0 F9600 X126.68 Y154.701
M204 S1000
G1 F2400 X111.62 Y139.641 E1586.10718
M204 S10000
G0 F9600 X111.62 Y140.557
M204 S1000
G1 F2400 X126.679 Y125.498 E1586.63843
M204 S10000
G0 F9600 X126.68 Y126.417
M204 S1000
G1 F2400 X121.833 Y121.57 E1586.80942
M204 S10000
G0 F9600 X122.123 Y121.569
M204 S1000
G1 F2400 X111.62 Y132.072 E1587.17994
M204 S10000
G0 F9600 X111.62 Y133.984
M204 S1000
G1 F2400 X126.68 Y149.044 E1587.71122
M204 S10000
G0 F9600 X126.679 Y148.126
M204 S1000
G1 F2400 X111.62 Y163.185 E1588.24247
M204 S10000
G0 F9600 X111.62 Y162.268
M204 S1000
G1 F2400 X126.68 Y177.328 E1588.77375
M204 S10000
G0 F9600 X126.679 Y176.41
M204 S1000
G1 F2400 X124.66 Y178.429 E1588.84498
M204 S10000
G0 F9600 X124.952 Y178.429
M204 S1000
G1 F2400 X111.62 Y165.097 E1589.3153
M204 S10000
G0 F9600 X111.62 Y166.013
M204 S1000
G1 F2400 X126.679 Y150.954 E1589.84655
M204 S10000
G0 F9600 X126.68 Y151.873
M204 S1000
G1 F2400 X111.62 Y136.813 E1590.37783
M204 S10000
G0 F9600 X111.62 Y137.729
M204 S1000
G1 F2400 X126.679 Y122.67 E1590.90907
M204 S10000
G0 F9600 X126.68 Y123.588
M204 S1000
G1 F2400 X124.661 Y121.57 E1590.98028
M204 S10000
G0 F9600 X124.952 Y121.569
M204 S1000
G1 F2400 X111.62 Y134.901 E1591.45061
M204 S10000
G1 F3000 E1585.45061
G0 F9600 X126.74 Y178.49
M204 S1000
;TYPE:WALL-INNER
G1 F3000 E1591.45061
G1 F1800 X126.74 Y121.51 E1592.87198
G1 X111.56 Y121.51 E1593.25064
G1 X111.56 Y178.49 E1594.67202
G1 X126.74 Y178.49 E1595.05068
M204 S10000
G0 F9600 X127.04 Y178.79
M204 S1000
G1 F1800 X127.04 Y121.21 E1596.48702
G1 X111.26 Y121.21 E1596.88065
G1 X111.26 Y178.79 E1598.31699
G1 X127.04 Y178.79 E1598.71063
M204 S10000
G0 F9600 X127.34 Y179.09
M204 S1000
G1 F1800 X127.34 Y120.91 E1600.16193
G1 X110.96 Y120.91 E1600.57053
G1 X110.96 Y179.09 E1602.02184
G1 X127.34 Y179.09 E1602.43044
M204 S10000
G0 F9600 X127.59 Y179.34
M204 S1000
;TYPE:WALL-OUTER
G1 F1800 X127.59 Y120.66 E1603.89422
G1 X110.71 Y120.66 E1604.31529
G1 X110.71 Y179.34 E1605.77907
G1 X127.59 Y179.34 E1606.20014
M204 S10000
G0 F9600 X127.59 Y179.14
G0 X126.74 Y178.578
G1 F3000 E1600.20014
;MESH:Lid_side_panel_x2.stl
G0 F9600 X127.42 Y177.327
G0 X131.73 Y177.327
G0 X132.47 Y177.327
M204 S1000
;TYPE:FILL
G1 F3000 E1606.20014
G1 F2400 X147.529 Y162.268 E1606.73139
M204 S10000
G0 F9600 X147.53 Y163.186
M204 S1000
G1 F2400 X132.469 Y148.126 E1607.26269
M204 S10000
G0 F9600 X132.47 Y149.043
M204 S1000
G1 F2400 X147.529 Y133.984 E1607.79394
M204 S10000
G0 F9600 X147.53 Y134.902
M204 S1000
G1 F2400 X134.197 Y121.57 E1608.26428
M204 S10000
G0 F9600 X134.487 Y121.57
M204 S1000
G1 F2400 X132.47 Y123.587 E1608.33543
M204 S10000
G0 F9600 X132.469 Y122.67
M204 S1000
G1 F2400 X147.53 Y137.73 E1608.86673
M204 S10000
G0 F9600 X147.529 Y136.812
M204 S1000
G1 F2400 X132.47 Y151.871 E1609.39798
M204 S10000
G0 F9600 X132.469 Y150.954
M204 S1000
G1 F2400 X147.53 Y166.015 E1609.9293
M204 S10000
G0 F9600 X147.529 Y165.096
M204 S1000
G1 F2400 X134.196 Y178.429 E1610.39965
M204 S10000
G0 F9600 X134.488 Y178.429
M204 S1000
G1 F2400 X132.469 Y176.41 E1610.47088
M204 S10000
G0 F9600 X132.47 Y174.499
M204 S1000
G1 F2400 X147.529 Y159.439 E1611.00215
M204 S10000
G0 F9600 X147.53 Y160.358
M204 S1000
G1 F2400 X132.469 Y145.297 E1611.53346
M204 S10000
G0 F9600 X132.47 Y146.214
M204 S1000
G1 F2400 X147.529 Y131.155 E1612.06471
M204 S10000
G0 F9600 X147.53 Y132.074
M204 S1000
G1 F2400 X137.025 Y121.57 E1612.43528
M204 S10000
G0 F9600 X137.315 Y121.57
M204 S1000
G1 F2400 X132.47 Y126.415 E1612.6062
M204 S10000
G0 F9600 X132.469 Y125.498
M204 S1000
G1 F2400 X147.53 Y140.559 E1613.13752
M204 S10000
G0 F9600 X147.529 Y139.64
M204 S1000
G1 F2400 X132.47 Y154.7 E1613.66879
M204 S10000
G0 F9600 X132.469 Y153.782
M204 S1000
G1 F2400 X147.53 Y168.843 E1614.2001
M204 S10000
G0 F9600 X147.529 Y167.925
M204 S1000
G1 F2400 X137.025 Y178.429 E1614.57066
M204 S10000
G0 F9600 X137.316 Y178.429
M204 S1000
G1 F2400 X132.469 Y173.581 E1614.74167
M204 S10000
G0 F9600 X132.47 Y171.67
M204 S1000
G1 F2400 X147.529 Y156.611 E1615.27292
M204 S10000
G0 F9600 X147.53 Y157.529
M204 S1000
G1 F2400 X132.469 Y142.469 E1615.80422
M204 S10000
G0 F9600 X132.47 Y143.386
M204 S1000
G1 F2400 X147.529 Y128.327 E1616.33546
M204 S10000
G0 F9600 X147.53 Y129.245
M204 S1000
G1 F2400 X139.854 Y121.57 E1616.60624
M204 S10000
G0 F9600 X140.144 Y121.57
M204 S1000
G1 F2400 X132.47 Y129.244 E1616.87696
M204 S10000
G0 F9600 X132.469 Y128.327
M204 S1000
G1 F2400 X147.53 Y143.387 E1617.40826
M204 S10000
G0 F9600 X147.529 Y142.469
M204 S1000
G1 F2400 X132.47 Y157.528 E1617.9395
M204 S10000
G0 F9600 X132.469 Y156.611
M204 S1000
G1 F2400 X147.53 Y171.672 E1618.47082
M204 S10000
G0 F9600 X147.529 Y170.753
M204 S1000
G1 F2400 X139.853 Y178.429 E1618.74161
M204 S10000
G0 F9600 X140.145 Y178.429
M204 S1000
G1 F2400 X132.469 Y170.753 E1619.01241
M204 S10000
G0 F9600 X132.47 Y168.842
M204 S1000
G1 F2400 X147.529 Y153.782 E1619.54367
M204 S10000
G0 F9600 X147.53 Y154.701
M204 S1000
G1 F2400 X132.469 Y139.64 E1620.07499
M204 S10000
G0 F9600 X132.47 Y140.557
M204 S1000
G1 F2400 X147.529 Y125.498 E1620.60623
M204 S10000
G0 F9600 X147.53 Y126.417
M204 S1000
G1 F2400 X142.682 Y121.57 E1620.77724
M204 S10000
G0 F9600 X142.972 Y121.57
M204 S1000
G1 F2400 X132.47 Y132.072 E1621.14773
M204 S10000
G0 F9600 X132.469 Y131.155
M204 S1000
G1 F2400 X147.53 Y146.216 E1621.67905
M204 S10000
G0 F9600 X147.529 Y145.297
M204 S1000
G1 F2400 X132.47 Y160.356 E1622.21029
M204 S10000
G0 F9600 X132.469 Y159.439
M204 S1000
G1 F2400 X147.53 Y174.5 E1622.74161
M204 S10000
G0 F9600 X147.529 Y173.581
M204 S1000
G1 F2400 X142.682 Y178.429 E1622.91262
M204 S10000
G0 F9600 X142.973 Y178.429
M204 S1000
G1 F2400 X132.469 Y167.925 E1623.28318
M204 S10000
G0 F9600 X132.47 Y166.013
M204 S1000
G1 F2400 X147.529 Y150.954 E1623.81442
M204 S10000
G0 F9600 X147.53 Y151.873
M204 S1000
G1 F2400 X132.469 Y136.812 E1624.34574
M204 S10000
G0 F9600 X132.47 Y137.729
M204 S1000
G1 F2400 X147.529 Y122.67 E1624.87699
M204 S10000
G0 F9600 X147.53 Y123.588
M204 S1000
G1 F2400 X145.511 Y121.57 E1624.9482
M204 S10000
G0 F9600 X145.801 Y121.57
M204 S1000
G1 F2400 X132.47 Y134.901 E1625.41848
M204 S10000
G0 F9600 X132.469 Y133.984
M204 S1000
G1 F2400 X147.53 Y149.044 E1625.94978
M204 S10000
G0 F9600 X147.529 Y148.126
M204 S1000
G1 F2400 X132.47 Y163.185 E1626.48103
M204 S10000
G0 F9600 X132.469 Y162.268
M204 S1000
G1 F2400 X147.53 Y177.328 E1627.01233
M204 S10000
G0 F9600 X147.529 Y176.41
M204 S1000
G1 F2400 X145.51 Y178.429 E1627.08356
M204 S10000
G0 F9600 X145.801 Y178.429
M204 S1000
G1 F2400 X132.469 Y165.096 E1627.5539
M204 S10000
G1 F3000 E1621.5539
G0 F9600 X147.59 Y178.49
M204 S1000
;TYPE:WALL-INNER
G1 F3000 E1627.5539
G1 F1800 X147.59 Y121.51 E1628.97527
G1 X132.41 Y121.51 E1629.35393
G1 X132.41 Y178.49 E1630.77531
G1 X147.59 Y178.49 E1631.15397
M204 S10000
G0 F9600 X147.89 Y178.79
M204 S1000
G1 F1800 X147.89 Y121.21 E1632.59031
G1 X132.11 Y121.21 E1632.98395
G1 X132.11 Y178.79 E1634.42028
G1 X147.89 Y178.79 E1634.81392
M204 S10000
G0 F9600 X148.19 Y179.09
M204 S1000
G1 F1800 X148.19 Y120.91 E1636.26522
G1 X131.81 Y120.91 E1636.67382
G1 X131.81 Y179.09 E1638.12513
G1 X148.19 Y179.09 E1638.53373
M204 S10000
G0 F9600 X148.44 Y179.34
M204 S1000
;TYPE:WALL-OUTER
G1 F1800 X148.44 Y120.66 E1639.99751
G1 X131.56 Y120.66 E1640.41858
G1 X131.56 Y179.34 E1641.88236
G1 X148.44 Y179.34 E1642.30343
M204 S10000
G0 F9600 X148.44 Y179.14
G0 X147.59 Y178.578
G1 F3000 E1636.30343
;MESH:Lid_front_panel.stl
G0 F9600 X148.27 Y177.328
G0 X152.58 Y177.328
G0 X153.32 Y177.328
M204 S1000
;TYPE:FILL
G1 F3000 E1642.30343
G1 F2400 X168.378 Y162.27 E1642.83465
M204 S10000
G0 F9600 X168.379 Y163.186
M204 S1000
G1 F2400 X153.319 Y148.126 E1643.36593
M204 S10000
G0 F9600 X153.319 Y149.044
M204 S1000
G1 F2400 X168.379 Y133.985 E1643.89719
M204 S10000
G0 F9600 X168.379 Y134.902
M204 S1000
G1 F2400 X155.047 Y121.57 E1644.36752
M204 S10000
G0 F9600 X155.338 Y121.57
M204 S1000
G1 F2400 X153.319 Y123.588 E1644.43872
M204 S10000
G0 F9600 X153.319 Y122.67
M204 S1000
G1 F2400 X168.379 Y137.73 E1644.97001
M204 S10000
G0 F9600 X168.379 Y136.813
M204 S1000
G1 F2400 X153.32 Y151.872 E1645.50125
M204 S10000
G0 F9600 X153.319 Y150.955
M204 S1000
G1 F2400 X168.379 Y166.014 E1646.03252
M204 S10000
G0 F9600 X168.378 Y165.098
M204 S1000
G1 F2400 X155.048 Y178.428 E1646.50277
M204 S10000
G0 F9600 X155.337 Y178.428
M204 S1000
G1 F2400 X153.319 Y176.411 E1646.57394
M204 S10000
G0 F9600 X153.32 Y174.499
M204 S1000
G1 F2400 X168.378 Y159.441 E1647.10515
M204 S10000
G0 F9600 X168.379 Y160.357
M204 S1000
G1 F2400 X153.319 Y145.297 E1647.63644
M204 S10000
G0 F9600 X153.319 Y146.216
M204 S1000
G1 F2400 X168.379 Y131.156 E1648.16772
M204 S10000
G0 F9600 X168.379 Y132.074
M204 S1000
G1 F2400 X157.875 Y121.57 E1648.53827
M204 S10000
G0 F9600 X158.167 Y121.57
M204 S1000
G1 F2400 X153.319 Y126.417 E1648.70928
M204 S10000
G0 F9600 X153.319 Y125.498
M204 S1000
G1 F2400 X168.379 Y140.559 E1649.24058
M204 S10000
G0 F9600 X168.379 Y139.642
M204 S1000
G1 F2400 X153.32 Y154.7 E1649.77181
M204 S10000
G0 F9600 X153.319 Y153.783
M204 S1000
G1 F2400 X168.379 Y168.842 E1650.30308
M204 S10000
G0 F9600 X168.378 Y167.927
M204 S1000
G1 F2400 X157.877 Y178.428 E1650.67353
M204 S10000
G0 F9600 X158.165 Y178.428
M204 S1000
G1 F2400 X153.319 Y173.582 E1650.84448
M204 S10000
G0 F9600 X153.32 Y171.671
M204 S1000
G1 F2400 X168.378 Y156.613 E1651.3757
M204 S10000
G0 F9600 X168.379 Y157.529
M204 S1000
G1 F2400 X153.319 Y142.469 E1651.90698
M204 S10000
G0 F9600 X153.319 Y143.387
M204 S1000
G1 F2400 X168.379 Y128.328 E1652.43824
M204 S10000
G0 F9600 X168.379 Y129.245
M204 S1000
G1 F2400 X160.704 Y121.57 E1652.709
M204 S10000
G0 F9600 X160.995 Y121.57
M204 S1000
G1 F2400 X153.319 Y129.245 E1652.97977
M204 S10000
G0 F9600 X153.319 Y128.327
M204 S1000
G1 F2400 X168.379 Y143.387 E1653.51105
M204 S10000
G0 F9600 X168.379 Y142.47
M204 S1000
G1 F2400 X153.32 Y157.529 E1654.0423
M204 S10000
G0 F9600 X153.319 Y156.612
M204 S1000
G1 F2400 X168.379 Y171.671 E1654.57357
M204 S10000
G0 F9600 X168.378 Y170.755
M204 S1000
G1 F2400 X160.705 Y178.428 E1654.84425
M204 S10000
G0 F9600 X160.994 Y178.428
M204 S1000
G1 F2400 X153.319 Y170.754 E1655.11499
M204 S10000
G0 F9600 X153.32 Y168.842
M204 S1000
G1 F2400 X168.378 Y153.785 E1655.64618
M204 S10000
G0 F9600 X168.379 Y154.7
M204 S1000
G1 F2400 X153.319 Y139.64 E1656.17747
M204 S10000
G0 F9600 X153.319 Y140.559
M204 S1000
G1 F2400 X168.379 Y125.5 E1656.70873
M204 S10000
G0 F9600 X168.379 Y126.417
M204 S1000
G1 F2400 X163.532 Y121.57 E1656.87972
M204 S10000
G0 F9600 X163.823 Y121.57
M204 S1000
G1 F2400 X153.319 Y132.074 E1657.25028
M204 S10000
G0 F9600 X153.319 Y131.155
M204 S1000
G1 F2400 X168.379 Y146.216 E1657.78158
M204 S10000
G0 F9600 X168.379 Y145.299
M204 S1000
G1 F2400 X153.32 Y160.357 E1658.31281
M204 S10000
G0 F9600 X153.319 Y159.44
M204 S1000
G1 F2400 X168.379 Y174.499 E1658.84407
M204 S10000
G0 F9600 X168.378 Y173.584
M204 S1000
G1 F2400 X163.533 Y178.428 E1659.01498
M204 S10000
G0 F9600 X163.822 Y178.428
M204 S1000
G1 F2400 X153.319 Y167.925 E1659.3855
M204 S10000
G0 F9600 X153.32 Y166.014
M204 S1000
G1 F2400 X167.244 Y152.09 E1659.8767
M204 S10000
G0 F9600 X167.243 Y150.736
M204 S1000
G1 F2400 X153.319 Y136.812 E1660.36791
M204 S10000
G0 F9600 X153.319 Y137.73
M204 S1000
G1 F2400 X168.379 Y122.671 E1660.89918
M204 S10000
G0 F9600 X168.379 Y123.588
M204 S1000
G1 F2400 X166.361 Y121.57 E1660.97037
M204 S10000
G0 F9600 X166.652 Y121.57
M204 S1000
G1 F2400 X153.319 Y134.902 E1661.44071
M204 S10000
G0 F9600 X153.319 Y133.984
M204 S1000
G1 F2400 X167.239 Y147.904 E1661.93177
M204 S10000
G0 F9600 X167.24 Y149.265
M204 S1000
G1 F2400 X153.32 Y163.186 E1662.42285
M204 S10000
G0 F9600 X153.319 Y162.268
M204 S1000
G1 F2400 X168.379 Y177.328 E1662.95414
M204 S10000
G0 F9600 X168.378 Y176.412
M204 S1000
G1 F2400 X166.362 Y178.428 E1663.02526
M204 S10000
G0 F9600 X166.65 Y178.428
M204 S1000
G1 F2400 X153.319 Y165.097 E1663.49554
M204 S10000
G1 F3000 E1657.49554
G0 F9600 X153.261 Y178.489
M204 S1000
;TYPE:WALL-INNER
G1 F3000 E1663.49554
G1 F1800 X168.439 Y178.489 E1663.87416
G1 X168.439 Y153.473 E1664.49819
G1 X167.844 Y153.321 E1664.51351
G1 X167.54 Y153.095 E1664.52296
G1 X167.351 Y152.727 E1664.53327
G1 X167.305 Y152.512 E1664.53876
G1 X167.305 Y147.488 E1664.66408
G1 X167.438 Y147.078 E1664.67484
G1 X167.614 Y146.85 E1664.68202
G1 X167.844 Y146.679 E1664.68917
G1 X168.44 Y146.527 E1664.70451
G1 X168.44 Y121.51 E1665.32856
G1 X153.26 Y121.51 E1665.70723
G1 X153.261 Y178.489 E1667.12858
M204 S10000
G0 F9600 X152.961 Y178.789
M204 S1000
G1 F1800 X168.739 Y178.789 E1667.52216
G1 X168.739 Y153.15 E1668.16173
G1 X168.35 Y153.15 E1668.17143
G1 X167.988 Y153.058 E1668.18075
G1 X167.824 Y152.936 E1668.18585
G1 X167.664 Y152.706 E1668.19284
G1 X167.604 Y152.48 E1668.19867
G1 X167.604 Y147.52 E1668.3224
G1 X167.664 Y147.294 E1668.32823
G1 X167.824 Y147.064 E1668.33522
G1 X167.988 Y146.942 E1668.34032
G1 X168.35 Y146.85 E1668.34964
G1 X168.74 Y146.85 E1668.35937
G1 X168.74 Y121.21 E1668.99896
G1 X152.96 Y121.21 E1669.39259
G1 X152.961 Y178.789 E1670.82891
M204 S10000
G0 F9600 X152.661 Y179.089
M204 S1000
G1 F1800 X169.039 Y179.089 E1671.23746
G1 X169.039 Y152.85 E1671.89199
G1 X168.35 Y152.85 E1671.90918
G1 X168.133 Y152.795 E1671.91476
G1 X168.034 Y152.722 E1671.91783
G1 X167.906 Y152.478 E1671.9247
G1 X167.902 Y147.552 E1672.04758
G1 X167.938 Y147.416 E1672.05109
G1 X168.133 Y147.205 E1672.05826
G1 X168.35 Y147.15 E1672.06384
G1 X169.04 Y147.15 E1672.08106
G1 X169.04 Y120.91 E1672.73562
G1 X152.66 Y120.91 E1673.14422
G1 X152.661 Y179.089 E1674.5955
M204 S10000
G0 F9600 X152.411 Y179.339
M204 S1000
;TYPE:WALL-OUTER
G1 F1800 X169.289 Y179.339 E1675.01652
G1 X169.289 Y152.6 E1675.68353
G1 X168.277 Y152.6 E1675.70877
G1 X168.151 Y152.422 E1675.71421
G1 X168.15 Y147.551 E1675.83572
G1 X168.272 Y147.4 E1675.84056
G1 X169.29 Y147.4 E1675.86596
G1 X169.29 Y120.66 E1676.53299
G1 X152.41 Y120.66 E1676.95406
G1 X152.411 Y179.339 E1678.41782
M204 S10000
G0 F9600 X152.611 Y179.339
G0 X153.173 Y178.489
G1 F3000 E1672.41782
;MESH:Lid_back_panel.stl
G0 F9600 X169.119 Y177.747
G0 X172.561 Y177.747
G0 X173.301 Y177.747
M204 S1000
;TYPE:FILL
G1 F3000 E1678.41782
G1 F2400 X188.359 Y162.689 E1678.94903
G1 X188.36 Y162.767
G1 X175.339 Y149.746 E1679.40838
M204 S10000
G0 F9600 X175.34 Y150.252
M204 S1000
G1 F2400 X188.359 Y137.233 E1679.86766
G1 X188.359 Y137.31
G1 X173.301 Y122.252 E1680.39887
M204 S10000
G0 F9600 X173.301 Y124.007
M204 S1000
G1 F2400 X175.737 Y121.57 E1680.48482
M204 S10000
G0 F9600 X175.448 Y121.571
M204 S1000
G1 F2400 X188.359 Y134.482 E1680.94029
G1 X188.359 Y134.405
G1 X175.341 Y147.423 E1681.39954
M204 S10000
G0 F9600 X175.34 Y146.919
M204 S1000
G1 F2400 X188.36 Y159.939 E1681.85886
G1 X188.359 Y159.86
G1 X173.301 Y174.919 E1682.39008
M204 S10000
G0 F9600 X173.3 Y175.991
M204 S1000
G1 F2400 X175.737 Y178.429 E1682.47607
M204 S10000
G0 F9600 X175.447 Y178.429
M204 S1000
G1 F2400 X188.359 Y165.517 E1682.93158
G1 X188.36 Y165.595
G1 X175.339 Y152.574 E1683.39093
M204 S10000
G0 F9600 X175.339 Y153.081
M204 S1000
G1 F2400 X188.359 Y140.062 E1683.85023
G1 X188.359 Y140.139
G1 X173.301 Y125.08 E1684.38146
M204 S10000
G0 F9600 X173.301 Y126.835
M204 S1000
G1 F2400 X178.566 Y121.57 E1684.5672
M204 S10000
G0 F9600 X178.277 Y121.571
M204 S1000
G1 F2400 X188.359 Y131.654 E1684.92288
G1 X188.359 Y131.577
G1 X175.341 Y144.594 E1685.38211
M204 S10000
G0 F9600 X175.341 Y144.091
M204 S1000
G1 F2400 X188.36 Y157.11 E1685.84139
G1 X188.359 Y157.032
G1 X173.301 Y172.09 E1686.3726
M204 S10000
G0 F9600 X173.3 Y173.163
M204 S1000
G1 F2400 X178.566 Y178.429 E1686.55837
M204 S10000
G0 F9600 X178.275 Y178.429
M204 S1000
G1 F2400 X188.359 Y168.345 E1686.91411
G1 X188.36 Y168.424
G1 X175.338 Y155.402 E1687.3735
M204 S10000
G0 F9600 X175.339 Y155.91
M204 S1000
G1 F2400 X188.359 Y142.89 E1687.83282
G1 X188.359 Y142.967
G1 X173.301 Y127.909 E1688.36403
M204 S10000
G0 F9600 X173.301 Y129.664
M204 S1000
G1 F2400 X181.394 Y121.57 E1688.64955
M204 S10000
G0 F9600 X181.105 Y121.571
M204 S1000
G1 F2400 X188.359 Y128.825 E1688.90545
G1 X188.359 Y128.748
G1 X175.342 Y141.765 E1689.36466
M204 S10000
G0 F9600 X175.341 Y141.263
M204 S1000
G1 F2400 X188.36 Y154.282 E1689.82394
G1 X188.359 Y154.203
G1 X173.301 Y169.262 E1690.35517
M204 S10000
G0 F9600 X173.3 Y170.334
M204 S1000
G1 F2400 X181.394 Y178.429 E1690.64073
M204 S10000
G0 F9600 X181.104 Y178.429
M204 S1000
G1 F2400 X188.359 Y171.174 E1690.89667
G1 X188.36 Y171.252
G1 X175.338 Y158.23 E1691.35605
M204 S10000
G0 F9600 X175.338 Y158.739
M204 S1000
G1 F2400 X188.359 Y145.719 E1691.81539
G1 X188.359 Y145.796
G1 X173.301 Y130.737 E1692.34662
M204 S10000
G0 F9600 X173.301 Y132.492
M204 S1000
G1 F2400 X184.223 Y121.57 E1692.73192
M204 S10000
G0 F9600 X183.934 Y121.571
M204 S1000
G1 F2400 X188.359 Y125.997 E1692.88804
G1 X188.359 Y125.92
G1 X175.342 Y138.936 E1693.34723
M204 S10000
G0 F9600 X175.342 Y138.435
M204 S1000
G1 F2400 X188.36 Y151.453 E1693.80648
G1 X188.359 Y151.375
G1 X175.337 Y164.397 E1694.26586
M204 S10000
G0 F9600 X175.337 Y163.886
M204 S1000
G1 F2400 X188.36 Y176.909 E1694.72529
G1 X188.359 Y176.831
G1 X186.761 Y178.429 E1694.78166
M204 S10000
G0 F9600 X187.051 Y178.429
M204 S1000
G1 F2400 X174.486 Y165.863 E1695.22494
M204 S10000
G0 F9600 X173.825 Y165.909
M204 S1000
G1 F2400 X173.301 Y166.433 E1695.24343
M204 S10000
G0 F9600 X173.3 Y167.506
M204 S1000
G1 F2400 X184.223 Y178.429 E1695.62877
M204 S10000
G0 F9600 X183.932 Y178.429
M204 S1000
G1 F2400 X188.359 Y174.002 E1695.78494
G1 X188.36 Y174.081
G1 X175.337 Y161.058 E1696.24436
M204 S10000
G0 F9600 X175.338 Y161.568
M204 S1000
G1 F2400 X188.359 Y148.547 E1696.70371
G1 X188.359 Y148.624
G1 X175.342 Y135.607 E1697.16292
M204 S10000
G0 F9600 X175.343 Y136.107
M204 S1000
G1 F2400 X188.359 Y123.091 E1697.6221
G1 X188.359 Y123.168
G1 X186.762 Y121.571 E1697.67843
M204 S10000
G0 F9600 X187.051 Y121.57
M204 S1000
G1 F2400 X174.485 Y134.136 E1698.12173
M204 S10000
G0 F9600 X173.824 Y134.089
M204 S1000
G1 F2400 X173.301 Y133.566 E1698.14018
M204 S10000
G1 F3000 E1692.14018
G0 F9600 X175.012 Y134.422
G0 X175.012 Y165.578
G0 X173.241 Y178.49
M204 S1000
;TYPE:WALL-INNER
G1 F3000 E1698.14018
G1 F1800 X188.421 Y178.49 E1698.51885
G1 X188.42 Y121.511 E1699.9402
G1 X173.242 Y121.511 E1700.31881
G1 X173.242 Y134.15 E1700.6341
G1 X174.234 Y134.15 E1700.65884
G1 X174.597 Y134.214 E1700.66804
G1 X174.816 Y134.325 E1700.67416
G1 X175.036 Y134.522 E1700.68153
G1 X175.234 Y134.878 E1700.69169
G1 X175.284 Y135.2 E1700.69982
G1 X175.279 Y164.91 E1701.44094
G1 X175.197 Y165.221 E1701.44896
G1 X175.096 Y165.4 E1701.45409
G1 X174.816 Y165.675 E1701.46388
G1 X174.596 Y165.786 E1701.47002
G1 X174.234 Y165.85 E1701.47919
G1 X173.241 Y165.85 E1701.50396
G1 X173.241 Y178.49 E1701.81927
M204 S10000
G0 F9600 X172.941 Y178.79
M204 S1000
G1 F1800 X188.721 Y178.79 E1702.2129
G1 X188.72 Y121.211 E1703.64922
G1 X172.942 Y121.211 E1704.0428
G1 X172.942 Y134.45 E1704.37305
G1 X174.234 Y134.45 E1704.40528
G1 X174.493 Y134.495 E1704.41184
G1 X174.807 Y134.715 E1704.4214
G1 X174.922 Y134.899 E1704.42681
G1 X174.98 Y135.121 E1704.43254
G1 X174.981 Y164.879 E1705.17485
G1 X174.949 Y165.03 E1705.1787
G1 X174.807 Y165.285 E1705.18598
G1 X174.493 Y165.505 E1705.19555
G1 X174.234 Y165.55 E1705.20211
G1 X172.941 Y165.55 E1705.23436
G1 X172.941 Y178.79 E1705.56463
M204 S10000
G0 F9600 X172.641 Y179.09
M204 S1000
G1 F1800 X189.021 Y179.09 E1705.97323
G1 X189.02 Y120.911 E1707.42451
G1 X172.642 Y120.911 E1707.83307
G1 X172.642 Y134.75 E1708.17828
G1 X174.234 Y134.75 E1708.21799
G1 X174.484 Y134.825 E1708.2245
G1 X174.604 Y134.942 E1708.22869
G1 X174.678 Y135.122 E1708.23354
G1 X174.682 Y164.847 E1708.97503
G1 X174.627 Y165.021 E1708.97959
G1 X174.541 Y165.13 E1708.98305
G1 X174.346 Y165.25 E1708.98876
G1 X172.641 Y165.25 E1709.03129
G1 X172.641 Y179.09 E1709.37653
M204 S10000
G0 F9600 X172.391 Y179.34
M204 S1000
;TYPE:WALL-OUTER
G1 F1800 X189.271 Y179.34 E1709.7976
G1 X189.27 Y120.661 E1711.26136
G1 X172.392 Y120.661 E1711.68238
G1 X172.392 Y135 E1712.04007
G1 X174.283 Y135 E1712.08724
G1 X174.371 Y135.053 E1712.0898
G1 X174.432 Y135.165 E1712.09298
G1 X174.432 Y164.835 E1712.83311
G1 X174.399 Y164.915 E1712.83526
G1 X174.287 Y165 E1712.83877
G1 X172.391 Y165 E1712.88607
G1 X172.391 Y179.34 E1713.24378
M204 S10000
G0 F9600 X172.591 Y179.34
G0 X173.153 Y178.49
G1 F3000 E1707.24378
;MESH:NONMESH
G0 F300 X173.153 Y178.49 Z1.36
G0 F9600 X172.555 Y165.164
G0 X127.42 Y165.164
G0 X111.82 Y122.871
;TIME_ELAPSED:3540.503842
;LAYER:6
M204 S1000
;TYPE:FILL
;MESH:Lid_side_panel_x2.stl(1)
G1 F3000 E1713.24378
G1 F2400 X126.48 Y137.53 E1713.76093
M204 S10000
G0 F9600 X126.479 Y137.012
M204 S1000
G1 F2400 X111.82 Y151.671 E1714.27807
M204 S10000
G0 F9600 X111.82 Y151.155
M204 S1000
G1 F2400 X126.48 Y165.815 E1714.79524
M204 S10000
G0 F9600 X126.479 Y165.296
M204 S1000
G1 F2400 X113.547 Y178.229 E1715.25147
G1 X113.438 Y178.229
G1 X111.82 Y176.611 E1715.30855
M204 S10000
G0 F9600 X111.82 Y177.127
M204 S1000
G1 F2400 X126.479 Y162.468 E1715.82569
M204 S10000
G0 F9600 X126.48 Y162.986
M204 S1000
G1 F2400 X111.82 Y148.326 E1716.34286
M204 S10000
G0 F9600 X111.82 Y148.843
M204 S1000
G1 F2400 X126.479 Y134.184 E1716.85999
M204 S10000
G0 F9600 X126.48 Y134.702
M204 S1000
G1 F2400 X113.547 Y121.77 E1717.31622
G1 X113.438 Y121.769
G1 X111.82 Y123.387 E1717.3733
M204 S10000
G1 F3000 E1711.3733
G0 F9600 X111.82 Y125.699
M204 S1000
G1 F3000 E1717.3733
G1 F2400 X126.48 Y140.359 E1717.89047
M204 S10000
G0 F9600 X126.479 Y139.84
M204 S1000
G1 F2400 X111.82 Y154.5 E1718.40762
M204 S10000
G0 F9600 X111.82 Y153.983
M204 S1000
G1 F2400 X126.48 Y168.643 E1718.9248
M204 S10000
G0 F9600 X126.479 Y168.125
M204 S1000
G1 F2400 X116.375 Y178.229 E1719.28124
G1 X116.266 Y178.229
G1 X111.82 Y173.782 E1719.4381
M204 S10000
G0 F9600 X111.82 Y174.298
M204 S1000
G1 F2400 X126.479 Y159.639 E1719.95524
M204 S10000
G0 F9600 X126.48 Y160.158
M204 S1000
G1 F2400 X111.82 Y145.498 E1720.47241
M204 S10000
G0 F9600 X111.82 Y146.014
M204 S1000
G1 F2400 X126.479 Y131.355 E1720.98955
M204 S10000
G0 F9600 X126.48 Y131.874
M204 S1000
G1 F2400 X116.376 Y121.77 E1721.34599
G1 X116.266 Y121.769
G1 X111.82 Y126.215 E1721.50284
M204 S10000
G1 F3000 E1715.50284
G0 F9600 X111.82 Y128.527
M204 S1000
G1 F3000 E1721.50284
G1 F2400 X126.48 Y143.187 E1722.02001
M204 S10000
G0 F9600 X126.479 Y142.669
M204 S1000
G1 F2400 X111.82 Y157.328 E1722.53714
M204 S10000
G0 F9600 X111.82 Y156.812
M204 S1000
G1 F2400 X126.48 Y171.471 E1723.0543
M204 S10000
G0 F9600 X126.479 Y170.953
M204 S1000
G1 F2400 X119.204 Y178.229 E1723.31096
G1 X119.095 Y178.229
G1 X111.82 Y170.954 E1723.56761
M204 S10000
G0 F9600 X111.82 Y171.47
M204 S1000
G1 F2400 X126.479 Y156.811 E1724.08474
M204 S10000
G0 F9600 X126.48 Y157.329
M204 S1000
G1 F2400 X111.82 Y142.67 E1724.6019
M204 S10000
G0 F9600 X111.82 Y143.186
M204 S1000
G1 F2400 X126.479 Y128.527 E1725.11903
M204 S10000
G0 F9600 X126.48 Y129.045
M204 S1000
G1 F2400 X119.204 Y121.77 E1725.37569
G1 X119.095 Y121.769
G1 X111.82 Y129.044 E1725.63234
M204 S10000
G1 F3000 E1719.63234
G0 F9600 X111.82 Y131.356
M204 S1000
G1 F3000 E1725.63234
G1 F2400 X126.48 Y146.016 E1726.14951
M204 S10000
G0 F9600 X126.479 Y145.497
M204 S1000
G1 F2400 X111.82 Y160.156 E1726.66665
M204 S10000
G0 F9600 X111.82 Y159.64
M204 S1000
G1 F2400 X126.48 Y174.3 E1727.18382
M204 S10000
G0 F9600 X126.479 Y173.782
M204 S1000
G1 F2400 X122.032 Y178.229 E1727.3407
G1 X121.923 Y178.229
G1 X111.82 Y168.125 E1727.69713
M204 S10000
G0 F9600 X111.82 Y168.642
M204 S1000
G1 F2400 X126.479 Y153.983 E1728.21426
M204 S10000
G0 F9600 X126.48 Y154.501
M204 S1000
G1 F2400 X111.82 Y139.841 E1728.73143
M204 S10000
G0 F9600 X111.82 Y140.357
M204 S1000
G1 F2400 X126.479 Y125.698 E1729.24857
M204 S10000
G0 F9600 X126.48 Y126.217
M204 S1000
G1 F2400 X122.033 Y121.77 E1729.40545
G1 X121.923 Y121.769
G1 X111.82 Y131.872 E1729.76186
M204 S10000
G1 F3000 E1723.76186
G0 F9600 X111.82 Y134.184
M204 S1000
G1 F3000 E1729.76186
G1 F2400 X126.48 Y148.844 E1730.27903
M204 S10000
G0 F9600 X126.479 Y148.326
M204 S1000
G1 F2400 X111.82 Y162.985 E1730.79617
M204 S10000
G0 F9600 X111.82 Y162.469
M204 S1000
G1 F2400 X126.48 Y177.128 E1731.31332
M204 S10000
G0 F9600 X126.479 Y176.61
M204 S1000
G1 F2400 X124.86 Y178.229 E1731.37043
G1 X124.752 Y178.229
G1 X111.82 Y165.297 E1731.82664
M204 S10000
G0 F9600 X111.82 Y165.813
M204 S1000
G1 F2400 X126.479 Y151.154 E1732.34378
M204 S10000
G0 F9600 X126.48 Y151.672
M204 S1000
G1 F2400 X111.82 Y137.013 E1732.86093
M204 S10000
G0 F9600 X111.82 Y137.529
M204 S1000
G1 F2400 X126.479 Y122.87 E1733.37807
M204 S10000
G0 F9600 X126.48 Y123.388
M204 S1000
G1 F2400 X124.861 Y121.77 E1733.43517
G1 X124.752 Y121.769
G1 X111.82 Y134.701 E1733.89138
M204 S10000
G1 F3000 E1727.89138
G0 F9600 X126.54 Y178.29
M204 S1000
;TYPE:WALL-INNER
G1 F3000 E1733.89138
G1 F1800 X126.54 Y121.71 E1735.30277
G1 X111.76 Y121.71 E1735.67146
G1 X111.76 Y178.29 E1737.08285
G1 X126.54 Y178.29 E1737.45154
M204 S10000
G0 F9600 X126.84 Y178.59
M204 S1000
G1 F1800 X126.84 Y121.41 E1738.8779
G1 X111.46 Y121.41 E1739.26156
G1 X111.46 Y178.59 E1740.68792
G1 X126.84 Y178.59 E1741.07158
M204 S10000
G0 F9600 X127.14 Y178.89
M204 S1000
G1 F1800 X127.14 Y121.11 E1742.5129
G1 X111.16 Y121.11 E1742.91153
G1 X111.16 Y178.89 E1744.35285
G1 X127.14 Y178.89 E1744.75148
M204 S10000
G0 F9600 X127.39 Y179.14
M204 S1000
;TYPE:WALL-OUTER
G1 F1800 X127.39 Y120.86 E1746.20528
G1 X110.91 Y120.86 E1746.61637
G1 X110.91 Y179.14 E1748.07017
G1 X127.39 Y179.14 E1748.48127
M204 S10000
G0 F9600 X127.39 Y178.94
G0 X126.54 Y178.378
G1 F3000 E1742.48127
;MESH:Lid_side_panel_x2.stl
G0 F9600 X127.22 Y177.127
G0 X131.93 Y177.127
G0 X132.67 Y177.127
M204 S1000
;TYPE:FILL
G1 F3000 E1748.48127
G1 F2400 X147.329 Y162.468 E1748.9984
M204 S10000
G0 F9600 X147.329 Y162.986
M204 S1000
G1 F2400 X132.669 Y148.326 E1749.51558
M204 S10000
G0 F9600 X132.67 Y148.843
M204 S1000
G1 F2400 X147.329 Y134.184 E1750.03271
M204 S10000
G0 F9600 X147.329 Y134.702
M204 S1000
G1 F2400 X134.397 Y121.77 E1750.48892
G1 X134.287 Y121.77
G1 X132.67 Y123.387 E1750.54597
M204 S10000
G0 F9600 X132.669 Y122.87
M204 S1000
G1 F2400 X147.329 Y137.53 E1751.06314
M204 S10000
G0 F9600 X147.329 Y137.012
M204 S1000
G1 F2400 X132.67 Y151.671 E1751.58027
M204 S10000
G0 F9600 X132.669 Y151.154
M204 S1000
G1 F2400 X147.329 Y165.815 E1752.09746
M204 S10000
G0 F9600 X147.329 Y165.296
M204 S1000
G1 F2400 X134.396 Y178.229 E1752.55371
G1 X134.288 Y178.229
G1 X132.669 Y176.61 E1752.61082
M204 S10000
G1 F3000 E1746.61082
G0 F9600 X132.67 Y174.298
M204 S1000
G1 F3000 E1752.61082
G1 F2400 X147.329 Y159.639 E1753.12796
M204 S10000
G0 F9600 X147.329 Y160.158
M204 S1000
G1 F2400 X132.669 Y145.497 E1753.64515
M204 S10000
G0 F9600 X132.67 Y146.014
M204 S1000
G1 F2400 X147.329 Y131.355 E1754.16228
M204 S10000
G0 F9600 X147.329 Y131.874
M204 S1000
G1 F2400 X137.226 Y121.77 E1754.51871
G1 X137.115 Y121.77
G1 X132.67 Y126.215 E1754.67552
M204 S10000
G0 F9600 X132.669 Y125.698
M204 S1000
G1 F2400 X147.329 Y140.359 E1755.19271
M204 S10000
G0 F9600 X147.329 Y139.84
M204 S1000
G1 F2400 X132.67 Y154.5 E1755.70986
M204 S10000
G0 F9600 X132.669 Y153.983
M204 S1000
G1 F2400 X147.329 Y168.643 E1756.22703
M204 S10000
G0 F9600 X147.329 Y168.125
M204 S1000
G1 F2400 X137.225 Y178.229 E1756.58348
G1 X137.116 Y178.229
G1 X132.669 Y173.782 E1756.74036
M204 S10000
G1 F3000 E1750.74036
G0 F9600 X132.67 Y171.47
M204 S1000
G1 F3000 E1756.74036
G1 F2400 X147.329 Y156.811 E1757.2575
M204 S10000
G0 F9600 X147.329 Y157.329
M204 S1000
G1 F2400 X132.669 Y142.669 E1757.77467
M204 S10000
G0 F9600 X132.67 Y143.186
M204 S1000
G1 F2400 X147.329 Y128.527 E1758.2918
M204 S10000
G0 F9600 X147.329 Y129.045
M204 S1000
G1 F2400 X140.054 Y121.77 E1758.54845
G1 X139.944 Y121.77
G1 X132.67 Y129.044 E1758.80506
M204 S10000
G0 F9600 X132.669 Y128.527
M204 S1000
G1 F2400 X147.329 Y143.187 E1759.32223
M204 S10000
G0 F9600 X147.329 Y142.669
M204 S1000
G1 F2400 X132.67 Y157.328 E1759.83937
M204 S10000
G0 F9600 X132.669 Y156.811
M204 S1000
G1 F2400 X147.329 Y171.471 E1760.35654
M204 S10000
G0 F9600 X147.329 Y170.953
M204 S1000
G1 F2400 X140.053 Y178.229 E1760.61322
G1 X139.944 Y178.229
G1 X132.669 Y170.953 E1760.86988
M204 S10000
G1 F3000 E1754.86988
G0 F9600 X132.67 Y168.642
M204 S1000
G1 F3000 E1760.86988
G1 F2400 X147.329 Y153.983 E1761.38702
M204 S10000
G0 F9600 X147.329 Y154.501
M204 S1000
G1 F2400 X132.669 Y139.84 E1761.9042
M204 S10000
G0 F9600 X132.67 Y140.357
M204 S1000
G1 F2400 X147.329 Y125.698 E1762.42134
M204 S10000
G0 F9600 X147.329 Y126.217
M204 S1000
G1 F2400 X142.882 Y121.77 E1762.57822
G1 X142.772 Y121.77
G1 X132.67 Y131.872 E1762.9346
M204 S10000
G0 F9600 X132.669 Y131.355
M204 S1000
G1 F2400 X147.329 Y146.016 E1763.45178
M204 S10000
G0 F9600 X147.329 Y145.497
M204 S1000
G1 F2400 X132.67 Y160.156 E1763.96892
M204 S10000
G0 F9600 X132.669 Y159.639
M204 S1000
G1 F2400 X147.329 Y174.3 E1764.48611
M204 S10000
G0 F9600 X147.329 Y173.782
M204 S1000
G1 F2400 X142.882 Y178.229 E1764.64299
G1 X142.773 Y178.229
G1 X132.669 Y168.125 E1764.99943
M204 S10000
G1 F3000 E1758.99943
G0 F9600 X132.67 Y165.813
M204 S1000
G1 F3000 E1764.99943
G1 F2400 X147.329 Y151.154 E1765.51657
M204 S10000
G0 F9600 X147.329 Y151.672
M204 S1000
G1 F2400 X132.669 Y137.012 E1766.03374
M204 S10000
G0 F9600 X132.67 Y137.529
M204 S1000
G1 F2400 X147.329 Y122.87 E1766.55088
M204 S10000
G0 F9600 X147.329 Y123.388
M204 S1000
G1 F2400 X145.711 Y121.77 E1766.60796
G1 X145.601 Y121.77
G1 X132.67 Y134.701 E1767.06413
M204 S10000
G0 F9600 X132.669 Y134.184
M204 S1000
G1 F2400 X147.329 Y148.844 E1767.5813
M204 S10000
G0 F9600 X147.329 Y148.326
M204 S1000
G1 F2400 X132.67 Y162.985 E1768.09844
M204 S10000
G0 F9600 X132.669 Y162.468
M204 S1000
G1 F2400 X147.329 Y177.128 E1768.61561
M204 S10000
G0 F9600 X147.329 Y176.61
M204 S1000
G1 F2400 X145.71 Y178.229 E1768.67273
G1 X145.601 Y178.229
G1 X132.669 Y165.296 E1769.12895
M204 S10000
G1 F3000 E1763.12895
G0 F9600 X147.39 Y178.29
M204 S1000
;TYPE:WALL-INNER
G1 F3000 E1769.12895
G1 F1800 X147.39 Y121.71 E1770.54035
G1 X132.61 Y121.71 E1770.90904
G1 X132.61 Y178.29 E1772.32043
G1 X147.39 Y178.29 E1772.68912
M204 S10000
G0 F9600 X147.69 Y178.59
M204 S1000
G1 F1800 X147.69 Y121.41 E1774.11548
G1 X132.31 Y121.41 E1774.49914
G1 X132.31 Y178.59 E1775.9255
G1 X147.69 Y178.59 E1776.30915
M204 S10000
G0 F9600 X147.99 Y178.89
M204 S1000
G1 F1800 X147.99 Y121.11 E1777.75048
G1 X132.01 Y121.11 E1778.1491
G1 X132.01 Y178.89 E1779.59043
G1 X147.99 Y178.89 E1779.98905
M204 S10000
G0 F9600 X148.24 Y179.14
M204 S1000
;TYPE:WALL-OUTER
G1 F1800 X148.24 Y120.86 E1781.44285
G1 X131.76 Y120.86 E1781.85395
G1 X131.76 Y179.14 E1783.30775
G1 X148.24 Y179.14 E1783.71884
M204 S10000
G0 F9600 X148.24 Y178.94
G0 X147.39 Y178.378
G1 F3000 E1777.71884
;MESH:Lid_front_panel.stl
G0 F9600 X148.07 Y177.128
G0 X152.78 Y177.128
G0 X153.52 Y177.128
M204 S1000
;TYPE:FILL
G1 F3000 E1783.71884
G1 F2400 X168.178 Y162.47 E1784.23595
M204 S10000
G0 F9600 X168.178 Y162.985
M204 S1000
G1 F2400 X153.519 Y148.326 E1784.75308
M204 S10000
G0 F9600 X153.519 Y148.844
M204 S1000
G1 F2400 X168.178 Y134.185 E1785.27022
M204 S10000
G0 F9600 X168.178 Y134.701
M204 S1000
G1 F2400 X155.247 Y121.77 E1785.72639
G1 X155.138 Y121.77
G1 X153.519 Y123.388 E1785.78349
M204 S10000
G0 F9600 X153.519 Y122.87
M204 S1000
G1 F2400 X168.178 Y137.53 E1786.30064
M204 S10000
G0 F9600 X168.178 Y137.013
M204 S1000
G1 F2400 X153.52 Y151.672 E1786.81776
M204 S10000
G0 F9600 X153.519 Y151.155
M204 S1000
G1 F2400 X168.178 Y165.814 E1787.3349
M204 S10000
G0 F9600 X168.178 Y165.298
M204 S1000
G1 F2400 X155.248 Y178.228 E1787.79104
G1 X155.137 Y178.228
G1 X153.519 Y176.611 E1787.8481
M204 S10000
G1 F3000 E1781.8481
G0 F9600 X153.52 Y174.299
M204 S1000
G1 F3000 E1787.8481
G1 F2400 X168.178 Y159.642 E1788.36518
M204 S10000
G0 F9600 X168.178 Y160.157
M204 S1000
G1 F2400 X153.519 Y145.497 E1788.88234
M204 S10000
G0 F9600 X153.519 Y146.016
M204 S1000
G1 F2400 X168.178 Y131.357 E1789.39947
M204 S10000
G0 F9600 X168.178 Y131.873
M204 S1000
G1 F2400 X158.075 Y121.77 E1789.75588
G1 X157.966 Y121.77
G1 X153.519 Y126.217 E1789.91276
M204 S10000
G0 F9600 X153.519 Y125.698
M204 S1000
G1 F2400 X168.178 Y140.358 E1790.42992
M204 S10000
G0 F9600 X168.178 Y139.842
M204 S1000
G1 F2400 X153.52 Y154.5 E1790.94702
M204 S10000
G0 F9600 X153.519 Y153.983
M204 S1000
G1 F2400 X168.178 Y168.642 E1791.46415
M204 S10000
G0 F9600 X168.178 Y168.127
M204 S1000
G1 F2400 X158.077 Y178.228 E1791.82049
G1 X157.965 Y178.228
G1 X153.519 Y173.782 E1791.97734
M204 S10000
G1 F3000 E1785.97734
G0 F9600 X153.52 Y171.471
M204 S1000
G1 F3000 E1791.97734
G1 F2400 X168.178 Y156.813 E1792.49444
M204 S10000
G0 F9600 X168.178 Y157.329
M204 S1000
G1 F2400 X153.519 Y142.669 E1793.01159
M204 S10000
G0 F9600 X153.519 Y143.187
M204 S1000
G1 F2400 X168.178 Y128.528 E1793.52873
M204 S10000
G0 F9600 X168.178 Y129.044
M204 S1000
G1 F2400 X160.904 Y121.77 E1793.78534
G1 X160.795 Y121.77
G1 X153.519 Y129.045 E1794.042
M204 S10000
G0 F9600 X153.519 Y128.527
M204 S1000
G1 F2400 X168.178 Y143.187 E1794.55915
M204 S10000
G0 F9600 X168.178 Y142.67
M204 S1000
G1 F2400 X153.52 Y157.329 E1795.07627
M204 S10000
G0 F9600 X153.519 Y156.812
M204 S1000
G1 F2400 X168.178 Y171.471 E1795.59341
M204 S10000
G0 F9600 X168.178 Y170.955
M204 S1000
G1 F2400 X160.905 Y178.228 E1795.84998
G1 X160.793 Y178.228
G1 X153.519 Y170.954 E1796.10659
M204 S10000
G1 F3000 E1790.10659
G0 F9600 X153.52 Y168.642
M204 S1000
G1 F3000 E1796.10659
G1 F2400 X168.178 Y153.985 E1796.62367
M204 S10000
G0 F9600 X168.178 Y154.5
M204 S1000
G1 F2400 X153.519 Y139.84 E1797.14083
M204 S10000
G0 F9600 X153.519 Y140.359
M204 S1000
G1 F2400 X168.178 Y125.7 E1797.65796
M204 S10000
G0 F9600 X168.178 Y126.216
M204 S1000
G1 F2400 X163.732 Y121.77 E1797.81481
G1 X163.623 Y121.77
G1 X153.519 Y131.874 E1798.17125
M204 S10000
G0 F9600 X153.519 Y131.355
M204 S1000
G1 F2400 X168.178 Y146.015 E1798.68841
M204 S10000
G0 F9600 X168.178 Y145.499
M204 S1000
G1 F2400 X153.52 Y160.157 E1799.20551
M204 S10000
G0 F9600 X153.519 Y159.64
M204 S1000
G1 F2400 X168.178 Y174.299 E1799.72264
M204 S10000
G0 F9600 X168.178 Y173.784
M204 S1000
G1 F2400 X163.734 Y178.228 E1799.87942
G1 X163.622 Y178.228
G1 X153.519 Y168.125 E1800.23583
M204 S10000
G1 F3000 E1794.23583
G0 F9600 X153.52 Y165.814
M204 S1000
G1 F3000 E1800.23583
G1 F2400 X167.239 Y152.095 E1800.7198
M204 S10000
G0 F9600 X167.241 Y150.734
M204 S1000
G1 F2400 X153.519 Y137.012 E1801.20388
M204 S10000
G0 F9600 X153.519 Y137.53
M204 S1000
G1 F2400 X168.178 Y122.871 E1801.72102
M204 S10000
G0 F9600 X168.178 Y123.388
M204 S1000
G1 F2400 X166.561 Y121.77 E1801.77808
G1 X166.452 Y121.77
G1 X153.519 Y134.702 E1802.23431
M204 S10000
G0 F9600 X153.519 Y134.184
M204 S1000
G1 F2400 X167.244 Y147.909 E1802.7185
M204 S10000
G0 F9600 X167.242 Y149.263
M204 S1000
G1 F2400 X153.52 Y162.985 E1803.20258
M204 S10000
G0 F9600 X153.519 Y162.469
M204 S1000
G1 F2400 X168.178 Y177.128 E1803.71971
M204 S10000
G0 F9600 X168.178 Y176.612
M204 S1000
G1 F2400 X166.562 Y178.228 E1803.77672
G1 X166.45 Y178.228
G1 X153.519 Y165.297 E1804.2329
M204 S10000
G1 F3000 E1798.2329
G0 F9600 X153.461 Y178.289
M204 S1000
;TYPE:WALL-INNER
G1 F3000 E1804.2329
G1 F1800 X168.239 Y178.289 E1804.60154
G1 X168.239 Y153.419 E1805.22192
G1 X167.804 Y153.298 E1805.23318
G1 X167.578 Y153.112 E1805.24049
G1 X167.416 Y152.882 E1805.2475
G1 X167.304 Y152.502 E1805.25739
G1 X167.304 Y147.498 E1805.38221
G1 X167.416 Y147.118 E1805.39209
G1 X167.578 Y146.888 E1805.39911
G1 X167.804 Y146.702 E1805.40641
G1 X168.24 Y146.58 E1805.41771
G1 X168.24 Y121.71 E1806.03809
G1 X153.46 Y121.71 E1806.40678
G1 X153.461 Y178.289 E1807.81815
M204 S10000
G0 F9600 X153.161 Y178.589
M204 S1000
G1 F1800 X168.539 Y178.589 E1808.20175
G1 X168.539 Y153.15 E1808.83633
G1 X168.35 Y153.15 E1808.84105
G1 X167.96 Y153.042 E1808.85114
G1 X167.798 Y152.909 E1808.85637
G1 X167.654 Y152.681 E1808.8631
G1 X167.603 Y152.473 E1808.86844
G1 X167.603 Y147.527 E1808.99182
G1 X167.654 Y147.319 E1808.99716
G1 X167.798 Y147.091 E1809.00389
G1 X167.96 Y146.959 E1809.0091
G1 X168.35 Y146.85 E1809.0192
G1 X168.54 Y146.85 E1809.02394
G1 X168.54 Y121.41 E1809.65854
G1 X153.16 Y121.41 E1810.0422
G1 X153.161 Y178.589 E1811.46854
M204 S10000
G0 F9600 X152.861 Y178.889
M204 S1000
G1 F1800 X168.839 Y178.889 E1811.86711
G1 X168.839 Y152.85 E1812.51665
G1 X168.35 Y152.85 E1812.52885
G1 X168.116 Y152.785 E1812.53491
G1 X168.019 Y152.706 E1812.53803
G1 X167.906 Y152.478 E1812.54438
G1 X167.902 Y147.556 E1812.66716
G1 X167.932 Y147.431 E1812.67037
G1 X168.116 Y147.215 E1812.67744
G1 X168.35 Y147.15 E1812.6835
G1 X168.84 Y147.15 E1812.69573
G1 X168.84 Y121.11 E1813.3453
G1 X152.86 Y121.11 E1813.74392
G1 X152.861 Y178.889 E1815.18522
M204 S10000
G0 F9600 X152.611 Y179.139
M204 S1000
;TYPE:WALL-OUTER
G1 F1800 X169.089 Y179.139 E1815.59627
G1 X169.089 Y152.6 E1816.25828
G1 X168.35 Y152.6 E1816.27672
G1 X168.202 Y152.536 E1816.28074
G1 X168.15 Y152.42 E1816.28391
G1 X168.15 Y147.58 E1816.40465
G1 X168.202 Y147.464 E1816.40782
G1 X168.35 Y147.4 E1816.41184
G1 X169.09 Y147.4 E1816.4303
G1 X169.09 Y120.86 E1817.09234
G1 X152.61 Y120.86 E1817.50344
G1 X152.611 Y179.139 E1818.95721
M204 S10000
G0 F9600 X152.811 Y179.139
G0 X153.373 Y178.289
G1 F3000 E1812.95721
;MESH:Lid_back_panel.stl
G0 F9600 X168.919 Y177.547
G0 X172.761 Y177.547
G0 X173.501 Y177.547
M204 S1000
;TYPE:FILL
G1 F3000 E1818.95721
G1 F2400 X188.159 Y162.889 E1819.47431
M204 S10000
G0 F9600 X188.16 Y162.567
M204 S1000
G1 F2400 X175.539 Y149.946 E1819.91955
G1 X175.541 Y150.051
G1 X188.159 Y137.433 E1820.36469
M204 S10000
G0 F9600 X188.16 Y137.111
M204 S1000
G1 F2400 X173.501 Y122.452 E1820.88182
M204 S10000
G0 F9600 X173.501 Y123.807
M204 S1000
G1 F2400 X175.537 Y121.77 E1820.95367
G1 X175.648 Y121.77
G1 X188.16 Y134.283 E1821.39508
M204 S10000
G0 F9600 X188.159 Y134.604
M204 S1000
G1 F2400 X175.54 Y147.223 E1821.84025
G1 X175.539 Y147.118
G1 X188.16 Y159.738 E1822.28547
M204 S10000
G0 F9600 X188.159 Y160.06
M204 S1000
G1 F2400 X173.501 Y174.719 E1822.80259
M204 S10000
G0 F9600 X173.5 Y173.363
M204 S1000
G1 F2400 X178.366 Y178.229 E1822.97425
G1 X178.475 Y178.229
G1 X188.159 Y168.545 E1823.31588
M204 S10000
G0 F9600 X188.16 Y168.224
M204 S1000
G1 F2400 X175.541 Y155.605 E1823.76105
G1 X175.542 Y155.707
G1 X188.159 Y143.09 E1824.20615
M204 S10000
G0 F9600 X188.16 Y142.768
M204 S1000
G1 F2400 X173.501 Y128.109 E1824.72328
M204 S10000
G0 F9600 X173.501 Y129.464
M204 S1000
G1 F2400 X181.194 Y121.77 E1824.99469
G1 X181.305 Y121.77
G1 X188.16 Y128.626 E1825.23654
M204 S10000
G0 F9600 X188.159 Y128.947
M204 S1000
G1 F2400 X175.539 Y141.568 E1825.68176
G1 X175.538 Y141.46
G1 X188.16 Y154.082 E1826.12704
M204 S10000
G0 F9600 X188.159 Y154.403
M204 S1000
G1 F2400 X173.5 Y169.062 E1826.64417
M204 S10000
G0 F9600 X173.499 Y167.705
M204 S1000
G1 F2400 X184.023 Y178.229 E1827.01543
G1 X184.132 Y178.229
G1 X188.159 Y174.202 E1827.1575
M204 S10000
G0 F9600 X188.16 Y173.881
M204 S1000
G1 F2400 X175.542 Y161.263 E1827.60263
G1 X175.543 Y161.363
G1 X188.159 Y148.746 E1828.04771
M204 S10000
G0 F9600 X188.16 Y148.425
M204 S1000
G1 F2400 X175.537 Y135.802 E1828.49302
G1 X175.538 Y135.912
G1 X188.159 Y123.291 E1828.93826
M204 S10000
G0 F9600 X188.16 Y122.969
M204 S1000
G1 F2400 X186.961 Y121.77 E1828.98056
G1 X186.851 Y121.77
G1 X174.516 Y134.106 E1829.41573
M204 S10000
G0 F9600 X173.825 Y134.09
M204 S1000
G1 F2400 X173.501 Y133.766 E1829.42716
M204 S10000
G0 F9600 X173.501 Y132.292
M204 S1000
G1 F2400 X184.023 Y121.77 E1829.79835
G1 X184.133 Y121.77
G1 X188.16 Y125.797 E1829.94041
M204 S10000
G0 F9600 X188.159 Y126.119
M204 S1000
G1 F2400 X175.538 Y138.74 E1830.38565
G1 X175.537 Y138.631
G1 X188.16 Y151.253 E1830.83095
M204 S10000
G0 F9600 X188.159 Y151.575
M204 S1000
G1 F2400 X175.543 Y164.191 E1831.27601
G1 X175.542 Y164.091
G1 X188.16 Y176.709 E1831.72114
M204 S10000
G0 F9600 X188.159 Y177.031
M204 S1000
G1 F2400 X186.961 Y178.229 E1831.76341
G1 X186.851 Y178.229
G1 X174.516 Y165.894 E1832.19856
M204 S10000
G0 F9600 X173.825 Y165.909
M204 S1000
G1 F2400 X173.5 Y166.234 E1832.21002
M204 S10000
G1 F3000 E1826.21002
G0 F9600 X173.499 Y170.534
M204 S1000
G1 F3000 E1832.21002
G1 F2400 X181.194 Y178.229 E1832.48148
G1 X181.304 Y178.229
G1 X188.159 Y171.374 E1832.72331
M204 S10000
G0 F9600 X188.16 Y171.052
M204 S1000
G1 F2400 X175.542 Y158.434 E1833.16845
G1 X175.542 Y158.535
G1 X188.159 Y145.918 E1833.61355
M204 S10000
G0 F9600 X188.16 Y145.596
M204 S1000
G1 F2400 X173.501 Y130.937 E1834.13068
M204 S10000
G1 F3000 E1828.13068
G0 F9600 X173.501 Y126.635
M204 S1000
G1 F3000 E1834.13068
G1 F2400 X178.366 Y121.77 E1834.30231
G1 X178.476 Y121.77
G1 X188.16 Y131.454 E1834.64394
M204 S10000
G0 F9600 X188.159 Y131.776
M204 S1000
G1 F2400 X175.539 Y144.396 E1835.08914
G1 X175.539 Y144.289
G1 X188.16 Y156.91 E1835.53438
M204 S10000
G0 F9600 X188.159 Y157.232
M204 S1000
G1 F2400 X173.5 Y171.891 E1836.05152
M204 S10000
G1 F3000 E1830.05152
G0 F9600 X173.5 Y176.191
M204 S1000
G1 F3000 E1836.05152
G1 F2400 X175.537 Y178.229 E1836.1234
G1 X175.647 Y178.229
G1 X188.159 Y165.717 E1836.56479
M204 S10000
G0 F9600 X188.16 Y165.395
M204 S1000
G1 F2400 X175.54 Y152.776 E1837.00998
G1 X175.541 Y152.88
G1 X188.159 Y140.261 E1837.45513
M204 S10000
G0 F9600 X188.16 Y139.939
M204 S1000
G1 F2400 X173.501 Y125.28 E1837.97226
M204 S10000
G1 F3000 E1831.97226
G0 F9600 X175.212 Y134.422
G0 X175.212 Y165.578
G0 X173.441 Y178.29
M204 S1000
;TYPE:WALL-INNER
G1 F3000 E1837.97226
G1 F1800 X188.221 Y178.29 E1838.34095
G1 X188.22 Y121.711 E1839.75232
G1 X173.442 Y121.711 E1840.12096
G1 X173.442 Y134.15 E1840.43125
G1 X174.434 Y134.15 E1840.456
G1 X174.791 Y134.212 E1840.46504
G1 X175.009 Y134.32 E1840.47111
G1 X175.292 Y134.593 E1840.48091
G1 X175.433 Y134.874 E1840.48876
G1 X175.479 Y135.088 E1840.49422
G1 X175.479 Y164.911 E1841.23815
G1 X175.433 Y165.126 E1841.24364
G1 X175.292 Y165.407 E1841.25148
G1 X175.008 Y165.68 E1841.26131
G1 X174.79 Y165.789 E1841.26739
G1 X174.434 Y165.85 E1841.2764
G1 X173.441 Y165.85 E1841.30117
G1 X173.441 Y178.29 E1841.61149
M204 S10000
G0 F9600 X173.141 Y178.59
M204 S1000
G1 F1800 X188.521 Y178.59 E1841.99514
G1 X188.52 Y121.411 E1843.42148
G1 X173.142 Y121.411 E1843.80508
G1 X173.142 Y134.45 E1844.13034
G1 X174.434 Y134.45 E1844.16257
G1 X174.689 Y134.494 E1844.16903
G1 X175.003 Y134.71 E1844.17853
G1 X175.148 Y134.967 E1844.18589
G1 X175.18 Y135.12 E1844.18979
G1 X175.181 Y164.88 E1844.93216
G1 X175.148 Y165.033 E1844.93606
G1 X175.003 Y165.29 E1844.94343
G1 X174.689 Y165.506 E1844.95293
G1 X174.434 Y165.55 E1844.95939
G1 X173.141 Y165.55 E1844.99164
G1 X173.141 Y178.59 E1845.31693
M204 S10000
G0 F9600 X172.841 Y178.89
M204 S1000
G1 F1800 X188.821 Y178.89 E1845.71555
G1 X188.82 Y121.111 E1847.15685
G1 X172.842 Y121.111 E1847.55542
G1 X172.842 Y134.75 E1847.89565
G1 X174.549 Y134.75 E1847.93823
G1 X174.776 Y134.906 E1847.9451
G1 X174.878 Y135.122 E1847.95106
G1 X174.882 Y164.848 E1848.69258
G1 X174.776 Y165.094 E1848.69926
G1 X174.549 Y165.25 E1848.70613
G1 X172.841 Y165.25 E1848.74874
G1 X172.841 Y178.89 E1849.08899
M204 S10000
G0 F9600 X172.591 Y179.14
M204 S1000
;TYPE:WALL-OUTER
G1 F1800 X189.071 Y179.14 E1849.50008
G1 X189.07 Y120.861 E1850.95386
G1 X172.592 Y120.861 E1851.36491
G1 X172.592 Y135 E1851.7176
G1 X174.484 Y135 E1851.7648
G1 X174.633 Y135.149 E1851.77006
G1 X174.632 Y164.835 E1852.51058
G1 X174.598 Y164.916 E1852.51277
G1 X174.488 Y165 E1852.51622
G1 X172.591 Y165 E1852.56354
G1 X172.591 Y179.14 E1852.91627
M204 S10000
G0 F9600 X172.791 Y179.14
G0 X173.353 Y178.29
G1 F3000 E1846.91627
;MESH:NONMESH
G0 F300 X173.353 Y178.29 Z1.56
G0 F9600 X172.761 Y178.09
G0 X127.22 Y178.09
G0 X126.34 Y178.09
;TIME_ELAPSED:3733.805096
;LAYER:7
M204 S1000
;TYPE:WALL-INNER
;MESH:Lid_side_panel_x2.stl(1)
G1 F3000 E1852.91627
G1 F1800 X126.34 Y121.91 E1854.31768
G1 X111.96 Y121.91 E1854.67639
G1 X111.96 Y178.09 E1856.07781
G1 X126.34 Y178.09 E1856.43652
M204 S10000
G0 F9600 X126.64 Y178.39
M204 S1000
G1 F1800 X126.64 Y121.61 E1857.8529
G1 X111.66 Y121.61 E1858.22658
G1 X111.66 Y178.39 E1859.64296
G1 X126.64 Y178.39 E1860.01664
M204 S10000
G0 F9600 X126.94 Y178.69
M204 S1000
G1 F1800 X126.94 Y121.31 E1861.44799
G1 X111.36 Y121.31 E1861.83663
G1 X111.36 Y178.69 E1863.26798
G1 X126.94 Y178.69 E1863.65663
M204 S10000
G0 F9600 X127.19 Y178.94
M204 S1000
;TYPE:WALL-OUTER
G1 F1800 X127.19 Y121.06 E1865.10045
G1 X111.11 Y121.06 E1865.50157
G1 X111.11 Y178.94 E1866.94539
G1 X127.19 Y178.94 E1867.34651
M204 S10000
G0 F9600 X127.19 Y178.74
G0 X126.94 Y178.74
G0 X126.29 Y177.82
G0 X126.07 Y177.82
M204 S1000
;TYPE:SKIN
G1 F1200 X112.23 Y177.82 E1867.69175
G1 X112.23 Y122.18 E1869.07969
G1 X126.07 Y122.18 E1869.42493
G1 X126.07 Y177.82 E1870.81288
M204 S10000
G0 F9600 X125.679 Y177.669
M204 S1000
G1 F1200 X125.919 Y177.429 E1870.82135
M204 S10000
G0 F9600 X125.919 Y177.005
M204 S1000
G1 F1200 X125.254 Y177.669 E1870.84479
M204 S10000
G0 F9600 X124.83 Y177.669
M204 S1000
G1 F1200 X125.919 Y176.58 E1870.88321
M204 S10000
G0 F9600 X125.919 Y176.156
M204 S1000
G1 F1200 X124.406 Y177.669 E1870.93658
M204 S10000
G0 F9600 X123.981 Y177.669
M204 S1000
G1 F1200 X125.919 Y175.732 E1871.00493
M204 S10000
G0 F9600 X125.919 Y175.308
M204 S1000
G1 F1200 X123.557 Y177.669 E1871.08824
M204 S10000
G0 F9600 X123.133 Y177.669
M204 S1000
G1 F1200 X125.919 Y174.883 E1871.18652
M204 S10000
G0 F9600 X125.919 Y174.459
M204 S1000
G1 F1200 X122.709 Y177.669 E1871.29976
M204 S10000
G0 F9600 X122.284 Y177.669
M204 S1000
G1 F1200 X125.919 Y174.035 E1871.42798
M204 S10000
G0 F9600 X125.919 Y173.61
M204 S1000
G1 F1200 X121.86 Y177.669 E1871.57117
M204 S10000
G0 F9600 X121.436 Y177.669
M204 S1000
G1 F1200 X125.919 Y173.186 E1871.72932
M204 S10000
G0 F9600 X125.919 Y172.762
M204 S1000
G1 F1200 X121.012 Y177.669 E1871.90243
M204 S10000
G0 F9600 X120.587 Y177.669
M204 S1000
G1 F1200 X125.919 Y172.338 E1872.09051
M204 S10000
G0 F9600 X125.919 Y171.913
M204 S1000
G1 F1200 X120.163 Y177.669 E1872.29357
M204 S10000
G0 F9600 X119.739 Y177.669
M204 S1000
G1 F1200 X125.919 Y171.489 E1872.51159
M204 S10000
G0 F9600 X125.919 Y171.065
M204 S1000
G1 F1200 X119.315 Y177.669 E1872.74456
M204 S10000
G0 F9600 X118.89 Y177.669
M204 S1000
G1 F1200 X125.919 Y170.641 E1872.99251
M204 S10000
G0 F9600 X125.919 Y170.216
M204 S1000
G1 F1200 X118.466 Y177.669 E1873.25544
M204 S10000
G0 F9600 X118.042 Y177.669
M204 S1000
G1 F1200 X125.919 Y169.792 E1873.53332
M204 S10000
G0 F9600 X125.919 Y169.368
M204 S1000
G1 F1200 X117.618 Y177.669 E1873.82616
M204 S10000
G0 F9600 X117.193 Y177.669
M204 S1000
G1 F1200 X125.919 Y168.944 E1874.13397
M204 S10000
G0 F9600 X125.919 Y168.519
M204 S1000
G1 F1200 X116.769 Y177.669 E1874.45677
M204 S10000
G0 F9600 X116.345 Y177.669
M204 S1000
G1 F1200 X125.919 Y168.095 E1874.79451
M204 S10000
G0 F9600 X125.919 Y167.671
M204 S1000
G1 F1200 X115.92 Y177.669 E1875.14724
M204 S10000
G0 F9600 X115.496 Y177.669
M204 S1000
G1 F1200 X125.919 Y167.247 E1875.51492
M204 S10000
G0 F9600 X125.919 Y166.822
M204 S1000
G1 F1200 X115.072 Y177.669 E1875.89758
M204 S10000
G0 F9600 X114.648 Y177.669
M204 S1000
G1 F1200 X125.919 Y166.398 E1876.29519
M204 S10000
G0 F9600 X125.919 Y165.974
M204 S1000
G1 F1200 X114.223 Y177.669 E1876.70778
M204 S10000
G0 F9600 X113.799 Y177.669
M204 S1000
G1 F1200 X125.919 Y165.549 E1877.13535
M204 S10000
G0 F9600 X125.919 Y165.125
M204 S1000
G1 F1200 X113.375 Y177.669 E1877.57787
M204 S10000
G0 F9600 X112.951 Y177.669
M204 S1000
G1 F1200 X125.919 Y164.701 E1878.03535
M204 S10000
G0 F9600 X125.919 Y164.277
M204 S1000
G1 F1200 X112.526 Y177.669 E1878.50781
M204 S10000
G0 F9600 X112.38 Y177.391
M204 S1000
G1 F1200 X125.919 Y163.852 E1878.98543
M204 S10000
G0 F9600 X125.919 Y163.428
M204 S1000
G1 F1200 X112.38 Y176.967 E1879.46306
M204 S10000
G0 F9600 X112.38 Y176.543
M204 S1000
G1 F1200 X125.919 Y163.004 E1879.94068
M204 S10000
G0 F9600 X125.919 Y162.58
M204 S1000
G1 F1200 X112.38 Y176.119 E1880.41831
M204 S10000
G0 F9600 X112.38 Y175.694
M204 S1000
G1 F1200 X125.919 Y162.155 E1880.89593
M204 S10000
G0 F9600 X125.919 Y161.731
M204 S1000
G1 F1200 X112.38 Y175.27 E1881.37356
M204 S10000
G0 F9600 X112.38 Y174.846
M204 S1000
G1 F1200 X125.919 Y161.307 E1881.85118
M204 S10000
G0 F9600 X125.919 Y160.883
M204 S1000
G1 F1200 X112.38 Y174.422 E1882.32881
M204 S10000
G0 F9600 X112.38 Y173.997
M204 S1000
G1 F1200 X125.919 Y160.458 E1882.80643
M204 S10000
G0 F9600 X125.919 Y160.034
M204 S1000
G1 F1200 X112.38 Y173.573 E1883.28406
M204 S10000
G0 F9600 X112.38 Y173.149
M204 S1000
G1 F1200 X125.919 Y159.61 E1883.76168
M204 S10000
G0 F9600 X125.919 Y159.185
M204 S1000
G1 F1200 X112.38 Y172.724 E1884.23931
M204 S10000
G0 F9600 X112.38 Y172.3
M204 S1000
G1 F1200 X125.919 Y158.761 E1884.71693
M204 S10000
G0 F9600 X125.919 Y158.337
M204 S1000
G1 F1200 X112.38 Y171.876 E1885.19456
M204 S10000
G0 F9600 X112.38 Y171.452
M204 S1000
G1 F1200 X125.919 Y157.913 E1885.67218
M204 S10000
G0 F9600 X125.919 Y157.488
M204 S1000
G1 F1200 X112.38 Y171.027 E1886.14981
M204 S10000
G0 F9600 X112.38 Y170.603
M204 S1000
G1 F1200 X125.919 Y157.064 E1886.62743
M204 S10000
G0 F9600 X125.919 Y156.64
M204 S1000
G1 F1200 X112.38 Y170.179 E1887.10506
M204 S10000
G0 F9600 X112.38 Y169.755
M204 S1000
G1 F1200 X125.919 Y156.216 E1887.58268
M204 S10000
G0 F9600 X125.919 Y155.791
M204 S1000
G1 F1200 X112.38 Y169.33 E1888.06031
M204 S10000
G0 F9600 X112.38 Y168.906
M204 S1000
G1 F1200 X125.919 Y155.367 E1888.53793
M204 S10000
G0 F9600 X125.919 Y154.943
M204 S1000
G1 F1200 X112.38 Y168.482 E1889.01556
M204 S10000
G0 F9600 X112.38 Y168.058
M204 S1000
G1 F1200 X125.919 Y154.519 E1889.49318
M204 S10000
G0 F9600 X125.919 Y154.094
M204 S1000
G1 F1200 X112.38 Y167.633 E1889.9708
M204 S10000
G0 F9600 X112.38 Y167.209
M204 S1000
G1 F1200 X125.919 Y153.67 E1890.44843
M204 S10000
G0 F9600 X125.919 Y153.246
M204 S1000
G1 F1200 X112.38 Y166.785 E1890.92605
M204 S10000
G0 F9600 X112.38 Y166.361
M204 S1000
G1 F1200 X125.919 Y152.822 E1891.40368
M204 S10000
G0 F9600 X125.919 Y152.397
M204 S1000
G1 F1200 X112.38 Y165.936 E1891.8813
M204 S10000
G0 F9600 X112.38 Y165.512
M204 S1000
G1 F1200 X125.919 Y151.973 E1892.35893
M204 S10000
G0 F9600 X125.919 Y151.549
M204 S1000
G1 F1200 X112.38 Y165.088 E1892.83655
M204 S10000
G0 F9600 X112.38 Y164.663
M204 S1000
G1 F1200 X125.919 Y151.124 E1893.31418
M204 S10000
G0 F9600 X125.919 Y150.7
M204 S1000
G1 F1200 X112.38 Y164.239 E1893.7918
M204 S10000
G0 F9600 X112.38 Y163.815
M204 S1000
G1 F1200 X125.919 Y150.276 E1894.26943
M204 S10000
G0 F9600 X125.919 Y149.852
M204 S1000
G1 F1200 X112.38 Y163.391 E1894.74705
M204 S10000
G0 F9600 X112.38 Y162.966
M204 S1000
G1 F1200 X125.919 Y149.427 E1895.22468
M204 S10000
G0 F9600 X125.919 Y149.003
M204 S1000
G1 F1200 X112.38 Y162.542 E1895.7023
M204 S10000
G0 F9600 X112.38 Y162.118
M204 S1000
G1 F1200 X125.919 Y148.579 E1896.17993
M204 S10000
G0 F9600 X125.919 Y148.155
M204 S1000
G1 F1200 X112.38 Y161.694 E1896.65755
M204 S10000
G0 F9600 X112.38 Y161.269
M204 S1000
G1 F1200 X125.919 Y147.73 E1897.13518
M204 S10000
G0 F9600 X125.919 Y147.306
M204 S1000
G1 F1200 X112.38 Y160.845 E1897.6128
M204 S10000
G0 F9600 X112.38 Y160.421
M204 S1000
G1 F1200 X125.919 Y146.882 E1898.09043
M204 S10000
G0 F9600 X125.919 Y146.458
M204 S1000
G1 F1200 X112.38 Y159.997 E1898.56805
M204 S10000
G0 F9600 X112.38 Y159.572
M204 S1000
G1 F1200 X125.919 Y146.033 E1899.04568
M204 S10000
G0 F9600 X125.919 Y145.609
M204 S1000
G1 F1200 X112.38 Y159.148 E1899.5233
M204 S10000
G0 F9600 X112.38 Y158.724
M204 S1000
G1 F1200 X125.919 Y145.185 E1900.00093
M204 S10000
G0 F9600 X125.919 Y144.761
M204 S1000
G1 F1200 X112.38 Y158.299 E1900.47853
M204 S10000
G0 F9600 X112.38 Y157.875
M204 S1000
G1 F1200 X125.919 Y144.336 E1900.95616
M204 S10000
G0 F9600 X125.919 Y143.912
M204 S1000
G1 F1200 X112.38 Y157.451 E1901.43378
M204 S10000
G0 F9600 X112.38 Y157.027
M204 S1000
G1 F1200 X125.919 Y143.488 E1901.91141
M204 S10000
G0 F9600 X125.919 Y143.063
M204 S1000
G1 F1200 X112.38 Y156.602 E1902.38903
M204 S10000
G0 F9600 X112.38 Y156.178
M204 S1000
G1 F1200 X125.919 Y142.639 E1902.86666
M204 S10000
G0 F9600 X125.919 Y142.215
M204 S1000
G1 F1200 X112.38 Y155.754 E1903.34428
M204 S10000
G0 F9600 X112.38 Y155.33
M204 S1000
G1 F1200 X125.919 Y141.791 E1903.82191
M204 S10000
G0 F9600 X125.919 Y141.366
M204 S1000
G1 F1200 X112.38 Y154.905 E1904.29953
M204 S10000
G0 F9600 X112.38 Y154.481
M204 S1000
G1 F1200 X125.919 Y140.942 E1904.77716
M204 S10000
G0 F9600 X125.919 Y140.518
M204 S1000
G1 F1200 X112.38 Y154.057 E1905.25478
M204 S10000
G0 F9600 X112.38 Y153.633
M204 S1000
G1 F1200 X125.919 Y140.094 E1905.73241
M204 S10000
G0 F9600 X125.919 Y139.669
M204 S1000
G1 F1200 X112.38 Y153.208 E1906.21003
M204 S10000
G0 F9600 X112.38 Y152.784
M204 S1000
G1 F1200 X125.919 Y139.245 E1906.68765
M204 S10000
G0 F9600 X125.919 Y138.821
M204 S1000
G1 F1200 X112.38 Y152.36 E1907.16528
M204 S10000
G0 F9600 X112.38 Y151.936
M204 S1000
G1 F1200 X125.919 Y138.397 E1907.6429
M204 S10000
G0 F9600 X125.919 Y137.972
M204 S1000
G1 F1200 X112.38 Y151.511 E1908.12053
M204 S10000
G0 F9600 X112.38 Y151.087
M204 S1000
G1 F1200 X125.919 Y137.548 E1908.59815
M204 S10000
G0 F9600 X125.919 Y137.124
M204 S1000
G1 F1200 X112.38 Y150.663 E1909.07578
M204 S10000
G0 F9600 X112.38 Y150.238
M204 S1000
G1 F1200 X125.919 Y136.7 E1909.55339
M204 S10000
G0 F9600 X125.919 Y136.275
M204 S1000
G1 F1200 X112.38 Y149.814 E1910.03101
M204 S10000
G0 F9600 X112.38 Y149.39
M204 S1000
G1 F1200 X125.919 Y135.851 E1910.50864
M204 S10000
G0 F9600 X125.919 Y135.427
M204 S1000
G1 F1200 X112.38 Y148.966 E1910.98626
M204 S10000
G0 F9600 X112.38 Y148.541
M204 S1000
G1 F1200 X125.919 Y135.002 E1911.46388
M204 S10000
G0 F9600 X125.919 Y134.578
M204 S1000
G1 F1200 X112.38 Y148.117 E1911.94151
M204 S10000
G0 F9600 X112.38 Y147.693
M204 S1000
G1 F1200 X125.919 Y134.154 E1912.41913
M204 S10000
G0 F9600 X125.919 Y133.73
M204 S1000
G1 F1200 X112.38 Y147.269 E1912.89676
M204 S10000
G0 F9600 X112.38 Y146.844
M204 S1000
G1 F1200 X125.919 Y133.305 E1913.37438
M204 S10000
G0 F9600 X125.919 Y132.881
M204 S1000
G1 F1200 X112.38 Y146.42 E1913.85201
M204 S10000
G0 F9600 X112.38 Y145.996
M204 S1000
G1 F1200 X125.919 Y132.457 E1914.32963
M204 S10000
G0 F9600 X125.919 Y132.033
M204 S1000
G1 F1200 X112.38 Y145.572 E1914.80726
M204 S10000
G0 F9600 X112.38 Y145.147
M204 S1000
G1 F1200 X125.919 Y131.608 E1915.28488
M204 S10000
G0 F9600 X125.919 Y131.184
M204 S1000
G1 F1200 X112.38 Y144.723 E1915.76251
M204 S10000
G0 F9600 X112.38 Y144.299
M204 S1000
G1 F1200 X125.919 Y130.76 E1916.24013
M204 S10000
G0 F9600 X125.919 Y130.336
M204 S1000
G1 F1200 X112.38 Y143.875 E1916.71776
M204 S10000
G0 F9600 X112.38 Y143.45
M204 S1000
G1 F1200 X125.919 Y129.911 E1917.19538
M204 S10000
G0 F9600 X125.919 Y129.487
M204 S1000
G1 F1200 X112.38 Y143.026 E1917.67301
M204 S10000
G0 F9600 X112.38 Y142.602
M204 S1000
G1 F1200 X125.919 Y129.063 E1918.15063
M204 S10000
G0 F9600 X125.919 Y128.638
M204 S1000
G1 F1200 X112.38 Y142.177 E1918.62826
M204 S10000
G0 F9600 X112.38 Y141.753
M204 S1000
G1 F1200 X125.919 Y128.214 E1919.10588
M204 S10000
G0 F9600 X125.919 Y127.79
M204 S1000
G1 F1200 X112.38 Y141.329 E1919.58351
M204 S10000
G0 F9600 X112.38 Y140.905
M204 S1000
G1 F1200 X125.919 Y127.366 E1920.06113
M204 S10000
G0 F9600 X125.919 Y126.941
M204 S1000
G1 F1200 X112.38 Y140.48 E1920.53876
M204 S10000
G0 F9600 X112.38 Y140.056
M204 S1000
G1 F1200 X125.919 Y126.517 E1921.01638
M204 S10000
G0 F9600 X125.919 Y126.093
M204 S1000
G1 F1200 X112.38 Y139.632 E1921.49401
M204 S10000
G0 F9600 X112.38 Y139.208
M204 S1000
G1 F1200 X125.919 Y125.669 E1921.97163
M204 S10000
G0 F9600 X125.919 Y125.244
M204 S1000
G1 F1200 X112.38 Y138.783 E1922.44926
M204 S10000
G0 F9600 X112.38 Y138.359
M204 S1000
G1 F1200 X125.919 Y124.82 E1922.92688
M204 S10000
G0 F9600 X125.919 Y124.396
M204 S1000
G1 F1200 X112.38 Y137.935 E1923.4045
M204 S10000
G0 F9600 X112.38 Y137.511
M204 S1000
G1 F1200 X125.919 Y123.972 E1923.88213
M204 S10000
G0 F9600 X125.919 Y123.547
M204 S1000
G1 F1200 X112.38 Y137.086 E1924.35975
M204 S10000
G0 F9600 X112.38 Y136.662
M204 S1000
G1 F1200 X125.919 Y123.123 E1924.83738
M204 S10000
G0 F9600 X125.919 Y122.699
M204 S1000
G1 F1200 X112.38 Y136.238 E1925.315
M204 S10000
G0 F9600 X112.38 Y135.813
M204 S1000
G1 F1200 X125.865 Y122.329 E1925.79071
M204 S10000
G0 F9600 X125.44 Y122.329
M204 S1000
G1 F1200 X112.38 Y135.389 E1926.25143
M204 S10000
G0 F9600 X112.38 Y134.965
M204 S1000
G1 F1200 X125.016 Y122.329 E1926.6972
M204 S10000
G0 F9600 X124.592 Y122.329
M204 S1000
G1 F1200 X112.38 Y134.541 E1927.12801
M204 S10000
G0 F9600 X112.38 Y134.116
M204 S1000
G1 F1200 X124.167 Y122.329 E1927.54383
M204 S10000
G0 F9600 X123.743 Y122.329
M204 S1000
G1 F1200 X112.38 Y133.692 E1927.94469
M204 S10000
G0 F9600 X112.38 Y133.268
M204 S1000
G1 F1200 X123.319 Y122.329 E1928.33059
M204 S10000
G0 F9600 X122.895 Y122.329
M204 S1000
G1 F1200 X112.38 Y132.844 E1928.70154
M204 S10000
G0 F9600 X112.38 Y132.419
M204 S1000
G1 F1200 X122.47 Y122.329 E1929.05749
M204 S10000
G0 F9600 X122.046 Y122.329
M204 S1000
G1 F1200 X112.38 Y131.995 E1929.39849
M204 S10000
G0 F9600 X112.38 Y131.571
M204 S1000
G1 F1200 X121.622 Y122.329 E1929.72452
M204 S10000
G0 F9600 X121.198 Y122.329
M204 S1000
G1 F1200 X112.38 Y131.147 E1930.0356
M204 S10000
G0 F9600 X112.38 Y130.722
M204 S1000
G1 F1200 X120.773 Y122.329 E1930.33169
M204 S10000
G0 F9600 X120.349 Y122.329
M204 S1000
G1 F1200 X112.38 Y130.298 E1930.61281
M204 S10000
G0 F9600 X112.38 Y129.874
M204 S1000
G1 F1200 X119.925 Y122.329 E1930.87899
M204 S10000
G0 F9600 X119.501 Y122.329
M204 S1000
G1 F1200 X112.38 Y129.45 E1931.1302
M204 S10000
G0 F9600 X112.38 Y129.025
M204 S1000
G1 F1200 X119.076 Y122.329 E1931.36642
M204 S10000
G0 F9600 X118.652 Y122.329
M204 S1000
G1 F1200 X112.38 Y128.601 E1931.58768
M204 S10000
G0 F9600 X112.38 Y128.177
M204 S1000
G1 F1200 X118.228 Y122.329 E1931.79398
M204 S10000
G0 F9600 X117.803 Y122.329
M204 S1000
G1 F1200 X112.38 Y127.752 E1931.98529
M204 S10000
G0 F9600 X112.38 Y127.328
M204 S1000
G1 F1200 X117.379 Y122.329 E1932.16165
M204 S10000
G0 F9600 X116.955 Y122.329
M204 S1000
G1 F1200 X112.38 Y126.904 E1932.32304
M204 S10000
G0 F9600 X112.38 Y126.48
M204 S1000
G1 F1200 X116.531 Y122.329 E1932.46948
M204 S10000
G0 F9600 X116.106 Y122.329
M204 S1000
G1 F1200 X112.38 Y126.055 E1932.60092
M204 S10000
G0 F9600 X112.38 Y125.631
M204 S1000
G1 F1200 X115.682 Y122.329 E1932.71741
M204 S10000
G0 F9600 X115.258 Y122.329
M204 S1000
G1 F1200 X112.38 Y125.207 E1932.81894
M204 S10000
G0 F9600 X112.38 Y124.783
M204 S1000
G1 F1200 X114.834 Y122.329 E1932.90551
M204 S10000
G0 F9600 X114.409 Y122.329
M204 S1000
G1 F1200 X112.38 Y124.358 E1932.97709
M204 S10000
G0 F9600 X112.38 Y123.934
M204 S1000
G1 F1200 X113.985 Y122.329 E1933.03371
M204 S10000
G0 F9600 X113.561 Y122.329
M204 S1000
G1 F1200 X112.38 Y123.51 E1933.07537
M204 S10000
G0 F9600 X112.38 Y123.086
M204 S1000
G1 F1200 X113.137 Y122.329 E1933.10208
M204 S10000
G0 F9600 X112.712 Y122.329
M204 S1000
G1 F1200 X112.38 Y122.661 E1933.11379
M204 S10000
G0 F9600 X111.96 Y122.661
G1 F3000 E1927.11379
;MESH:Lid_side_panel_x2.stl
G0 F9600 X112.082 Y122.032
G0 X126.218 Y122.032
G0 X127.02 Y178.09
G0 X132.13 Y178.09
G0 X147.19 Y178.09
M204 S1000
;TYPE:WALL-INNER
G1 F3000 E1933.11379
G1 F1800 X147.19 Y121.91 E1934.51521
G1 X132.81 Y121.91 E1934.87392
G1 X132.81 Y178.09 E1936.27533
G1 X147.19 Y178.09 E1936.63404
M204 S10000
G0 F9600 X147.49 Y178.39
M204 S1000
G1 F1800 X147.49 Y121.61 E1938.05043
G1 X132.51 Y121.61 E1938.42411
G1 X132.51 Y178.39 E1939.84049
G1 X147.49 Y178.39 E1940.21417
M204 S10000
G0 F9600 X147.79 Y178.69
M204 S1000
G1 F1800 X147.79 Y121.31 E1941.64552
G1 X132.21 Y121.31 E1942.03416
G1 X132.21 Y178.69 E1943.46551
G1 X147.79 Y178.69 E1943.85415
M204 S10000
G0 F9600 X148.04 Y178.94
M204 S1000
;TYPE:WALL-OUTER
G1 F1800 X148.04 Y121.06 E1945.29798
G1 X131.96 Y121.06 E1945.69909
G1 X131.96 Y178.94 E1947.14292
G1 X148.04 Y178.94 E1947.54403
M204 S10000
G0 F9600 X148.04 Y178.74
G0 X147.79 Y178.74
G0 X147.14 Y177.82
G0 X146.92 Y177.82
M204 S1000
;TYPE:SKIN
G1 F1200 X133.08 Y177.82 E1947.88927
G1 X133.08 Y122.18 E1949.27722
G1 X146.92 Y122.18 E1949.62246
G1 X146.92 Y177.82 E1951.01041
M204 S10000
G0 F9600 X146.468 Y177.669
M204 S1000
G1 F1200 X146.769 Y177.368 E1951.02102
M204 S10000
G0 F9600 X146.769 Y176.944
M204 S1000
G1 F1200 X146.044 Y177.669 E1951.0466
M204 S10000
G0 F9600 X145.62 Y177.669
M204 S1000
G1 F1200 X146.769 Y176.52 E1951.08713
M204 S10000
G0 F9600 X146.769 Y176.095
M204 S1000
G1 F1200 X145.195 Y177.669 E1951.14266
M204 S10000
G0 F9600 X144.771 Y177.669
M204 S1000
G1 F1200 X146.769 Y175.671 E1951.21315
M204 S10000
G0 F9600 X146.769 Y175.247
M204 S1000
G1 F1200 X144.347 Y177.669 E1951.29859
M204 S10000
G0 F9600 X143.923 Y177.669
M204 S1000
G1 F1200 X146.769 Y174.822 E1951.39901
M204 S10000
G0 F9600 X146.769 Y174.398
M204 S1000
G1 F1200 X143.498 Y177.669 E1951.5144
M204 S10000
G0 F9600 X143.074 Y177.669
M204 S1000
G1 F1200 X146.769 Y173.974 E1951.64475
M204 S10000
G0 F9600 X146.769 Y173.55
M204 S1000
G1 F1200 X142.65 Y177.669 E1951.79006
M204 S10000
G0 F9600 X142.226 Y177.669
M204 S1000
G1 F1200 X146.769 Y173.125 E1951.95034
M204 S10000
G0 F9600 X146.769 Y172.701
M204 S1000
G1 F1200 X141.801 Y177.669 E1952.1256
M204 S10000
G0 F9600 X141.377 Y177.669
M204 S1000
G1 F1200 X146.769 Y172.277 E1952.31582
M204 S10000
G0 F9600 X146.769 Y171.853
M204 S1000
G1 F1200 X140.953 Y177.669 E1952.521
M204 S10000
G0 F9600 X140.528 Y177.669
M204 S1000
G1 F1200 X146.769 Y171.428 E1952.74116
M204 S10000
G0 F9600 X146.769 Y171.004
M204 S1000
G1 F1200 X140.104 Y177.669 E1952.97629
M204 S10000
G0 F9600 X139.68 Y177.669
M204 S1000
G1 F1200 X146.769 Y170.58 E1953.22637
M204 S10000
G0 F9600 X146.769 Y170.156
M204 S1000
G1 F1200 X139.256 Y177.669 E1953.49142
M204 S10000
G0 F9600 X138.831 Y177.669
M204 S1000
G1 F1200 X146.769 Y169.731 E1953.77145
M204 S10000
G0 F9600 X146.769 Y169.307
M204 S1000
G1 F1200 X138.407 Y177.669 E1954.06644
M204 S10000
G0 F9600 X137.983 Y177.669
M204 S1000
G1 F1200 X146.769 Y168.883 E1954.37639
M204 S10000
G0 F9600 X146.769 Y168.458
M204 S1000
G1 F1200 X137.559 Y177.669 E1954.70132
M204 S10000
G0 F9600 X137.134 Y177.669
M204 S1000
G1 F1200 X146.769 Y168.034 E1955.04122
M204 S10000
G0 F9600 X146.769 Y167.61
M204 S1000
G1 F1200 X136.71 Y177.669 E1955.39608
M204 S10000
G0 F9600 X136.286 Y177.669
M204 S1000
G1 F1200 X146.769 Y167.186 E1955.76589
M204 S10000
G0 F9600 X146.769 Y166.761
M204 S1000
G1 F1200 X135.862 Y177.669 E1956.15068
M204 S10000
G0 F9600 X135.437 Y177.669
M204 S1000
G1 F1200 X146.769 Y166.337 E1956.55045
M204 S10000
G0 F9600 X146.769 Y165.913
M204 S1000
G1 F1200 X135.013 Y177.669 E1956.96518
M204 S10000
G0 F9600 X134.589 Y177.669
M204 S1000
G1 F1200 X146.769 Y165.489 E1957.39486
M204 S10000
G0 F9600 X146.769 Y165.064
M204 S1000
G1 F1200 X134.165 Y177.669 E1957.83952
M204 S10000
G0 F9600 X133.74 Y177.669
M204 S1000
G1 F1200 X146.769 Y164.64 E1958.29915
M204 S10000
G0 F9600 X146.769 Y164.216
M204 S1000
G1 F1200 X133.316 Y177.669 E1958.77374
M204 S10000
G0 F9600 X133.23 Y177.331
M204 S1000
G1 F1200 X146.769 Y163.792 E1959.25136
M204 S10000
G0 F9600 X146.769 Y163.367
M204 S1000
G1 F1200 X133.23 Y176.906 E1959.72899
M204 S10000
G0 F9600 X133.23 Y176.482
M204 S1000
G1 F1200 X146.769 Y162.943 E1960.20661
M204 S10000
G0 F9600 X146.769 Y162.519
M204 S1000
G1 F1200 X133.23 Y176.058 E1960.68424
M204 S10000
G0 F9600 X133.23 Y175.634
M204 S1000
G1 F1200 X146.769 Y162.095 E1961.16186
M204 S10000
G0 F9600 X146.769 Y161.67
M204 S1000
G1 F1200 X133.23 Y175.209 E1961.63949
M204 S10000
G0 F9600 X133.23 Y174.785
M204 S1000
G1 F1200 X146.769 Y161.246 E1962.11711
M204 S10000
G0 F9600 X146.769 Y160.822
M204 S1000
G1 F1200 X133.23 Y174.361 E1962.59474
M204 S10000
G0 F9600 X133.23 Y173.936
M204 S1000
G1 F1200 X146.769 Y160.397 E1963.07236
M204 S10000
G0 F9600 X146.769 Y159.973
M204 S1000
G1 F1200 X133.23 Y173.512 E1963.54999
M204 S10000
G0 F9600 X133.23 Y173.088
M204 S1000
G1 F1200 X146.769 Y159.549 E1964.02761
M204 S10000
G0 F9600 X146.769 Y159.125
M204 S1000
G1 F1200 X133.23 Y172.664 E1964.50524
M204 S10000
G0 F9600 X133.23 Y172.239
M204 S1000
G1 F1200 X146.769 Y158.7 E1964.98286
M204 S10000
G0 F9600 X146.769 Y158.276
M204 S1000
G1 F1200 X133.23 Y171.815 E1965.46049
M204 S10000
G0 F9600 X133.23 Y171.391
M204 S1000
G1 F1200 X146.769 Y157.852 E1965.93811
M204 S10000
G0 F9600 X146.769 Y157.428
M204 S1000
G1 F1200 X133.23 Y170.967 E1966.41574
M204 S10000
G0 F9600 X133.23 Y170.542
M204 S1000
G1 F1200 X146.769 Y157.003 E1966.89336
M204 S10000
G0 F9600 X146.769 Y156.579
M204 S1000
G1 F1200 X133.23 Y170.118 E1967.37099
M204 S10000
G0 F9600 X133.23 Y169.694
M204 S1000
G1 F1200 X146.769 Y156.155 E1967.84861
M204 S10000
G0 F9600 X146.769 Y155.731
M204 S1000
G1 F1200 X133.23 Y169.27 E1968.32624
M204 S10000
G0 F9600 X133.23 Y168.845
M204 S1000
G1 F1200 X146.769 Y155.306 E1968.80386
M204 S10000
G0 F9600 X146.769 Y154.882
M204 S1000
G1 F1200 X133.23 Y168.421 E1969.28149
M204 S10000
G0 F9600 X133.23 Y167.997
M204 S1000
G1 F1200 X146.769 Y154.458 E1969.75911
M204 S10000
G0 F9600 X146.769 Y154.034
M204 S1000
G1 F1200 X133.23 Y167.572 E1970.23672
M204 S10000
G0 F9600 X133.23 Y167.148
M204 S1000
G1 F1200 X146.769 Y153.609 E1970.71434
M204 S10000
G0 F9600 X146.769 Y153.185
M204 S1000
G1 F1200 X133.23 Y166.724 E1971.19197
M204 S10000
G0 F9600 X133.23 Y166.3
M204 S1000
G1 F1200 X146.769 Y152.761 E1971.66959
M204 S10000
G0 F9600 X146.769 Y152.336
M204 S1000
G1 F1200 X133.23 Y165.875 E1972.14722
M204 S10000
G0 F9600 X133.23 Y165.451
M204 S1000
G1 F1200 X146.769 Y151.912 E1972.62484
M204 S10000
G0 F9600 X146.769 Y151.488
M204 S1000
G1 F1200 X133.23 Y165.027 E1973.10247
M204 S10000
G0 F9600 X133.23 Y164.603
M204 S1000
G1 F1200 X146.769 Y151.064 E1973.58009
M204 S10000
G0 F9600 X146.769 Y150.639
M204 S1000
G1 F1200 X133.23 Y164.178 E1974.05772
M204 S10000
G0 F9600 X133.23 Y163.754
M204 S1000
G1 F1200 X146.769 Y150.215 E1974.53534
M204 S10000
G0 F9600 X146.769 Y149.791
M204 S1000
G1 F1200 X133.23 Y163.33 E1975.01297
M204 S10000
G0 F9600 X133.23 Y162.906
M204 S1000
G1 F1200 X146.769 Y149.367 E1975.49059
M204 S10000
G0 F9600 X146.769 Y148.942
M204 S1000
G1 F1200 X133.23 Y162.481 E1975.96821
M204 S10000
G0 F9600 X133.23 Y162.057
M204 S1000
G1 F1200 X146.769 Y148.518 E1976.44584
M204 S10000
G0 F9600 X146.769 Y148.094
M204 S1000
G1 F1200 X133.23 Y161.633 E1976.92346
M204 S10000
G0 F9600 X133.23 Y161.209
M204 S1000
G1 F1200 X146.769 Y147.67 E1977.40109
M204 S10000
G0 F9600 X146.769 Y147.245
M204 S1000
G1 F1200 X133.23 Y160.784 E1977.87871
M204 S10000
G0 F9600 X133.23 Y160.36
M204 S1000
G1 F1200 X146.769 Y146.821 E1978.35634
M204 S10000
G0 F9600 X146.769 Y146.397
M204 S1000
G1 F1200 X133.23 Y159.936 E1978.83396
M204 S10000
G0 F9600 X133.23 Y159.511
M204 S1000
G1 F1200 X146.769 Y145.973 E1979.31157
M204 S10000
G0 F9600 X146.769 Y145.548
M204 S1000
G1 F1200 X133.23 Y159.087 E1979.7892
M204 S10000
G0 F9600 X133.23 Y158.663
M204 S1000
G1 F1200 X146.769 Y145.124 E1980.26682
M204 S10000
G0 F9600 X146.769 Y144.7
M204 S1000
G1 F1200 X133.23 Y158.239 E1980.74444
M204 S10000
G0 F9600 X133.23 Y157.814
M204 S1000
G1 F1200 X146.769 Y144.275 E1981.22207
M204 S10000
G0 F9600 X146.769 Y143.851
M204 S1000
G1 F1200 X133.23 Y157.39 E1981.69969
M204 S10000
G0 F9600 X133.23 Y156.966
M204 S1000
G1 F1200 X146.769 Y143.427 E1982.17732
M204 S10000
G0 F9600 X146.769 Y143.003
M204 S1000
G1 F1200 X133.23 Y156.542 E1982.65494
M204 S10000
G0 F9600 X133.23 Y156.117
M204 S1000
G1 F1200 X146.769 Y142.578 E1983.13257
M204 S10000
G0 F9600 X146.769 Y142.154
M204 S1000
G1 F1200 X133.23 Y155.693 E1983.61019
M204 S10000
G0 F9600 X133.23 Y155.269
M204 S1000
G1 F1200 X146.769 Y141.73 E1984.08782
M204 S10000
G0 F9600 X146.769 Y141.306
M204 S1000
G1 F1200 X133.23 Y154.845 E1984.56544
M204 S10000
G0 F9600 X133.23 Y154.42
M204 S1000
G1 F1200 X146.769 Y140.881 E1985.04307
M204 S10000
G0 F9600 X146.769 Y140.457
M204 S1000
G1 F1200 X133.23 Y153.996 E1985.52069
M204 S10000
G0 F9600 X133.23 Y153.572
M204 S1000
G1 F1200 X146.769 Y140.033 E1985.99832
M204 S10000
G0 F9600 X146.769 Y139.609
M204 S1000
G1 F1200 X133.23 Y153.148 E1986.47594
M204 S10000
G0 F9600 X133.23 Y152.723
M204 S1000
G1 F1200 X146.769 Y139.184 E1986.95357
M204 S10000
G0 F9600 X146.769 Y138.76
M204 S1000
G1 F1200 X133.23 Y152.299 E1987.43119
M204 S10000
G0 F9600 X133.23 Y151.875
M204 S1000
G1 F1200 X146.769 Y138.336 E1987.90882
M204 S10000
G0 F9600 X146.769 Y137.911
M204 S1000
G1 F1200 X133.23 Y151.45 E1988.38644
M204 S10000
G0 F9600 X133.23 Y151.026
M204 S1000
G1 F1200 X146.769 Y137.487 E1988.86407
M204 S10000
G0 F9600 X146.769 Y137.063
M204 S1000
G1 F1200 X133.23 Y150.602 E1989.34169
M204 S10000
G0 F9600 X133.23 Y150.178
M204 S1000
G1 F1200 X146.769 Y136.639 E1989.81932
M204 S10000
G0 F9600 X146.769 Y136.214
M204 S1000
G1 F1200 X133.23 Y149.753 E1990.29694
M204 S10000
G0 F9600 X133.23 Y149.329
M204 S1000
G1 F1200 X146.769 Y135.79 E1990.77457
M204 S10000
G0 F9600 X146.769 Y135.366
M204 S1000
G1 F1200 X133.23 Y148.905 E1991.25219
M204 S10000
G0 F9600 X133.23 Y148.481
M204 S1000
G1 F1200 X146.769 Y134.942 E1991.72981
M204 S10000
G0 F9600 X146.769 Y134.517
M204 S1000
G1 F1200 X133.23 Y148.056 E1992.20744
M204 S10000
G0 F9600 X133.23 Y147.632
M204 S1000
G1 F1200 X146.769 Y134.093 E1992.68506
M204 S10000
G0 F9600 X146.769 Y133.669
M204 S1000
G1 F1200 X133.23 Y147.208 E1993.16269
M204 S10000
G0 F9600 X133.23 Y146.784
M204 S1000
G1 F1200 X146.769 Y133.245 E1993.64031
M204 S10000
G0 F9600 X146.769 Y132.82
M204 S1000
G1 F1200 X133.23 Y146.359 E1994.11794
M204 S10000
G0 F9600 X133.23 Y145.935
M204 S1000
G1 F1200 X146.769 Y132.396 E1994.59556
M204 S10000
G0 F9600 X146.769 Y131.972
M204 S1000
G1 F1200 X133.23 Y145.511 E1995.07319
M204 S10000
G0 F9600 X133.23 Y145.086
M204 S1000
G1 F1200 X146.769 Y131.548 E1995.5508
M204 S10000
G0 F9600 X146.769 Y131.123
M204 S1000
G1 F1200 X133.23 Y144.662 E1996.02842
M204 S10000
G0 F9600 X133.23 Y144.238
M204 S1000
G1 F1200 X146.769 Y130.699 E1996.50605
M204 S10000
G0 F9600 X146.769 Y130.275
M204 S1000
G1 F1200 X133.23 Y143.814 E1996.98367
M204 S10000
G0 F9600 X133.23 Y143.389
M204 S1000
G1 F1200 X146.769 Y129.85 E1997.46129
M204 S10000
G0 F9600 X146.769 Y129.426
M204 S1000
G1 F1200 X133.23 Y142.965 E1997.93892
M204 S10000
G0 F9600 X133.23 Y142.541
M204 S1000
G1 F1200 X146.769 Y129.002 E1998.41654
M204 S10000
G0 F9600 X146.769 Y128.578
M204 S1000
G1 F1200 X133.23 Y142.117 E1998.89417
M204 S10000
G0 F9600 X133.23 Y141.692
M204 S1000
G1 F1200 X146.769 Y128.153 E1999.37179
M204 S10000
G0 F9600 X146.769 Y127.729
M204 S1000
G1 F1200 X133.23 Y141.268 E1999.84942
M204 S10000
G0 F9600 X133.23 Y140.844
M204 S1000
G1 F1200 X146.769 Y127.305 E2000.32704
M204 S10000
G0 F9600 X146.769 Y126.881
M204 S1000
G1 F1200 X133.23 Y140.42 E2000.80467
M204 S10000
G0 F9600 X133.23 Y139.995
M204 S1000
G1 F1200 X146.769 Y126.456 E2001.28229
M204 S10000
G0 F9600 X146.769 Y126.032
M204 S1000
G1 F1200 X133.23 Y139.571 E2001.75992
M204 S10000
G0 F9600 X133.23 Y139.147
M204 S1000
G1 F1200 X146.769 Y125.608 E2002.23754
M204 S10000
G0 F9600 X146.769 Y125.184
M204 S1000
G1 F1200 X133.23 Y138.723 E2002.71517
M204 S10000
G0 F9600 X133.23 Y138.298
M204 S1000
G1 F1200 X146.769 Y124.759 E2003.19279
M204 S10000
G0 F9600 X146.769 Y124.335
M204 S1000
G1 F1200 X133.23 Y137.874 E2003.67042
M204 S10000
G0 F9600 X133.23 Y137.45
M204 S1000
G1 F1200 X146.769 Y123.911 E2004.14804
M204 S10000
G0 F9600 X146.769 Y123.487
M204 S1000
G1 F1200 X133.23 Y137.025 E2004.62565
M204 S10000
G0 F9600 X133.23 Y136.601
M204 S1000
G1 F1200 X146.769 Y123.062 E2005.10327
M204 S10000
G0 F9600 X146.769 Y122.638
M204 S1000
G1 F1200 X133.23 Y136.177 E2005.5809
M204 S10000
G0 F9600 X133.23 Y135.753
M204 S1000
G1 F1200 X146.653 Y122.33 E2006.05443
M204 S10000
G0 F9600 X146.228 Y122.33
M204 S1000
G1 F1200 X133.23 Y135.328 E2006.51297
M204 S10000
G0 F9600 X133.23 Y134.904
M204 S1000
G1 F1200 X145.804 Y122.33 E2006.95655
M204 S10000
G0 F9600 X145.38 Y122.33
M204 S1000
G1 F1200 X133.23 Y134.48 E2007.38518
M204 S10000
G0 F9600 X133.23 Y134.056
M204 S1000
G1 F1200 X144.956 Y122.33 E2007.79884
M204 S10000
G0 F9600 X144.531 Y122.33
M204 S1000
G1 F1200 X133.23 Y133.631 E2008.19752
M204 S10000
G0 F9600 X133.23 Y133.207
M204 S1000
G1 F1200 X144.107 Y122.33 E2008.58123
M204 S10000
G0 F9600 X143.683 Y122.33
M204 S1000
G1 F1200 X133.23 Y132.783 E2008.94999
M204 S10000
G0 F9600 X133.23 Y132.359
M204 S1000
G1 F1200 X143.259 Y122.33 E2009.30379
M204 S10000
G0 F9600 X142.834 Y122.33
M204 S1000
G1 F1200 X133.23 Y131.934 E2009.6426
M204 S10000
G0 F9600 X133.23 Y131.51
M204 S1000
G1 F1200 X142.41 Y122.33 E2009.96645
M204 S10000
G0 F9600 X141.986 Y122.33
M204 S1000
G1 F1200 X133.23 Y131.086 E2010.27534
M204 S10000
G0 F9600 X133.23 Y130.662
M204 S1000
G1 F1200 X141.562 Y122.33 E2010.56927
M204 S10000
G0 F9600 X141.137 Y122.33
M204 S1000
G1 F1200 X133.23 Y130.237 E2010.84821
M204 S10000
G0 F9600 X133.23 Y129.813
M204 S1000
G1 F1200 X140.713 Y122.33 E2011.1122
M204 S10000
G0 F9600 X140.289 Y122.33
M204 S1000
G1 F1200 X133.23 Y129.389 E2011.36122
M204 S10000
G0 F9600 X133.23 Y128.964
M204 S1000
G1 F1200 X139.865 Y122.33 E2011.59527
M204 S10000
G0 F9600 X139.44 Y122.33
M204 S1000
G1 F1200 X133.23 Y128.54 E2011.81434
M204 S10000
G0 F9600 X133.23 Y128.116
M204 S1000
G1 F1200 X139.016 Y122.33 E2012.01846
M204 S10000
G0 F9600 X138.592 Y122.33
M204 S1000
G1 F1200 X133.23 Y127.692 E2012.20762
M204 S10000
G0 F9600 X133.23 Y127.267
M204 S1000
G1 F1200 X138.167 Y122.33 E2012.38179
M204 S10000
G0 F9600 X137.743 Y122.33
M204 S1000
G1 F1200 X133.23 Y126.843 E2012.54099
M204 S10000
G0 F9600 X133.23 Y126.419
M204 S1000
G1 F1200 X137.319 Y122.33 E2012.68525
M204 S10000
G0 F9600 X136.895 Y122.33
M204 S1000
G1 F1200 X133.23 Y125.995 E2012.81454
M204 S10000
G0 F9600 X133.23 Y125.57
M204 S1000
G1 F1200 X136.47 Y122.33 E2012.92884
M204 S10000
G0 F9600 X136.046 Y122.33
M204 S1000
G1 F1200 X133.23 Y125.146 E2013.02818
M204 S10000
G0 F9600 X133.23 Y124.722
M204 S1000
G1 F1200 X135.622 Y122.33 E2013.11256
M204 S10000
G0 F9600 X135.198 Y122.33
M204 S1000
G1 F1200 X133.23 Y124.298 E2013.18199
M204 S10000
G0 F9600 X133.23 Y123.873
M204 S1000
G1 F1200 X134.773 Y122.33 E2013.23642
M204 S10000
G0 F9600 X134.349 Y122.33
M204 S1000
G1 F1200 X133.23 Y123.449 E2013.2759
M204 S10000
G0 F9600 X133.23 Y123.025
M204 S1000
G1 F1200 X133.925 Y122.33 E2013.30042
M204 S10000
G0 F9600 X133.501 Y122.33
M204 S1000
G1 F1200 X133.23 Y122.601 E2013.30998
M204 S10000
G0 F9600 X132.81 Y122.601
G1 F3000 E2007.30998
;MESH:Lid_front_panel.stl
G0 F9600 X132.932 Y122.032
G0 X147.068 Y122.032
G0 X147.87 Y178.089
G0 X152.98 Y178.089
G0 X153.661 Y178.089
M204 S1000
;TYPE:WALL-INNER
G1 F3000 E2013.30998
G1 F1800 X168.039 Y178.089 E2013.66864
G1 X168.039 Y153.334 E2014.28615
G1 X167.658 Y153.191 E2014.29631
G1 X167.466 Y152.968 E2014.30365
G1 X167.353 Y152.733 E2014.31015
G1 X167.3 Y152.4 E2014.31856
G1 X167.306 Y147.486 E2014.44114
G1 X167.414 Y147.093 E2014.45131
G1 X167.658 Y146.809 E2014.46065
G1 X168.04 Y146.666 E2014.47082
G1 X168.04 Y121.91 E2015.08837
G1 X153.66 Y121.91 E2015.44708
G1 X153.661 Y178.089 E2016.84847
M204 S10000
G0 F9600 X153.361 Y178.389
M204 S1000
G1 F1800 X168.339 Y178.389 E2017.22209
G1 X168.339 Y153.146 E2017.85178
G1 X167.856 Y152.965 E2017.86465
G1 X167.667 Y152.711 E2017.87255
G1 X167.604 Y152.481 E2017.8785
G1 X167.604 Y147.518 E2018.0023
G1 X167.718 Y147.194 E2018.01087
G1 X167.856 Y147.035 E2018.01612
G1 X168.34 Y146.853 E2018.02902
G1 X168.34 Y121.61 E2018.65871
G1 X153.36 Y121.61 E2019.03238
G1 X153.361 Y178.389 E2020.44874
M204 S10000
G0 F9600 X153.061 Y178.689
M204 S1000
G1 F1800 X168.639 Y178.689 E2020.83734
G1 X168.639 Y152.85 E2021.48189
G1 X168.35 Y152.85 E2021.4891
G1 X168.053 Y152.739 E2021.49701
G1 X167.906 Y152.478 E2021.50448
G1 X167.902 Y147.551 E2021.62739
G1 X167.971 Y147.356 E2021.63255
G1 X168.053 Y147.261 E2021.63568
G1 X168.35 Y147.15 E2021.64359
G1 X168.64 Y147.15 E2021.65082
G1 X168.64 Y121.31 E2022.2954
G1 X153.06 Y121.31 E2022.68405
G1 X153.061 Y178.689 E2024.11537
M204 S10000
G0 F9600 X152.811 Y178.939
M204 S1000
;TYPE:WALL-OUTER
G1 F1800 X168.889 Y178.939 E2024.51644
G1 X168.889 Y152.6 E2025.17347
G1 X168.35 Y152.6 E2025.18692
G1 X168.218 Y152.551 E2025.19043
G1 X168.151 Y152.422 E2025.19405
G1 X168.154 Y147.557 E2025.31541
G1 X168.218 Y147.449 E2025.31854
G1 X168.35 Y147.4 E2025.32206
G1 X168.89 Y147.4 E2025.33553
G1 X168.89 Y121.06 E2025.99258
G1 X152.81 Y121.06 E2026.3937
G1 X152.811 Y178.939 E2027.83749
M204 S10000
G0 F9600 X153.011 Y178.939
G0 X153.011 Y178.689
G0 X153.931 Y178.039
G0 X153.931 Y177.819
M204 S1000
;TYPE:SKIN
G1 F1200 X153.93 Y122.18 E2029.22542
G1 X167.77 Y122.18 E2029.57066
G1 X167.77 Y146.487 E2030.177
G1 X167.486 Y146.593 E2030.18456
G1 X167.176 Y146.968 E2030.19669
G1 X167.03 Y147.41 E2030.20831
G1 X167.036 Y152.609 E2030.338
G1 X167.182 Y153.046 E2030.34949
G1 X167.49 Y153.408 E2030.36135
G1 X167.769 Y153.512 E2030.36877
G1 X167.769 Y177.819 E2030.97511
G1 X153.931 Y177.819 E2031.3203
M204 S10000
G1 F3000 E2025.3203
G0 F9600 X153.931 Y178.039
G0 X167.258 Y178.039
G0 X167.258 Y177.668
M204 S1000
G1 F3000 E2031.3203
G1 F1200 X167.618 Y177.308 E2031.333
M204 S10000
G0 F9600 X167.618 Y176.884
M204 S1000
G1 F1200 X166.834 Y177.668 E2031.36066
M204 S10000
G0 F9600 X166.409 Y177.668
M204 S1000
G1 F1200 X167.618 Y176.459 E2031.40331
M204 S10000
G0 F9600 X167.618 Y176.035
M204 S1000
G1 F1200 X165.985 Y177.668 E2031.46092
M204 S10000
G0 F9600 X165.561 Y177.668
M204 S1000
G1 F1200 X167.618 Y175.611 E2031.53349
M204 S10000
G0 F9600 X167.618 Y175.187
M204 S1000
G1 F1200 X165.137 Y177.668 E2031.62101
M204 S10000
G0 F9600 X164.712 Y177.668
M204 S1000
G1 F1200 X167.618 Y174.762 E2031.72353
M204 S10000
G0 F9600 X167.618 Y174.338
M204 S1000
G1 F1200 X164.288 Y177.668 E2031.841
M204 S10000
G0 F9600 X163.864 Y177.668
M204 S1000
G1 F1200 X167.618 Y173.914 E2031.97344
M204 S10000
G0 F9600 X167.618 Y173.49
M204 S1000
G1 F1200 X163.439 Y177.668 E2032.12084
M204 S10000
G0 F9600 X163.015 Y177.668
M204 S1000
G1 F1200 X167.618 Y173.065 E2032.28323
M204 S10000
G0 F9600 X167.618 Y172.641
M204 S1000
G1 F1200 X162.591 Y177.668 E2032.46057
M204 S10000
G0 F9600 X162.167 Y177.668
M204 S1000
G1 F1200 X167.618 Y172.217 E2032.65287
M204 S10000
G0 F9600 X167.618 Y171.793
M204 S1000
G1 F1200 X161.742 Y177.668 E2032.86014
M204 S10000
G0 F9600 X161.318 Y177.668
M204 S1000
G1 F1200 X167.618 Y171.368 E2033.08239
M204 S10000
G0 F9600 X167.618 Y170.944
M204 S1000
G1 F1200 X160.894 Y177.668 E2033.3196
M204 S10000
G0 F9600 X160.47 Y177.668
M204 S1000
G1 F1200 X167.618 Y170.52 E2033.57176
M204 S10000
G0 F9600 X167.618 Y170.095
M204 S1000
G1 F1200 X160.045 Y177.668 E2033.83892
M204 S10000
G0 F9600 X159.621 Y177.668
M204 S1000
G1 F1200 X167.618 Y169.671 E2034.12104
M204 S10000
G0 F9600 X167.618 Y169.247
M204 S1000
G1 F1200 X159.197 Y177.668 E2034.41811
M204 S10000
G0 F9600 X158.773 Y177.668
M204 S1000
G1 F1200 X167.618 Y168.823 E2034.73014
M204 S10000
G0 F9600 X167.618 Y168.398
M204 S1000
G1 F1200 X158.348 Y177.668 E2035.05717
M204 S10000
G0 F9600 X157.924 Y177.668
M204 S1000
G1 F1200 X167.618 Y167.974 E2035.39915
M204 S10000
G0 F9600 X167.618 Y167.55
M204 S1000
G1 F1200 X157.5 Y177.668 E2035.75609
M204 S10000
G0 F9600 X157.075 Y177.668
M204 S1000
G1 F1200 X167.618 Y167.126 E2036.128
M204 S10000
G0 F9600 X167.618 Y166.701
M204 S1000
G1 F1200 X156.651 Y177.668 E2036.51489
M204 S10000
G0 F9600 X156.227 Y177.668
M204 S1000
G1 F1200 X167.618 Y166.277 E2036.91674
M204 S10000
G0 F9600 X167.618 Y165.853
M204 S1000
G1 F1200 X155.803 Y177.668 E2037.33355
M204 S10000
G0 F9600 X155.378 Y177.668
M204 S1000
G1 F1200 X167.618 Y165.429 E2037.76533
M204 S10000
G0 F9600 X167.618 Y165.004
M204 S1000
G1 F1200 X154.954 Y177.668 E2038.21209
M204 S10000
G0 F9600 X154.53 Y177.668
M204 S1000
G1 F1200 X167.618 Y164.58 E2038.6738
M204 S10000
G0 F9600 X167.618 Y164.156
M204 S1000
G1 F1200 X154.106 Y177.668 E2039.15047
M204 S10000
G0 F9600 X154.08 Y177.269
M204 S1000
G1 F1200 X167.618 Y163.731 E2039.62806
M204 S10000
G0 F9600 X167.618 Y163.307
M204 S1000
G1 F1200 X154.08 Y176.845 E2040.10565
M204 S10000
G0 F9600 X154.08 Y176.421
M204 S1000
G1 F1200 X167.618 Y162.883 E2040.58324
M204 S10000
G0 F9600 X167.618 Y162.459
M204 S1000
G1 F1200 X154.08 Y175.996 E2041.06081
M204 S10000
G0 F9600 X154.08 Y175.572
M204 S1000
G1 F1200 X167.618 Y162.034 E2041.5384
M204 S10000
G0 F9600 X167.618 Y161.61
M204 S1000
G1 F1200 X154.08 Y175.148 E2042.01599
M204 S10000
G0 F9600 X154.08 Y174.723
M204 S1000
G1 F1200 X167.618 Y161.186 E2042.49356
M204 S10000
G0 F9600 X167.618 Y160.762
M204 S1000
G1 F1200 X154.08 Y174.299 E2042.97114
M204 S10000
G0 F9600 X154.08 Y173.875
M204 S1000
G1 F1200 X167.618 Y160.337 E2043.44872
M204 S10000
G0 F9600 X167.618 Y159.913
M204 S1000
G1 F1200 X154.08 Y173.451 E2043.92631
M204 S10000
G0 F9600 X154.08 Y173.026
M204 S1000
G1 F1200 X167.618 Y159.489 E2044.40389
M204 S10000
G0 F9600 X167.618 Y159.065
M204 S1000
G1 F1200 X154.08 Y172.602 E2044.88146
M204 S10000
G0 F9600 X154.08 Y172.178
M204 S1000
G1 F1200 X167.618 Y158.64 E2045.35905
M204 S10000
G0 F9600 X167.618 Y158.216
M204 S1000
G1 F1200 X154.08 Y171.754 E2045.83664
M204 S10000
G0 F9600 X154.08 Y171.329
M204 S1000
G1 F1200 X167.618 Y157.792 E2046.31421
M204 S10000
G0 F9600 X167.618 Y157.368
M204 S1000
G1 F1200 X154.08 Y170.905 E2046.79178
M204 S10000
G0 F9600 X154.08 Y170.481
M204 S1000
G1 F1200 X167.618 Y156.943 E2047.26937
M204 S10000
G0 F9600 X167.618 Y156.519
M204 S1000
G1 F1200 X154.08 Y170.057 E2047.74696
M204 S10000
G0 F9600 X154.08 Y169.632
M204 S1000
G1 F1200 X167.618 Y156.095 E2048.22453
M204 S10000
G0 F9600 X167.618 Y155.67
M204 S1000
G1 F1200 X154.08 Y169.208 E2048.70212
M204 S10000
G0 F9600 X154.08 Y168.784
M204 S1000
G1 F1200 X167.618 Y155.246 E2049.17971
M204 S10000
G0 F9600 X167.618 Y154.822
M204 S1000
G1 F1200 X154.08 Y168.36 E2049.6573
M204 S10000
G0 F9600 X154.08 Y167.935
M204 S1000
G1 F1200 X167.618 Y154.398 E2050.13487
M204 S10000
G0 F9600 X167.618 Y153.973
M204 S1000
G1 F1200 X154.08 Y167.511 E2050.61246
M204 S10000
G0 F9600 X154.08 Y167.087
M204 S1000
G1 F1200 X167.573 Y153.594 E2051.08846
M204 S10000
G0 F9600 X167.312 Y153.431
M204 S1000
G1 F1200 X154.08 Y166.662 E2051.55524
M204 S10000
G0 F9600 X154.08 Y166.238
M204 S1000
G1 F1200 X167.115 Y153.203 E2052.01509
M204 S10000
G0 F9600 X166.977 Y152.917
M204 S1000
G1 F1200 X154.08 Y165.814 E2052.47006
M204 S10000
G0 F9600 X154.08 Y165.39
M204 S1000
G1 F1200 X166.89 Y152.58 E2052.92197
M204 S10000
G0 F9600 X166.889 Y152.156
M204 S1000
G1 F1200 X154.08 Y164.965 E2053.37384
M204 S10000
G0 F9600 X154.08 Y164.541
M204 S1000
G1 F1200 X166.889 Y151.733 E2053.8257
M204 S10000
G0 F9600 X166.887 Y151.31
M204 S1000
G1 F1200 X154.08 Y164.117 E2054.2775
M204 S10000
G0 F9600 X154.08 Y163.693
M204 S1000
G1 F1200 X166.887 Y150.886 E2054.7293
M204 S10000
G0 F9600 X166.886 Y150.463
M204 S1000
G1 F1200 X154.08 Y163.268 E2055.18105
M204 S10000
G0 F9600 X154.08 Y162.844
M204 S1000
G1 F1200 X166.885 Y150.039 E2055.63278
M204 S10000
G0 F9600 X166.884 Y149.616
M204 S1000
G1 F1200 X154.08 Y162.42 E2056.08447
M204 S10000
G0 F9600 X154.08 Y161.996
M204 S1000
G1 F1200 X166.883 Y149.193 E2056.53613
M204 S10000
G0 F9600 X166.882 Y148.769
M204 S1000
G1 F1200 X154.08 Y161.571 E2056.98776
M204 S10000
G0 F9600 X154.08 Y161.147
M204 S1000
G1 F1200 X166.881 Y148.346 E2057.43935
M204 S10000
G0 F9600 X166.88 Y147.923
M204 S1000
G1 F1200 X154.08 Y160.723 E2057.8909
M204 S10000
G0 F9600 X154.08 Y160.298
M204 S1000
G1 F1200 X166.88 Y147.499 E2058.34244
M204 S10000
G0 F9600 X167.031 Y146.924
M204 S1000
G1 F1200 X154.08 Y159.874 E2058.7993
M204 S10000
G0 F9600 X154.08 Y159.45
M204 S1000
G1 F1200 X167.618 Y145.912 E2059.27689
M204 S10000
G0 F9600 X167.618 Y146.336
M204 S1000
G1 F1200 X167.521 Y146.434 E2059.28033
M204 S10000
G0 F9600 X167.618 Y145.487
M204 S1000
G1 F1200 X154.08 Y159.026 E2059.75794
M204 S10000
G0 F9600 X154.08 Y158.601
M204 S1000
G1 F1200 X167.618 Y145.063 E2060.23553
M204 S10000
G0 F9600 X167.618 Y144.639
M204 S1000
G1 F1200 X154.08 Y158.177 E2060.71312
M204 S10000
G0 F9600 X154.08 Y157.753
M204 S1000
G1 F1200 X167.618 Y144.215 E2061.19071
M204 S10000
G0 F9600 X167.618 Y143.79
M204 S1000
G1 F1200 X154.08 Y157.329 E2061.66832
M204 S10000
G0 F9600 X154.08 Y156.904
M204 S1000
G1 F1200 X167.618 Y143.366 E2062.14591
M204 S10000
G0 F9600 X167.618 Y142.942
M204 S1000
G1 F1200 X154.08 Y156.48 E2062.6235
M204 S10000
G0 F9600 X154.08 Y156.056
M204 S1000
G1 F1200 X167.618 Y142.518 E2063.10109
M204 S10000
G0 F9600 X167.618 Y142.093
M204 S1000
G1 F1200 X154.08 Y155.632 E2063.57869
M204 S10000
G0 F9600 X154.08 Y155.207
M204 S1000
G1 F1200 X167.618 Y141.669 E2064.05628
M204 S10000
G0 F9600 X167.618 Y141.245
M204 S1000
G1 F1200 X154.08 Y154.783 E2064.53387
M204 S10000
G0 F9600 X154.08 Y154.359
M204 S1000
G1 F1200 X167.618 Y140.821 E2065.01146
M204 S10000
G0 F9600 X167.618 Y140.396
M204 S1000
G1 F1200 X154.08 Y153.935 E2065.48907
M204 S10000
G0 F9600 X154.08 Y153.51
M204 S1000
G1 F1200 X167.618 Y139.972 E2065.96666
M204 S10000
G0 F9600 X167.618 Y139.548
M204 S1000
G1 F1200 X154.08 Y153.086 E2066.44425
M204 S10000
G0 F9600 X154.08 Y152.662
M204 S1000
G1 F1200 X167.618 Y139.123 E2066.92185
M204 S10000
G0 F9600 X167.618 Y138.699
M204 S1000
G1 F1200 X154.08 Y152.237 E2067.39944
M204 S10000
G0 F9600 X154.08 Y151.813
M204 S1000
G1 F1200 X167.618 Y138.275 E2067.87703
M204 S10000
G0 F9600 X167.618 Y137.851
M204 S1000
G1 F1200 X154.08 Y151.389 E2068.35462
M204 S10000
G0 F9600 X154.08 Y150.965
M204 S1000
G1 F1200 X167.618 Y137.426 E2068.83223
M204 S10000
G0 F9600 X167.618 Y137.002
M204 S1000
G1 F1200 X154.08 Y150.54 E2069.30982
M204 S10000
G0 F9600 X154.08 Y150.116
M204 S1000
G1 F1200 X167.618 Y136.578 E2069.78741
M204 S10000
G0 F9600 X167.618 Y136.154
M204 S1000
G1 F1200 X154.079 Y149.693 E2070.26503
M204 S10000
G0 F9600 X154.079 Y149.268
M204 S1000
G1 F1200 X167.618 Y135.729 E2070.74266
M204 S10000
G0 F9600 X167.618 Y135.305
M204 S1000
G1 F1200 X154.079 Y148.844 E2071.22028
M204 S10000
G0 F9600 X154.079 Y148.42
M204 S1000
G1 F1200 X167.618 Y134.881 E2071.69791
M204 S10000
G0 F9600 X167.618 Y134.457
M204 S1000
G1 F1200 X154.079 Y147.996 E2072.17553
M204 S10000
G0 F9600 X154.079 Y147.571
M204 S1000
G1 F1200 X167.618 Y134.032 E2072.65316
M204 S10000
G0 F9600 X167.618 Y133.608
M204 S1000
G1 F1200 X154.079 Y147.147 E2073.13078
M204 S10000
G0 F9600 X154.079 Y146.723
M204 S1000
G1 F1200 X167.618 Y133.184 E2073.60841
M204 S10000
G0 F9600 X167.618 Y132.76
M204 S1000
G1 F1200 X154.079 Y146.298 E2074.08601
M204 S10000
G0 F9600 X154.079 Y145.874
M204 S1000
G1 F1200 X167.618 Y132.335 E2074.56364
M204 S10000
G0 F9600 X167.618 Y131.911
M204 S1000
G1 F1200 X154.079 Y145.45 E2075.04126
M204 S10000
G0 F9600 X154.079 Y145.026
M204 S1000
G1 F1200 X167.618 Y131.487 E2075.51889
M204 S10000
G0 F9600 X167.618 Y131.062
M204 S1000
G1 F1200 X154.079 Y144.601 E2075.99651
M204 S10000
G0 F9600 X154.079 Y144.177
M204 S1000
G1 F1200 X167.618 Y130.638 E2076.47414
M204 S10000
G0 F9600 X167.618 Y130.214
M204 S1000
G1 F1200 X154.079 Y143.753 E2076.95176
M204 S10000
G0 F9600 X154.079 Y143.329
M204 S1000
G1 F1200 X167.618 Y129.79 E2077.42939
M204 S10000
G0 F9600 X167.618 Y129.365
M204 S1000
G1 F1200 X154.079 Y142.904 E2077.90701
M204 S10000
G0 F9600 X154.079 Y142.48
M204 S1000
G1 F1200 X167.618 Y128.941 E2078.38464
M204 S10000
G0 F9600 X167.618 Y128.517
M204 S1000
G1 F1200 X154.079 Y142.056 E2078.86226
M204 S10000
G0 F9600 X154.079 Y141.632
M204 S1000
G1 F1200 X167.618 Y128.093 E2079.33989
M204 S10000
G0 F9600 X167.618 Y127.668
M204 S1000
G1 F1200 X154.079 Y141.207 E2079.81751
M204 S10000
G0 F9600 X154.079 Y140.783
M204 S1000
G1 F1200 X167.618 Y127.244 E2080.29514
M204 S10000
G0 F9600 X167.618 Y126.82
M204 S1000
G1 F1200 X154.079 Y140.359 E2080.77276
M204 S10000
G0 F9600 X154.079 Y139.935
M204 S1000
G1 F1200 X167.618 Y126.396 E2081.25039
M204 S10000
G0 F9600 X167.618 Y125.971
M204 S1000
G1 F1200 X154.079 Y139.51 E2081.72801
M204 S10000
G0 F9600 X154.079 Y139.086
M204 S1000
G1 F1200 X167.618 Y125.547 E2082.20564
M204 S10000
G0 F9600 X167.618 Y125.123
M204 S1000
G1 F1200 X154.079 Y138.662 E2082.68326
M204 S10000
G0 F9600 X154.079 Y138.237
M204 S1000
G1 F1200 X167.618 Y124.698 E2083.16089
M204 S10000
G0 F9600 X167.618 Y124.274
M204 S1000
G1 F1200 X154.079 Y137.813 E2083.63851
M204 S10000
G0 F9600 X154.079 Y137.389
M204 S1000
G1 F1200 X167.618 Y123.85 E2084.11613
M204 S10000
G0 F9600 X167.618 Y123.426
M204 S1000
G1 F1200 X154.079 Y136.965 E2084.59376
M204 S10000
G0 F9600 X154.079 Y136.54
M204 S1000
G1 F1200 X167.618 Y123.001 E2085.07138
M204 S10000
G0 F9600 X167.618 Y122.577
M204 S1000
G1 F1200 X154.079 Y136.116 E2085.54901
M204 S10000
G0 F9600 X154.079 Y135.692
M204 S1000
G1 F1200 X167.442 Y122.33 E2086.02041
M204 S10000
G0 F9600 X167.017 Y122.33
M204 S1000
G1 F1200 X154.079 Y135.268 E2086.47683
M204 S10000
G0 F9600 X154.079 Y134.843
M204 S1000
G1 F1200 X166.593 Y122.33 E2086.91828
M204 S10000
G0 F9600 X166.169 Y122.33
M204 S1000
G1 F1200 X154.079 Y134.419 E2087.34477
M204 S10000
G0 F9600 X154.079 Y133.995
M204 S1000
G1 F1200 X165.745 Y122.33 E2087.7563
M204 S10000
G0 F9600 X165.32 Y122.33
M204 S1000
G1 F1200 X154.079 Y133.571 E2088.15286
M204 S10000
G0 F9600 X154.079 Y133.146
M204 S1000
G1 F1200 X164.896 Y122.33 E2088.53444
M204 S10000
G0 F9600 X164.472 Y122.33
M204 S1000
G1 F1200 X154.079 Y132.722 E2088.90106
M204 S10000
G0 F9600 X154.079 Y132.298
M204 S1000
G1 F1200 X164.048 Y122.33 E2089.25273
M204 S10000
G0 F9600 X163.623 Y122.33
M204 S1000
G1 F1200 X154.079 Y131.874 E2089.58942
M204 S10000
G0 F9600 X154.079 Y131.449
M204 S1000
G1 F1200 X163.199 Y122.33 E2089.91113
M204 S10000
G0 F9600 X162.775 Y122.33
M204 S1000
G1 F1200 X154.079 Y131.025 E2090.21789
M204 S10000
G0 F9600 X154.079 Y130.601
M204 S1000
G1 F1200 X162.351 Y122.33 E2090.50969
M204 S10000
G0 F9600 X161.926 Y122.33
M204 S1000
G1 F1200 X154.079 Y130.176 E2090.7865
M204 S10000
G0 F9600 X154.079 Y129.752
M204 S1000
G1 F1200 X161.502 Y122.33 E2091.04834
M204 S10000
G0 F9600 X161.078 Y122.33
M204 S1000
G1 F1200 X154.079 Y129.328 E2091.29524
M204 S10000
G0 F9600 X154.079 Y128.904
M204 S1000
G1 F1200 X160.653 Y122.33 E2091.52715
M204 S10000
G0 F9600 X160.229 Y122.33
M204 S1000
G1 F1200 X154.079 Y128.479 E2091.74409
M204 S10000
G0 F9600 X154.079 Y128.055
M204 S1000
G1 F1200 X159.805 Y122.33 E2091.94607
M204 S10000
G0 F9600 X159.381 Y122.33
M204 S1000
G1 F1200 X154.079 Y127.631 E2092.1331
M204 S10000
G0 F9600 X154.079 Y127.207
M204 S1000
G1 F1200 X158.956 Y122.33 E2092.30515
M204 S10000
G0 F9600 X158.532 Y122.33
M204 S1000
G1 F1200 X154.079 Y126.782 E2092.46222
M204 S10000
G0 F9600 X154.079 Y126.358
M204 S1000
G1 F1200 X158.108 Y122.33 E2092.60434
M204 S10000
G0 F9600 X157.684 Y122.33
M204 S1000
G1 F1200 X154.079 Y125.934 E2092.7315
M204 S10000
G0 F9600 X154.079 Y125.51
M204 S1000
G1 F1200 X157.259 Y122.33 E2092.84368
M204 S10000
G0 F9600 X156.835 Y122.33
M204 S1000
G1 F1200 X154.079 Y125.085 E2092.94089
M204 S10000
G0 F9600 X154.079 Y124.661
M204 S1000
G1 F1200 X156.411 Y122.33 E2093.02314
M204 S10000
G0 F9600 X155.987 Y122.33
M204 S1000
G1 F1200 X154.079 Y124.237 E2093.09043
M204 S10000
G0 F9600 X154.079 Y123.812
M204 S1000
G1 F1200 X155.562 Y122.33 E2093.14273
M204 S10000
G0 F9600 X155.138 Y122.33
M204 S1000
G1 F1200 X154.079 Y123.388 E2093.18007
M204 S10000
G0 F9600 X154.079 Y122.964
M204 S1000
G1 F1200 X154.714 Y122.33 E2093.20245
M204 S10000
G0 F9600 X154.289 Y122.33
M204 S1000
G1 F1200 X154.079 Y122.54 E2093.20986
M204 S10000
G0 F9600 X153.66 Y122.54
G1 F3000 E2087.20986
;MESH:Lid_back_panel.stl
G0 F9600 X153.782 Y122.032
G0 X167.918 Y122.032
G0 X167.907 Y152.101
G0 X168.719 Y178.09
G0 X172.961 Y178.09
G0 X173.641 Y178.09
M204 S1000
;TYPE:WALL-INNER
G1 F3000 E2093.20986
G1 F1800 X188.021 Y178.09 E2093.56857
G1 X188.02 Y121.911 E2094.96996
G1 X173.642 Y121.911 E2095.32862
G1 X173.642 Y134.15 E2095.63393
G1 X174.634 Y134.15 E2095.65867
G1 X174.985 Y134.209 E2095.66755
G1 X175.337 Y134.419 E2095.67778
G1 X175.592 Y134.768 E2095.68856
G1 X175.684 Y135.067 E2095.69636
G1 X175.679 Y164.913 E2096.44087
G1 X175.632 Y165.13 E2096.44641
G1 X175.424 Y165.493 E2096.45685
G1 X175.201 Y165.685 E2096.46419
G1 X174.985 Y165.791 E2096.47019
G1 X174.634 Y165.85 E2096.47907
G1 X173.641 Y165.85 E2096.50384
G1 X173.641 Y178.09 E2096.80917
M204 S10000
G0 F9600 X173.341 Y178.39
M204 S1000
G1 F1800 X188.321 Y178.39 E2097.18284
G1 X188.32 Y121.611 E2098.5992
G1 X173.342 Y121.611 E2098.97283
G1 X173.342 Y134.45 E2099.2931
G1 X174.634 Y134.45 E2099.32533
G1 X174.885 Y134.492 E2099.33168
G1 X175.199 Y134.705 E2099.34114
G1 X175.347 Y134.964 E2099.34858
G1 X175.384 Y135.2 E2099.35454
G1 X175.38 Y164.881 E2100.09494
G1 X175.347 Y165.036 E2100.09889
G1 X175.199 Y165.295 E2100.10633
G1 X174.885 Y165.508 E2100.1158
G1 X174.634 Y165.55 E2100.12215
G1 X173.341 Y165.55 E2100.1544
G1 X173.341 Y178.39 E2100.4747
M204 S10000
G0 F9600 X173.041 Y178.69
M204 S1000
G1 F1800 X188.621 Y178.69 E2100.86334
G1 X188.62 Y121.311 E2102.29466
G1 X173.042 Y121.311 E2102.68326
G1 X173.042 Y134.75 E2103.0185
G1 X174.743 Y134.75 E2103.06093
G1 X174.935 Y134.865 E2103.06651
G1 X175.078 Y135.122 E2103.07385
G1 X175.082 Y164.907 E2103.81684
G1 X174.973 Y165.097 E2103.8223
G1 X174.748 Y165.25 E2103.82909
G1 X173.041 Y165.25 E2103.87167
G1 X173.041 Y178.69 E2104.20693
M204 S10000
G0 F9600 X172.791 Y178.94
M204 S1000
;TYPE:WALL-OUTER
G1 F1800 X188.871 Y178.94 E2104.60805
G1 X188.87 Y121.061 E2106.05185
G1 X172.792 Y121.061 E2106.45291
G1 X172.792 Y135 E2106.80062
G1 X174.685 Y135 E2106.84785
G1 X174.785 Y135.068 E2106.85086
G1 X174.832 Y135.165 E2106.85355
G1 X174.832 Y164.835 E2107.59367
G1 X174.742 Y164.969 E2107.5977
G1 X174.634 Y165 E2107.6005
G1 X172.791 Y165 E2107.64648
G1 X172.791 Y178.94 E2107.99421
M204 S10000
G0 F9600 X172.991 Y178.94
G0 X172.991 Y178.69
G0 X173.691 Y177.82
G0 X173.911 Y177.82
M204 S1000
;TYPE:SKIN
G1 F1200 X173.911 Y166.12 E2108.28607
G1 X174.656 Y166.118 E2108.30465
G1 X175.094 Y166.038 E2108.31576
G1 X175.446 Y165.861 E2108.32559
G1 X175.705 Y165.574 E2108.33523
G1 X175.84 Y165.34 E2108.34197
G1 X175.952 Y164.975 E2108.35149
G1 X175.953 Y135.182 E2109.09468
G1 X175.89 Y134.789 E2109.10461
G1 X175.636 Y134.343 E2109.11741
G1 X175.33 Y134.076 E2109.12754
G1 X175.092 Y133.961 E2109.13414
G1 X174.657 Y133.882 E2109.14517
G1 X173.912 Y133.88 E2109.16375
G1 X173.912 Y122.181 E2109.45558
G1 X187.75 Y122.181 E2109.80077
G1 X187.751 Y177.82 E2111.18869
G1 X173.911 Y177.82 E2111.53394
M204 S10000
G1 F3000 E2105.53394
G0 F9600 X173.691 Y177.82
G0 X187.899 Y177.968
G0 X187.971 Y177.267
G0 X187.599 Y177.267
M204 S1000
G1 F3000 E2111.53394
G1 F1200 X187.197 Y177.669 E2111.54812
M204 S10000
G0 F9600 X186.773 Y177.669
M204 S1000
G1 F1200 X187.599 Y176.843 E2111.57726
M204 S10000
G0 F9600 X187.599 Y176.418
M204 S1000
G1 F1200 X186.348 Y177.669 E2111.62139
M204 S10000
G0 F9600 X185.924 Y177.669
M204 S1000
G1 F1200 X187.599 Y175.994 E2111.68048
M204 S10000
G0 F9600 X187.599 Y175.57
M204 S1000
G1 F1200 X185.5 Y177.669 E2111.75453
M204 S10000
G0 F9600 X185.076 Y177.669
M204 S1000
G1 F1200 X187.599 Y175.146 E2111.84353
M204 S10000
G0 F9600 X187.599 Y174.721
M204 S1000
G1 F1200 X184.651 Y177.669 E2111.94753
M204 S10000
G0 F9600 X184.227 Y177.669
M204 S1000
G1 F1200 X187.599 Y174.297 E2112.06649
M204 S10000
G0 F9600 X187.599 Y173.873
M204 S1000
G1 F1200 X183.803 Y177.669 E2112.2004
M204 S10000
G0 F9600 X183.378 Y177.669
M204 S1000
G1 F1200 X187.599 Y173.449 E2112.34929
M204 S10000
G0 F9600 X187.599 Y173.024
M204 S1000
G1 F1200 X182.954 Y177.669 E2112.51316
M204 S10000
G0 F9600 X182.53 Y177.669
M204 S1000
G1 F1200 X187.599 Y172.6 E2112.69198
M204 S10000
G0 F9600 X187.599 Y172.176
M204 S1000
G1 F1200 X182.106 Y177.669 E2112.88576
M204 S10000
G0 F9600 X181.681 Y177.669
M204 S1000
G1 F1200 X187.599 Y171.751 E2113.09453
M204 S10000
G0 F9600 X187.599 Y171.327
M204 S1000
G1 F1200 X181.257 Y177.669 E2113.31826
M204 S10000
G0 F9600 X180.833 Y177.669
M204 S1000
G1 F1200 X187.599 Y170.903 E2113.55695
M204 S10000
G0 F9600 X187.599 Y170.479
M204 S1000
G1 F1200 X180.409 Y177.669 E2113.8106
M204 S10000
G0 F9600 X179.984 Y177.669
M204 S1000
G1 F1200 X187.599 Y170.054 E2114.07924
M204 S10000
G0 F9600 X187.599 Y169.63
M204 S1000
G1 F1200 X179.56 Y177.669 E2114.36284
M204 S10000
G0 F9600 X179.136 Y177.669
M204 S1000
G1 F1200 X187.599 Y169.206 E2114.66139
M204 S10000
G0 F9600 X187.599 Y168.782
M204 S1000
G1 F1200 X178.712 Y177.669 E2114.9749
M204 S10000
G0 F9600 X178.287 Y177.669
M204 S1000
G1 F1200 X187.599 Y168.357 E2115.30341
M204 S10000
G0 F9600 X187.599 Y167.933
M204 S1000
G1 F1200 X177.863 Y177.669 E2115.64687
M204 S10000
G0 F9600 X177.439 Y177.669
M204 S1000
G1 F1200 X187.599 Y167.509 E2116.0053
M204 S10000
G0 F9600 X187.599 Y167.085
M204 S1000
G1 F1200 X177.014 Y177.669 E2116.37869
M204 S10000
G0 F9600 X176.59 Y177.669
M204 S1000
G1 F1200 X187.599 Y166.66 E2116.76706
M204 S10000
G0 F9600 X187.599 Y166.236
M204 S1000
G1 F1200 X176.166 Y177.669 E2117.17039
M204 S10000
G0 F9600 X175.742 Y177.669
M204 S1000
G1 F1200 X187.599 Y165.812 E2117.58868
M204 S10000
G0 F9600 X187.599 Y165.388
M204 S1000
G1 F1200 X175.317 Y177.669 E2118.02195
M204 S10000
G0 F9600 X174.893 Y177.669
M204 S1000
G1 F1200 X187.599 Y164.963 E2118.47018
M204 S10000
G0 F9600 X187.599 Y164.539
M204 S1000
G1 F1200 X174.469 Y177.669 E2118.93338
M204 S10000
G0 F9600 X174.061 Y177.653
M204 S1000
G1 F1200 X187.599 Y164.115 E2119.41097
M204 S10000
G0 F9600 X187.599 Y163.69
M204 S1000
G1 F1200 X174.061 Y177.229 E2119.88858
M204 S10000
G0 F9600 X174.061 Y176.804
M204 S1000
G1 F1200 X187.599 Y163.266 E2120.36617
M204 S10000
G0 F9600 X187.599 Y162.842
M204 S1000
G1 F1200 X174.061 Y176.38 E2120.84376
M204 S10000
G0 F9600 X174.061 Y175.956
M204 S1000
G1 F1200 X187.599 Y162.418 E2121.32135
M204 S10000
G0 F9600 X187.599 Y161.993
M204 S1000
G1 F1200 X174.061 Y175.532 E2121.79895
M204 S10000
G0 F9600 X174.061 Y175.107
M204 S1000
G1 F1200 X187.599 Y161.569 E2122.27654
M204 S10000
G0 F9600 X187.599 Y161.145
M204 S1000
G1 F1200 X174.061 Y174.683 E2122.75413
M204 S10000
G0 F9600 X174.061 Y174.259
M204 S1000
G1 F1200 X187.599 Y160.721 E2123.23172
M204 S10000
G0 F9600 X187.599 Y160.296
M204 S1000
G1 F1200 X174.061 Y173.835 E2123.70933
M204 S10000
G0 F9600 X174.061 Y173.41
M204 S1000
G1 F1200 X187.599 Y159.872 E2124.18692
M204 S10000
G0 F9600 X187.599 Y159.448
M204 S1000
G1 F1200 X174.061 Y172.986 E2124.66451
M204 S10000
G0 F9600 X174.061 Y172.562
M204 S1000
G1 F1200 X187.599 Y159.024 E2125.1421
M204 S10000
G0 F9600 X187.599 Y158.599
M204 S1000
G1 F1200 X174.061 Y172.138 E2125.6197
M204 S10000
G0 F9600 X174.061 Y171.713
M204 S1000
G1 F1200 X187.599 Y158.175 E2126.09729
M204 S10000
G0 F9600 X187.599 Y157.751
M204 S1000
G1 F1200 X174.061 Y171.289 E2126.57488
M204 S10000
G0 F9600 X174.061 Y170.865
M204 S1000
G1 F1200 X187.599 Y157.327 E2127.05247
M204 S10000
G0 F9600 X187.599 Y156.902
M204 S1000
G1 F1200 X174.061 Y170.441 E2127.53008
M204 S10000
G0 F9600 X174.061 Y170.016
M204 S1000
G1 F1200 X187.599 Y156.478 E2128.00767
M204 S10000
G0 F9600 X187.599 Y156.054
M204 S1000
G1 F1200 X174.061 Y169.592 E2128.48526
M204 S10000
G0 F9600 X174.061 Y169.168
M204 S1000
G1 F1200 X187.599 Y155.629 E2128.96287
M204 S10000
G0 F9600 X187.599 Y155.205
M204 S1000
G1 F1200 X174.061 Y168.743 E2129.44045
M204 S10000
G0 F9600 X174.061 Y168.319
M204 S1000
G1 F1200 X187.599 Y154.781 E2129.91804
M204 S10000
G0 F9600 X187.599 Y154.357
M204 S1000
G1 F1200 X174.061 Y167.895 E2130.39563
M204 S10000
G0 F9600 X174.061 Y167.471
M204 S1000
G1 F1200 X187.599 Y153.932 E2130.87324
M204 S10000
G0 F9600 X187.599 Y153.508
M204 S1000
G1 F1200 X176.095 Y165.012 E2131.27908
M204 S10000
G0 F9600 X176.099 Y164.584
M204 S1000
G1 F1200 X187.599 Y153.084 E2131.68477
M204 S10000
G0 F9600 X187.599 Y152.66
M204 S1000
G1 F1200 X176.099 Y164.159 E2132.09045
M204 S10000
G0 F9600 X176.099 Y163.735
M204 S1000
G1 F1200 X187.599 Y152.235 E2132.49614
M204 S10000
G0 F9600 X187.599 Y151.811
M204 S1000
G1 F1200 X176.099 Y163.311 E2132.90183
M204 S10000
G0 F9600 X176.099 Y162.886
M204 S1000
G1 F1200 X187.599 Y151.387 E2133.30751
M204 S10000
G0 F9600 X187.599 Y150.963
M204 S1000
G1 F1200 X176.099 Y162.462 E2133.71318
M204 S10000
G0 F9600 X176.099 Y162.038
M204 S1000
G1 F1200 X187.599 Y150.538 E2134.11888
M204 S10000
G0 F9600 X187.599 Y150.114
M204 S1000
G1 F1200 X176.099 Y161.614 E2134.52457
M204 S10000
G0 F9600 X176.099 Y161.189
M204 S1000
G1 F1200 X187.599 Y149.69 E2134.93025
M204 S10000
G0 F9600 X187.599 Y149.265
M204 S1000
G1 F1200 X176.099 Y160.765 E2135.33594
M204 S10000
G0 F9600 X176.099 Y160.341
M204 S1000
G1 F1200 X187.599 Y148.841 E2135.74163
M204 S10000
G0 F9600 X187.599 Y148.417
M204 S1000
G1 F1200 X176.099 Y159.917 E2136.14733
M204 S10000
G0 F9600 X176.099 Y159.492
M204 S1000
G1 F1200 X187.599 Y147.993 E2136.553
M204 S10000
G0 F9600 X187.599 Y147.568
M204 S1000
G1 F1200 X176.099 Y159.068 E2136.9587
M204 S10000
G0 F9600 X176.099 Y158.644
M204 S1000
G1 F1200 X187.599 Y147.144 E2137.36439
M204 S10000
G0 F9600 X187.599 Y146.72
M204 S1000
G1 F1200 X176.099 Y158.22 E2137.77008
M204 S10000
G0 F9600 X176.099 Y157.795
M204 S1000
G1 F1200 X187.599 Y146.296 E2138.17576
M204 S10000
G0 F9600 X187.599 Y145.871
M204 S1000
G1 F1200 X176.099 Y157.371 E2138.58145
M204 S10000
G0 F9600 X176.099 Y156.947
M204 S1000
G1 F1200 X187.599 Y145.447 E2138.98715
M204 S10000
G0 F9600 X187.599 Y145.023
M204 S1000
G1 F1200 X176.099 Y156.523 E2139.39284
M204 S10000
G0 F9600 X176.099 Y156.098
M204 S1000
G1 F1200 X187.599 Y144.599 E2139.79852
M204 S10000
G0 F9600 X187.599 Y144.174
M204 S1000
G1 F1200 X176.099 Y155.674 E2140.20421
M204 S10000
G0 F9600 X176.099 Y155.25
M204 S1000
G1 F1200 X187.599 Y143.75 E2140.6099
M204 S10000
G0 F9600 X187.599 Y143.326
M204 S1000
G1 F1200 X176.099 Y154.825 E2141.01558
M204 S10000
G0 F9600 X176.099 Y154.401
M204 S1000
G1 F1200 X187.599 Y142.902 E2141.42126
M204 S10000
G0 F9600 X187.599 Y142.477
M204 S1000
G1 F1200 X176.099 Y153.977 E2141.82695
M204 S10000
G0 F9600 X176.099 Y153.553
M204 S1000
G1 F1200 X187.599 Y142.053 E2142.23264
M204 S10000
G0 F9600 X187.599 Y141.629
M204 S1000
G1 F1200 X176.099 Y153.128 E2142.63832
M204 S10000
G0 F9600 X176.099 Y152.704
M204 S1000
G1 F1200 X187.599 Y141.204 E2143.04401
M204 S10000
G0 F9600 X187.599 Y140.78
M204 S1000
G1 F1200 X176.099 Y152.28 E2143.44971
M204 S10000
G0 F9600 X176.099 Y151.856
M204 S1000
G1 F1200 X187.599 Y140.356 E2143.8554
M204 S10000
G0 F9600 X187.599 Y139.932
M204 S1000
G1 F1200 X176.099 Y151.431 E2144.26108
M204 S10000
G0 F9600 X176.099 Y151.007
M204 S1000
G1 F1200 X187.599 Y139.507 E2144.66677
M204 S10000
G0 F9600 X187.599 Y139.083
M204 S1000
G1 F1200 X176.099 Y150.583 E2145.07246
M204 S10000
G0 F9600 X176.099 Y150.159
M204 S1000
G1 F1200 X187.599 Y138.659 E2145.47816
M204 S10000
G0 F9600 X187.599 Y138.235
M204 S1000
G1 F1200 X176.1 Y149.734 E2145.88381
M204 S10000
G0 F9600 X176.1 Y149.309
M204 S1000
G1 F1200 X187.599 Y137.81 E2146.28947
M204 S10000
G0 F9600 X187.599 Y137.386
M204 S1000
G1 F1200 X176.1 Y148.885 E2146.69513
M204 S10000
G0 F9600 X176.1 Y148.461
M204 S1000
G1 F1200 X187.599 Y136.962 E2147.10079
M204 S10000
G0 F9600 X187.599 Y136.538
M204 S1000
G1 F1200 X176.1 Y148.037 E2147.50645
M204 S10000
G0 F9600 X176.1 Y147.612
M204 S1000
G1 F1200 X187.599 Y136.113 E2147.91211
M204 S10000
G0 F9600 X187.599 Y135.689
M204 S1000
G1 F1200 X176.1 Y147.188 E2148.31776
M204 S10000
G0 F9600 X176.1 Y146.764
M204 S1000
G1 F1200 X187.599 Y135.265 E2148.72342
M204 S10000
G0 F9600 X187.599 Y134.841
M204 S1000
G1 F1200 X176.1 Y146.339 E2149.12906
M204 S10000
G0 F9600 X176.1 Y145.915
M204 S1000
G1 F1200 X187.599 Y134.416 E2149.53472
M204 S10000
G0 F9600 X187.599 Y133.992
M204 S1000
G1 F1200 X176.1 Y145.491 E2149.94038
M204 S10000
G0 F9600 X176.1 Y145.067
M204 S1000
G1 F1200 X187.599 Y133.568 E2150.34604
M204 S10000
G0 F9600 X187.599 Y133.143
M204 S1000
G1 F1200 X176.1 Y144.642 E2150.7517
M204 S10000
G0 F9600 X176.1 Y144.218
M204 S1000
G1 F1200 X187.599 Y132.719 E2151.15735
M204 S10000
G0 F9600 X187.599 Y132.295
M204 S1000
G1 F1200 X176.1 Y143.794 E2151.56301
M204 S10000
G0 F9600 X176.1 Y143.37
M204 S1000
G1 F1200 X187.599 Y131.871 E2151.96867
M204 S10000
G0 F9600 X187.599 Y131.446
M204 S1000
G1 F1200 X176.1 Y142.945 E2152.37433
M204 S10000
G0 F9600 X176.1 Y142.521
M204 S1000
G1 F1200 X187.599 Y131.022 E2152.77999
M204 S10000
G0 F9600 X187.599 Y130.598
M204 S1000
G1 F1200 X176.1 Y142.097 E2153.18565
M204 S10000
G0 F9600 X176.1 Y141.673
M204 S1000
G1 F1200 X187.599 Y130.174 E2153.5913
M204 S10000
G0 F9600 X187.599 Y129.749
M204 S1000
G1 F1200 X176.1 Y141.248 E2153.99696
M204 S10000
G0 F9600 X176.1 Y140.824
M204 S1000
G1 F1200 X187.599 Y129.325 E2154.40262
M204 S10000
G0 F9600 X187.599 Y128.901
M204 S1000
G1 F1200 X176.1 Y140.4 E2154.80828
M204 S10000
G0 F9600 X176.1 Y139.976
M204 S1000
G1 F1200 X187.599 Y128.477 E2155.21394
M204 S10000
G0 F9600 X187.599 Y128.052
M204 S1000
G1 F1200 X176.1 Y139.551 E2155.6196
M204 S10000
G0 F9600 X176.1 Y139.127
M204 S1000
G1 F1200 X187.599 Y127.628 E2156.02525
M204 S10000
G0 F9600 X187.599 Y127.204
M204 S1000
G1 F1200 X176.1 Y138.703 E2156.43091
M204 S10000
G0 F9600 X176.1 Y138.278
M204 S1000
G1 F1200 X187.599 Y126.78 E2156.83655
M204 S10000
G0 F9600 X187.599 Y126.355
M204 S1000
G1 F1200 X176.1 Y137.854 E2157.24221
M204 S10000
G0 F9600 X176.1 Y137.43
M204 S1000
G1 F1200 X187.599 Y125.931 E2157.64787
M204 S10000
G0 F9600 X187.599 Y125.507
M204 S1000
G1 F1200 X176.1 Y137.006 E2158.05353
M204 S10000
G0 F9600 X176.1 Y136.581
M204 S1000
G1 F1200 X187.599 Y125.082 E2158.45919
M204 S10000
G0 F9600 X187.599 Y124.658
M204 S1000
G1 F1200 X176.1 Y136.157 E2158.86484
M204 S10000
G0 F9600 X176.1 Y135.733
M204 S1000
G1 F1200 X187.599 Y124.234 E2159.2705
M204 S10000
G0 F9600 X187.599 Y123.81
M204 S1000
G1 F1200 X176.1 Y135.309 E2159.67616
M204 S10000
G0 F9600 X176.062 Y134.923
M204 S1000
G1 F1200 X187.599 Y123.385 E2160.08318
M204 S10000
G0 F9600 X187.599 Y122.961
M204 S1000
G1 F1200 X175.959 Y134.602 E2160.49383
M204 S10000
G0 F9600 X175.803 Y134.333
M204 S1000
G1 F1200 X187.599 Y122.537 E2160.90996
M204 S10000
G0 F9600 X187.381 Y122.33
M204 S1000
G1 F1200 X175.602 Y134.109 E2161.3255
M204 S10000
G0 F9600 X175.362 Y133.926
M204 S1000
G1 F1200 X186.957 Y122.33 E2161.73456
M204 S10000
G0 F9600 X186.533 Y122.33
M204 S1000
G1 F1200 X175.064 Y133.799 E2162.13916
M204 S10000
G0 F9600 X174.702 Y133.737
M204 S1000
G1 F1200 X186.109 Y122.33 E2162.54157
M204 S10000
G0 F9600 X185.684 Y122.33
M204 S1000
G1 F1200 X174.284 Y133.731 E2162.94376
M204 S10000
G0 F9600 X174.061 Y133.53
M204 S1000
G1 F1200 X185.26 Y122.33 E2163.33885
M204 S10000
G0 F9600 X184.836 Y122.33
M204 S1000
G1 F1200 X174.061 Y133.105 E2163.71897
M204 S10000
G0 F9600 X174.061 Y132.681
M204 S1000
G1 F1200 X184.412 Y122.33 E2164.08413
M204 S10000
G0 F9600 X183.987 Y122.33
M204 S1000
G1 F1200 X174.061 Y132.257 E2164.43431
M204 S10000
G0 F9600 X174.061 Y131.832
M204 S1000
G1 F1200 X183.563 Y122.33 E2164.76952
M204 S10000
G0 F9600 X183.139 Y122.33
M204 S1000
G1 F1200 X174.061 Y131.408 E2165.08977
M204 S10000
G0 F9600 X174.061 Y130.984
M204 S1000
G1 F1200 X182.714 Y122.33 E2165.39505
M204 S10000
G0 F9600 X182.29 Y122.33
M204 S1000
G1 F1200 X174.061 Y130.56 E2165.68536
M204 S10000
G0 F9600 X174.061 Y130.135
M204 S1000
G1 F1200 X181.866 Y122.33 E2165.96071
M204 S10000
G0 F9600 X181.442 Y122.33
M204 S1000
G1 F1200 X174.061 Y129.711 E2166.22109
M204 S10000
G0 F9600 X174.061 Y129.287
M204 S1000
G1 F1200 X181.017 Y122.33 E2166.4665
M204 S10000
G0 F9600 X180.593 Y122.33
M204 S1000
G1 F1200 X174.061 Y128.863 E2166.69695
M204 S10000
G0 F9600 X174.061 Y128.438
M204 S1000
G1 F1200 X180.169 Y122.33 E2166.91243
M204 S10000
G0 F9600 X179.745 Y122.33
M204 S1000
G1 F1200 X174.061 Y128.014 E2167.11295
M204 S10000
G0 F9600 X174.061 Y127.59
M204 S1000
G1 F1200 X179.32 Y122.33 E2167.29849
M204 S10000
G0 F9600 X178.896 Y122.33
M204 S1000
G1 F1200 X174.061 Y127.166 E2167.46908
M204 S10000
G0 F9600 X174.061 Y126.741
M204 S1000
G1 F1200 X178.472 Y122.33 E2167.62469
M204 S10000
G0 F9600 X178.048 Y122.33
M204 S1000
G1 F1200 X174.061 Y126.317 E2167.76534
M204 S10000
G0 F9600 X174.061 Y125.893
M204 S1000
G1 F1200 X177.623 Y122.33 E2167.89101
M204 S10000
G0 F9600 X177.199 Y122.33
M204 S1000
G1 F1200 X174.061 Y125.469 E2168.00173
M204 S10000
G0 F9600 X174.061 Y125.044
M204 S1000
G1 F1200 X176.775 Y122.33 E2168.09748
M204 S10000
G0 F9600 X176.351 Y122.33
M204 S1000
G1 F1200 X174.061 Y124.62 E2168.17826
M204 S10000
G0 F9600 X174.061 Y124.196
M204 S1000
G1 F1200 X175.926 Y122.33 E2168.24407
M204 S10000
G0 F9600 X175.502 Y122.33
M204 S1000
G1 F1200 X174.061 Y123.771 E2168.29491
M204 S10000
G0 F9600 X174.061 Y123.347
M204 S1000
G1 F1200 X175.078 Y122.33 E2168.33079
M204 S10000
G0 F9600 X174.653 Y122.33
M204 S1000
G1 F1200 X174.061 Y122.923 E2168.35169
M204 S10000
G0 F9600 X174.061 Y122.499
M204 S1000
G1 F1200 X174.229 Y122.33 E2168.35763
M204 S10000
G1 F3000 E2162.35763
G0 F9600 X174.229 Y121.961
G0 X173.764 Y122.033
G0 X173.764 Y134.028
G0 X175.412 Y134.422
G0 X175.412 Y165.578
G0 X174.817 Y165.868
G0 X174.877 Y166.23
M204 S1000
G1 F3000 E2168.35763
G1 F1200 X174.061 Y167.046 E2168.38642
M204 S10000
G0 F9600 X174.061 Y166.622
M204 S1000
G1 F1200 X174.414 Y166.269 E2168.39887
M204 S10000
G0 F9600 X174.414 Y165.85
G1 F3000 E2162.39887
;MESH:NONMESH
G0 F300 X174.414 Y165.85 Z1.76
G0 F9600 X173.763 Y165.972
G0 X172.961 Y177.89
G0 X127.02 Y177.89
G0 X126.29 Y177.89
G0 X126.14 Y177.89
;TIME_ELAPSED:4382.379852
;LAYER:8
M204 S1000
;TYPE:WALL-INNER
;MESH:Lid_side_panel_x2.stl(1)
G1 F3000 E2168.39887
G1 F1800 X126.14 Y122.11 E2169.79031
G1 X112.16 Y122.11 E2170.13904
G1 X112.16 Y177.89 E2171.53048
G1 X126.14 Y177.89 E2171.87921
M204 S10000
G0 F9600 X126.44 Y178.19
M204 S1000
G1 F1800 X126.44 Y121.81 E2173.28562
G1 X111.86 Y121.81 E2173.64932
G1 X111.86 Y178.19 E2175.05572
G1 X126.44 Y178.19 E2175.41942
M204 S10000
G0 F9600 X126.74 Y178.49
M204 S1000
G1 F1800 X126.74 Y121.51 E2176.84079
G1 X111.56 Y121.51 E2177.21946
G1 X111.56 Y178.49 E2178.64083
G1 X126.74 Y178.49 E2179.0195
M204 S10000
G0 F9600 X126.99 Y178.74
M204 S1000
;TYPE:WALL-OUTER
G1 F1800 X126.99 Y121.26 E2180.45334
G1 X111.31 Y121.26 E2180.84448
G1 X111.31 Y178.74 E2182.27833
G1 X126.99 Y178.74 E2182.66947
M204 S10000
G0 F9600 X126.99 Y178.54
G0 X126.74 Y178.54
G0 X126.09 Y177.62
G0 X125.87 Y177.62
M204 S1000
;TYPE:SKIN
G1 F1200 X112.43 Y177.62 E2183.00473
G1 X112.43 Y122.38 E2184.3827
G1 X125.87 Y122.38 E2184.71796
G1 X125.87 Y177.62 E2186.09592
M204 S10000
G1 F3000 E2180.09592
G0 F9600 X126.09 Y177.62
G0 X112.98 Y177.84
G0 X112.98 Y177.468
M204 S1000
G1 F3000 E2186.09592
G1 F1200 X112.579 Y177.068 E2186.11005
M204 S10000
G0 F9600 X112.579 Y176.643
M204 S1000
G1 F1200 X113.405 Y177.468 E2186.13918
M204 S10000
G0 F9600 X113.829 Y177.468
M204 S1000
G1 F1200 X112.579 Y176.219 E2186.18325
M204 S10000
G0 F9600 X112.579 Y175.795
M204 S1000
G1 F1200 X114.253 Y177.468 E2186.24229
M204 S10000
G0 F9600 X114.677 Y177.468
M204 S1000
G1 F1200 X112.579 Y175.37 E2186.3163
M204 S10000
G0 F9600 X112.579 Y174.946
M204 S1000
G1 F1200 X115.102 Y177.468 E2186.40529
M204 S10000
G0 F9600 X115.526 Y177.468
M204 S1000
G1 F1200 X112.579 Y174.522 E2186.50924
M204 S10000
G0 F9600 X112.579 Y174.098
M204 S1000
G1 F1200 X115.95 Y177.468 E2186.62814
M204 S10000
G0 F9600 X116.374 Y177.468
M204 S1000
G1 F1200 X112.579 Y173.673 E2186.76202
M204 S10000
G0 F9600 X112.579 Y173.249
M204 S1000
G1 F1200 X116.799 Y177.468 E2186.91087
M204 S10000
G0 F9600 X117.223 Y177.468
M204 S1000
G1 F1200 X112.579 Y172.825 E2187.07469
M204 S10000
G0 F9600 X112.579 Y172.401
M204 S1000
G1 F1200 X117.647 Y177.468 E2187.25346
M204 S10000
G0 F9600 X118.071 Y177.468
M204 S1000
G1 F1200 X112.579 Y171.976 E2187.4472
M204 S10000
G0 F9600 X112.579 Y171.552
M204 S1000
G1 F1200 X118.496 Y177.468 E2187.65592
M204 S10000
G0 F9600 X118.92 Y177.468
M204 S1000
G1 F1200 X112.579 Y171.128 E2187.8796
M204 S10000
G0 F9600 X112.579 Y170.704
M204 S1000
G1 F1200 X119.344 Y177.468 E2188.11824
M204 S10000
G0 F9600 X119.769 Y177.468
M204 S1000
G1 F1200 X112.579 Y170.279 E2188.37187
M204 S10000
G0 F9600 X112.579 Y169.855
M204 S1000
G1 F1200 X120.193 Y177.468 E2188.64045
M204 S10000
G0 F9600 X120.617 Y177.468
M204 S1000
G1 F1200 X112.579 Y169.431 E2188.924
M204 S10000
G0 F9600 X112.579 Y169.007
M204 S1000
G1 F1200 X121.041 Y177.468 E2189.2225
M204 S10000
G0 F9600 X121.466 Y177.468
M204 S1000
G1 F1200 X112.579 Y168.582 E2189.53599
M204 S10000
G0 F9600 X112.579 Y168.158
M204 S1000
G1 F1200 X121.89 Y177.468 E2189.86445
M204 S10000
G0 F9600 X122.314 Y177.468
M204 S1000
G1 F1200 X112.579 Y167.734 E2190.20786
M204 S10000
G0 F9600 X112.579 Y167.309
M204 S1000
G1 F1200 X122.738 Y177.468 E2190.56624
M204 S10000
G0 F9600 X123.163 Y177.468
M204 S1000
G1 F1200 X112.579 Y166.885 E2190.93961
M204 S10000
G0 F9600 X112.579 Y166.461
M204 S1000
G1 F1200 X123.587 Y177.468 E2191.32793
M204 S10000
G0 F9600 X124.011 Y177.468
M204 S1000
G1 F1200 X112.579 Y166.037 E2191.7312
M204 S10000
G0 F9600 X112.579 Y165.612
M204 S1000
G1 F1200 X124.435 Y177.468 E2192.14945
M204 S10000
G0 F9600 X124.86 Y177.468
M204 S1000
G1 F1200 X112.579 Y165.188 E2192.58268
M204 S10000
G0 F9600 X112.579 Y164.764
M204 S1000
G1 F1200 X125.284 Y177.468 E2193.03087
M204 S10000
G0 F9600 X125.708 Y177.468
M204 S1000
G1 F1200 X112.579 Y164.34 E2193.49401
M204 S10000
G0 F9600 X112.579 Y163.915
M204 S1000
G1 F1200 X125.72 Y177.056 E2193.9576
M204 S10000
G0 F9600 X125.72 Y176.631
M204 S1000
G1 F1200 X112.579 Y163.491 E2194.42116
M204 S10000
G0 F9600 X112.579 Y163.067
M204 S1000
G1 F1200 X125.72 Y176.207 E2194.88473
M204 S10000
G0 F9600 X125.72 Y175.783
M204 S1000
G1 F1200 X112.579 Y162.643 E2195.3483
M204 S10000
G0 F9600 X112.579 Y162.218
M204 S1000
G1 F1200 X125.72 Y175.358 E2195.81186
M204 S10000
G0 F9600 X125.72 Y174.934
M204 S1000
G1 F1200 X112.579 Y161.794 E2196.27543
M204 S10000
G0 F9600 X112.579 Y161.37
M204 S1000
G1 F1200 X125.72 Y174.51 E2196.739
M204 S10000
G0 F9600 X125.72 Y174.086
M204 S1000
G1 F1200 X112.579 Y160.945 E2197.20258
M204 S10000
G0 F9600 X112.579 Y160.521
M204 S1000
G1 F1200 X125.72 Y173.661 E2197.66615
M204 S10000
G0 F9600 X125.72 Y173.237
M204 S1000
G1 F1200 X112.579 Y160.097 E2198.12971
M204 S10000
G0 F9600 X112.579 Y159.673
M204 S1000
G1 F1200 X125.72 Y172.813 E2198.59328
M204 S10000
G0 F9600 X125.72 Y172.389
M204 S1000
G1 F1200 X112.579 Y159.248 E2199.05686
M204 S10000
G0 F9600 X112.579 Y158.824
M204 S1000
G1 F1200 X125.72 Y171.964 E2199.52043
M204 S10000
G0 F9600 X125.72 Y171.54
M204 S1000
G1 F1200 X112.579 Y158.4 E2199.984
M204 S10000
G0 F9600 X112.579 Y157.976
M204 S1000
G1 F1200 X125.72 Y171.116 E2200.44756
M204 S10000
G0 F9600 X125.72 Y170.692
M204 S1000
G1 F1200 X112.579 Y157.551 E2200.91115
M204 S10000
G0 F9600 X112.579 Y157.127
M204 S1000
G1 F1200 X125.72 Y170.267 E2201.37471
M204 S10000
G0 F9600 X125.72 Y169.843
M204 S1000
G1 F1200 X112.579 Y156.703 E2201.83828
M204 S10000
G0 F9600 X112.579 Y156.279
M204 S1000
G1 F1200 X125.72 Y169.419 E2202.30185
M204 S10000
G0 F9600 X125.72 Y168.994
M204 S1000
G1 F1200 X112.579 Y155.854 E2202.76541
M204 S10000
G0 F9600 X112.579 Y155.43
M204 S1000
G1 F1200 X125.72 Y168.57 E2203.22898
M204 S10000
G0 F9600 X125.72 Y168.146
M204 S1000
G1 F1200 X112.579 Y155.006 E2203.69255
M204 S10000
G0 F9600 X112.579 Y154.582
M204 S1000
G1 F1200 X125.72 Y167.722 E2204.15611
M204 S10000
G0 F9600 X125.72 Y167.297
M204 S1000
G1 F1200 X112.579 Y154.157 E2204.61968
M204 S10000
G0 F9600 X112.579 Y153.733
M204 S1000
G1 F1200 X125.72 Y166.873 E2205.08325
M204 S10000
G0 F9600 X125.72 Y166.449
M204 S1000
G1 F1200 X112.579 Y153.309 E2205.54681
M204 S10000
G0 F9600 X112.579 Y152.884
M204 S1000
G1 F1200 X125.72 Y166.025 E2206.0104
M204 S10000
G0 F9600 X125.72 Y165.6
M204 S1000
G1 F1200 X112.579 Y152.46 E2206.47397
M204 S10000
G0 F9600 X112.579 Y152.036
M204 S1000
G1 F1200 X125.72 Y165.176 E2206.93753
M204 S10000
G0 F9600 X125.72 Y164.752
M204 S1000
G1 F1200 X112.579 Y151.612 E2207.4011
M204 S10000
G0 F9600 X112.579 Y151.187
M204 S1000
G1 F1200 X125.72 Y164.328 E2207.86468
M204 S10000
G0 F9600 X125.72 Y163.903
M204 S1000
G1 F1200 X112.579 Y150.763 E2208.32825
M204 S10000
G0 F9600 X112.579 Y150.339
M204 S1000
G1 F1200 X125.72 Y163.479 E2208.79182
M204 S10000
G0 F9600 X125.72 Y163.055
M204 S1000
G1 F1200 X112.579 Y149.915 E2209.25538
M204 S10000
G0 F9600 X112.579 Y149.49
M204 S1000
G1 F1200 X125.72 Y162.631 E2209.71897
M204 S10000
G0 F9600 X125.72 Y162.206
M204 S1000
G1 F1200 X112.579 Y149.066 E2210.18253
M204 S10000
G0 F9600 X112.579 Y148.642
M204 S1000
G1 F1200 X125.72 Y161.782 E2210.6461
M204 S10000
G0 F9600 X125.72 Y161.358
M204 S1000
G1 F1200 X112.579 Y148.218 E2211.10967
M204 S10000
G0 F9600 X112.579 Y147.793
M204 S1000
G1 F1200 X125.72 Y160.933 E2211.57323
M204 S10000
G0 F9600 X125.72 Y160.509
M204 S1000
G1 F1200 X112.579 Y147.369 E2212.0368
M204 S10000
G0 F9600 X112.579 Y146.945
M204 S1000
G1 F1200 X125.72 Y160.085 E2212.50037
M204 S10000
G0 F9600 X125.72 Y159.661
M204 S1000
G1 F1200 X112.579 Y146.521 E2212.96393
M204 S10000
G0 F9600 X112.579 Y146.096
M204 S1000
G1 F1200 X125.72 Y159.236 E2213.4275
M204 S10000
G0 F9600 X125.72 Y158.812
M204 S1000
G1 F1200 X112.579 Y145.672 E2213.89107
M204 S10000
G0 F9600 X112.579 Y145.248
M204 S1000
G1 F1200 X125.72 Y158.388 E2214.35463
M204 S10000
G0 F9600 X125.72 Y157.964
M204 S1000
G1 F1200 X112.579 Y144.823 E2214.81822
M204 S10000
G0 F9600 X112.579 Y144.399
M204 S1000
G1 F1200 X125.72 Y157.539 E2215.28178
M204 S10000
G0 F9600 X125.72 Y157.115
M204 S1000
G1 F1200 X112.579 Y143.975 E2215.74535
M204 S10000
G0 F9600 X112.579 Y143.551
M204 S1000
G1 F1200 X125.72 Y156.691 E2216.20892
M204 S10000
G0 F9600 X125.72 Y156.267
M204 S1000
G1 F1200 X112.579 Y143.126 E2216.6725
M204 S10000
G0 F9600 X112.579 Y142.702
M204 S1000
G1 F1200 X125.72 Y155.842 E2217.13607
M204 S10000
G0 F9600 X125.72 Y155.418
M204 S1000
G1 F1200 X112.579 Y142.278 E2217.59963
M204 S10000
G0 F9600 X112.579 Y141.854
M204 S1000
G1 F1200 X125.72 Y154.994 E2218.0632
M204 S10000
G0 F9600 X125.72 Y154.57
M204 S1000
G1 F1200 X112.579 Y141.429 E2218.52679
M204 S10000
G0 F9600 X112.579 Y141.005
M204 S1000
G1 F1200 X125.72 Y154.145 E2218.99035
M204 S10000
G0 F9600 X125.72 Y153.721
M204 S1000
G1 F1200 X112.579 Y140.581 E2219.45392
M204 S10000
G0 F9600 X112.579 Y140.157
M204 S1000
G1 F1200 X125.72 Y153.297 E2219.91749
M204 S10000
G0 F9600 X125.72 Y152.872
M204 S1000
G1 F1200 X112.579 Y139.732 E2220.38105
M204 S10000
G0 F9600 X112.579 Y139.308
M204 S1000
G1 F1200 X125.72 Y152.448 E2220.84462
M204 S10000
G0 F9600 X125.72 Y152.024
M204 S1000
G1 F1200 X112.579 Y138.884 E2221.30819
M204 S10000
G0 F9600 X112.579 Y138.459
M204 S1000
G1 F1200 X125.72 Y151.6 E2221.77177
M204 S10000
G0 F9600 X125.72 Y151.175
M204 S1000
G1 F1200 X112.579 Y138.035 E2222.23534
M204 S10000
G0 F9600 X112.579 Y137.611
M204 S1000
G1 F1200 X125.72 Y150.751 E2222.6989
M204 S10000
G0 F9600 X125.72 Y150.327
M204 S1000
G1 F1200 X112.579 Y137.187 E2223.16247
M204 S10000
G0 F9600 X112.579 Y136.762
M204 S1000
G1 F1200 X125.72 Y149.903 E2223.62605
M204 S10000
G0 F9600 X125.72 Y149.478
M204 S1000
G1 F1200 X112.579 Y136.338 E2224.08962
M204 S10000
G0 F9600 X112.579 Y135.914
M204 S1000
G1 F1200 X125.72 Y149.054 E2224.55319
M204 S10000
G0 F9600 X125.72 Y148.63
M204 S1000
G1 F1200 X112.579 Y135.49 E2225.01675
M204 S10000
G0 F9600 X112.579 Y135.065
M204 S1000
G1 F1200 X125.72 Y148.206 E2225.48034
M204 S10000
G0 F9600 X125.72 Y147.781
M204 S1000
G1 F1200 X112.579 Y134.641 E2225.9439
M204 S10000
G0 F9600 X112.579 Y134.217
M204 S1000
G1 F1200 X125.72 Y147.357 E2226.40747
M204 S10000
G0 F9600 X125.72 Y146.933
M204 S1000
G1 F1200 X112.579 Y133.793 E2226.87104
M204 S10000
G0 F9600 X112.579 Y133.368
M204 S1000
G1 F1200 X125.72 Y146.508 E2227.3346
M204 S10000
G0 F9600 X125.72 Y146.084
M204 S1000
G1 F1200 X112.579 Y132.944 E2227.79817
M204 S10000
G0 F9600 X112.579 Y132.52
M204 S1000
G1 F1200 X125.72 Y145.66 E2228.26174
M204 S10000
G0 F9600 X125.72 Y145.236
M204 S1000
G1 F1200 X112.579 Y132.096 E2228.7253
M204 S10000
G0 F9600 X112.579 Y131.671
M204 S1000
G1 F1200 X125.72 Y144.811 E2229.18887
M204 S10000
G0 F9600 X125.72 Y144.387
M204 S1000
G1 F1200 X112.579 Y131.247 E2229.65244
M204 S10000
G0 F9600 X112.579 Y130.823
M204 S1000
G1 F1200 X125.72 Y143.963 E2230.116
M204 S10000
G0 F9600 X125.72 Y143.539
M204 S1000
G1 F1200 X112.579 Y130.398 E2230.57959
M204 S10000
G0 F9600 X112.579 Y129.974
M204 S1000
G1 F1200 X125.72 Y143.114 E2231.04315
M204 S10000
G0 F9600 X125.72 Y142.69
M204 S1000
G1 F1200 X112.579 Y129.55 E2231.50672
M204 S10000
G0 F9600 X112.579 Y129.126
M204 S1000
G1 F1200 X125.72 Y142.266 E2231.97029
M204 S10000
G0 F9600 X125.72 Y141.842
M204 S1000
G1 F1200 X112.579 Y128.701 E2232.43387
M204 S10000
G0 F9600 X112.579 Y128.277
M204 S1000
G1 F1200 X125.72 Y141.417 E2232.89744
M204 S10000
G0 F9600 X125.72 Y140.993
M204 S1000
G1 F1200 X112.579 Y127.853 E2233.36101
M204 S10000
G0 F9600 X112.579 Y127.429
M204 S1000
G1 F1200 X125.72 Y140.569 E2233.82457
M204 S10000
G0 F9600 X125.72 Y140.145
M204 S1000
G1 F1200 X112.579 Y127.004 E2234.28816
M204 S10000
G0 F9600 X112.579 Y126.58
M204 S1000
G1 F1200 X125.72 Y139.72 E2234.75172
M204 S10000
G0 F9600 X125.72 Y139.296
M204 S1000
G1 F1200 X112.579 Y126.156 E2235.21529
M204 S10000
G0 F9600 X112.579 Y125.732
M204 S1000
G1 F1200 X125.72 Y138.872 E2235.67886
M204 S10000
G0 F9600 X125.72 Y138.447
M204 S1000
G1 F1200 X112.579 Y125.307 E2236.14242
M204 S10000
G0 F9600 X112.579 Y124.883
M204 S1000
G1 F1200 X125.72 Y138.023 E2236.60599
M204 S10000
G0 F9600 X125.72 Y137.599
M204 S1000
G1 F1200 X112.579 Y124.459 E2237.06956
M204 S10000
G0 F9600 X112.579 Y124.035
M204 S1000
G1 F1200 X125.72 Y137.175 E2237.53312
M204 S10000
G0 F9600 X125.72 Y136.75
M204 S1000
G1 F1200 X112.579 Y123.61 E2237.99669
M204 S10000
G0 F9600 X112.579 Y123.186
M204 S1000
G1 F1200 X125.72 Y136.326 E2238.46026
M204 S10000
G0 F9600 X125.72 Y135.902
M204 S1000
G1 F1200 X112.579 Y122.762 E2238.92382
M204 S10000
G0 F9600 X112.771 Y122.529
M204 S1000
G1 F1200 X125.72 Y135.478 E2239.38063
M204 S10000
G0 F9600 X125.72 Y135.053
M204 S1000
G1 F1200 X113.195 Y122.529 E2239.82247
M204 S10000
G0 F9600 X113.62 Y122.529
M204 S1000
G1 F1200 X125.72 Y134.629 E2240.24933
M204 S10000
G0 F9600 X125.72 Y134.205
M204 S1000
G1 F1200 X114.044 Y122.529 E2240.66123
M204 S10000
G0 F9600 X114.468 Y122.529
M204 S1000
G1 F1200 X125.72 Y133.781 E2241.05818
M204 S10000
G0 F9600 X125.72 Y133.356
M204 S1000
G1 F1200 X114.892 Y122.529 E2241.44015
M204 S10000
G0 F9600 X115.317 Y122.529
M204 S1000
G1 F1200 X125.72 Y132.932 E2241.80714
M204 S10000
G0 F9600 X125.72 Y132.508
M204 S1000
G1 F1200 X115.741 Y122.529 E2242.15918
M204 S10000
G0 F9600 X116.165 Y122.529
M204 S1000
G1 F1200 X125.72 Y132.084 E2242.49625
M204 S10000
G0 F9600 X125.72 Y131.659
M204 S1000
G1 F1200 X116.589 Y122.529 E2242.81836
M204 S10000
G0 F9600 X117.014 Y122.529
M204 S1000
G1 F1200 X125.72 Y131.235 E2243.12549
M204 S10000
G0 F9600 X125.72 Y130.811
M204 S1000
G1 F1200 X117.438 Y122.529 E2243.41765
M204 S10000
G0 F9600 X117.862 Y122.529
M204 S1000
G1 F1200 X125.72 Y130.386 E2243.69485
M204 S10000
G0 F9600 X125.72 Y129.962
M204 S1000
G1 F1200 X118.286 Y122.529 E2243.95709
M204 S10000
G0 F9600 X118.711 Y122.529
M204 S1000
G1 F1200 X125.72 Y129.538 E2244.20435
M204 S10000
G0 F9600 X125.72 Y129.114
M204 S1000
G1 F1200 X119.135 Y122.529 E2244.43665
M204 S10000
G0 F9600 X119.56 Y122.53
M204 S1000
G1 F1200 X125.72 Y128.689 E2244.65394
M204 S10000
G0 F9600 X125.72 Y128.265
M204 S1000
G1 F1200 X119.984 Y122.53 E2244.85628
M204 S10000
G0 F9600 X120.408 Y122.53
M204 S1000
G1 F1200 X125.72 Y127.841 E2245.04366
M204 S10000
G0 F9600 X125.72 Y127.417
M204 S1000
G1 F1200 X120.833 Y122.53 E2245.21606
M204 S10000
G0 F9600 X121.257 Y122.53
M204 S1000
G1 F1200 X125.72 Y126.992 E2245.37349
M204 S10000
G0 F9600 X125.72 Y126.568
M204 S1000
G1 F1200 X121.681 Y122.53 E2245.51595
M204 S10000
G0 F9600 X122.106 Y122.53
M204 S1000
G1 F1200 X125.72 Y126.144 E2245.64345
M204 S10000
G0 F9600 X125.72 Y125.72
M204 S1000
G1 F1200 X122.53 Y122.53 E2245.75598
M204 S10000
G0 F9600 X122.954 Y122.53
M204 S1000
G1 F1200 X125.72 Y125.295 E2245.85354
M204 S10000
G0 F9600 X125.72 Y124.871
M204 S1000
G1 F1200 X123.378 Y122.53 E2245.93615
M204 S10000
G0 F9600 X123.803 Y122.53
M204 S1000
G1 F1200 X125.72 Y124.447 E2246.00378
M204 S10000
G0 F9600 X125.72 Y124.022
M204 S1000
G1 F1200 X124.227 Y122.53 E2246.05643
M204 S10000
G0 F9600 X124.651 Y122.53
M204 S1000
G1 F1200 X125.72 Y123.598 E2246.09412
M204 S10000
G0 F9600 X125.72 Y123.174
M204 S1000
G1 F1200 X125.075 Y122.53 E2246.11686
M204 S10000
G0 F9600 X125.5 Y122.53
M204 S1000
G1 F1200 X125.72 Y122.75 E2246.12462
M204 S10000
G0 F9600 X126.14 Y122.75
G1 F3000 E2240.12462
;MESH:Lid_side_panel_x2.stl
G0 F9600 X126.82 Y177.89
G0 X132.33 Y177.89
G0 X146.99 Y177.89
M204 S1000
;TYPE:WALL-INNER
G1 F3000 E2246.12462
G1 F1800 X146.99 Y122.11 E2247.51606
G1 X133.01 Y122.11 E2247.86479
G1 X133.01 Y177.89 E2249.25623
G1 X146.99 Y177.89 E2249.60496
M204 S10000
G0 F9600 X147.29 Y178.19
M204 S1000
G1 F1800 X147.29 Y121.81 E2251.01136
G1 X132.71 Y121.81 E2251.37506
G1 X132.71 Y178.19 E2252.78147
G1 X147.29 Y178.19 E2253.14517
M204 S10000
G0 F9600 X147.59 Y178.49
M204 S1000
G1 F1800 X147.59 Y121.51 E2254.56654
G1 X132.41 Y121.51 E2254.94521
G1 X132.41 Y178.49 E2256.36658
G1 X147.59 Y178.49 E2256.74525
M204 S10000
G0 F9600 X147.84 Y178.74
M204 S1000
;TYPE:WALL-OUTER
G1 F1800 X147.84 Y121.26 E2258.17909
G1 X132.16 Y121.26 E2258.57023
G1 X132.16 Y178.74 E2260.00407
G1 X147.84 Y178.74 E2260.39521
M204 S10000
G0 F9600 X147.84 Y178.54
G0 X147.59 Y178.54
G0 X146.94 Y177.62
G0 X146.72 Y177.62
M204 S1000
;TYPE:SKIN
G1 F1200 X133.28 Y177.62 E2260.73047
G1 X133.28 Y122.38 E2262.10844
G1 X146.72 Y122.38 E2262.4437
G1 X146.72 Y177.62 E2263.82167
M204 S10000
G1 F3000 E2257.82167
G0 F9600 X146.94 Y177.62
G0 X133.769 Y177.84
G0 X133.769 Y177.468
M204 S1000
G1 F3000 E2263.82167
G1 F1200 X133.429 Y177.128 E2263.83367
M204 S10000
G0 F9600 X133.429 Y176.704
M204 S1000
G1 F1200 X134.194 Y177.468 E2263.86064
M204 S10000
G0 F9600 X134.618 Y177.468
M204 S1000
G1 F1200 X133.429 Y176.28 E2263.90256
M204 S10000
G0 F9600 X133.429 Y175.856
M204 S1000
G1 F1200 X135.042 Y177.468 E2263.95945
M204 S10000
G0 F9600 X135.466 Y177.468
M204 S1000
G1 F1200 X133.429 Y175.431 E2264.03131
M204 S10000
G0 F9600 X133.429 Y175.007
M204 S1000
G1 F1200 X135.891 Y177.468 E2264.11815
M204 S10000
G0 F9600 X136.315 Y177.468
M204 S1000
G1 F1200 X133.429 Y174.583 E2264.21994
M204 S10000
G0 F9600 X133.429 Y174.158
M204 S1000
G1 F1200 X136.739 Y177.468 E2264.33671
M204 S10000
G0 F9600 X137.163 Y177.468
M204 S1000
G1 F1200 X133.429 Y173.734 E2264.46844
M204 S10000
G0 F9600 X133.429 Y173.31
M204 S1000
G1 F1200 X137.588 Y177.468 E2264.61514
M204 S10000
G0 F9600 X138.012 Y177.468
M204 S1000
G1 F1200 X133.429 Y172.886 E2264.7768
M204 S10000
G0 F9600 X133.429 Y172.461
M204 S1000
G1 F1200 X138.436 Y177.468 E2264.95343
M204 S10000
G0 F9600 X138.86 Y177.468
M204 S1000
G1 F1200 X133.429 Y172.037 E2265.14503
M204 S10000
G0 F9600 X133.429 Y171.613
M204 S1000
G1 F1200 X139.285 Y177.468 E2265.35159
M204 S10000
G0 F9600 X139.709 Y177.468
M204 S1000
G1 F1200 X133.429 Y171.189 E2265.57312
M204 S10000
G0 F9600 X133.429 Y170.764
M204 S1000
G1 F1200 X140.133 Y177.468 E2265.80962
M204 S10000
G0 F9600 X140.557 Y177.468
M204 S1000
G1 F1200 X133.429 Y170.34 E2266.06108
M204 S10000
G0 F9600 X133.429 Y169.916
M204 S1000
G1 F1200 X140.982 Y177.468 E2266.32752
M204 S10000
G0 F9600 X141.406 Y177.468
M204 S1000
G1 F1200 X133.429 Y169.492 E2266.60891
M204 S10000
G0 F9600 X133.429 Y169.067
M204 S1000
G1 F1200 X141.83 Y177.468 E2266.90528
M204 S10000
G0 F9600 X142.255 Y177.468
M204 S1000
G1 F1200 X133.429 Y168.643 E2267.21662
M204 S10000
G0 F9600 X133.429 Y168.219
M204 S1000
G1 F1200 X142.679 Y177.468 E2267.54292
M204 S10000
G0 F9600 X143.103 Y177.468
M204 S1000
G1 F1200 X133.429 Y167.795 E2267.88418
M204 S10000
G0 F9600 X133.429 Y167.37
M204 S1000
G1 F1200 X143.527 Y177.468 E2268.24042
M204 S10000
G0 F9600 X143.952 Y177.468
M204 S1000
G1 F1200 X133.429 Y166.946 E2268.61162
M204 S10000
G0 F9600 X133.429 Y166.522
M204 S1000
G1 F1200 X144.376 Y177.468 E2268.99779
M204 S10000
G0 F9600 X144.8 Y177.468
M204 S1000
G1 F1200 X133.429 Y166.097 E2269.39893
M204 S10000
G0 F9600 X133.429 Y165.673
M204 S1000
G1 F1200 X145.224 Y177.468 E2269.81504
M204 S10000
G0 F9600 X145.649 Y177.468
M204 S1000
G1 F1200 X133.429 Y165.249 E2270.24611
M204 S10000
G0 F9600 X133.429 Y164.825
M204 S1000
G1 F1200 X146.073 Y177.468 E2270.69214
M204 S10000
G0 F9600 X146.497 Y177.468
M204 S1000
G1 F1200 X133.429 Y164.4 E2271.15315
M204 S10000
G0 F9600 X133.429 Y163.976
M204 S1000
G1 F1200 X146.569 Y177.116 E2271.6167
M204 S10000
G0 F9600 X146.569 Y176.692
M204 S1000
G1 F1200 X133.429 Y163.552 E2272.08025
M204 S10000
G0 F9600 X133.429 Y163.128
M204 S1000
G1 F1200 X146.569 Y176.268 E2272.5438
M204 S10000
G0 F9600 X146.569 Y175.844
M204 S1000
G1 F1200 X133.429 Y162.703 E2273.00737
M204 S10000
G0 F9600 X133.429 Y162.279
M204 S1000
G1 F1200 X146.569 Y175.419 E2273.47092
M204 S10000
G0 F9600 X146.569 Y174.995
M204 S1000
G1 F1200 X133.429 Y161.855 E2273.93447
M204 S10000
G0 F9600 X133.429 Y161.431
M204 S1000
G1 F1200 X146.569 Y174.571 E2274.39801
M204 S10000
G0 F9600 X146.569 Y174.146
M204 S1000
G1 F1200 X133.429 Y161.006 E2274.86156
M204 S10000
G0 F9600 X133.429 Y160.582
M204 S1000
G1 F1200 X146.569 Y173.722 E2275.32511
M204 S10000
G0 F9600 X146.569 Y173.298
M204 S1000
G1 F1200 X133.429 Y160.158 E2275.78866
M204 S10000
G0 F9600 X133.429 Y159.734
M204 S1000
G1 F1200 X146.569 Y172.874 E2276.25221
M204 S10000
G0 F9600 X146.569 Y172.449
M204 S1000
G1 F1200 X133.429 Y159.309 E2276.71576
M204 S10000
G0 F9600 X133.429 Y158.885
M204 S1000
G1 F1200 X146.569 Y172.025 E2277.17931
M204 S10000
G0 F9600 X146.569 Y171.601
M204 S1000
G1 F1200 X133.429 Y158.461 E2277.64286
M204 S10000
G0 F9600 X133.429 Y158.036
M204 S1000
G1 F1200 X146.569 Y171.177 E2278.10642
M204 S10000
G0 F9600 X146.569 Y170.752
M204 S1000
G1 F1200 X133.429 Y157.612 E2278.56997
M204 S10000
G0 F9600 X133.429 Y157.188
M204 S1000
G1 F1200 X146.569 Y170.328 E2279.03352
M204 S10000
G0 F9600 X146.569 Y169.904
M204 S1000
G1 F1200 X133.429 Y156.764 E2279.49707
M204 S10000
G0 F9600 X133.429 Y156.339
M204 S1000
G1 F1200 X146.569 Y169.48 E2279.96064
M204 S10000
G0 F9600 X146.569 Y169.055
M204 S1000
G1 F1200 X133.429 Y155.915 E2280.42419
M204 S10000
G0 F9600 X133.429 Y155.491
M204 S1000
G1 F1200 X146.569 Y168.631 E2280.88774
M204 S10000
G0 F9600 X146.569 Y168.207
M204 S1000
G1 F1200 X133.429 Y155.067 E2281.35128
M204 S10000
G0 F9600 X133.429 Y154.642
M204 S1000
G1 F1200 X146.569 Y167.783 E2281.81485
M204 S10000
G0 F9600 X146.569 Y167.358
M204 S1000
G1 F1200 X133.429 Y154.218 E2282.2784
M204 S10000
G0 F9600 X133.429 Y153.794
M204 S1000
G1 F1200 X146.569 Y166.934 E2282.74195
M204 S10000
G0 F9600 X146.569 Y166.51
M204 S1000
G1 F1200 X133.429 Y153.37 E2283.2055
M204 S10000
G0 F9600 X133.429 Y152.945
M204 S1000
G1 F1200 X146.569 Y166.085 E2283.66905
M204 S10000
G0 F9600 X146.569 Y165.661
M204 S1000
G1 F1200 X133.429 Y152.521 E2284.1326
M204 S10000
G0 F9600 X133.429 Y152.097
M204 S1000
G1 F1200 X146.569 Y165.237 E2284.59614
M204 S10000
G0 F9600 X146.569 Y164.813
M204 S1000
G1 F1200 X133.429 Y151.672 E2285.05971
M204 S10000
G0 F9600 X133.429 Y151.248
M204 S1000
G1 F1200 X146.569 Y164.388 E2285.52326
M204 S10000
G0 F9600 X146.569 Y163.964
M204 S1000
G1 F1200 X133.429 Y150.824 E2285.98681
M204 S10000
G0 F9600 X133.429 Y150.4
M204 S1000
G1 F1200 X146.569 Y163.54 E2286.45036
M204 S10000
G0 F9600 X146.569 Y163.116
M204 S1000
G1 F1200 X133.429 Y149.975 E2286.91393
M204 S10000
G0 F9600 X133.429 Y149.551
M204 S1000
G1 F1200 X146.569 Y162.691 E2287.37747
M204 S10000
G0 F9600 X146.569 Y162.267
M204 S1000
G1 F1200 X133.429 Y149.127 E2287.84102
M204 S10000
G0 F9600 X133.429 Y148.703
M204 S1000
G1 F1200 X146.569 Y161.843 E2288.30457
M204 S10000
G0 F9600 X146.569 Y161.419
M204 S1000
G1 F1200 X133.429 Y148.278 E2288.76814
M204 S10000
G0 F9600 X133.429 Y147.854
M204 S1000
G1 F1200 X146.569 Y160.994 E2289.23169
M204 S10000
G0 F9600 X146.569 Y160.57
M204 S1000
G1 F1200 X133.429 Y147.43 E2289.69524
M204 S10000
G0 F9600 X133.429 Y147.006
M204 S1000
G1 F1200 X146.569 Y160.146 E2290.15879
M204 S10000
G0 F9600 X146.569 Y159.721
M204 S1000
G1 F1200 X133.429 Y146.581 E2290.62233
M204 S10000
G0 F9600 X133.429 Y146.157
M204 S1000
G1 F1200 X146.569 Y159.297 E2291.08588
M204 S10000
G0 F9600 X146.569 Y158.873
M204 S1000
G1 F1200 X133.429 Y145.733 E2291.54943
M204 S10000
G0 F9600 X133.429 Y145.309
M204 S1000
G1 F1200 X146.569 Y158.449 E2292.01298
M204 S10000
G0 F9600 X146.569 Y158.024
M204 S1000
G1 F1200 X133.429 Y144.884 E2292.47653
M204 S10000
G0 F9600 X133.429 Y144.46
M204 S1000
G1 F1200 X146.569 Y157.6 E2292.94008
M204 S10000
G0 F9600 X146.569 Y157.176
M204 S1000
G1 F1200 X133.429 Y144.036 E2293.40363
M204 S10000
G0 F9600 X133.429 Y143.611
M204 S1000
G1 F1200 X146.569 Y156.752 E2293.8672
M204 S10000
G0 F9600 X146.569 Y156.327
M204 S1000
G1 F1200 X133.429 Y143.187 E2294.33074
M204 S10000
G0 F9600 X133.429 Y142.763
M204 S1000
G1 F1200 X146.569 Y155.903 E2294.79429
M204 S10000
G0 F9600 X146.569 Y155.479
M204 S1000
G1 F1200 X133.429 Y142.339 E2295.25784
M204 S10000
G0 F9600 X133.429 Y141.914
M204 S1000
G1 F1200 X146.569 Y155.055 E2295.72141
M204 S10000
G0 F9600 X146.569 Y154.63
M204 S1000
G1 F1200 X133.429 Y141.49 E2296.18496
M204 S10000
G0 F9600 X133.429 Y141.066
M204 S1000
G1 F1200 X146.569 Y154.206 E2296.64851
M204 S10000
G0 F9600 X146.569 Y153.782
M204 S1000
G1 F1200 X133.429 Y140.642 E2297.11206
M204 S10000
G0 F9600 X133.429 Y140.217
M204 S1000
G1 F1200 X146.569 Y153.358 E2297.57562
M204 S10000
G0 F9600 X146.569 Y152.933
M204 S1000
G1 F1200 X133.429 Y139.793 E2298.03917
M204 S10000
G0 F9600 X133.429 Y139.369
M204 S1000
G1 F1200 X146.569 Y152.509 E2298.50272
M204 S10000
G0 F9600 X146.569 Y152.085
M204 S1000
G1 F1200 X133.429 Y138.945 E2298.96627
M204 S10000
G0 F9600 X133.429 Y138.52
M204 S1000
G1 F1200 X146.569 Y151.66 E2299.42982
M204 S10000
G0 F9600 X146.569 Y151.236
M204 S1000
G1 F1200 X133.429 Y138.096 E2299.89337
M204 S10000
G0 F9600 X133.429 Y137.672
M204 S1000
G1 F1200 X146.569 Y150.812 E2300.35692
M204 S10000
G0 F9600 X146.569 Y150.388
M204 S1000
G1 F1200 X133.429 Y137.248 E2300.82047
M204 S10000
G0 F9600 X133.429 Y136.823
M204 S1000
G1 F1200 X146.569 Y149.963 E2301.28401
M204 S10000
G0 F9600 X146.569 Y149.539
M204 S1000
G1 F1200 X133.429 Y136.399 E2301.74756
M204 S10000
G0 F9600 X133.429 Y135.975
M204 S1000
G1 F1200 X146.569 Y149.115 E2302.21111
M204 S10000
G0 F9600 X146.569 Y148.691
M204 S1000
G1 F1200 X133.429 Y135.55 E2302.67468
M204 S10000
G0 F9600 X133.429 Y135.126
M204 S1000
G1 F1200 X146.569 Y148.266 E2303.13823
M204 S10000
G0 F9600 X146.569 Y147.842
M204 S1000
G1 F1200 X133.429 Y134.702 E2303.60178
M204 S10000
G0 F9600 X133.429 Y134.278
M204 S1000
G1 F1200 X146.569 Y147.418 E2304.06533
M204 S10000
G0 F9600 X146.569 Y146.994
M204 S1000
G1 F1200 X133.429 Y133.853 E2304.52889
M204 S10000
G0 F9600 X133.429 Y133.429
M204 S1000
G1 F1200 X146.569 Y146.569 E2304.99244
M204 S10000
G0 F9600 X146.569 Y146.145
M204 S1000
G1 F1200 X133.429 Y133.005 E2305.45599
M204 S10000
G0 F9600 X133.429 Y132.581
M204 S1000
G1 F1200 X146.569 Y145.721 E2305.91954
M204 S10000
G0 F9600 X146.569 Y145.297
M204 S1000
G1 F1200 X133.429 Y132.156 E2306.38311
M204 S10000
G0 F9600 X133.429 Y131.732
M204 S1000
G1 F1200 X146.569 Y144.872 E2306.84665
M204 S10000
G0 F9600 X146.569 Y144.448
M204 S1000
G1 F1200 X133.429 Y131.308 E2307.3102
M204 S10000
G0 F9600 X133.429 Y130.884
M204 S1000
G1 F1200 X146.569 Y144.024 E2307.77375
M204 S10000
G0 F9600 X146.569 Y143.599
M204 S1000
G1 F1200 X133.429 Y130.459 E2308.2373
M204 S10000
G0 F9600 X133.429 Y130.035
M204 S1000
G1 F1200 X146.569 Y143.175 E2308.70085
M204 S10000
G0 F9600 X146.569 Y142.751
M204 S1000
G1 F1200 X133.429 Y129.611 E2309.1644
M204 S10000
G0 F9600 X133.429 Y129.186
M204 S1000
G1 F1200 X146.569 Y142.327 E2309.62797
M204 S10000
G0 F9600 X146.569 Y141.902
M204 S1000
G1 F1200 X133.429 Y128.762 E2310.09152
M204 S10000
G0 F9600 X133.429 Y128.338
M204 S1000
G1 F1200 X146.569 Y141.478 E2310.55506
M204 S10000
G0 F9600 X146.569 Y141.054
M204 S1000
G1 F1200 X133.429 Y127.914 E2311.01861
M204 S10000
G0 F9600 X133.429 Y127.489
M204 S1000
G1 F1200 X146.569 Y140.63 E2311.48218
M204 S10000
G0 F9600 X146.569 Y140.205
M204 S1000
G1 F1200 X133.429 Y127.065 E2311.94573
M204 S10000
G0 F9600 X133.429 Y126.641
M204 S1000
G1 F1200 X146.569 Y139.781 E2312.40928
M204 S10000
G0 F9600 X146.569 Y139.357
M204 S1000
G1 F1200 X133.429 Y126.217 E2312.87283
M204 S10000
G0 F9600 X133.429 Y125.792
M204 S1000
G1 F1200 X146.569 Y138.933 E2313.33639
M204 S10000
G0 F9600 X146.569 Y138.508
M204 S1000
G1 F1200 X133.429 Y125.368 E2313.79994
M204 S10000
G0 F9600 X133.429 Y124.944
M204 S1000
G1 F1200 X146.569 Y138.084 E2314.26349
M204 S10000
G0 F9600 X146.569 Y137.66
M204 S1000
G1 F1200 X133.429 Y124.52 E2314.72704
M204 S10000
G0 F9600 X133.429 Y124.095
M204 S1000
G1 F1200 X146.569 Y137.235 E2315.19059
M204 S10000
G0 F9600 X146.569 Y136.811
M204 S1000
G1 F1200 X133.429 Y123.671 E2315.65414
M204 S10000
G0 F9600 X133.429 Y123.247
M204 S1000
G1 F1200 X146.569 Y136.387 E2316.11769
M204 S10000
G0 F9600 X146.569 Y135.963
M204 S1000
G1 F1200 X133.429 Y122.823 E2316.58124
M204 S10000
G0 F9600 X133.561 Y122.53
M204 S1000
G1 F1200 X146.569 Y135.538 E2317.04013
M204 S10000
G0 F9600 X146.569 Y135.114
M204 S1000
G1 F1200 X133.985 Y122.53 E2317.48406
M204 S10000
G0 F9600 X134.409 Y122.53
M204 S1000
G1 F1200 X146.569 Y134.69 E2317.91304
M204 S10000
G0 F9600 X146.569 Y134.266
M204 S1000
G1 F1200 X134.833 Y122.53 E2318.32706
M204 S10000
G0 F9600 X135.258 Y122.53
M204 S1000
G1 F1200 X146.569 Y133.841 E2318.72609
M204 S10000
G0 F9600 X146.569 Y133.417
M204 S1000
G1 F1200 X135.682 Y122.53 E2319.11015
M204 S10000
G0 F9600 X136.106 Y122.53
M204 S1000
G1 F1200 X146.569 Y132.993 E2319.47926
M204 S10000
G0 F9600 X146.569 Y132.569
M204 S1000
G1 F1200 X136.531 Y122.53 E2319.8334
M204 S10000
G0 F9600 X136.955 Y122.53
M204 S1000
G1 F1200 X146.569 Y132.144 E2320.17256
M204 S10000
G0 F9600 X146.569 Y131.72
M204 S1000
G1 F1200 X137.379 Y122.53 E2320.49676
M204 S10000
G0 F9600 X137.803 Y122.53
M204 S1000
G1 F1200 X146.569 Y131.296 E2320.80601
M204 S10000
G0 F9600 X146.569 Y130.872
M204 S1000
G1 F1200 X138.228 Y122.53 E2321.10027
M204 S10000
G0 F9600 X138.652 Y122.53
M204 S1000
G1 F1200 X146.569 Y130.447 E2321.37957
M204 S10000
G0 F9600 X146.569 Y130.023
M204 S1000
G1 F1200 X139.076 Y122.53 E2321.6439
M204 S10000
G0 F9600 X139.5 Y122.53
M204 S1000
G1 F1200 X146.569 Y129.599 E2321.89328
M204 S10000
G0 F9600 X146.569 Y129.174
M204 S1000
G1 F1200 X139.925 Y122.53 E2322.12767
M204 S10000
G0 F9600 X140.349 Y122.53
M204 S1000
G1 F1200 X146.569 Y128.75 E2322.34709
M204 S10000
G0 F9600 X146.569 Y128.326
M204 S1000
G1 F1200 X140.773 Y122.53 E2322.55156
M204 S10000
G0 F9600 X141.197 Y122.53
M204 S1000
G1 F1200 X146.569 Y127.902 E2322.74108
M204 S10000
G0 F9600 X146.569 Y127.477
M204 S1000
G1 F1200 X141.622 Y122.53 E2322.91559
M204 S10000
G0 F9600 X142.046 Y122.53
M204 S1000
G1 F1200 X146.569 Y127.053 E2323.07516
M204 S10000
G0 F9600 X146.569 Y126.629
M204 S1000
G1 F1200 X142.47 Y122.53 E2323.21976
M204 S10000
G0 F9600 X142.894 Y122.53
M204 S1000
G1 F1200 X146.569 Y126.205 E2323.3494
M204 S10000
G0 F9600 X146.569 Y125.78
M204 S1000
G1 F1200 X143.319 Y122.53 E2323.46406
M204 S10000
G0 F9600 X143.743 Y122.53
M204 S1000
G1 F1200 X146.569 Y125.356 E2323.56375
M204 S10000
G0 F9600 X146.569 Y124.932
M204 S1000
G1 F1200 X144.167 Y122.53 E2323.64849
M204 S10000
G0 F9600 X144.592 Y122.53
M204 S1000
G1 F1200 X146.569 Y124.508 E2323.71825
M204 S10000
G0 F9600 X146.569 Y124.083
M204 S1000
G1 F1200 X145.016 Y122.53 E2323.77304
M204 S10000
G0 F9600 X145.44 Y122.53
M204 S1000
G1 F1200 X146.569 Y123.659 E2323.81287
M204 S10000
G0 F9600 X146.569 Y123.235
M204 S1000
G1 F1200 X145.864 Y122.53 E2323.83774
M204 S10000
G0 F9600 X146.289 Y122.53
M204 S1000
G1 F1200 X146.569 Y122.811 E2323.84763
M204 S10000
G0 F9600 X146.99 Y122.811
G1 F3000 E2317.84763
;MESH:Lid_front_panel.stl
G0 F9600 X147.67 Y177.889
G0 X153.18 Y177.889
G0 X153.861 Y177.889
M204 S1000
;TYPE:WALL-INNER
G1 F3000 E2323.84763
G1 F1800 X167.839 Y177.889 E2324.19631
G1 X167.839 Y153.235 E2324.81131
G1 X167.598 Y153.134 E2324.81783
G1 X167.386 Y152.848 E2324.82671
G1 X167.304 Y152.498 E2324.83568
G1 X167.304 Y147.502 E2324.9603
G1 X167.428 Y147.096 E2324.97089
G1 X167.598 Y146.866 E2324.97803
G1 X167.84 Y146.764 E2324.98458
G1 X167.84 Y122.11 E2325.59957
G1 X153.86 Y122.11 E2325.94831
G1 X153.861 Y177.889 E2327.33972
M204 S10000
G0 F9600 X153.561 Y178.189
M204 S1000
G1 F1800 X168.139 Y178.189 E2327.70337
G1 X168.139 Y153.062 E2328.33016
G1 X167.813 Y152.925 E2328.33899
G1 X167.691 Y152.76 E2328.3441
G1 X167.603 Y152.47 E2328.35166
G1 X167.603 Y147.53 E2328.47489
G1 X167.692 Y147.24 E2328.48246
G1 X167.813 Y147.076 E2328.48754
G1 X168.14 Y146.938 E2328.4964
G1 X168.14 Y121.81 E2329.12322
G1 X153.56 Y121.81 E2329.48692
G1 X153.561 Y178.189 E2330.8933
M204 S10000
G0 F9600 X153.261 Y178.489
M204 S1000
G1 F1800 X168.439 Y178.489 E2331.27191
G1 X168.439 Y152.85 E2331.91148
G1 X168.35 Y152.85 E2331.9137
G1 X168.027 Y152.715 E2331.92243
G1 X167.901 Y152.442 E2331.92994
G1 X167.901 Y147.558 E2332.05177
G1 X168.028 Y147.285 E2332.05928
G1 X168.35 Y147.15 E2332.06799
G1 X168.44 Y147.15 E2332.07023
G1 X168.44 Y121.51 E2332.70983
G1 X153.26 Y121.51 E2333.08849
G1 X153.261 Y178.489 E2334.50984
M204 S10000
G0 F9600 X153.011 Y178.739
M204 S1000
;TYPE:WALL-OUTER
G1 F1800 X168.689 Y178.739 E2334.90093
G1 X168.689 Y152.6 E2335.55297
G1 X168.35 Y152.6 E2335.56142
G1 X168.206 Y152.54 E2335.56532
G1 X168.15 Y152.419 E2335.56864
G1 X168.15 Y147.581 E2335.68933
G1 X168.206 Y147.46 E2335.69265
G1 X168.35 Y147.4 E2335.69654
G1 X168.69 Y147.4 E2335.70502
G1 X168.69 Y121.26 E2336.35709
G1 X153.01 Y121.26 E2336.74823
G1 X153.011 Y178.739 E2338.18205
M204 S10000
G0 F9600 X153.211 Y178.739
G0 X153.211 Y178.489
G0 X154.131 Y177.839
G0 X154.131 Y177.619
M204 S1000
;TYPE:SKIN
G1 F1200 X154.13 Y122.38 E2339.55999
G1 X167.57 Y122.38 E2339.89525
G1 X167.57 Y146.598 E2340.49937
G1 X167.389 Y146.697 E2340.50452
G1 X167.203 Y146.947 E2340.51229
G1 X167.037 Y147.347 E2340.5231
G1 X167.03 Y152.573 E2340.65346
G1 X167.181 Y153.01 E2340.66499
G1 X167.39 Y153.304 E2340.67399
G1 X167.569 Y153.402 E2340.67908
G1 X167.569 Y177.619 E2341.28318
G1 X154.131 Y177.619 E2341.61839
M204 S10000
G0 F9600 X154.557 Y177.468
M204 S1000
G1 F1200 X154.28 Y177.19 E2341.62818
M204 S10000
G0 F9600 X154.28 Y176.766
M204 S1000
G1 F1200 X154.982 Y177.468 E2341.65294
M204 S10000
G0 F9600 X155.406 Y177.468
M204 S1000
G1 F1200 X154.28 Y176.341 E2341.69268
M204 S10000
G0 F9600 X154.28 Y175.917
M204 S1000
G1 F1200 X155.83 Y177.468 E2341.74738
M204 S10000
G0 F9600 X156.255 Y177.468
M204 S1000
G1 F1200 X154.28 Y175.493 E2341.81706
M204 S10000
G0 F9600 X154.28 Y175.069
M204 S1000
G1 F1200 X156.679 Y177.468 E2341.90169
M204 S10000
G0 F9600 X157.103 Y177.468
M204 S1000
G1 F1200 X154.28 Y174.644 E2342.00129
M204 S10000
G0 F9600 X154.28 Y174.22
M204 S1000
G1 F1200 X157.527 Y177.468 E2342.11586
M204 S10000
G0 F9600 X157.952 Y177.468
M204 S1000
G1 F1200 X154.28 Y173.796 E2342.2454
M204 S10000
G0 F9600 X154.28 Y173.371
M204 S1000
G1 F1200 X158.376 Y177.468 E2342.38991
M204 S10000
G0 F9600 X158.8 Y177.468
M204 S1000
G1 F1200 X154.28 Y172.947 E2342.54939
M204 S10000
G0 F9600 X154.28 Y172.523
M204 S1000
G1 F1200 X159.224 Y177.468 E2342.72382
M204 S10000
G0 F9600 X159.649 Y177.468
M204 S1000
G1 F1200 X154.28 Y172.099 E2342.91322
M204 S10000
G0 F9600 X154.28 Y171.674
M204 S1000
G1 F1200 X160.073 Y177.468 E2343.1176
M204 S10000
G0 F9600 X160.497 Y177.468
M204 S1000
G1 F1200 X154.28 Y171.25 E2343.33694
M204 S10000
G0 F9600 X154.28 Y170.826
M204 S1000
G1 F1200 X160.921 Y177.468 E2343.57124
M204 S10000
G0 F9600 X161.346 Y177.468
M204 S1000
G1 F1200 X154.28 Y170.402 E2343.82051
M204 S10000
G0 F9600 X154.28 Y169.977
M204 S1000
G1 F1200 X161.77 Y177.468 E2344.08476
M204 S10000
G0 F9600 X162.194 Y177.468
M204 S1000
G1 F1200 X154.28 Y169.553 E2344.36396
M204 S10000
G0 F9600 X154.28 Y169.129
M204 S1000
G1 F1200 X162.619 Y177.468 E2344.65815
M204 S10000
G0 F9600 X163.043 Y177.468
M204 S1000
G1 F1200 X154.28 Y168.705 E2344.96728
M204 S10000
G0 F9600 X154.28 Y168.28
M204 S1000
G1 F1200 X163.467 Y177.468 E2345.2914
M204 S10000
G0 F9600 X163.891 Y177.468
M204 S1000
G1 F1200 X154.28 Y167.856 E2345.63047
M204 S10000
G0 F9600 X154.28 Y167.432
M204 S1000
G1 F1200 X164.316 Y177.468 E2345.98452
M204 S10000
G0 F9600 X164.74 Y177.468
M204 S1000
G1 F1200 X154.28 Y167.008 E2346.35352
M204 S10000
G0 F9600 X154.28 Y166.583
M204 S1000
G1 F1200 X165.164 Y177.468 E2346.7375
M204 S10000
G0 F9600 X165.588 Y177.468
M204 S1000
G1 F1200 X154.28 Y166.159 E2347.13644
M204 S10000
G0 F9600 X154.28 Y165.735
M204 S1000
G1 F1200 X166.013 Y177.468 E2347.55035
M204 S10000
G0 F9600 X166.437 Y177.468
M204 S1000
G1 F1200 X154.28 Y165.31 E2347.97924
M204 S10000
G0 F9600 X154.28 Y164.886
M204 S1000
G1 F1200 X166.861 Y177.468 E2348.42309
M204 S10000
G0 F9600 X167.285 Y177.468
M204 S1000
G1 F1200 X154.28 Y164.462 E2348.88189
M204 S10000
G0 F9600 X154.28 Y164.038
M204 S1000
G1 F1200 X167.418 Y177.176 E2349.34537
M204 S10000
G0 F9600 X167.418 Y176.752
M204 S1000
G1 F1200 X154.28 Y163.613 E2349.80887
M204 S10000
G0 F9600 X154.28 Y163.189
M204 S1000
G1 F1200 X167.418 Y176.328 E2350.27236
M204 S10000
G0 F9600 X167.418 Y175.904
M204 S1000
G1 F1200 X154.28 Y162.765 E2350.73586
M204 S10000
G0 F9600 X154.28 Y162.341
M204 S1000
G1 F1200 X167.418 Y175.479 E2351.19934
M204 S10000
G0 F9600 X167.418 Y175.055
M204 S1000
G1 F1200 X154.28 Y161.916 E2351.66283
M204 S10000
G0 F9600 X154.28 Y161.492
M204 S1000
G1 F1200 X167.418 Y174.631 E2352.12633
M204 S10000
G0 F9600 X167.418 Y174.207
M204 S1000
G1 F1200 X154.28 Y161.068 E2352.58982
M204 S10000
G0 F9600 X154.28 Y160.644
M204 S1000
G1 F1200 X167.418 Y173.782 E2353.0533
M204 S10000
G0 F9600 X167.418 Y173.358
M204 S1000
G1 F1200 X154.28 Y160.219 E2353.5168
M204 S10000
G0 F9600 X154.28 Y159.795
M204 S1000
G1 F1200 X167.418 Y172.934 E2353.9803
M204 S10000
G0 F9600 X167.418 Y172.51
M204 S1000
G1 F1200 X154.28 Y159.371 E2354.44379
M204 S10000
G0 F9600 X154.28 Y158.946
M204 S1000
G1 F1200 X167.418 Y172.085 E2354.90729
M204 S10000
G0 F9600 X167.418 Y171.661
M204 S1000
G1 F1200 X154.28 Y158.522 E2355.37078
M204 S10000
G0 F9600 X154.28 Y158.098
M204 S1000
G1 F1200 X167.418 Y171.237 E2355.83428
M204 S10000
G0 F9600 X167.418 Y170.812
M204 S1000
G1 F1200 X154.28 Y157.674 E2356.29776
M204 S10000
G0 F9600 X154.28 Y157.249
M204 S1000
G1 F1200 X167.418 Y170.388 E2356.76125
M204 S10000
G0 F9600 X167.418 Y169.964
M204 S1000
G1 F1200 X154.28 Y156.825 E2357.22475
M204 S10000
G0 F9600 X154.28 Y156.401
M204 S1000
G1 F1200 X167.418 Y169.54 E2357.68825
M204 S10000
G0 F9600 X167.418 Y169.115
M204 S1000
G1 F1200 X154.28 Y155.977 E2358.15172
M204 S10000
G0 F9600 X154.28 Y155.552
M204 S1000
G1 F1200 X167.418 Y168.691 E2358.61522
M204 S10000
G0 F9600 X167.418 Y168.267
M204 S1000
G1 F1200 X154.28 Y155.128 E2359.07872
M204 S10000
G0 F9600 X154.28 Y154.704
M204 S1000
G1 F1200 X167.418 Y167.843 E2359.54221
M204 S10000
G0 F9600 X167.418 Y167.418
M204 S1000
G1 F1200 X154.28 Y154.28 E2360.00569
M204 S10000
G0 F9600 X154.28 Y153.855
M204 S1000
G1 F1200 X167.418 Y166.994 E2360.46919
M204 S10000
G0 F9600 X167.418 Y166.57
M204 S1000
G1 F1200 X154.28 Y153.431 E2360.93268
M204 S10000
G0 F9600 X154.28 Y153.007
M204 S1000
G1 F1200 X167.418 Y166.146 E2361.39618
M204 S10000
G0 F9600 X167.418 Y165.721
M204 S1000
G1 F1200 X154.28 Y152.583 E2361.85966
M204 S10000
G0 F9600 X154.28 Y152.158
M204 S1000
G1 F1200 X167.418 Y165.297 E2362.32315
M204 S10000
G0 F9600 X167.418 Y164.873
M204 S1000
G1 F1200 X154.28 Y151.734 E2362.78665
M204 S10000
G0 F9600 X154.28 Y151.31
M204 S1000
G1 F1200 X167.418 Y164.448 E2363.25013
M204 S10000
G0 F9600 X167.418 Y164.024
M204 S1000
G1 F1200 X154.28 Y150.885 E2363.71362
M204 S10000
G0 F9600 X154.28 Y150.461
M204 S1000
G1 F1200 X167.418 Y163.6 E2364.17712
M204 S10000
G0 F9600 X167.418 Y163.176
M204 S1000
G1 F1200 X154.28 Y150.037 E2364.64062
M204 S10000
G0 F9600 X154.279 Y149.612
M204 S1000
G1 F1200 X167.418 Y162.751 E2365.10413
M204 S10000
G0 F9600 X167.418 Y162.327
M204 S1000
G1 F1200 X154.279 Y149.188 E2365.56764
M204 S10000
G0 F9600 X154.279 Y148.763
M204 S1000
G1 F1200 X167.418 Y161.903 E2366.03118
M204 S10000
G0 F9600 X167.418 Y161.479
M204 S1000
G1 F1200 X154.279 Y148.339 E2366.49471
M204 S10000
G0 F9600 X154.279 Y147.915
M204 S1000
G1 F1200 X167.418 Y161.054 E2366.95822
M204 S10000
G0 F9600 X167.418 Y160.63
M204 S1000
G1 F1200 X154.279 Y147.491 E2367.42173
M204 S10000
G0 F9600 X154.279 Y147.066
M204 S1000
G1 F1200 X167.418 Y160.206 E2367.88527
M204 S10000
G0 F9600 X167.418 Y159.782
M204 S1000
G1 F1200 X154.279 Y146.642 E2368.3488
M204 S10000
G0 F9600 X154.279 Y146.218
M204 S1000
G1 F1200 X167.418 Y159.357 E2368.81231
M204 S10000
G0 F9600 X167.418 Y158.933
M204 S1000
G1 F1200 X154.279 Y145.794 E2369.27582
M204 S10000
G0 F9600 X154.279 Y145.369
M204 S1000
G1 F1200 X167.418 Y158.509 E2369.73936
M204 S10000
G0 F9600 X167.418 Y158.085
M204 S1000
G1 F1200 X154.279 Y144.945 E2370.20289
M204 S10000
G0 F9600 X154.279 Y144.521
M204 S1000
G1 F1200 X167.418 Y157.66 E2370.6664
M204 S10000
G0 F9600 X167.418 Y157.236
M204 S1000
G1 F1200 X154.279 Y144.097 E2371.12991
M204 S10000
G0 F9600 X154.279 Y143.672
M204 S1000
G1 F1200 X167.418 Y156.812 E2371.59345
M204 S10000
G0 F9600 X167.418 Y156.387
M204 S1000
G1 F1200 X154.279 Y143.248 E2372.05696
M204 S10000
G0 F9600 X154.279 Y142.824
M204 S1000
G1 F1200 X167.418 Y155.963 E2372.52047
M204 S10000
G0 F9600 X167.418 Y155.539
M204 S1000
G1 F1200 X154.279 Y142.399 E2372.984
M204 S10000
G0 F9600 X154.279 Y141.975
M204 S1000
G1 F1200 X167.418 Y155.115 E2373.44754
M204 S10000
G0 F9600 X167.418 Y154.69
M204 S1000
G1 F1200 X154.279 Y141.551 E2373.91105
M204 S10000
G0 F9600 X154.279 Y141.127
M204 S1000
G1 F1200 X167.418 Y154.266 E2374.37456
M204 S10000
G0 F9600 X167.418 Y153.842
M204 S1000
G1 F1200 X154.279 Y140.702 E2374.83809
M204 S10000
G0 F9600 X154.279 Y140.278
M204 S1000
G1 F1200 X167.027 Y153.027 E2375.28783
M204 S10000
G0 F9600 X166.881 Y152.456
M204 S1000
G1 F1200 X154.279 Y139.854 E2375.7324
M204 S10000
G0 F9600 X154.279 Y139.43
M204 S1000
G1 F1200 X166.881 Y152.032 E2376.17697
M204 S10000
G0 F9600 X166.882 Y151.608
M204 S1000
G1 F1200 X154.279 Y139.005 E2376.62158
M204 S10000
G0 F9600 X154.279 Y138.581
M204 S1000
G1 F1200 X166.882 Y151.185 E2377.0662
M204 S10000
G0 F9600 X166.882 Y150.76
M204 S1000
G1 F1200 X154.279 Y138.157 E2377.5108
M204 S10000
G0 F9600 X154.279 Y137.733
M204 S1000
G1 F1200 X166.883 Y150.337 E2377.95544
M204 S10000
G0 F9600 X166.884 Y149.913
M204 S1000
G1 F1200 X154.279 Y137.308 E2378.40012
M204 S10000
G0 F9600 X154.279 Y136.884
M204 S1000
G1 F1200 X166.884 Y149.489 E2378.84479
M204 S10000
G0 F9600 X166.884 Y149.065
M204 S1000
G1 F1200 X154.279 Y136.46 E2379.28947
M204 S10000
G0 F9600 X154.279 Y136.036
M204 S1000
G1 F1200 X166.884 Y148.641 E2379.73415
M204 S10000
G0 F9600 X166.885 Y148.218
M204 S1000
G1 F1200 X154.279 Y135.611 E2380.17887
M204 S10000
G0 F9600 X154.279 Y135.187
M204 S1000
G1 F1200 X166.886 Y147.794 E2380.62362
M204 S10000
G0 F9600 X166.886 Y147.37
M204 S1000
G1 F1200 X154.279 Y134.763 E2381.06837
M204 S10000
G0 F9600 X154.279 Y134.338
M204 S1000
G1 F1200 X166.991 Y147.05 E2381.51682
M204 S10000
G0 F9600 X167.141 Y146.776
M204 S1000
G1 F1200 X154.279 Y133.914 E2381.97056
M204 S10000
G0 F9600 X154.279 Y133.49
M204 S1000
G1 F1200 X167.341 Y146.552 E2382.43135
M204 S10000
G0 F9600 X167.419 Y146.206
M204 S1000
G1 F1200 X154.279 Y133.066 E2382.8949
M204 S10000
G0 F9600 X154.279 Y132.641
M204 S1000
G1 F1200 X167.419 Y145.782 E2383.35847
M204 S10000
G0 F9600 X167.419 Y145.357
M204 S1000
G1 F1200 X154.279 Y132.217 E2383.82202
M204 S10000
G0 F9600 X154.279 Y131.793
M204 S1000
G1 F1200 X167.419 Y144.933 E2384.28557
M204 S10000
G0 F9600 X167.419 Y144.509
M204 S1000
G1 F1200 X154.279 Y131.369 E2384.74912
M204 S10000
G0 F9600 X154.279 Y130.944
M204 S1000
G1 F1200 X167.419 Y144.085 E2385.21268
M204 S10000
G0 F9600 X167.419 Y143.66
M204 S1000
G1 F1200 X154.279 Y130.52 E2385.67623
M204 S10000
G0 F9600 X154.279 Y130.096
M204 S1000
G1 F1200 X167.419 Y143.236 E2386.13978
M204 S10000
G0 F9600 X167.419 Y142.812
M204 S1000
G1 F1200 X154.279 Y129.672 E2386.60333
M204 S10000
G0 F9600 X154.279 Y129.247
M204 S1000
G1 F1200 X167.419 Y142.387 E2387.06688
M204 S10000
G0 F9600 X167.419 Y141.963
M204 S1000
G1 F1200 X154.279 Y128.823 E2387.53043
M204 S10000
G0 F9600 X154.279 Y128.399
M204 S1000
G1 F1200 X167.419 Y141.539 E2387.99398
M204 S10000
G0 F9600 X167.419 Y141.115
M204 S1000
G1 F1200 X154.279 Y127.975 E2388.45753
M204 S10000
G0 F9600 X154.279 Y127.55
M204 S1000
G1 F1200 X167.419 Y140.69 E2388.92108
M204 S10000
G0 F9600 X167.419 Y140.266
M204 S1000
G1 F1200 X154.279 Y127.126 E2389.38462
M204 S10000
G0 F9600 X154.279 Y126.702
M204 S1000
G1 F1200 X167.419 Y139.842 E2389.84817
M204 S10000
G0 F9600 X167.419 Y139.418
M204 S1000
G1 F1200 X154.279 Y126.277 E2390.31174
M204 S10000
G0 F9600 X154.279 Y125.853
M204 S1000
G1 F1200 X167.419 Y138.993 E2390.77529
M204 S10000
G0 F9600 X167.419 Y138.569
M204 S1000
G1 F1200 X154.279 Y125.429 E2391.23884
M204 S10000
G0 F9600 X154.279 Y125.005
M204 S1000
G1 F1200 X167.419 Y138.145 E2391.70239
M204 S10000
G0 F9600 X167.419 Y137.721
M204 S1000
G1 F1200 X154.279 Y124.58 E2392.16595
M204 S10000
G0 F9600 X154.279 Y124.156
M204 S1000
G1 F1200 X167.419 Y137.296 E2392.6295
M204 S10000
G0 F9600 X167.419 Y136.872
M204 S1000
G1 F1200 X154.279 Y123.732 E2393.09305
M204 S10000
G0 F9600 X154.279 Y123.308
M204 S1000
G1 F1200 X167.419 Y136.448 E2393.5566
M204 S10000
G0 F9600 X167.419 Y136.024
M204 S1000
G1 F1200 X154.279 Y122.883 E2394.02017
M204 S10000
G0 F9600 X154.35 Y122.53
M204 S1000
G1 F1200 X167.419 Y135.599 E2394.48121
M204 S10000
G0 F9600 X167.419 Y135.175
M204 S1000
G1 F1200 X154.774 Y122.53 E2394.9273
M204 S10000
G0 F9600 X155.198 Y122.53
M204 S1000
G1 F1200 X167.419 Y134.751 E2395.35843
M204 S10000
G0 F9600 X167.419 Y134.326
M204 S1000
G1 F1200 X155.622 Y122.53 E2395.77458
M204 S10000
G0 F9600 X156.047 Y122.53
M204 S1000
G1 F1200 X167.419 Y133.902 E2396.17576
M204 S10000
G0 F9600 X167.419 Y133.478
M204 S1000
G1 F1200 X156.471 Y122.53 E2396.56198
M204 S10000
G0 F9600 X156.895 Y122.53
M204 S1000
G1 F1200 X167.419 Y133.054 E2396.93324
M204 S10000
G0 F9600 X167.419 Y132.629
M204 S1000
G1 F1200 X157.319 Y122.53 E2397.28953
M204 S10000
G0 F9600 X157.744 Y122.53
M204 S1000
G1 F1200 X167.419 Y132.205 E2397.63084
M204 S10000
G0 F9600 X167.419 Y131.781
M204 S1000
G1 F1200 X158.168 Y122.53 E2397.95719
M204 S10000
G0 F9600 X158.592 Y122.53
M204 S1000
G1 F1200 X167.419 Y131.357 E2398.26859
M204 S10000
G0 F9600 X167.419 Y130.932
M204 S1000
G1 F1200 X159.017 Y122.53 E2398.56499
M204 S10000
G0 F9600 X159.441 Y122.53
M204 S1000
G1 F1200 X167.419 Y130.508 E2398.84644
M204 S10000
G0 F9600 X167.419 Y130.084
M204 S1000
G1 F1200 X159.865 Y122.53 E2399.11293
M204 S10000
G0 F9600 X160.289 Y122.53
M204 S1000
G1 F1200 X167.419 Y129.66 E2399.36446
M204 S10000
G0 F9600 X167.419 Y129.235
M204 S1000
G1 F1200 X160.714 Y122.53 E2399.60099
M204 S10000
G0 F9600 X161.138 Y122.53
M204 S1000
G1 F1200 X167.419 Y128.811 E2399.82257
M204 S10000
G0 F9600 X167.419 Y128.387
M204 S1000
G1 F1200 X161.562 Y122.53 E2400.02919
M204 S10000
G0 F9600 X161.986 Y122.53
M204 S1000
G1 F1200 X167.419 Y127.962 E2400.22084
M204 S10000
G0 F9600 X167.419 Y127.538
M204 S1000
G1 F1200 X162.411 Y122.53 E2400.39751
M204 S10000
G0 F9600 X162.835 Y122.53
M204 S1000
G1 F1200 X167.419 Y127.114 E2400.55922
M204 S10000
G0 F9600 X167.419 Y126.69
M204 S1000
G1 F1200 X163.259 Y122.53 E2400.70598
M204 S10000
G0 F9600 X163.683 Y122.53
M204 S1000
G1 F1200 X167.419 Y126.265 E2400.83776
M204 S10000
G0 F9600 X167.419 Y125.841
M204 S1000
G1 F1200 X164.108 Y122.53 E2400.95456
M204 S10000
G0 F9600 X164.532 Y122.53
M204 S1000
G1 F1200 X167.419 Y125.417 E2401.05641
M204 S10000
G0 F9600 X167.419 Y124.993
M204 S1000
G1 F1200 X164.956 Y122.53 E2401.1433
M204 S10000
G0 F9600 X165.38 Y122.53
M204 S1000
G1 F1200 X167.419 Y124.568 E2401.21521
M204 S10000
G0 F9600 X167.419 Y124.144
M204 S1000
G1 F1200 X165.805 Y122.53 E2401.27215
M204 S10000
G0 F9600 X166.229 Y122.53
M204 S1000
G1 F1200 X167.419 Y123.72 E2401.31413
M204 S10000
G0 F9600 X167.419 Y123.296
M204 S1000
G1 F1200 X166.653 Y122.53 E2401.34115
M204 S10000
G0 F9600 X167.078 Y122.53
M204 S1000
G1 F1200 X167.419 Y122.871 E2401.35318
M204 S10000
G0 F9600 X167.84 Y122.871
G1 F3000 E2395.35318
;MESH:Lid_back_panel.stl
G0 F9600 X168.526 Y147.236
G0 X173.155 Y165.164
G0 X173.841 Y177.89
M204 S1000
;TYPE:WALL-INNER
G1 F3000 E2401.35318
G1 F1800 X187.821 Y177.89 E2401.70192
G1 X187.82 Y122.111 E2403.09333
G1 X173.842 Y122.111 E2403.44201
G1 X173.842 Y134.15 E2403.74233
G1 X174.834 Y134.15 E2403.76707
G1 X175.179 Y134.207 E2403.77579
G1 X175.529 Y134.412 E2403.78591
G1 X175.789 Y134.762 E2403.79679
G1 X175.878 Y135.085 E2403.80515
G1 X175.879 Y164.914 E2404.54923
G1 X175.83 Y165.135 E2404.55488
G1 X175.618 Y165.5 E2404.56541
G1 X175.394 Y165.689 E2404.57272
G1 X175.178 Y165.793 E2404.5787
G1 X174.834 Y165.85 E2404.5874
G1 X173.841 Y165.85 E2404.61217
G1 X173.841 Y177.89 E2404.91251
M204 S10000
G0 F9600 X173.541 Y178.19
M204 S1000
G1 F1800 X188.121 Y178.19 E2405.27621
G1 X188.12 Y121.811 E2406.68259
G1 X173.542 Y121.811 E2407.04624
G1 X173.542 Y134.45 E2407.36152
G1 X174.834 Y134.45 E2407.39375
G1 X175.08 Y134.491 E2407.39997
G1 X175.331 Y134.637 E2407.40721
G1 X175.516 Y134.887 E2407.41497
G1 X175.58 Y135.118 E2407.42095
G1 X175.58 Y164.882 E2408.16342
G1 X175.44 Y165.244 E2408.1731
G1 X175.234 Y165.435 E2408.18011
G1 X175.08 Y165.509 E2408.18437
G1 X174.834 Y165.55 E2408.19059
G1 X173.541 Y165.55 E2408.22284
G1 X173.541 Y178.19 E2408.53815
M204 S10000
G0 F9600 X173.241 Y178.49
M204 S1000
G1 F1800 X188.421 Y178.49 E2408.91682
G1 X188.42 Y121.511 E2410.33816
G1 X173.242 Y121.511 E2410.71678
G1 X173.242 Y134.75 E2411.04703
G1 X174.941 Y134.75 E2411.08941
G1 X175.132 Y134.862 E2411.09493
G1 X175.278 Y135.122 E2411.10237
G1 X175.282 Y164.849 E2411.84391
G1 X175.198 Y165.066 E2411.84972
G1 X175.074 Y165.181 E2411.85394
G1 X174.834 Y165.25 E2411.86017
G1 X173.241 Y165.25 E2411.8999
G1 X173.241 Y178.49 E2412.23018
M204 S10000
G0 F9600 X172.991 Y178.74
M204 S1000
;TYPE:WALL-OUTER
G1 F1800 X188.671 Y178.74 E2412.62132
G1 X188.67 Y121.261 E2414.05514
G1 X172.992 Y121.261 E2414.44623
G1 X172.992 Y135 E2414.78895
G1 X174.834 Y135 E2414.83489
G1 X174.941 Y135.03 E2414.83767
G1 X175.03 Y135.156 E2414.84151
G1 X175.032 Y164.835 E2415.58186
G1 X174.941 Y164.97 E2415.58592
G1 X174.834 Y165 E2415.58869
G1 X172.991 Y165 E2415.63467
G1 X172.991 Y178.74 E2415.97741
M204 S10000
G0 F9600 X173.191 Y178.74
G0 X173.191 Y178.49
G0 X173.891 Y177.62
G0 X174.111 Y177.62
M204 S1000
;TYPE:SKIN
G1 F1200 X174.111 Y166.12 E2416.26428
G1 X174.852 Y166.119 E2416.28277
G1 X175.247 Y166.054 E2416.29275
G1 X175.553 Y165.907 E2416.30122
G1 X175.822 Y165.679 E2416.31002
G1 X176.035 Y165.355 E2416.31969
G1 X176.154 Y165.002 E2416.32898
G1 X176.148 Y135.054 E2417.07604
G1 X176.085 Y134.774 E2417.0832
G1 X175.828 Y134.33 E2417.09599
G1 X175.521 Y134.072 E2417.106
G1 X175.247 Y133.947 E2417.11351
G1 X174.852 Y133.882 E2417.1235
G1 X174.112 Y133.88 E2417.14196
G1 X174.112 Y122.381 E2417.4288
G1 X187.55 Y122.381 E2417.76401
G1 X187.551 Y177.62 E2419.14195
G1 X174.111 Y177.62 E2419.47722
M204 S10000
G0 F9600 X174.499 Y177.469
M204 S1000
G1 F1200 X174.26 Y177.229 E2419.48566
M204 S10000
G0 F9600 X174.26 Y176.805
M204 S1000
G1 F1200 X174.924 Y177.469 E2419.50909
M204 S10000
G0 F9600 X175.348 Y177.469
M204 S1000
G1 F1200 X174.26 Y176.381 E2419.54747
M204 S10000
G0 F9600 X174.26 Y175.957
M204 S1000
G1 F1200 X175.772 Y177.469 E2419.60081
M204 S10000
G0 F9600 X176.196 Y177.469
M204 S1000
G1 F1200 X174.26 Y175.532 E2419.66913
M204 S10000
G0 F9600 X174.26 Y175.108
M204 S1000
G1 F1200 X176.621 Y177.469 E2419.75242
M204 S10000
G0 F9600 X177.045 Y177.469
M204 S1000
G1 F1200 X174.26 Y174.684 E2419.85067
M204 S10000
G0 F9600 X174.26 Y174.26
M204 S1000
G1 F1200 X177.469 Y177.469 E2419.96387
M204 S10000
G0 F9600 X177.893 Y177.469
M204 S1000
G1 F1200 X174.26 Y173.835 E2420.09205
M204 S10000
G0 F9600 X174.26 Y173.411
M204 S1000
G1 F1200 X178.318 Y177.469 E2420.23521
M204 S10000
G0 F9600 X178.742 Y177.469
M204 S1000
G1 F1200 X174.26 Y172.987 E2420.39332
M204 S10000
G0 F9600 X174.26 Y172.563
M204 S1000
G1 F1200 X179.166 Y177.469 E2420.5664
M204 S10000
G0 F9600 X179.59 Y177.469
M204 S1000
G1 F1200 X174.26 Y172.138 E2420.75445
M204 S10000
G0 F9600 X174.26 Y171.714
M204 S1000
G1 F1200 X180.015 Y177.469 E2420.95747
M204 S10000
G0 F9600 X180.439 Y177.469
M204 S1000
G1 F1200 X174.26 Y171.29 E2421.17545
M204 S10000
G0 F9600 X174.26 Y170.865
M204 S1000
G1 F1200 X180.863 Y177.469 E2421.40841
M204 S10000
G0 F9600 X181.288 Y177.469
M204 S1000
G1 F1200 X174.26 Y170.441 E2421.65634
M204 S10000
G0 F9600 X174.26 Y170.017
M204 S1000
G1 F1200 X181.712 Y177.469 E2421.91923
M204 S10000
G0 F9600 X182.136 Y177.469
M204 S1000
G1 F1200 X174.26 Y169.593 E2422.19707
M204 S10000
G0 F9600 X174.26 Y169.168
M204 S1000
G1 F1200 X182.56 Y177.469 E2422.4899
M204 S10000
G0 F9600 X182.985 Y177.469
M204 S1000
G1 F1200 X174.26 Y168.744 E2422.79769
M204 S10000
G0 F9600 X174.26 Y168.32
M204 S1000
G1 F1200 X183.409 Y177.469 E2423.12045
M204 S10000
G0 F9600 X183.833 Y177.469
M204 S1000
G1 F1200 X174.26 Y167.896 E2423.45816
M204 S10000
G0 F9600 X174.26 Y167.471
M204 S1000
G1 F1200 X184.257 Y177.469 E2423.81085
M204 S10000
G0 F9600 X184.682 Y177.469
M204 S1000
G1 F1200 X174.26 Y167.047 E2424.17852
M204 S10000
G0 F9600 X174.26 Y166.623
M204 S1000
G1 F1200 X185.106 Y177.469 E2424.56114
M204 S10000
G0 F9600 X185.53 Y177.469
M204 S1000
G1 F1200 X174.332 Y166.271 E2424.95618
M204 S10000
G0 F9600 X174.753 Y166.268
M204 S1000
G1 F1200 X185.954 Y177.469 E2425.35132
M204 S10000
G0 F9600 X186.379 Y177.469
M204 S1000
G1 F1200 X175.134 Y166.224 E2425.74802
M204 S10000
G0 F9600 X175.457 Y166.124
M204 S1000
G1 F1200 X186.803 Y177.469 E2426.14826
M204 S10000
G0 F9600 X187.227 Y177.469
M204 S1000
G1 F1200 X175.72 Y165.962 E2426.5542
M204 S10000
G0 F9600 X175.947 Y165.764
M204 S1000
G1 F1200 X187.4 Y177.217 E2426.95824
M204 S10000
G0 F9600 X187.4 Y176.793
M204 S1000
G1 F1200 X176.113 Y165.506 E2427.35642
M204 S10000
G0 F9600 X176.239 Y165.208
M204 S1000
G1 F1200 X187.4 Y176.369 E2427.75015
M204 S10000
G0 F9600 X187.4 Y175.945
M204 S1000
G1 F1200 X176.299 Y164.844 E2428.14177
M204 S10000
G0 F9600 X176.299 Y164.42
M204 S1000
G1 F1200 X187.4 Y175.52 E2428.53337
M204 S10000
G0 F9600 X187.4 Y175.096
M204 S1000
G1 F1200 X176.299 Y163.995 E2428.92499
M204 S10000
G0 F9600 X176.299 Y163.571
M204 S1000
G1 F1200 X187.4 Y174.672 E2429.31661
M204 S10000
G0 F9600 X187.4 Y174.248
M204 S1000
G1 F1200 X176.299 Y163.147 E2429.70823
M204 S10000
G0 F9600 X176.299 Y162.722
M204 S1000
G1 F1200 X187.4 Y173.823 E2430.09984
M204 S10000
G0 F9600 X187.4 Y173.399
M204 S1000
G1 F1200 X176.299 Y162.298 E2430.49146
M204 S10000
G0 F9600 X176.299 Y161.874
M204 S1000
G1 F1200 X187.4 Y172.975 E2430.88308
M204 S10000
G0 F9600 X187.4 Y172.551
M204 S1000
G1 F1200 X176.299 Y161.45 E2431.2747
M204 S10000
G0 F9600 X176.299 Y161.025
M204 S1000
G1 F1200 X187.4 Y172.126 E2431.66631
M204 S10000
G0 F9600 X187.4 Y171.702
M204 S1000
G1 F1200 X176.299 Y160.601 E2432.05793
M204 S10000
G0 F9600 X176.299 Y160.177
M204 S1000
G1 F1200 X187.4 Y171.278 E2432.44955
M204 S10000
G0 F9600 X187.4 Y170.853
M204 S1000
G1 F1200 X176.299 Y159.753 E2432.84115
M204 S10000
G0 F9600 X176.299 Y159.328
M204 S1000
G1 F1200 X187.4 Y170.429 E2433.23277
M204 S10000
G0 F9600 X187.4 Y170.005
M204 S1000
G1 F1200 X176.299 Y158.904 E2433.62439
M204 S10000
G0 F9600 X176.299 Y158.48
M204 S1000
G1 F1200 X187.4 Y169.581 E2434.016
M204 S10000
G0 F9600 X187.4 Y169.156
M204 S1000
G1 F1200 X176.299 Y158.056 E2434.4076
M204 S10000
G0 F9600 X176.299 Y157.631
M204 S1000
G1 F1200 X187.4 Y168.732 E2434.79922
M204 S10000
G0 F9600 X187.4 Y168.308
M204 S1000
G1 F1200 X176.298 Y157.206 E2435.19087
M204 S10000
G0 F9600 X176.298 Y156.782
M204 S1000
G1 F1200 X187.4 Y167.884 E2435.58253
M204 S10000
G0 F9600 X187.4 Y167.459
M204 S1000
G1 F1200 X176.298 Y156.358 E2435.97416
M204 S10000
G0 F9600 X176.298 Y155.934
M204 S1000
G1 F1200 X187.4 Y167.035 E2436.3658
M204 S10000
G0 F9600 X187.4 Y166.611
M204 S1000
G1 F1200 X176.298 Y155.509 E2436.75745
M204 S10000
G0 F9600 X176.298 Y155.085
M204 S1000
G1 F1200 X187.4 Y166.187 E2437.1491
M204 S10000
G0 F9600 X187.4 Y165.762
M204 S1000
G1 F1200 X176.298 Y154.661 E2437.54074
M204 S10000
G0 F9600 X176.298 Y154.236
M204 S1000
G1 F1200 X187.4 Y165.338 E2437.93239
M204 S10000
G0 F9600 X187.4 Y164.914
M204 S1000
G1 F1200 X176.298 Y153.812 E2438.32405
M204 S10000
G0 F9600 X176.298 Y153.388
M204 S1000
G1 F1200 X187.4 Y164.49 E2438.7157
M204 S10000
G0 F9600 X187.4 Y164.065
M204 S1000
G1 F1200 X176.298 Y152.964 E2439.10733
M204 S10000
G0 F9600 X176.298 Y152.539
M204 S1000
G1 F1200 X187.4 Y163.641 E2439.49899
M204 S10000
G0 F9600 X187.4 Y163.217
M204 S1000
G1 F1200 X176.298 Y152.115 E2439.89064
M204 S10000
G0 F9600 X176.298 Y151.691
M204 S1000
G1 F1200 X187.4 Y162.792 E2440.28228
M204 S10000
G0 F9600 X187.4 Y162.368
M204 S1000
G1 F1200 X176.298 Y151.267 E2440.67391
M204 S10000
G0 F9600 X176.298 Y150.842
M204 S1000
G1 F1200 X187.4 Y161.944 E2441.06556
M204 S10000
G0 F9600 X187.4 Y161.52
M204 S1000
G1 F1200 X176.298 Y150.418 E2441.45722
M204 S10000
G0 F9600 X176.297 Y149.993
M204 S1000
G1 F1200 X187.4 Y161.095 E2441.84889
M204 S10000
G0 F9600 X187.4 Y160.671
M204 S1000
G1 F1200 X176.297 Y149.569 E2442.24056
M204 S10000
G0 F9600 X176.297 Y149.145
M204 S1000
G1 F1200 X187.4 Y160.247 E2442.63223
M204 S10000
G0 F9600 X187.4 Y159.823
M204 S1000
G1 F1200 X176.297 Y148.72 E2443.02392
M204 S10000
G0 F9600 X176.297 Y148.296
M204 S1000
G1 F1200 X187.4 Y159.398 E2443.41559
M204 S10000
G0 F9600 X187.4 Y158.974
M204 S1000
G1 F1200 X176.297 Y147.872 E2443.80726
M204 S10000
G0 F9600 X176.297 Y147.448
M204 S1000
G1 F1200 X187.4 Y158.55 E2444.19893
M204 S10000
G0 F9600 X187.4 Y158.126
M204 S1000
G1 F1200 X176.297 Y147.023 E2444.59062
M204 S10000
G0 F9600 X176.297 Y146.599
M204 S1000
G1 F1200 X187.4 Y157.701 E2444.98229
M204 S10000
G0 F9600 X187.4 Y157.277
M204 S1000
G1 F1200 X176.297 Y146.175 E2445.37396
M204 S10000
G0 F9600 X176.297 Y145.75
M204 S1000
G1 F1200 X187.4 Y156.853 E2445.76565
M204 S10000
G0 F9600 X187.4 Y156.428
M204 S1000
G1 F1200 X176.297 Y145.326 E2446.15732
M204 S10000
G0 F9600 X176.297 Y144.902
M204 S1000
G1 F1200 X187.4 Y156.004 E2446.54899
M204 S10000
G0 F9600 X187.4 Y155.58
M204 S1000
G1 F1200 X176.297 Y144.478 E2446.94066
M204 S10000
G0 F9600 X176.297 Y144.053
M204 S1000
G1 F1200 X187.4 Y155.156 E2447.33235
M204 S10000
G0 F9600 X187.4 Y154.731
M204 S1000
G1 F1200 X176.297 Y143.629 E2447.72402
M204 S10000
G0 F9600 X176.297 Y143.205
M204 S1000
G1 F1200 X187.4 Y154.307 E2448.11569
M204 S10000
G0 F9600 X187.4 Y153.883
M204 S1000
G1 F1200 X176.297 Y142.781 E2448.50736
M204 S10000
G0 F9600 X176.297 Y142.356
M204 S1000
G1 F1200 X187.4 Y153.459 E2448.89905
M204 S10000
G0 F9600 X187.4 Y153.034
M204 S1000
G1 F1200 X176.297 Y141.931 E2449.29074
M204 S10000
G0 F9600 X176.297 Y141.507
M204 S1000
G1 F1200 X187.4 Y152.61 E2449.68242
M204 S10000
G0 F9600 X187.4 Y152.186
M204 S1000
G1 F1200 X176.297 Y141.083 E2450.07411
M204 S10000
G0 F9600 X176.297 Y140.659
M204 S1000
G1 F1200 X187.4 Y151.762 E2450.4658
M204 S10000
G0 F9600 X187.4 Y151.337
M204 S1000
G1 F1200 X176.297 Y140.234 E2450.85749
M204 S10000
G0 F9600 X176.297 Y139.81
M204 S1000
G1 F1200 X187.4 Y150.913 E2451.24918
M204 S10000
G0 F9600 X187.4 Y150.489
M204 S1000
G1 F1200 X176.297 Y139.386 E2451.64087
M204 S10000
G0 F9600 X176.297 Y138.962
M204 S1000
G1 F1200 X187.4 Y150.065 E2452.03255
M204 S10000
G0 F9600 X187.4 Y149.64
M204 S1000
G1 F1200 X176.297 Y138.537 E2452.42424
M204 S10000
G0 F9600 X176.297 Y138.113
M204 S1000
G1 F1200 X187.4 Y149.216 E2452.81593
M204 S10000
G0 F9600 X187.4 Y148.792
M204 S1000
G1 F1200 X176.297 Y137.689 E2453.20762
M204 S10000
G0 F9600 X176.297 Y137.264
M204 S1000
G1 F1200 X187.4 Y148.367 E2453.59931
M204 S10000
G0 F9600 X187.4 Y147.943
M204 S1000
G1 F1200 X176.297 Y136.84 E2453.991
M204 S10000
G0 F9600 X176.297 Y136.416
M204 S1000
G1 F1200 X187.4 Y147.519 E2454.38268
M204 S10000
G0 F9600 X187.4 Y147.095
M204 S1000
G1 F1200 X176.297 Y135.992 E2454.77437
M204 S10000
G0 F9600 X176.297 Y135.567
M204 S1000
G1 F1200 X187.4 Y146.67 E2455.16606
M204 S10000
G0 F9600 X187.4 Y146.246
M204 S1000
G1 F1200 X176.297 Y135.143 E2455.55775
M204 S10000
G0 F9600 X176.125 Y134.547
M204 S1000
G1 F1200 X187.4 Y145.822 E2455.9555
M204 S10000
G0 F9600 X187.4 Y145.398
M204 S1000
G1 F1200 X174.261 Y132.259 E2456.41902
M204 S10000
G0 F9600 X174.261 Y132.683
M204 S1000
G1 F1200 X175.449 Y133.871 E2456.46093
M204 S10000
G0 F9600 X174.889 Y133.735
M204 S1000
G1 F1200 X174.261 Y133.107 E2456.48308
M204 S10000
G0 F9600 X174.261 Y133.532
M204 S1000
G1 F1200 X174.46 Y133.73 E2456.49009
M204 S10000
G1 F3000 E2450.49009
G0 F9600 X174.46 Y134.1
G0 X173.964 Y134.028
G0 X173.892 Y131.835
G0 X174.261 Y131.835
M204 S1000
G1 F3000 E2456.49009
G1 F1200 X187.4 Y144.973 E2456.95358
M204 S10000
G0 F9600 X187.4 Y144.549
M204 S1000
G1 F1200 X174.261 Y131.41 E2457.4171
M204 S10000
G0 F9600 X174.261 Y130.986
M204 S1000
G1 F1200 X187.4 Y144.125 E2457.88061
M204 S10000
G0 F9600 X187.4 Y143.701
M204 S1000
G1 F1200 X174.261 Y130.562 E2458.34412
M204 S10000
G0 F9600 X174.261 Y130.138
M204 S1000
G1 F1200 X187.4 Y143.276 E2458.80762
M204 S10000
G0 F9600 X187.4 Y142.852
M204 S1000
G1 F1200 X174.261 Y129.713 E2459.27113
M204 S10000
G0 F9600 X174.261 Y129.289
M204 S1000
G1 F1200 X187.4 Y142.428 E2459.73465
M204 S10000
G0 F9600 X187.4 Y142.004
M204 S1000
G1 F1200 X174.261 Y128.865 E2460.19816
M204 S10000
G0 F9600 X174.261 Y128.44
M204 S1000
G1 F1200 X187.4 Y141.579 E2460.66167
M204 S10000
G0 F9600 X187.4 Y141.155
M204 S1000
G1 F1200 X174.261 Y128.016 E2461.12519
M204 S10000
G0 F9600 X174.261 Y127.592
M204 S1000
G1 F1200 X187.4 Y140.731 E2461.5887
M204 S10000
G0 F9600 X187.4 Y140.306
M204 S1000
G1 F1200 X174.261 Y127.168 E2462.0522
M204 S10000
G0 F9600 X174.261 Y126.743
M204 S1000
G1 F1200 X187.4 Y139.882 E2462.51571
M204 S10000
G0 F9600 X187.4 Y139.458
M204 S1000
G1 F1200 X174.261 Y126.319 E2462.97922
M204 S10000
G0 F9600 X174.261 Y125.895
M204 S1000
G1 F1200 X187.4 Y139.034 E2463.44274
M204 S10000
G0 F9600 X187.4 Y138.609
M204 S1000
G1 F1200 X174.261 Y125.471 E2463.90623
M204 S10000
G0 F9600 X174.261 Y125.046
M204 S1000
G1 F1200 X187.4 Y138.185 E2464.36975
M204 S10000
G0 F9600 X187.4 Y137.761
M204 S1000
G1 F1200 X174.261 Y124.622 E2464.83326
M204 S10000
G0 F9600 X174.261 Y124.198
M204 S1000
G1 F1200 X187.4 Y137.337 E2465.29678
M204 S10000
G0 F9600 X187.4 Y136.912
M204 S1000
G1 F1200 X174.261 Y123.774 E2465.76027
M204 S10000
G0 F9600 X174.261 Y123.349
M204 S1000
G1 F1200 X187.4 Y136.488 E2466.22379
M204 S10000
G0 F9600 X187.4 Y136.064
M204 S1000
G1 F1200 X174.261 Y122.925 E2466.6873
M204 S10000
G0 F9600 X174.291 Y122.53
M204 S1000
G1 F1200 X187.4 Y135.64 E2467.14977
M204 S10000
G0 F9600 X187.4 Y135.215
M204 S1000
G1 F1200 X174.715 Y122.53 E2467.59727
M204 S10000
G0 F9600 X175.139 Y122.53
M204 S1000
G1 F1200 X187.4 Y134.791 E2468.02981
M204 S10000
G0 F9600 X187.4 Y134.367
M204 S1000
G1 F1200 X175.564 Y122.53 E2468.44737
M204 S10000
G0 F9600 X175.988 Y122.53
M204 S1000
G1 F1200 X187.4 Y133.942 E2468.84996
M204 S10000
G0 F9600 X187.4 Y133.518
M204 S1000
G1 F1200 X176.412 Y122.53 E2469.23759
M204 S10000
G0 F9600 X176.836 Y122.53
M204 S1000
G1 F1200 X187.4 Y133.094 E2469.61027
M204 S10000
G0 F9600 X187.4 Y132.67
M204 S1000
G1 F1200 X177.261 Y122.53 E2469.96797
M204 S10000
G0 F9600 X177.685 Y122.53
M204 S1000
G1 F1200 X187.4 Y132.245 E2470.31069
M204 S10000
G0 F9600 X187.4 Y131.821
M204 S1000
G1 F1200 X178.109 Y122.53 E2470.63845
M204 S10000
G0 F9600 X178.533 Y122.53
M204 S1000
G1 F1200 X187.4 Y131.397 E2470.95126
M204 S10000
G0 F9600 X187.4 Y130.973
M204 S1000
G1 F1200 X178.958 Y122.53 E2471.24909
M204 S10000
G0 F9600 X179.382 Y122.53
M204 S1000
G1 F1200 X187.4 Y130.548 E2471.53195
M204 S10000
G0 F9600 X187.4 Y130.124
M204 S1000
G1 F1200 X179.806 Y122.53 E2471.79985
M204 S10000
G0 F9600 X180.23 Y122.53
M204 S1000
G1 F1200 X187.4 Y129.7 E2472.05279
M204 S10000
G0 F9600 X187.4 Y129.276
M204 S1000
G1 F1200 X180.655 Y122.53 E2472.29076
M204 S10000
G0 F9600 X181.079 Y122.53
M204 S1000
G1 F1200 X187.4 Y128.851 E2472.51375
M204 S10000
G0 F9600 X187.4 Y128.427
M204 S1000
G1 F1200 X181.503 Y122.53 E2472.72178
M204 S10000
G0 F9600 X181.927 Y122.53
M204 S1000
G1 F1200 X187.4 Y128.003 E2472.91485
M204 S10000
G0 F9600 X187.4 Y127.579
M204 S1000
G1 F1200 X182.352 Y122.53 E2473.09295
M204 S10000
G0 F9600 X182.776 Y122.53
M204 S1000
G1 F1200 X187.4 Y127.154 E2473.25608
M204 S10000
G0 F9600 X187.4 Y126.73
M204 S1000
G1 F1200 X183.2 Y122.53 E2473.40424
M204 S10000
G0 F9600 X183.625 Y122.53
M204 S1000
G1 F1200 X187.4 Y126.306 E2473.53743
M204 S10000
G0 F9600 X187.4 Y125.881
M204 S1000
G1 F1200 X184.049 Y122.53 E2473.65565
M204 S10000
G0 F9600 X184.473 Y122.53
M204 S1000
G1 F1200 X187.4 Y125.457 E2473.75891
M204 S10000
G0 F9600 X187.4 Y125.033
M204 S1000
G1 F1200 X184.897 Y122.53 E2473.84721
M204 S10000
G0 F9600 X185.322 Y122.53
M204 S1000
G1 F1200 X187.4 Y124.609 E2473.92053
M204 S10000
G0 F9600 X187.4 Y124.184
M204 S1000
G1 F1200 X185.746 Y122.53 E2473.97888
M204 S10000
G0 F9600 X186.17 Y122.53
M204 S1000
G1 F1200 X187.4 Y123.76 E2474.02227
M204 S10000
G0 F9600 X187.4 Y123.336
M204 S1000
G1 F1200 X186.594 Y122.53 E2474.05071
M204 S10000
G0 F9600 X187.019 Y122.53
M204 S1000
G1 F1200 X187.4 Y122.912 E2474.06417
M204 S10000
G0 F9600 X187.82 Y122.911
G1 F3000 E2468.06417
;MESH:NONMESH
G0 F300 X187.82 Y122.911 Z1.96
G0 F9600 X187.698 Y122.233
G0 X173.964 Y122.233
G0 X173.964 Y134.028
G0 X175.604 Y134.874
G0 X175.198 Y165.164
G0 X126.82 Y165.164
G0 X126.09 Y177.69
G0 X125.94 Y177.69
;TIME_ELAPSED:5010.480220
;LAYER:9
M204 S1000
;TYPE:WALL-INNER
;MESH:Lid_side_panel_x2.stl(1)
G1 F3000 E2474.06417
G1 F1800 X125.94 Y122.31 E2475.44563
G1 X112.36 Y122.31 E2475.78438
G1 X112.36 Y177.69 E2477.16584
G1 X125.94 Y177.69 E2477.50459
M204 S10000
G0 F9600 X126.24 Y177.99
M204 S1000
G1 F1800 X126.24 Y122.01 E2478.90102
G1 X112.06 Y122.01 E2479.25474
G1 X112.06 Y177.99 E2480.65117
G1 X126.24 Y177.99 E2481.00489
M204 S10000
G0 F9600 X126.54 Y178.29
M204 S1000
G1 F1800 X126.54 Y121.71 E2482.41628
G1 X111.76 Y121.71 E2482.78497
G1 X111.76 Y178.29 E2484.19637
G1 X126.54 Y178.29 E2484.56506
M204 S10000
G0 F9600 X126.79 Y178.54
M204 S1000
;TYPE:WALL-OUTER
G1 F1800 X126.79 Y121.46 E2485.98892
G1 X111.51 Y121.46 E2486.37008
G1 X111.51 Y178.54 E2487.79395
G1 X126.79 Y178.54 E2488.17511
M204 S10000
G0 F9600 X126.79 Y178.34
G0 X126.54 Y178.34
G0 X125.89 Y177.42
G0 X125.67 Y177.42
M204 S1000
;TYPE:SKIN
G1 F1200 X112.63 Y177.42 E2488.50039
G1 X112.63 Y122.58 E2489.86838
G1 X125.67 Y122.58 E2490.19367
G1 X125.67 Y177.42 E2491.56166
M204 S10000
G0 F9600 X125.519 Y176.981
M204 S1000
G1 F1200 X125.23 Y177.269 E2491.57184
M204 S10000
G0 F9600 X124.806 Y177.269
M204 S1000
G1 F1200 X125.519 Y176.556 E2491.59699
M204 S10000
G0 F9600 X125.519 Y176.132
M204 S1000
G1 F1200 X124.382 Y177.269 E2491.6371
M204 S10000
G0 F9600 X123.957 Y177.269
M204 S1000
G1 F1200 X125.519 Y175.708 E2491.69219
M204 S10000
G0 F9600 X125.519 Y175.283
M204 S1000
G1 F1200 X123.533 Y177.269 E2491.76225
M204 S10000
G0 F9600 X123.109 Y177.269
M204 S1000
G1 F1200 X125.519 Y174.859 E2491.84727
M204 S10000
G0 F9600 X125.519 Y174.435
M204 S1000
G1 F1200 X122.685 Y177.269 E2491.94724
M204 S10000
G0 F9600 X122.26 Y177.269
M204 S1000
G1 F1200 X125.519 Y174.011 E2492.0622
M204 S10000
G0 F9600 X125.519 Y173.586
M204 S1000
G1 F1200 X121.836 Y177.269 E2492.19212
M204 S10000
G0 F9600 X121.412 Y177.269
M204 S1000
G1 F1200 X125.519 Y173.162 E2492.33701
M204 S10000
G0 F9600 X125.519 Y172.738
M204 S1000
G1 F1200 X120.988 Y177.269 E2492.49685
M204 S10000
G0 F9600 X120.563 Y177.269
M204 S1000
G1 F1200 X125.519 Y172.314 E2492.67167
M204 S10000
G0 F9600 X125.519 Y171.889
M204 S1000
G1 F1200 X120.139 Y177.269 E2492.86146
M204 S10000
G0 F9600 X119.715 Y177.269
M204 S1000
G1 F1200 X125.519 Y171.465 E2493.06622
M204 S10000
G0 F9600 X125.519 Y171.041
M204 S1000
G1 F1200 X119.291 Y177.269 E2493.28593
M204 S10000
G0 F9600 X118.866 Y177.269
M204 S1000
G1 F1200 X125.519 Y170.617 E2493.52061
M204 S10000
G0 F9600 X125.519 Y170.192
M204 S1000
G1 F1200 X118.442 Y177.269 E2493.77027
M204 S10000
G0 F9600 X118.018 Y177.269
M204 S1000
G1 F1200 X125.519 Y169.768 E2494.03489
M204 S10000
G0 F9600 X125.519 Y169.344
M204 S1000
G1 F1200 X117.593 Y177.269 E2494.31448
M204 S10000
G0 F9600 X117.169 Y177.269
M204 S1000
G1 F1200 X125.519 Y168.92 E2494.60903
M204 S10000
G0 F9600 X125.519 Y168.495
M204 S1000
G1 F1200 X116.745 Y177.269 E2494.91856
M204 S10000
G0 F9600 X116.321 Y177.269
M204 S1000
G1 F1200 X125.519 Y168.071 E2495.24304
M204 S10000
G0 F9600 X125.519 Y167.647
M204 S1000
G1 F1200 X115.896 Y177.269 E2495.5825
M204 S10000
G0 F9600 X115.472 Y177.269
M204 S1000
G1 F1200 X125.519 Y167.222 E2495.93694
M204 S10000
G0 F9600 X125.519 Y166.798
M204 S1000
G1 F1200 X115.048 Y177.269 E2496.30633
M204 S10000
G0 F9600 X114.624 Y177.269
M204 S1000
G1 F1200 X125.519 Y166.374 E2496.69068
M204 S10000
G0 F9600 X125.519 Y165.95
M204 S1000
G1 F1200 X114.199 Y177.269 E2497.09001
M204 S10000
G0 F9600 X113.775 Y177.269
M204 S1000
G1 F1200 X125.519 Y165.525 E2497.50431
M204 S10000
G0 F9600 X125.519 Y165.101
M204 S1000
G1 F1200 X113.351 Y177.269 E2497.93357
M204 S10000
G0 F9600 X112.927 Y177.269
M204 S1000
G1 F1200 X125.519 Y164.677 E2498.37779
M204 S10000
G0 F9600 X125.519 Y164.253
M204 S1000
G1 F1200 X112.779 Y176.992 E2498.82721
M204 S10000
G0 F9600 X112.779 Y176.568
M204 S1000
G1 F1200 X125.519 Y163.828 E2499.27664
M204 S10000
G0 F9600 X125.519 Y163.404
M204 S1000
G1 F1200 X112.779 Y176.143 E2499.72606
M204 S10000
G0 F9600 X112.779 Y175.719
M204 S1000
G1 F1200 X125.519 Y162.98 E2500.17548
M204 S10000
G0 F9600 X125.519 Y162.556
M204 S1000
G1 F1200 X112.779 Y175.295 E2500.6249
M204 S10000
G0 F9600 X112.779 Y174.871
M204 S1000
G1 F1200 X125.519 Y162.131 E2501.07434
M204 S10000
G0 F9600 X125.519 Y161.707
M204 S1000
G1 F1200 X112.779 Y174.446 E2501.52376
M204 S10000
G0 F9600 X112.779 Y174.022
M204 S1000
G1 F1200 X125.519 Y161.283 E2501.97318
M204 S10000
G0 F9600 X125.519 Y160.859
M204 S1000
G1 F1200 X112.779 Y173.598 E2502.4226
M204 S10000
G0 F9600 X112.779 Y173.173
M204 S1000
G1 F1200 X125.519 Y160.434 E2502.87202
M204 S10000
G0 F9600 X125.519 Y160.01
M204 S1000
G1 F1200 X112.779 Y172.749 E2503.32144
M204 S10000
G0 F9600 X112.779 Y172.325
M204 S1000
G1 F1200 X125.519 Y159.586 E2503.77086
M204 S10000
G0 F9600 X125.519 Y159.161
M204 S1000
G1 F1200 X112.779 Y171.901 E2504.2203
M204 S10000
G0 F9600 X112.779 Y171.476
M204 S1000
G1 F1200 X125.519 Y158.737 E2504.66972
M204 S10000
G0 F9600 X125.519 Y158.313
M204 S1000
G1 F1200 X112.779 Y171.052 E2505.11914
M204 S10000
G0 F9600 X112.779 Y170.628
M204 S1000
G1 F1200 X125.519 Y157.889 E2505.56856
M204 S10000
G0 F9600 X125.519 Y157.464
M204 S1000
G1 F1200 X112.779 Y170.204 E2506.018
M204 S10000
G0 F9600 X112.779 Y169.779
M204 S1000
G1 F1200 X125.519 Y157.04 E2506.46742
M204 S10000
G0 F9600 X125.519 Y156.616
M204 S1000
G1 F1200 X112.779 Y169.355 E2506.91684
M204 S10000
G0 F9600 X112.779 Y168.931
M204 S1000
G1 F1200 X125.519 Y156.192 E2507.36626
M204 S10000
G0 F9600 X125.519 Y155.767
M204 S1000
G1 F1200 X112.779 Y168.507 E2507.8157
M204 S10000
G0 F9600 X112.779 Y168.082
M204 S1000
G1 F1200 X125.519 Y155.343 E2508.26512
M204 S10000
G0 F9600 X125.519 Y154.919
M204 S1000
G1 F1200 X112.779 Y167.658 E2508.71454
M204 S10000
G0 F9600 X112.779 Y167.234
M204 S1000
G1 F1200 X125.519 Y154.495 E2509.16396
M204 S10000
G0 F9600 X125.519 Y154.07
M204 S1000
G1 F1200 X112.779 Y166.81 E2509.6134
M204 S10000
G0 F9600 X112.779 Y166.385
M204 S1000
G1 F1200 X125.519 Y153.646 E2510.06282
M204 S10000
G0 F9600 X125.519 Y153.222
M204 S1000
G1 F1200 X112.779 Y165.961 E2510.51224
M204 S10000
G0 F9600 X112.779 Y165.537
M204 S1000
G1 F1200 X125.519 Y152.797 E2510.96168
M204 S10000
G0 F9600 X125.519 Y152.373
M204 S1000
G1 F1200 X112.779 Y165.112 E2511.4111
M204 S10000
G0 F9600 X112.779 Y164.688
M204 S1000
G1 F1200 X125.519 Y151.949 E2511.86052
M204 S10000
G0 F9600 X125.519 Y151.525
M204 S1000
G1 F1200 X112.779 Y164.264 E2512.30994
M204 S10000
G0 F9600 X112.779 Y163.84
M204 S1000
G1 F1200 X125.519 Y151.1 E2512.75938
M204 S10000
G0 F9600 X125.519 Y150.676
M204 S1000
G1 F1200 X112.779 Y163.415 E2513.2088
M204 S10000
G0 F9600 X112.779 Y162.991
M204 S1000
G1 F1200 X125.519 Y150.252 E2513.65822
M204 S10000
G0 F9600 X125.519 Y149.828
M204 S1000
G1 F1200 X112.779 Y162.567 E2514.10764
M204 S10000
G0 F9600 X112.779 Y162.143
M204 S1000
G1 F1200 X125.519 Y149.403 E2514.55707
M204 S10000
G0 F9600 X125.519 Y148.979
M204 S1000
G1 F1200 X112.779 Y161.718 E2515.00649
M204 S10000
G0 F9600 X112.779 Y161.294
M204 S1000
G1 F1200 X125.519 Y148.555 E2515.45591
M204 S10000
G0 F9600 X125.519 Y148.131
M204 S1000
G1 F1200 X112.779 Y160.87 E2515.90533
M204 S10000
G0 F9600 X112.779 Y160.446
M204 S1000
G1 F1200 X125.519 Y147.706 E2516.35477
M204 S10000
G0 F9600 X125.519 Y147.282
M204 S1000
G1 F1200 X112.779 Y160.021 E2516.80419
M204 S10000
G0 F9600 X112.779 Y159.597
M204 S1000
G1 F1200 X125.519 Y146.858 E2517.25361
M204 S10000
G0 F9600 X125.519 Y146.434
M204 S1000
G1 F1200 X112.779 Y159.173 E2517.70303
M204 S10000
G0 F9600 X112.779 Y158.749
M204 S1000
G1 F1200 X125.519 Y146.009 E2518.15247
M204 S10000
G0 F9600 X125.519 Y145.585
M204 S1000
G1 F1200 X112.779 Y158.324 E2518.60189
M204 S10000
G0 F9600 X112.779 Y157.9
M204 S1000
G1 F1200 X125.519 Y145.161 E2519.05131
M204 S10000
G0 F9600 X125.519 Y144.736
M204 S1000
G1 F1200 X112.779 Y157.476 E2519.50075
M204 S10000
G0 F9600 X112.779 Y157.051
M204 S1000
G1 F1200 X125.519 Y144.312 E2519.95017
M204 S10000
G0 F9600 X125.519 Y143.888
M204 S1000
G1 F1200 X112.779 Y156.627 E2520.39959
M204 S10000
G0 F9600 X112.779 Y156.203
M204 S1000
G1 F1200 X125.519 Y143.464 E2520.84901
M204 S10000
G0 F9600 X125.519 Y143.039
M204 S1000
G1 F1200 X112.779 Y155.779 E2521.29845
M204 S10000
G0 F9600 X112.779 Y155.354
M204 S1000
G1 F1200 X125.519 Y142.615 E2521.74787
M204 S10000
G0 F9600 X125.519 Y142.191
M204 S1000
G1 F1200 X112.779 Y154.93 E2522.19729
M204 S10000
G0 F9600 X112.779 Y154.506
M204 S1000
G1 F1200 X125.519 Y141.767 E2522.64671
M204 S10000
G0 F9600 X125.519 Y141.342
M204 S1000
G1 F1200 X112.779 Y154.082 E2523.09615
M204 S10000
G0 F9600 X112.779 Y153.657
M204 S1000
G1 F1200 X125.519 Y140.918 E2523.54557
M204 S10000
G0 F9600 X125.519 Y140.494
M204 S1000
G1 F1200 X112.779 Y153.233 E2523.99499
M204 S10000
G0 F9600 X112.779 Y152.809
M204 S1000
G1 F1200 X125.519 Y140.07 E2524.44441
M204 S10000
G0 F9600 X125.519 Y139.645
M204 S1000
G1 F1200 X112.779 Y152.385 E2524.89385
M204 S10000
G0 F9600 X112.779 Y151.96
M204 S1000
G1 F1200 X125.519 Y139.221 E2525.34327
M204 S10000
G0 F9600 X125.519 Y138.797
M204 S1000
G1 F1200 X112.779 Y151.536 E2525.79269
M204 S10000
G0 F9600 X112.779 Y151.112
M204 S1000
G1 F1200 X125.519 Y138.373 E2526.24211
M204 S10000
G0 F9600 X125.519 Y137.948
M204 S1000
G1 F1200 X112.779 Y150.687 E2526.69153
M204 S10000
G0 F9600 X112.779 Y150.263
M204 S1000
G1 F1200 X125.519 Y137.524 E2527.14095
M204 S10000
G0 F9600 X125.519 Y137.1
M204 S1000
G1 F1200 X112.779 Y149.839 E2527.59037
M204 S10000
G0 F9600 X112.779 Y149.415
M204 S1000
G1 F1200 X125.519 Y136.675 E2528.03981
M204 S10000
G0 F9600 X125.519 Y136.251
M204 S1000
G1 F1200 X112.779 Y148.99 E2528.48923
M204 S10000
G0 F9600 X112.779 Y148.566
M204 S1000
G1 F1200 X125.519 Y135.827 E2528.93865
M204 S10000
G0 F9600 X125.519 Y135.403
M204 S1000
G1 F1200 X112.779 Y148.142 E2529.38807
M204 S10000
G0 F9600 X112.779 Y147.718
M204 S1000
G1 F1200 X125.519 Y134.978 E2529.8375
M204 S10000
G0 F9600 X125.519 Y134.554
M204 S1000
G1 F1200 X112.779 Y147.293 E2530.28692
M204 S10000
G0 F9600 X112.779 Y146.869
M204 S1000
G1 F1200 X125.519 Y134.13 E2530.73634
M204 S10000
G0 F9600 X125.519 Y133.706
M204 S1000
G1 F1200 X112.779 Y146.445 E2531.18577
M204 S10000
G0 F9600 X112.779 Y146.021
M204 S1000
G1 F1200 X125.519 Y133.281 E2531.6352
M204 S10000
G0 F9600 X125.519 Y132.857
M204 S1000
G1 F1200 X112.779 Y145.596 E2532.08462
M204 S10000
G0 F9600 X112.779 Y145.172
M204 S1000
G1 F1200 X125.519 Y132.433 E2532.53404
M204 S10000
G0 F9600 X125.519 Y132.009
M204 S1000
G1 F1200 X112.779 Y144.748 E2532.98346
M204 S10000
G0 F9600 X112.779 Y144.324
M204 S1000
G1 F1200 X125.519 Y131.584 E2533.4329
M204 S10000
G0 F9600 X125.519 Y131.16
M204 S1000
G1 F1200 X112.779 Y143.899 E2533.88232
M204 S10000
G0 F9600 X112.779 Y143.475
M204 S1000
G1 F1200 X125.519 Y130.736 E2534.33174
M204 S10000
G0 F9600 X125.519 Y130.312
M204 S1000
G1 F1200 X112.779 Y143.051 E2534.78116
M204 S10000
G0 F9600 X112.779 Y142.626
M204 S1000
G1 F1200 X125.519 Y129.887 E2535.23058
M204 S10000
G0 F9600 X125.519 Y129.463
M204 S1000
G1 F1200 X112.779 Y142.202 E2535.68
M204 S10000
G0 F9600 X112.779 Y141.778
M204 S1000
G1 F1200 X125.519 Y129.039 E2536.12942
M204 S10000
G0 F9600 X125.519 Y128.614
M204 S1000
G1 F1200 X112.779 Y141.354 E2536.57886
M204 S10000
G0 F9600 X112.779 Y140.929
M204 S1000
G1 F1200 X125.519 Y128.19 E2537.02828
M204 S10000
G0 F9600 X125.519 Y127.766
M204 S1000
G1 F1200 X112.779 Y140.505 E2537.4777
M204 S10000
G0 F9600 X112.779 Y140.081
M204 S1000
G1 F1200 X125.519 Y127.342 E2537.92712
M204 S10000
G0 F9600 X125.519 Y126.917
M204 S1000
G1 F1200 X112.779 Y139.657 E2538.37656
M204 S10000
G0 F9600 X112.779 Y139.232
M204 S1000
G1 F1200 X125.519 Y126.493 E2538.82598
M204 S10000
G0 F9600 X125.519 Y126.069
M204 S1000
G1 F1200 X112.779 Y138.808 E2539.2754
M204 S10000
G0 F9600 X112.779 Y138.384
M204 S1000
G1 F1200 X125.519 Y125.645 E2539.72482
M204 S10000
G0 F9600 X125.519 Y125.22
M204 S1000
G1 F1200 X112.779 Y137.96 E2540.17426
M204 S10000
G0 F9600 X112.779 Y137.535
M204 S1000
G1 F1200 X125.519 Y124.796 E2540.62368
M204 S10000
G0 F9600 X125.519 Y124.372
M204 S1000
G1 F1200 X112.779 Y137.111 E2541.0731
M204 S10000
G0 F9600 X112.779 Y136.687
M204 S1000
G1 F1200 X125.519 Y123.948 E2541.52252
M204 S10000
G0 F9600 X125.519 Y123.523
M204 S1000
G1 F1200 X112.779 Y136.263 E2541.97196
M204 S10000
G0 F9600 X112.779 Y135.838
M204 S1000
G1 F1200 X125.519 Y123.099 E2542.42138
M204 S10000
G0 F9600 X125.464 Y122.729
M204 S1000
G1 F1200 X112.779 Y135.414 E2542.86888
M204 S10000
G0 F9600 X112.779 Y134.99
M204 S1000
G1 F1200 X125.04 Y122.729 E2543.30142
M204 S10000
G0 F9600 X124.616 Y122.729
M204 S1000
G1 F1200 X112.779 Y134.565 E2543.71898
M204 S10000
G0 F9600 X112.779 Y134.141
M204 S1000
G1 F1200 X124.191 Y122.729 E2544.12157
M204 S10000
G0 F9600 X123.767 Y122.729
M204 S1000
G1 F1200 X112.779 Y133.717 E2544.5092
M204 S10000
G0 F9600 X112.779 Y133.293
M204 S1000
G1 F1200 X123.343 Y122.729 E2544.88187
M204 S10000
G0 F9600 X122.919 Y122.729
M204 S1000
G1 F1200 X112.779 Y132.868 E2545.23957
M204 S10000
G0 F9600 X112.779 Y132.444
M204 S1000
G1 F1200 X122.494 Y122.729 E2545.58229
M204 S10000
G0 F9600 X122.07 Y122.729
M204 S1000
G1 F1200 X112.779 Y132.02 E2545.91006
M204 S10000
G0 F9600 X112.779 Y131.596
M204 S1000
G1 F1200 X121.646 Y122.729 E2546.22287
M204 S10000
G0 F9600 X121.222 Y122.729
M204 S1000
G1 F1200 X112.779 Y131.171 E2546.5207
M204 S10000
G0 F9600 X112.779 Y130.747
M204 S1000
G1 F1200 X120.797 Y122.729 E2546.80356
M204 S10000
G0 F9600 X120.373 Y122.729
M204 S1000
G1 F1200 X112.779 Y130.323 E2547.07145
M204 S10000
G0 F9600 X112.779 Y129.899
M204 S1000
G1 F1200 X119.949 Y122.729 E2547.3244
M204 S10000
G0 F9600 X119.525 Y122.729
M204 S1000
G1 F1200 X112.779 Y129.474 E2547.56236
M204 S10000
G0 F9600 X112.779 Y129.05
M204 S1000
G1 F1200 X119.101 Y122.728 E2547.78539
M204 S10000
G0 F9600 X118.677 Y122.728
M204 S1000
G1 F1200 X112.779 Y128.626 E2547.99346
M204 S10000
G0 F9600 X112.779 Y128.201
M204 S1000
G1 F1200 X118.253 Y122.728 E2548.18655
M204 S10000
G0 F9600 X117.828 Y122.728
M204 S1000
G1 F1200 X112.779 Y127.777 E2548.36466
M204 S10000
G0 F9600 X112.779 Y127.353
M204 S1000
G1 F1200 X117.404 Y122.728 E2548.52782
M204 S10000
G0 F9600 X116.98 Y122.728
M204 S1000
G1 F1200 X112.779 Y126.929 E2548.67603
M204 S10000
G0 F9600 X112.779 Y126.504
M204 S1000
G1 F1200 X116.555 Y122.728 E2548.80923
M204 S10000
G0 F9600 X116.131 Y122.728
M204 S1000
G1 F1200 X112.779 Y126.08 E2548.92749
M204 S10000
G0 F9600 X112.779 Y125.656
M204 S1000
G1 F1200 X115.707 Y122.728 E2549.03078
M204 S10000
G0 F9600 X115.283 Y122.728
M204 S1000
G1 F1200 X112.779 Y125.232 E2549.11911
M204 S10000
G0 F9600 X112.779 Y124.807
M204 S1000
G1 F1200 X114.858 Y122.728 E2549.19246
M204 S10000
G0 F9600 X114.434 Y122.728
M204 S1000
G1 F1200 X112.779 Y124.383 E2549.25084
M204 S10000
G0 F9600 X112.779 Y123.959
M204 S1000
G1 F1200 X114.01 Y122.728 E2549.29427
M204 S10000
G0 F9600 X113.586 Y122.728
M204 S1000
G1 F1200 X112.779 Y123.535 E2549.32274
M204 S10000
G0 F9600 X112.779 Y123.11
M204 S1000
G1 F1200 X113.161 Y122.728 E2549.33621
M204 S10000
G0 F9600 X113.161 Y122.31
G1 F3000 E2543.33621
;MESH:Lid_side_panel_x2.stl
G0 F9600 X125.818 Y122.432
G0 X126.62 Y177.69
G0 X132.53 Y177.69
G0 X146.79 Y177.69
M204 S1000
;TYPE:WALL-INNER
G1 F3000 E2549.33621
G1 F1800 X146.79 Y122.31 E2550.71767
G1 X133.21 Y122.31 E2551.05643
G1 X133.21 Y177.69 E2552.43789
G1 X146.79 Y177.69 E2552.77664
M204 S10000
G0 F9600 X147.09 Y177.99
M204 S1000
G1 F1800 X147.09 Y122.01 E2554.17307
G1 X132.91 Y122.01 E2554.52679
G1 X132.91 Y177.99 E2555.92322
G1 X147.09 Y177.99 E2556.27694
M204 S10000
G0 F9600 X147.39 Y178.29
M204 S1000
G1 F1800 X147.39 Y121.71 E2557.68833
G1 X132.61 Y121.71 E2558.05702
G1 X132.61 Y178.29 E2559.46841
G1 X147.39 Y178.29 E2559.8371
M204 S10000
G0 F9600 X147.64 Y178.54
M204 S1000
;TYPE:WALL-OUTER
G1 F1800 X147.64 Y121.46 E2561.26097
G1 X132.36 Y121.46 E2561.64213
G1 X132.36 Y178.54 E2563.066
G1 X147.64 Y178.54 E2563.44716
M204 S10000
G0 F9600 X147.64 Y178.34
G0 X147.39 Y178.34
G0 X146.74 Y177.42
G0 X146.52 Y177.42
M204 S1000
;TYPE:SKIN
G1 F1200 X133.48 Y177.42 E2563.77244
G1 X133.48 Y122.58 E2565.14043
G1 X146.52 Y122.58 E2565.46572
G1 X146.52 Y177.42 E2566.8337
M204 S10000
G0 F9600 X146.019 Y177.269
M204 S1000
G1 F1200 X146.369 Y176.919 E2566.84605
M204 S10000
G0 F9600 X146.369 Y176.495
M204 S1000
G1 F1200 X145.595 Y177.269 E2566.87336
M204 S10000
G0 F9600 X145.171 Y177.269
M204 S1000
G1 F1200 X146.369 Y176.071 E2566.91562
M204 S10000
G0 F9600 X146.369 Y175.646
M204 S1000
G1 F1200 X144.746 Y177.269 E2566.97287
M204 S10000
G0 F9600 X144.322 Y177.269
M204 S1000
G1 F1200 X146.369 Y175.222 E2567.04509
M204 S10000
G0 F9600 X146.369 Y174.798
M204 S1000
G1 F1200 X143.898 Y177.269 E2567.13226
M204 S10000
G0 F9600 X143.474 Y177.269
M204 S1000
G1 F1200 X146.369 Y174.373 E2567.23441
M204 S10000
G0 F9600 X146.369 Y173.949
M204 S1000
G1 F1200 X143.049 Y177.269 E2567.35153
M204 S10000
G0 F9600 X142.625 Y177.269
M204 S1000
G1 F1200 X146.369 Y173.525 E2567.48361
M204 S10000
G0 F9600 X146.369 Y173.101
M204 S1000
G1 F1200 X142.201 Y177.269 E2567.63065
M204 S10000
G0 F9600 X141.777 Y177.269
M204 S1000
G1 F1200 X146.369 Y172.676 E2567.79266
M204 S10000
G0 F9600 X146.369 Y172.252
M204 S1000
G1 F1200 X141.352 Y177.269 E2567.96965
M204 S10000
G0 F9600 X140.928 Y177.269
M204 S1000
G1 F1200 X146.369 Y171.828 E2568.16159
M204 S10000
G0 F9600 X146.369 Y171.404
M204 S1000
G1 F1200 X140.504 Y177.269 E2568.3685
M204 S10000
G0 F9600 X140.079 Y177.269
M204 S1000
G1 F1200 X146.369 Y170.979 E2568.59039
M204 S10000
G0 F9600 X146.369 Y170.555
M204 S1000
G1 F1200 X139.655 Y177.269 E2568.82725
M204 S10000
G0 F9600 X139.231 Y177.269
M204 S1000
G1 F1200 X146.369 Y170.131 E2569.07906
M204 S10000
G0 F9600 X146.369 Y169.707
M204 S1000
G1 F1200 X138.807 Y177.269 E2569.34583
M204 S10000
G0 F9600 X138.382 Y177.269
M204 S1000
G1 F1200 X146.369 Y169.282 E2569.62759
M204 S10000
G0 F9600 X146.369 Y168.858
M204 S1000
G1 F1200 X137.958 Y177.269 E2569.92431
M204 S10000
G0 F9600 X137.534 Y177.269
M204 S1000
G1 F1200 X146.369 Y168.434 E2570.23599
M204 S10000
G0 F9600 X146.369 Y168.009
M204 S1000
G1 F1200 X137.11 Y177.269 E2570.56265
M204 S10000
G0 F9600 X136.685 Y177.269
M204 S1000
G1 F1200 X146.369 Y167.585 E2570.90427
M204 S10000
G0 F9600 X146.369 Y167.161
M204 S1000
G1 F1200 X136.261 Y177.269 E2571.26086
M204 S10000
G0 F9600 X135.837 Y177.269
M204 S1000
G1 F1200 X146.369 Y166.737 E2571.63241
M204 S10000
G0 F9600 X146.369 Y166.312
M204 S1000
G1 F1200 X135.413 Y177.269 E2572.01893
M204 S10000
G0 F9600 X134.988 Y177.269
M204 S1000
G1 F1200 X146.369 Y165.888 E2572.42042
M204 S10000
G0 F9600 X146.369 Y165.464
M204 S1000
G1 F1200 X134.564 Y177.269 E2572.83688
M204 S10000
G0 F9600 X134.14 Y177.269
M204 S1000
G1 F1200 X146.369 Y165.04 E2573.26829
M204 S10000
G0 F9600 X146.369 Y164.615
M204 S1000
G1 F1200 X133.716 Y177.269 E2573.71467
M204 S10000
G0 F9600 X133.629 Y176.931
M204 S1000
G1 F1200 X146.369 Y164.191 E2574.16411
M204 S10000
G0 F9600 X146.369 Y163.767
M204 S1000
G1 F1200 X133.629 Y176.507 E2574.61355
M204 S10000
G0 F9600 X133.629 Y176.083
M204 S1000
G1 F1200 X146.369 Y163.343 E2575.06299
M204 S10000
G0 F9600 X146.369 Y162.918
M204 S1000
G1 F1200 X133.629 Y175.658 E2575.51242
M204 S10000
G0 F9600 X133.629 Y175.234
M204 S1000
G1 F1200 X146.369 Y162.494 E2575.96186
M204 S10000
G0 F9600 X146.369 Y162.07
M204 S1000
G1 F1200 X133.629 Y174.81 E2576.4113
M204 S10000
G0 F9600 X133.629 Y174.385
M204 S1000
G1 F1200 X146.369 Y161.646 E2576.86072
M204 S10000
G0 F9600 X146.369 Y161.221
M204 S1000
G1 F1200 X133.629 Y173.961 E2577.31016
M204 S10000
G0 F9600 X133.629 Y173.537
M204 S1000
G1 F1200 X146.369 Y160.797 E2577.7596
M204 S10000
G0 F9600 X146.369 Y160.373
M204 S1000
G1 F1200 X133.629 Y173.113 E2578.20903
M204 S10000
G0 F9600 X133.629 Y172.688
M204 S1000
G1 F1200 X146.369 Y159.948 E2578.65847
M204 S10000
G0 F9600 X146.369 Y159.524
M204 S1000
G1 F1200 X133.629 Y172.264 E2579.10791
M204 S10000
G0 F9600 X133.629 Y171.84
M204 S1000
G1 F1200 X146.369 Y159.1 E2579.55735
M204 S10000
G0 F9600 X146.369 Y158.676
M204 S1000
G1 F1200 X133.629 Y171.416 E2580.00679
M204 S10000
G0 F9600 X133.629 Y170.991
M204 S1000
G1 F1200 X146.369 Y158.251 E2580.45622
M204 S10000
G0 F9600 X146.369 Y157.827
M204 S1000
G1 F1200 X133.629 Y170.567 E2580.90566
M204 S10000
G0 F9600 X133.629 Y170.143
M204 S1000
G1 F1200 X146.369 Y157.403 E2581.3551
M204 S10000
G0 F9600 X146.369 Y156.979
M204 S1000
G1 F1200 X133.629 Y169.719 E2581.80454
M204 S10000
G0 F9600 X133.629 Y169.294
M204 S1000
G1 F1200 X146.369 Y156.554 E2582.25398
M204 S10000
G0 F9600 X146.369 Y156.13
M204 S1000
G1 F1200 X133.629 Y168.87 E2582.70341
M204 S10000
G0 F9600 X133.629 Y168.446
M204 S1000
G1 F1200 X146.369 Y155.706 E2583.15285
M204 S10000
G0 F9600 X146.369 Y155.282
M204 S1000
G1 F1200 X133.629 Y168.022 E2583.60229
M204 S10000
G0 F9600 X133.629 Y167.597
M204 S1000
G1 F1200 X146.369 Y154.857 E2584.05173
M204 S10000
G0 F9600 X146.369 Y154.433
M204 S1000
G1 F1200 X133.629 Y167.173 E2584.50116
M204 S10000
G0 F9600 X133.629 Y166.749
M204 S1000
G1 F1200 X146.369 Y154.009 E2584.9506
M204 S10000
G0 F9600 X146.369 Y153.585
M204 S1000
G1 F1200 X133.629 Y166.324 E2585.40002
M204 S10000
G0 F9600 X133.629 Y165.9
M204 S1000
G1 F1200 X146.369 Y153.16 E2585.84946
M204 S10000
G0 F9600 X146.369 Y152.736
M204 S1000
G1 F1200 X133.629 Y165.476 E2586.2989
M204 S10000
G0 F9600 X133.629 Y165.052
M204 S1000
G1 F1200 X146.369 Y152.312 E2586.74834
M204 S10000
G0 F9600 X146.369 Y151.887
M204 S1000
G1 F1200 X133.629 Y164.627 E2587.19777
M204 S10000
G0 F9600 X133.629 Y164.203
M204 S1000
G1 F1200 X146.369 Y151.463 E2587.64721
M204 S10000
G0 F9600 X146.369 Y151.039
M204 S1000
G1 F1200 X133.629 Y163.779 E2588.09665
M204 S10000
G0 F9600 X133.629 Y163.355
M204 S1000
G1 F1200 X146.369 Y150.615 E2588.54609
M204 S10000
G0 F9600 X146.369 Y150.19
M204 S1000
G1 F1200 X133.629 Y162.93 E2588.99553
M204 S10000
G0 F9600 X133.629 Y162.506
M204 S1000
G1 F1200 X146.369 Y149.766 E2589.44496
M204 S10000
G0 F9600 X146.369 Y149.342
M204 S1000
G1 F1200 X133.629 Y162.082 E2589.8944
M204 S10000
G0 F9600 X133.629 Y161.658
M204 S1000
G1 F1200 X146.369 Y148.918 E2590.34384
M204 S10000
G0 F9600 X146.369 Y148.493
M204 S1000
G1 F1200 X133.629 Y161.233 E2590.79328
M204 S10000
G0 F9600 X133.629 Y160.809
M204 S1000
G1 F1200 X146.369 Y148.069 E2591.24272
M204 S10000
G0 F9600 X146.369 Y147.645
M204 S1000
G1 F1200 X133.629 Y160.385 E2591.69215
M204 S10000
G0 F9600 X133.629 Y159.96
M204 S1000
G1 F1200 X146.369 Y147.221 E2592.14157
M204 S10000
G0 F9600 X146.369 Y146.796
M204 S1000
G1 F1200 X133.629 Y159.536 E2592.59101
M204 S10000
G0 F9600 X133.629 Y159.112
M204 S1000
G1 F1200 X146.369 Y146.372 E2593.04045
M204 S10000
G0 F9600 X146.369 Y145.948
M204 S1000
G1 F1200 X133.629 Y158.688 E2593.48989
M204 S10000
G0 F9600 X133.629 Y158.263
M204 S1000
G1 F1200 X146.369 Y145.523 E2593.93933
M204 S10000
G0 F9600 X146.369 Y145.099
M204 S1000
G1 F1200 X133.629 Y157.839 E2594.38876
M204 S10000
G0 F9600 X133.629 Y157.415
M204 S1000
G1 F1200 X146.369 Y144.675 E2594.8382
M204 S10000
G0 F9600 X146.369 Y144.251
M204 S1000
G1 F1200 X133.629 Y156.991 E2595.28764
M204 S10000
G0 F9600 X133.629 Y156.566
M204 S1000
G1 F1200 X146.369 Y143.826 E2595.73708
M204 S10000
G0 F9600 X146.369 Y143.402
M204 S1000
G1 F1200 X133.629 Y156.142 E2596.18652
M204 S10000
G0 F9600 X133.629 Y155.718
M204 S1000
G1 F1200 X146.369 Y142.978 E2596.63595
M204 S10000
G0 F9600 X146.369 Y142.554
M204 S1000
G1 F1200 X133.629 Y155.294 E2597.08539
M204 S10000
G0 F9600 X133.629 Y154.869
M204 S1000
G1 F1200 X146.369 Y142.129 E2597.53483
M204 S10000
G0 F9600 X146.369 Y141.705
M204 S1000
G1 F1200 X133.629 Y154.445 E2597.98427
M204 S10000
G0 F9600 X133.629 Y154.021
M204 S1000
G1 F1200 X146.369 Y141.281 E2598.4337
M204 S10000
G0 F9600 X146.369 Y140.857
M204 S1000
G1 F1200 X133.629 Y153.597 E2598.88314
M204 S10000
G0 F9600 X133.629 Y153.172
M204 S1000
G1 F1200 X146.369 Y140.432 E2599.33258
M204 S10000
G0 F9600 X146.369 Y140.008
M204 S1000
G1 F1200 X133.629 Y152.748 E2599.78202
M204 S10000
G0 F9600 X133.629 Y152.324
M204 S1000
G1 F1200 X146.369 Y139.584 E2600.23146
M204 S10000
G0 F9600 X146.369 Y139.16
M204 S1000
G1 F1200 X133.629 Y151.899 E2600.68088
M204 S10000
G0 F9600 X133.629 Y151.475
M204 S1000
G1 F1200 X146.369 Y138.735 E2601.13031
M204 S10000
G0 F9600 X146.369 Y138.311
M204 S1000
G1 F1200 X133.629 Y151.051 E2601.57975
M204 S10000
G0 F9600 X133.629 Y150.627
M204 S1000
G1 F1200 X146.369 Y137.887 E2602.02919
M204 S10000
G0 F9600 X146.369 Y137.462
M204 S1000
G1 F1200 X133.629 Y150.202 E2602.47863
M204 S10000
G0 F9600 X133.629 Y149.778
M204 S1000
G1 F1200 X146.369 Y137.038 E2602.92807
M204 S10000
G0 F9600 X146.369 Y136.614
M204 S1000
G1 F1200 X133.629 Y149.354 E2603.3775
M204 S10000
G0 F9600 X133.629 Y148.93
M204 S1000
G1 F1200 X146.369 Y136.19 E2603.82694
M204 S10000
G0 F9600 X146.369 Y135.765
M204 S1000
G1 F1200 X133.629 Y148.505 E2604.27638
M204 S10000
G0 F9600 X133.629 Y148.081
M204 S1000
G1 F1200 X146.369 Y135.341 E2604.72582
M204 S10000
G0 F9600 X146.369 Y134.917
M204 S1000
G1 F1200 X133.629 Y147.657 E2605.17526
M204 S10000
G0 F9600 X133.629 Y147.233
M204 S1000
G1 F1200 X146.369 Y134.493 E2605.62469
M204 S10000
G0 F9600 X146.369 Y134.068
M204 S1000
G1 F1200 X133.629 Y146.808 E2606.07413
M204 S10000
G0 F9600 X133.629 Y146.384
M204 S1000
G1 F1200 X146.369 Y133.644 E2606.52357
M204 S10000
G0 F9600 X146.369 Y133.22
M204 S1000
G1 F1200 X133.629 Y145.96 E2606.97301
M204 S10000
G0 F9600 X133.629 Y145.536
M204 S1000
G1 F1200 X146.369 Y132.796 E2607.42245
M204 S10000
G0 F9600 X146.369 Y132.371
M204 S1000
G1 F1200 X133.629 Y145.111 E2607.87188
M204 S10000
G0 F9600 X133.629 Y144.687
M204 S1000
G1 F1200 X146.369 Y131.947 E2608.32132
M204 S10000
G0 F9600 X146.369 Y131.523
M204 S1000
G1 F1200 X133.629 Y144.263 E2608.77076
M204 S10000
G0 F9600 X133.629 Y143.838
M204 S1000
G1 F1200 X146.369 Y131.099 E2609.22018
M204 S10000
G0 F9600 X146.369 Y130.674
M204 S1000
G1 F1200 X133.629 Y143.414 E2609.66962
M204 S10000
G0 F9600 X133.629 Y142.99
M204 S1000
G1 F1200 X146.369 Y130.25 E2610.11905
M204 S10000
G0 F9600 X146.369 Y129.826
M204 S1000
G1 F1200 X133.629 Y142.566 E2610.56849
M204 S10000
G0 F9600 X133.629 Y142.141
M204 S1000
G1 F1200 X146.369 Y129.401 E2611.01793
M204 S10000
G0 F9600 X146.369 Y128.977
M204 S1000
G1 F1200 X133.629 Y141.717 E2611.46737
M204 S10000
G0 F9600 X133.629 Y141.293
M204 S1000
G1 F1200 X146.369 Y128.553 E2611.91681
M204 S10000
G0 F9600 X146.369 Y128.129
M204 S1000
G1 F1200 X133.629 Y140.869 E2612.36624
M204 S10000
G0 F9600 X133.629 Y140.444
M204 S1000
G1 F1200 X146.369 Y127.704 E2612.81568
M204 S10000
G0 F9600 X146.369 Y127.28
M204 S1000
G1 F1200 X133.629 Y140.02 E2613.26512
M204 S10000
G0 F9600 X133.629 Y139.596
M204 S1000
G1 F1200 X146.369 Y126.856 E2613.71456
M204 S10000
G0 F9600 X146.369 Y126.432
M204 S1000
G1 F1200 X133.629 Y139.172 E2614.164
M204 S10000
G0 F9600 X133.629 Y138.747
M204 S1000
G1 F1200 X146.369 Y126.007 E2614.61343
M204 S10000
G0 F9600 X146.369 Y125.583
M204 S1000
G1 F1200 X133.629 Y138.323 E2615.06287
M204 S10000
G0 F9600 X133.629 Y137.899
M204 S1000
G1 F1200 X146.369 Y125.159 E2615.51231
M204 S10000
G0 F9600 X146.369 Y124.735
M204 S1000
G1 F1200 X133.629 Y137.474 E2615.96173
M204 S10000
G0 F9600 X133.629 Y137.05
M204 S1000
G1 F1200 X146.369 Y124.31 E2616.41117
M204 S10000
G0 F9600 X146.369 Y123.886
M204 S1000
G1 F1200 X133.629 Y136.626 E2616.86061
M204 S10000
G0 F9600 X133.629 Y136.202
M204 S1000
G1 F1200 X146.369 Y123.462 E2617.31004
M204 S10000
G0 F9600 X146.369 Y123.037
M204 S1000
G1 F1200 X133.629 Y135.777 E2617.75948
M204 S10000
G0 F9600 X133.629 Y135.353
M204 S1000
G1 F1200 X146.253 Y122.729 E2618.20483
M204 S10000
G0 F9600 X145.829 Y122.729
M204 S1000
G1 F1200 X133.629 Y134.929 E2618.63522
M204 S10000
G0 F9600 X133.629 Y134.505
M204 S1000
G1 F1200 X145.405 Y122.729 E2619.05065
M204 S10000
G0 F9600 X144.98 Y122.729
M204 S1000
G1 F1200 X133.629 Y134.08 E2619.45108
M204 S10000
G0 F9600 X133.629 Y133.656
M204 S1000
G1 F1200 X144.556 Y122.729 E2619.83656
M204 S10000
G0 F9600 X144.132 Y122.729
M204 S1000
G1 F1200 X133.629 Y133.232 E2620.20708
M204 S10000
G0 F9600 X133.629 Y132.808
M204 S1000
G1 F1200 X143.708 Y122.729 E2620.56265
M204 S10000
G0 F9600 X143.283 Y122.729
M204 S1000
G1 F1200 X133.629 Y132.383 E2620.90322
M204 S10000
G0 F9600 X133.629 Y131.959
M204 S1000
G1 F1200 X142.859 Y122.729 E2621.22883
M204 S10000
G0 F9600 X142.435 Y122.729
M204 S1000
G1 F1200 X133.629 Y131.535 E2621.53949
M204 S10000
G0 F9600 X133.629 Y131.111
M204 S1000
G1 F1200 X142.011 Y122.729 E2621.83518
M204 S10000
G0 F9600 X141.586 Y122.729
M204 S1000
G1 F1200 X133.629 Y130.686 E2622.11589
M204 S10000
G0 F9600 X133.629 Y130.262
M204 S1000
G1 F1200 X141.162 Y122.729 E2622.38164
M204 S10000
G0 F9600 X140.738 Y122.729
M204 S1000
G1 F1200 X133.629 Y129.838 E2622.63243
M204 S10000
G0 F9600 X133.629 Y129.413
M204 S1000
G1 F1200 X140.314 Y122.729 E2622.86824
M204 S10000
G0 F9600 X139.889 Y122.729
M204 S1000
G1 F1200 X133.629 Y128.989 E2623.08908
M204 S10000
G0 F9600 X133.629 Y128.565
M204 S1000
G1 F1200 X139.465 Y122.729 E2623.29496
M204 S10000
G0 F9600 X139.041 Y122.729
M204 S1000
G1 F1200 X133.629 Y128.141 E2623.48588
M204 S10000
G0 F9600 X133.629 Y127.716
M204 S1000
G1 F1200 X138.616 Y122.729 E2623.66181
M204 S10000
G0 F9600 X138.192 Y122.729
M204 S1000
G1 F1200 X133.629 Y127.292 E2623.82278
M204 S10000
G0 F9600 X133.629 Y126.868
M204 S1000
G1 F1200 X137.768 Y122.729 E2623.9688
M204 S10000
G0 F9600 X137.344 Y122.729
M204 S1000
G1 F1200 X133.629 Y126.444 E2624.09985
M204 S10000
G0 F9600 X133.629 Y126.019
M204 S1000
G1 F1200 X136.919 Y122.729 E2624.21592
M204 S10000
G0 F9600 X136.495 Y122.729
M204 S1000
G1 F1200 X133.629 Y125.595 E2624.31702
M204 S10000
G0 F9600 X133.629 Y125.171
M204 S1000
G1 F1200 X136.071 Y122.729 E2624.40317
M204 S10000
G0 F9600 X135.647 Y122.729
M204 S1000
G1 F1200 X133.629 Y124.747 E2624.47436
M204 S10000
G0 F9600 X133.629 Y124.322
M204 S1000
G1 F1200 X135.222 Y122.729 E2624.53056
M204 S10000
G0 F9600 X134.798 Y122.729
M204 S1000
G1 F1200 X133.629 Y123.898 E2624.5718
M204 S10000
G0 F9600 X133.629 Y123.474
M204 S1000
G1 F1200 X134.374 Y122.729 E2624.59808
M204 S10000
G0 F9600 X133.95 Y122.729
M204 S1000
G1 F1200 X133.629 Y123.05 E2624.60941
M204 S10000
G0 F9600 X133.21 Y123.05
G1 F3000 E2618.60941
;MESH:Lid_front_panel.stl
G0 F9600 X133.332 Y122.432
G0 X146.668 Y122.432
G0 X147.47 Y177.689
G0 X153.38 Y177.689
G0 X154.061 Y177.689
M204 S1000
;TYPE:WALL-INNER
G1 F3000 E2624.60941
G1 F1800 X167.639 Y177.689 E2624.94811
G1 X167.639 Y153.032 E2625.56318
G1 X167.432 Y152.91 E2625.56918
G1 X167.345 Y152.706 E2625.57471
G1 X167.3 Y152.4 E2625.58242
G1 X167.305 Y147.495 E2625.70478
G1 X167.432 Y147.089 E2625.71539
G1 X167.64 Y146.967 E2625.72141
G1 X167.64 Y122.31 E2626.33648
G1 X154.06 Y122.31 E2626.67523
G1 X154.061 Y177.689 E2628.05667
M204 S10000
G0 F9600 X153.761 Y177.989
M204 S1000
G1 F1800 X167.939 Y177.989 E2628.41034
G1 X167.939 Y152.909 E2629.03596
G1 X167.694 Y152.765 E2629.04305
G1 X167.603 Y152.475 E2629.05063
G1 X167.603 Y147.525 E2629.17411
G1 X167.694 Y147.235 E2629.18169
G1 X167.94 Y147.091 E2629.1888
G1 X167.94 Y122.01 E2629.81445
G1 X153.76 Y122.01 E2630.16817
G1 X153.761 Y177.989 E2631.56457
M204 S10000
G0 F9600 X153.461 Y178.289
M204 S1000
G1 F1800 X168.239 Y178.289 E2631.93321
G1 X168.239 Y152.785 E2632.56941
G1 X167.956 Y152.619 E2632.5776
G1 X167.906 Y152.478 E2632.58133
G1 X167.902 Y147.555 E2632.70413
G1 X167.956 Y147.381 E2632.70868
G1 X168.24 Y147.214 E2632.7169
G1 X168.24 Y121.71 E2633.3531
G1 X153.46 Y121.71 E2633.72179
G1 X153.461 Y178.289 E2635.13315
M204 S10000
G0 F9600 X153.211 Y178.539
M204 S1000
;TYPE:WALL-OUTER
G1 F1800 X168.489 Y178.539 E2635.51427
G1 X168.489 Y152.6 E2636.16132
G1 X168.35 Y152.6 E2636.16478
G1 X168.15 Y152.483 E2636.17056
G1 X168.15 Y147.517 E2636.29444
G1 X168.35 Y147.4 E2636.30022
G1 X168.49 Y147.4 E2636.30371
G1 X168.49 Y121.46 E2636.95079
G1 X153.21 Y121.46 E2637.33195
G1 X153.211 Y178.539 E2638.75579
M204 S10000
G0 F9600 X153.411 Y178.539
G0 X153.411 Y178.289
G0 X154.331 Y177.639
G0 X154.331 Y177.419
M204 S1000
;TYPE:SKIN
G1 F1200 X154.33 Y122.58 E2640.12376
G1 X167.37 Y122.58 E2640.44904
G1 X167.37 Y146.836 E2641.05411
G1 X167.185 Y146.979 E2641.05994
G1 X167.035 Y147.352 E2641.06997
G1 X167.035 Y152.65 E2641.20213
G1 X167.184 Y153.022 E2641.21213
G1 X167.369 Y153.164 E2641.21794
G1 X167.369 Y177.419 E2641.82299
G1 X154.331 Y177.419 E2642.14822
M204 S10000
G1 F3000 E2636.14822
G0 F9600 X154.331 Y177.639
G0 X166.81 Y177.639
G0 X166.81 Y177.268
M204 S1000
G1 F3000 E2642.14822
G1 F1200 X167.218 Y176.86 E2642.16261
M204 S10000
G0 F9600 X167.218 Y176.435
M204 S1000
G1 F1200 X166.385 Y177.268 E2642.192
M204 S10000
G0 F9600 X165.961 Y177.268
M204 S1000
G1 F1200 X167.218 Y176.011 E2642.23634
M204 S10000
G0 F9600 X167.218 Y175.587
M204 S1000
G1 F1200 X165.537 Y177.268 E2642.29565
M204 S10000
G0 F9600 X165.112 Y177.268
M204 S1000
G1 F1200 X167.218 Y175.163 E2642.36992
M204 S10000
G0 F9600 X167.218 Y174.738
M204 S1000
G1 F1200 X164.688 Y177.268 E2642.45918
M204 S10000
G0 F9600 X164.264 Y177.268
M204 S1000
G1 F1200 X167.218 Y174.314 E2642.56339
M204 S10000
G0 F9600 X167.218 Y173.89
M204 S1000
G1 F1200 X163.84 Y177.268 E2642.68255
M204 S10000
G0 F9600 X163.415 Y177.268
M204 S1000
G1 F1200 X167.218 Y173.466 E2642.8167
M204 S10000
G0 F9600 X167.218 Y173.041
M204 S1000
G1 F1200 X162.991 Y177.268 E2642.96582
M204 S10000
G0 F9600 X162.567 Y177.268
M204 S1000
G1 F1200 X167.218 Y172.617 E2643.12989
M204 S10000
G0 F9600 X167.218 Y172.193
M204 S1000
G1 F1200 X162.143 Y177.268 E2643.30893
M204 S10000
G0 F9600 X161.718 Y177.268
M204 S1000
G1 F1200 X167.218 Y171.768 E2643.50296
M204 S10000
G0 F9600 X167.218 Y171.344
M204 S1000
G1 F1200 X161.294 Y177.268 E2643.71194
M204 S10000
G0 F9600 X160.87 Y177.268
M204 S1000
G1 F1200 X167.218 Y170.92 E2643.93588
M204 S10000
G0 F9600 X167.218 Y170.496
M204 S1000
G1 F1200 X160.446 Y177.268 E2644.17478
M204 S10000
G0 F9600 X160.021 Y177.268
M204 S1000
G1 F1200 X167.218 Y170.071 E2644.42868
M204 S10000
G0 F9600 X167.218 Y169.647
M204 S1000
G1 F1200 X159.597 Y177.268 E2644.69753
M204 S10000
G0 F9600 X159.173 Y177.268
M204 S1000
G1 F1200 X167.218 Y169.223 E2644.98134
M204 S10000
G0 F9600 X167.218 Y168.799
M204 S1000
G1 F1200 X158.749 Y177.268 E2645.2801
M204 S10000
G0 F9600 X158.324 Y177.268
M204 S1000
G1 F1200 X167.218 Y168.374 E2645.59386
M204 S10000
G0 F9600 X167.218 Y167.95
M204 S1000
G1 F1200 X157.9 Y177.268 E2645.92258
M204 S10000
G0 F9600 X157.476 Y177.268
M204 S1000
G1 F1200 X167.218 Y167.526 E2646.26626
M204 S10000
G0 F9600 X167.218 Y167.102
M204 S1000
G1 F1200 X157.051 Y177.268 E2646.62491
M204 S10000
G0 F9600 X156.627 Y177.268
M204 S1000
G1 F1200 X167.218 Y166.677 E2646.99853
M204 S10000
G0 F9600 X167.218 Y166.253
M204 S1000
G1 F1200 X156.203 Y177.268 E2647.38712
M204 S10000
G0 F9600 X155.779 Y177.268
M204 S1000
G1 F1200 X167.218 Y165.829 E2647.79066
M204 S10000
G0 F9600 X167.218 Y165.405
M204 S1000
G1 F1200 X155.354 Y177.268 E2648.20918
M204 S10000
G0 F9600 X154.93 Y177.268
M204 S1000
G1 F1200 X167.218 Y164.98 E2648.64267
M204 S10000
G0 F9600 X167.218 Y164.556
M204 S1000
G1 F1200 X154.506 Y177.268 E2649.09112
M204 S10000
G0 F9600 X154.48 Y176.869
M204 S1000
G1 F1200 X167.218 Y164.132 E2649.54047
M204 S10000
G0 F9600 X167.218 Y163.707
M204 S1000
G1 F1200 X154.48 Y176.445 E2649.98984
M204 S10000
G0 F9600 X154.48 Y176.02
M204 S1000
G1 F1200 X167.218 Y163.283 E2650.43919
M204 S10000
G0 F9600 X167.218 Y162.859
M204 S1000
G1 F1200 X154.48 Y175.596 E2650.88854
M204 S10000
G0 F9600 X154.48 Y175.172
M204 S1000
G1 F1200 X167.218 Y162.435 E2651.33789
M204 S10000
G0 F9600 X167.218 Y162.01
M204 S1000
G1 F1200 X154.48 Y174.748 E2651.78725
M204 S10000
G0 F9600 X154.48 Y174.323
M204 S1000
G1 F1200 X167.218 Y161.586 E2652.2366
M204 S10000
G0 F9600 X167.218 Y161.162
M204 S1000
G1 F1200 X154.48 Y173.899 E2652.68595
M204 S10000
G0 F9600 X154.48 Y173.475
M204 S1000
G1 F1200 X167.218 Y160.738 E2653.1353
M204 S10000
G0 F9600 X167.218 Y160.313
M204 S1000
G1 F1200 X154.48 Y173.05 E2653.58465
M204 S10000
G0 F9600 X154.48 Y172.626
M204 S1000
G1 F1200 X167.218 Y159.889 E2654.034
M204 S10000
G0 F9600 X167.218 Y159.465
M204 S1000
G1 F1200 X154.48 Y172.202 E2654.48335
M204 S10000
G0 F9600 X154.48 Y171.778
M204 S1000
G1 F1200 X167.218 Y159.041 E2654.9327
M204 S10000
G0 F9600 X167.218 Y158.616
M204 S1000
G1 F1200 X154.48 Y171.353 E2655.38205
M204 S10000
G0 F9600 X154.48 Y170.929
M204 S1000
G1 F1200 X167.218 Y158.192 E2655.8314
M204 S10000
G0 F9600 X167.218 Y157.768
M204 S1000
G1 F1200 X154.48 Y170.505 E2656.28075
M204 S10000
G0 F9600 X154.48 Y170.081
M204 S1000
G1 F1200 X167.218 Y157.343 E2656.73012
M204 S10000
G0 F9600 X167.218 Y156.919
M204 S1000
G1 F1200 X154.48 Y169.656 E2657.17947
M204 S10000
G0 F9600 X154.48 Y169.232
M204 S1000
G1 F1200 X167.218 Y156.495 E2657.62882
M204 S10000
G0 F9600 X167.218 Y156.071
M204 S1000
G1 F1200 X154.48 Y168.808 E2658.07817
M204 S10000
G0 F9600 X154.48 Y168.384
M204 S1000
G1 F1200 X167.218 Y155.646 E2658.52753
M204 S10000
G0 F9600 X167.218 Y155.222
M204 S1000
G1 F1200 X154.48 Y167.959 E2658.97688
M204 S10000
G0 F9600 X154.48 Y167.535
M204 S1000
G1 F1200 X167.218 Y154.798 E2659.42623
M204 S10000
G0 F9600 X167.218 Y154.374
M204 S1000
G1 F1200 X154.48 Y167.111 E2659.87558
M204 S10000
G0 F9600 X154.48 Y166.686
M204 S1000
G1 F1200 X167.218 Y153.949 E2660.32493
M204 S10000
G0 F9600 X167.218 Y153.525
M204 S1000
G1 F1200 X154.48 Y166.262 E2660.77428
M204 S10000
G0 F9600 X154.48 Y165.838
M204 S1000
G1 F1200 X167.143 Y153.175 E2661.221
M204 S10000
G0 F9600 X166.976 Y152.918
M204 S1000
G1 F1200 X154.48 Y165.414 E2661.66183
M204 S10000
G0 F9600 X154.48 Y164.989
M204 S1000
G1 F1200 X166.884 Y152.585 E2662.09942
M204 S10000
G0 F9600 X166.884 Y152.161
M204 S1000
G1 F1200 X154.48 Y164.565 E2662.537
M204 S10000
G0 F9600 X154.48 Y164.141
M204 S1000
G1 F1200 X166.884 Y151.737 E2662.97459
M204 S10000
G0 F9600 X166.884 Y151.313
M204 S1000
G1 F1200 X154.48 Y163.717 E2663.41217
M204 S10000
G0 F9600 X154.48 Y163.292
M204 S1000
G1 F1200 X166.884 Y150.888 E2663.84976
M204 S10000
G0 F9600 X166.884 Y150.464
M204 S1000
G1 F1200 X154.48 Y162.868 E2664.28734
M204 S10000
G0 F9600 X154.48 Y162.444
M204 S1000
G1 F1200 X166.884 Y150.04 E2664.72493
M204 S10000
G0 F9600 X166.884 Y149.616
M204 S1000
G1 F1200 X154.48 Y162.02 E2665.16251
M204 S10000
G0 F9600 X154.48 Y161.595
M204 S1000
G1 F1200 X166.884 Y149.191 E2665.6001
M204 S10000
G0 F9600 X166.884 Y148.767
M204 S1000
G1 F1200 X154.48 Y161.171 E2666.03768
M204 S10000
G0 F9600 X154.48 Y160.747
M204 S1000
G1 F1200 X166.884 Y148.343 E2666.47526
M204 S10000
G0 F9600 X166.884 Y147.918
M204 S1000
G1 F1200 X154.48 Y160.323 E2666.91287
M204 S10000
G0 F9600 X154.48 Y159.898
M204 S1000
G1 F1200 X166.884 Y147.494 E2667.35045
M204 S10000
G0 F9600 X167.219 Y146.735
M204 S1000
G1 F1200 X154.48 Y159.474 E2667.79985
M204 S10000
G0 F9600 X154.48 Y159.05
M204 S1000
G1 F1200 X167.219 Y146.311 E2668.24926
M204 S10000
G0 F9600 X167.219 Y145.887
M204 S1000
G1 F1200 X154.48 Y158.625 E2668.69864
M204 S10000
G0 F9600 X154.48 Y158.201
M204 S1000
G1 F1200 X167.219 Y145.463 E2669.14803
M204 S10000
G0 F9600 X167.219 Y145.038
M204 S1000
G1 F1200 X154.48 Y157.777 E2669.59743
M204 S10000
G0 F9600 X154.48 Y157.353
M204 S1000
G1 F1200 X167.219 Y144.614 E2670.04683
M204 S10000
G0 F9600 X167.219 Y144.19
M204 S1000
G1 F1200 X154.48 Y156.928 E2670.49622
M204 S10000
G0 F9600 X154.48 Y156.504
M204 S1000
G1 F1200 X167.219 Y143.766 E2670.9456
M204 S10000
G0 F9600 X167.219 Y143.341
M204 S1000
G1 F1200 X154.48 Y156.08 E2671.395
M204 S10000
G0 F9600 X154.48 Y155.656
M204 S1000
G1 F1200 X167.219 Y142.917 E2671.84441
M204 S10000
G0 F9600 X167.219 Y142.493
M204 S1000
G1 F1200 X154.48 Y155.231 E2672.29379
M204 S10000
G0 F9600 X154.48 Y154.807
M204 S1000
G1 F1200 X167.219 Y142.069 E2672.74318
M204 S10000
G0 F9600 X167.219 Y141.644
M204 S1000
G1 F1200 X154.48 Y154.383 E2673.19258
M204 S10000
G0 F9600 X154.48 Y153.959
M204 S1000
G1 F1200 X167.219 Y141.22 E2673.64198
M204 S10000
G0 F9600 X167.219 Y140.796
M204 S1000
G1 F1200 X154.48 Y153.534 E2674.09137
M204 S10000
G0 F9600 X154.48 Y153.11
M204 S1000
G1 F1200 X167.219 Y140.372 E2674.54075
M204 S10000
G0 F9600 X167.219 Y139.947
M204 S1000
G1 F1200 X154.48 Y152.686 E2674.99015
M204 S10000
G0 F9600 X154.48 Y152.262
M204 S1000
G1 F1200 X167.219 Y139.523 E2675.43956
M204 S10000
G0 F9600 X167.219 Y139.099
M204 S1000
G1 F1200 X154.48 Y151.837 E2675.88894
M204 S10000
G0 F9600 X154.48 Y151.413
M204 S1000
G1 F1200 X167.219 Y138.674 E2676.33835
M204 S10000
G0 F9600 X167.219 Y138.25
M204 S1000
G1 F1200 X154.48 Y150.989 E2676.78775
M204 S10000
G0 F9600 X154.48 Y150.564
M204 S1000
G1 F1200 X167.219 Y137.826 E2677.23713
M204 S10000
G0 F9600 X167.219 Y137.402
M204 S1000
G1 F1200 X154.48 Y150.14 E2677.68652
M204 S10000
G0 F9600 X154.48 Y149.717
M204 S1000
G1 F1200 X167.219 Y136.977 E2678.13594
M204 S10000
G0 F9600 X167.219 Y136.553
M204 S1000
G1 F1200 X154.48 Y149.292 E2678.58534
M204 S10000
G0 F9600 X154.48 Y148.868
M204 S1000
G1 F1200 X167.219 Y136.129 E2679.03474
M204 S10000
G0 F9600 X167.219 Y135.705
M204 S1000
G1 F1200 X154.48 Y148.444 E2679.48415
M204 S10000
G0 F9600 X154.48 Y148.02
M204 S1000
G1 F1200 X167.219 Y135.28 E2679.93357
M204 S10000
G0 F9600 X167.219 Y134.856
M204 S1000
G1 F1200 X154.48 Y147.595 E2680.38297
M204 S10000
G0 F9600 X154.48 Y147.171
M204 S1000
G1 F1200 X167.219 Y134.432 E2680.83237
M204 S10000
G0 F9600 X167.219 Y134.008
M204 S1000
G1 F1200 X154.48 Y146.747 E2681.28177
M204 S10000
G0 F9600 X154.48 Y146.323
M204 S1000
G1 F1200 X167.219 Y133.583 E2681.73119
M204 S10000
G0 F9600 X167.219 Y133.159
M204 S1000
G1 F1200 X154.48 Y145.898 E2682.1806
M204 S10000
G0 F9600 X154.48 Y145.474
M204 S1000
G1 F1200 X167.219 Y132.735 E2682.63
M204 S10000
G0 F9600 X167.219 Y132.31
M204 S1000
G1 F1200 X154.48 Y145.05 E2683.07942
M204 S10000
G0 F9600 X154.48 Y144.625
M204 S1000
G1 F1200 X167.219 Y131.886 E2683.52882
M204 S10000
G0 F9600 X167.219 Y131.462
M204 S1000
G1 F1200 X154.48 Y144.201 E2683.97823
M204 S10000
G0 F9600 X154.48 Y143.777
M204 S1000
G1 F1200 X167.219 Y131.038 E2684.42763
M204 S10000
G0 F9600 X167.219 Y130.613
M204 S1000
G1 F1200 X154.48 Y143.353 E2684.87705
M204 S10000
G0 F9600 X154.48 Y142.928
M204 S1000
G1 F1200 X167.219 Y130.189 E2685.32645
M204 S10000
G0 F9600 X167.219 Y129.765
M204 S1000
G1 F1200 X154.48 Y142.504 E2685.77585
M204 S10000
G0 F9600 X154.48 Y142.08
M204 S1000
G1 F1200 X167.219 Y129.341 E2686.22526
M204 S10000
G0 F9600 X167.219 Y128.916
M204 S1000
G1 F1200 X154.48 Y141.656 E2686.67468
M204 S10000
G0 F9600 X154.48 Y141.231
M204 S1000
G1 F1200 X167.219 Y128.492 E2687.12408
M204 S10000
G0 F9600 X167.219 Y128.068
M204 S1000
G1 F1200 X154.48 Y140.807 E2687.57348
M204 S10000
G0 F9600 X154.48 Y140.383
M204 S1000
G1 F1200 X167.219 Y127.644 E2688.02288
M204 S10000
G0 F9600 X167.219 Y127.219
M204 S1000
G1 F1200 X154.48 Y139.959 E2688.4723
M204 S10000
G0 F9600 X154.48 Y139.534
M204 S1000
G1 F1200 X167.219 Y126.795 E2688.92171
M204 S10000
G0 F9600 X167.219 Y126.371
M204 S1000
G1 F1200 X154.48 Y139.11 E2689.37111
M204 S10000
G0 F9600 X154.48 Y138.686
M204 S1000
G1 F1200 X167.219 Y125.947 E2689.82051
M204 S10000
G0 F9600 X167.219 Y125.522
M204 S1000
G1 F1200 X154.48 Y138.262 E2690.26993
M204 S10000
G0 F9600 X154.48 Y137.837
M204 S1000
G1 F1200 X167.219 Y125.098 E2690.71934
M204 S10000
G0 F9600 X167.219 Y124.674
M204 S1000
G1 F1200 X154.48 Y137.413 E2691.16874
M204 S10000
G0 F9600 X154.48 Y136.989
M204 S1000
G1 F1200 X167.219 Y124.249 E2691.61816
M204 S10000
G0 F9600 X167.219 Y123.825
M204 S1000
G1 F1200 X154.48 Y136.564 E2692.06756
M204 S10000
G0 F9600 X154.48 Y136.14
M204 S1000
G1 F1200 X167.219 Y123.401 E2692.51696
M204 S10000
G0 F9600 X167.219 Y122.977
M204 S1000
G1 F1200 X154.48 Y135.716 E2692.96637
M204 S10000
G0 F9600 X154.48 Y135.292
M204 S1000
G1 F1200 X167.042 Y122.729 E2693.40954
M204 S10000
G0 F9600 X166.618 Y122.729
M204 S1000
G1 F1200 X154.48 Y134.867 E2693.83774
M204 S10000
G0 F9600 X154.48 Y134.443
M204 S1000
G1 F1200 X166.194 Y122.729 E2694.25099
M204 S10000
G0 F9600 X165.769 Y122.729
M204 S1000
G1 F1200 X154.48 Y134.019 E2694.64925
M204 S10000
G0 F9600 X154.48 Y133.595
M204 S1000
G1 F1200 X165.345 Y122.729 E2695.03256
M204 S10000
G0 F9600 X164.921 Y122.729
M204 S1000
G1 F1200 X154.48 Y133.17 E2695.4009
M204 S10000
G0 F9600 X154.48 Y132.746
M204 S1000
G1 F1200 X164.497 Y122.729 E2695.75427
M204 S10000
G0 F9600 X164.072 Y122.729
M204 S1000
G1 F1200 X154.48 Y132.322 E2696.09268
M204 S10000
G0 F9600 X154.48 Y131.898
M204 S1000
G1 F1200 X163.648 Y122.729 E2696.41612
M204 S10000
G0 F9600 X163.224 Y122.729
M204 S1000
G1 F1200 X154.48 Y131.473 E2696.72459
M204 S10000
G0 F9600 X154.48 Y131.049
M204 S1000
G1 F1200 X162.8 Y122.729 E2697.0181
M204 S10000
G0 F9600 X162.375 Y122.729
M204 S1000
G1 F1200 X154.48 Y130.625 E2697.29663
M204 S10000
G0 F9600 X154.48 Y130.2
M204 S1000
G1 F1200 X161.951 Y122.729 E2697.56019
M204 S10000
G0 F9600 X161.527 Y122.729
M204 S1000
G1 F1200 X154.48 Y129.776 E2697.80879
M204 S10000
G0 F9600 X154.48 Y129.352
M204 S1000
G1 F1200 X161.102 Y122.729 E2698.04242
M204 S10000
G0 F9600 X160.678 Y122.729
M204 S1000
G1 F1200 X154.48 Y128.928 E2698.26109
M204 S10000
G0 F9600 X154.48 Y128.503
M204 S1000
G1 F1200 X160.254 Y122.729 E2698.46478
M204 S10000
G0 F9600 X159.83 Y122.729
M204 S1000
G1 F1200 X154.48 Y128.079 E2698.65352
M204 S10000
G0 F9600 X154.48 Y127.655
M204 S1000
G1 F1200 X159.405 Y122.729 E2698.82728
M204 S10000
G0 F9600 X158.981 Y122.729
M204 S1000
G1 F1200 X154.48 Y127.231 E2698.98608
M204 S10000
G0 F9600 X154.48 Y126.806
M204 S1000
G1 F1200 X158.557 Y122.729 E2699.12991
M204 S10000
G0 F9600 X158.133 Y122.729
M204 S1000
G1 F1200 X154.48 Y126.382 E2699.25878
M204 S10000
G0 F9600 X154.48 Y125.958
M204 S1000
G1 F1200 X157.708 Y122.729 E2699.37267
M204 S10000
G0 F9600 X157.284 Y122.729
M204 S1000
G1 F1200 X154.48 Y125.534 E2699.47161
M204 S10000
G0 F9600 X154.48 Y125.109
M204 S1000
G1 F1200 X156.86 Y122.729 E2699.55557
M204 S10000
G0 F9600 X156.436 Y122.729
M204 S1000
G1 F1200 X154.48 Y124.685 E2699.62457
M204 S10000
G0 F9600 X154.48 Y124.261
M204 S1000
G1 F1200 X156.011 Y122.729 E2699.6786
M204 S10000
G0 F9600 X155.587 Y122.729
M204 S1000
G1 F1200 X154.48 Y123.837 E2699.71767
M204 S10000
G0 F9600 X154.48 Y123.412
M204 S1000
G1 F1200 X155.163 Y122.729 E2699.74177
M204 S10000
G0 F9600 X154.739 Y122.729
M204 S1000
G1 F1200 X154.48 Y122.988 E2699.7509
M204 S10000
G0 F9600 X154.06 Y122.988
G1 F3000 E2693.7509
;MESH:Lid_back_panel.stl
G0 F9600 X154.182 Y122.432
G0 X167.518 Y122.432
G0 X168.319 Y177.69
G0 X173.361 Y177.69
G0 X174.041 Y177.69
M204 S1000
;TYPE:WALL-INNER
G1 F3000 E2699.7509
G1 F1800 X187.621 Y177.69 E2700.08966
G1 X187.62 Y122.311 E2701.47109
G1 X174.042 Y122.311 E2701.8098
G1 X174.042 Y134.15 E2702.10512
G1 X175.034 Y134.15 E2702.12987
G1 X175.372 Y134.205 E2702.13841
G1 X175.586 Y134.306 E2702.14431
G1 X175.811 Y134.493 E2702.15161
G1 X175.987 Y134.757 E2702.15953
G1 X176.078 Y135.084 E2702.16799
G1 X176.079 Y164.916 E2702.91215
G1 X176.029 Y165.139 E2702.91786
G1 X175.811 Y165.507 E2702.92852
G1 X175.586 Y165.694 E2702.93582
G1 X175.372 Y165.795 E2702.94173
G1 X175.034 Y165.85 E2702.95027
G1 X174.041 Y165.85 E2702.97504
G1 X174.041 Y177.69 E2703.27039
M204 S10000
G0 F9600 X173.741 Y177.99
M204 S1000
G1 F1800 X187.921 Y177.99 E2703.62411
G1 X187.92 Y122.011 E2705.02051
G1 X173.742 Y122.011 E2705.37418
G1 X173.742 Y134.45 E2705.68448
G1 X175.034 Y134.45 E2705.7167
G1 X175.276 Y134.489 E2705.72282
G1 X175.525 Y134.632 E2705.72998
G1 X175.744 Y134.957 E2705.73976
G1 X175.78 Y135.117 E2705.74385
G1 X175.78 Y164.883 E2706.48637
G1 X175.745 Y165.043 E2706.49045
G1 X175.636 Y165.249 E2706.49626
G1 X175.428 Y165.439 E2706.50329
G1 X175.275 Y165.511 E2706.50751
G1 X175.034 Y165.55 E2706.5136
G1 X173.741 Y165.55 E2706.54585
G1 X173.741 Y177.99 E2706.85617
M204 S10000
G0 F9600 X173.441 Y178.29
M204 S1000
G1 F1800 X188.221 Y178.29 E2707.22486
G1 X188.22 Y121.711 E2708.63623
G1 X173.442 Y121.711 E2709.00487
G1 X173.442 Y134.75 E2709.33013
G1 X175.034 Y134.75 E2709.36984
G1 X175.271 Y134.817 E2709.37598
G1 X175.421 Y134.968 E2709.38129
G1 X175.482 Y135.121 E2709.3854
G1 X175.482 Y164.85 E2710.12699
G1 X175.421 Y165.032 E2710.13178
G1 X175.329 Y165.141 E2710.13534
G1 X175.139 Y165.25 E2710.1408
G1 X173.441 Y165.25 E2710.18316
G1 X173.441 Y178.29 E2710.50845
M204 S10000
G0 F9600 X173.191 Y178.54
M204 S1000
;TYPE:WALL-OUTER
G1 F1800 X188.471 Y178.54 E2710.88961
G1 X188.47 Y121.461 E2712.31345
G1 X173.192 Y121.461 E2712.69456
G1 X173.192 Y135 E2713.03229
G1 X175.034 Y135 E2713.07824
G1 X175.14 Y135.029 E2713.08098
G1 X175.232 Y135.165 E2713.08508
G1 X175.232 Y164.835 E2713.8252
G1 X175.139 Y164.971 E2713.82931
G1 X175.034 Y165 E2713.83203
G1 X173.191 Y165 E2713.878
G1 X173.191 Y178.54 E2714.21576
M204 S10000
G0 F9600 X173.391 Y178.54
G0 X173.391 Y178.29
G0 X174.091 Y177.42
G0 X174.311 Y177.42
M204 S1000
;TYPE:SKIN
G1 F1200 X174.311 Y166.12 E2714.49764
G1 X175.05 Y166.119 E2714.51607
G1 X175.435 Y166.056 E2714.5258
G1 X175.714 Y165.93 E2714.53344
G1 X176.021 Y165.677 E2714.54336
G1 X176.283 Y165.235 E2714.55618
G1 X176.348 Y164.948 E2714.56352
G1 X176.353 Y135.029 E2715.30985
G1 X176.233 Y134.643 E2715.31993
G1 X176.092 Y134.406 E2715.32681
G1 X175.829 Y134.125 E2715.33641
G1 X175.478 Y133.957 E2715.34612
G1 X175.052 Y133.881 E2715.35692
G1 X174.312 Y133.88 E2715.37538
G1 X174.312 Y122.581 E2715.65723
G1 X187.35 Y122.581 E2715.98246
G1 X187.351 Y177.42 E2717.35043
G1 X174.311 Y177.42 E2717.67571
M204 S10000
G1 F3000 E2711.67571
G0 F9600 X174.091 Y177.42
G0 X187.499 Y177.568
G0 X187.571 Y176.819
G0 X187.199 Y176.819
M204 S1000
G1 F3000 E2717.67571
G1 F1200 X186.749 Y177.269 E2717.69159
M204 S10000
G0 F9600 X186.324 Y177.269
M204 S1000
G1 F1200 X187.199 Y176.394 E2717.72246
M204 S10000
G0 F9600 X187.199 Y175.97
M204 S1000
G1 F1200 X185.9 Y177.269 E2717.76828
M204 S10000
G0 F9600 X185.476 Y177.269
M204 S1000
G1 F1200 X187.199 Y175.546 E2717.82907
M204 S10000
G0 F9600 X187.199 Y175.122
M204 S1000
G1 F1200 X185.051 Y177.269 E2717.90482
M204 S10000
G0 F9600 X184.627 Y177.269
M204 S1000
G1 F1200 X187.199 Y174.697 E2717.99556
M204 S10000
G0 F9600 X187.199 Y174.273
M204 S1000
G1 F1200 X184.203 Y177.269 E2718.10125
M204 S10000
G0 F9600 X183.779 Y177.269
M204 S1000
G1 F1200 X187.199 Y173.849 E2718.2219
M204 S10000
G0 F9600 X187.199 Y173.425
M204 S1000
G1 F1200 X183.354 Y177.269 E2718.35753
M204 S10000
G0 F9600 X182.93 Y177.269
M204 S1000
G1 F1200 X187.199 Y173 E2718.50813
M204 S10000
G0 F9600 X187.199 Y172.576
M204 S1000
G1 F1200 X182.506 Y177.269 E2718.67368
M204 S10000
G0 F9600 X182.082 Y177.269
M204 S1000
G1 F1200 X187.199 Y172.152 E2718.8542
M204 S10000
G0 F9600 X187.199 Y171.727
M204 S1000
G1 F1200 X181.657 Y177.269 E2719.04971
M204 S10000
G0 F9600 X181.233 Y177.269
M204 S1000
G1 F1200 X187.199 Y171.303 E2719.26018
M204 S10000
G0 F9600 X187.199 Y170.879
M204 S1000
G1 F1200 X180.809 Y177.269 E2719.4856
M204 S10000
G0 F9600 X180.385 Y177.269
M204 S1000
G1 F1200 X187.199 Y170.455 E2719.72598
M204 S10000
G0 F9600 X187.199 Y170.03
M204 S1000
G1 F1200 X179.96 Y177.269 E2719.98136
M204 S10000
G0 F9600 X179.536 Y177.269
M204 S1000
G1 F1200 X187.199 Y169.606 E2720.25169
M204 S10000
G0 F9600 X187.199 Y169.182
M204 S1000
G1 F1200 X179.112 Y177.269 E2720.53698
M204 S10000
G0 F9600 X178.688 Y177.269
M204 S1000
G1 F1200 X187.199 Y168.758 E2720.83723
M204 S10000
G0 F9600 X187.199 Y168.333
M204 S1000
G1 F1200 X178.263 Y177.269 E2721.15247
M204 S10000
G0 F9600 X177.839 Y177.269
M204 S1000
G1 F1200 X187.199 Y167.909 E2721.48267
M204 S10000
G0 F9600 X187.199 Y167.485
M204 S1000
G1 F1200 X177.415 Y177.269 E2721.82783
M204 S10000
G0 F9600 X176.99 Y177.269
M204 S1000
G1 F1200 X187.199 Y167.061 E2722.18796
M204 S10000
G0 F9600 X187.199 Y166.636
M204 S1000
G1 F1200 X176.566 Y177.269 E2722.56307
M204 S10000
G0 F9600 X176.142 Y177.269
M204 S1000
G1 F1200 X187.199 Y166.212 E2722.95313
M204 S10000
G0 F9600 X187.199 Y165.788
M204 S1000
G1 F1200 X175.718 Y177.269 E2723.35816
M204 S10000
G0 F9600 X175.293 Y177.269
M204 S1000
G1 F1200 X187.199 Y165.363 E2723.77817
M204 S10000
G0 F9600 X187.199 Y164.939
M204 S1000
G1 F1200 X174.869 Y177.269 E2724.21315
M204 S10000
G0 F9600 X174.46 Y177.253
M204 S1000
G1 F1200 X187.199 Y164.515 E2724.66253
M204 S10000
G0 F9600 X187.199 Y164.091
M204 S1000
G1 F1200 X174.46 Y176.829 E2725.11192
M204 S10000
G0 F9600 X174.46 Y176.405
M204 S1000
G1 F1200 X187.199 Y163.666 E2725.56132
M204 S10000
G0 F9600 X187.199 Y163.242
M204 S1000
G1 F1200 X174.46 Y175.981 E2726.01072
M204 S10000
G0 F9600 X174.46 Y175.556
M204 S1000
G1 F1200 X187.199 Y162.818 E2726.46011
M204 S10000
G0 F9600 X187.199 Y162.394
M204 S1000
G1 F1200 X174.46 Y175.132 E2726.90949
M204 S10000
G0 F9600 X174.46 Y174.708
M204 S1000
G1 F1200 X187.199 Y161.969 E2727.3589
M204 S10000
G0 F9600 X187.199 Y161.545
M204 S1000
G1 F1200 X174.46 Y174.284 E2727.8083
M204 S10000
G0 F9600 X174.46 Y173.859
M204 S1000
G1 F1200 X187.199 Y161.121 E2728.25768
M204 S10000
G0 F9600 X187.199 Y160.697
M204 S1000
G1 F1200 X174.46 Y173.435 E2728.70707
M204 S10000
G0 F9600 X174.46 Y173.011
M204 S1000
G1 F1200 X187.199 Y160.272 E2729.15647
M204 S10000
G0 F9600 X187.199 Y159.848
M204 S1000
G1 F1200 X174.46 Y172.587 E2729.60587
M204 S10000
G0 F9600 X174.46 Y172.162
M204 S1000
G1 F1200 X187.199 Y159.424 E2730.05526
M204 S10000
G0 F9600 X187.199 Y159
M204 S1000
G1 F1200 X174.46 Y171.738 E2730.50464
M204 S10000
G0 F9600 X174.46 Y171.314
M204 S1000
G1 F1200 X187.199 Y158.575 E2730.95405
M204 S10000
G0 F9600 X187.199 Y158.151
M204 S1000
G1 F1200 X174.46 Y170.89 E2731.40345
M204 S10000
G0 F9600 X174.46 Y170.465
M204 S1000
G1 F1200 X187.199 Y157.727 E2731.85283
M204 S10000
G0 F9600 X187.199 Y157.302
M204 S1000
G1 F1200 X174.46 Y170.041 E2732.30224
M204 S10000
G0 F9600 X174.46 Y169.617
M204 S1000
G1 F1200 X187.199 Y156.878 E2732.75164
M204 S10000
G0 F9600 X187.199 Y156.454
M204 S1000
G1 F1200 X174.46 Y169.192 E2733.20102
M204 S10000
G0 F9600 X174.46 Y168.768
M204 S1000
G1 F1200 X187.199 Y156.03 E2733.65041
M204 S10000
G0 F9600 X187.199 Y155.605
M204 S1000
G1 F1200 X174.46 Y168.344 E2734.09981
M204 S10000
G0 F9600 X174.46 Y167.92
M204 S1000
G1 F1200 X187.199 Y155.181 E2734.54921
M204 S10000
G0 F9600 X187.199 Y154.757
M204 S1000
G1 F1200 X174.46 Y167.495 E2734.9986
M204 S10000
G0 F9600 X174.46 Y167.071
M204 S1000
G1 F1200 X175.303 Y166.229 E2735.02832
M204 S10000
G0 F9600 X174.839 Y166.268
M204 S1000
G1 F1200 X174.46 Y166.647 E2735.04169
M204 S10000
G1 F3000 E2729.04169
G0 F9600 X174.091 Y166.647
G0 X174.163 Y165.972
G0 X175.812 Y165.578
G0 X176.117 Y164.977
G0 X176.475 Y165.057
M204 S1000
G1 F3000 E2735.04169
G1 F1200 X187.199 Y154.333 E2735.42001
M204 S10000
G0 F9600 X187.199 Y153.908
M204 S1000
G1 F1200 X176.496 Y164.611 E2735.79759
M204 S10000
G0 F9600 X176.496 Y164.187
M204 S1000
G1 F1200 X187.199 Y153.484 E2736.17516
M204 S10000
G0 F9600 X187.199 Y153.06
M204 S1000
G1 F1200 X176.496 Y163.763 E2736.55274
M204 S10000
G0 F9600 X176.496 Y163.338
M204 S1000
G1 F1200 X187.199 Y152.636 E2736.9303
M204 S10000
G0 F9600 X187.199 Y152.211
M204 S1000
G1 F1200 X176.496 Y162.914 E2737.30788
M204 S10000
G0 F9600 X176.496 Y162.49
M204 S1000
G1 F1200 X187.199 Y151.787 E2737.68545
M204 S10000
G0 F9600 X187.199 Y151.363
M204 S1000
G1 F1200 X176.496 Y162.066 E2738.06303
M204 S10000
G0 F9600 X176.496 Y161.641
M204 S1000
G1 F1200 X187.199 Y150.939 E2738.44059
M204 S10000
G0 F9600 X187.199 Y150.514
M204 S1000
G1 F1200 X176.496 Y161.217 E2738.81817
M204 S10000
G0 F9600 X176.496 Y160.793
M204 S1000
G1 F1200 X187.199 Y150.09 E2739.19575
M204 S10000
G0 F9600 X187.199 Y149.666
M204 S1000
G1 F1200 X176.496 Y160.368 E2739.57331
M204 S10000
G0 F9600 X176.497 Y159.944
M204 S1000
G1 F1200 X187.199 Y149.241 E2739.95086
M204 S10000
G0 F9600 X187.199 Y148.817
M204 S1000
G1 F1200 X176.497 Y159.519 E2740.32841
M204 S10000
G0 F9600 X176.497 Y159.095
M204 S1000
G1 F1200 X187.199 Y148.393 E2740.70595
M204 S10000
G0 F9600 X187.199 Y147.969
M204 S1000
G1 F1200 X176.497 Y158.671 E2741.08349
M204 S10000
G0 F9600 X176.497 Y158.246
M204 S1000
G1 F1200 X187.199 Y147.544 E2741.46103
M204 S10000
G0 F9600 X187.199 Y147.12
M204 S1000
G1 F1200 X176.497 Y157.822 E2741.83857
M204 S10000
G0 F9600 X176.497 Y157.398
M204 S1000
G1 F1200 X187.199 Y146.696 E2742.21612
M204 S10000
G0 F9600 X187.199 Y146.272
M204 S1000
G1 F1200 X176.497 Y156.974 E2742.59366
M204 S10000
G0 F9600 X176.497 Y156.549
M204 S1000
G1 F1200 X187.199 Y145.847 E2742.9712
M204 S10000
G0 F9600 X187.199 Y145.423
M204 S1000
G1 F1200 X176.497 Y156.125 E2743.34874
M204 S10000
G0 F9600 X176.497 Y155.701
M204 S1000
G1 F1200 X187.199 Y144.999 E2743.72628
M204 S10000
G0 F9600 X187.199 Y144.575
M204 S1000
G1 F1200 X176.497 Y155.277 E2744.10383
M204 S10000
G0 F9600 X176.498 Y154.852
M204 S1000
G1 F1200 X187.199 Y144.15 E2744.48135
M204 S10000
G0 F9600 X187.199 Y143.726
M204 S1000
G1 F1200 X176.498 Y154.427 E2744.85886
M204 S10000
G0 F9600 X176.498 Y154.003
M204 S1000
G1 F1200 X187.199 Y143.302 E2745.23636
M204 S10000
G0 F9600 X187.199 Y142.877
M204 S1000
G1 F1200 X176.498 Y153.579 E2745.61389
M204 S10000
G0 F9600 X176.498 Y153.155
M204 S1000
G1 F1200 X187.199 Y142.453 E2745.99141
M204 S10000
G0 F9600 X187.199 Y142.029
M204 S1000
G1 F1200 X176.498 Y152.73 E2746.36892
M204 S10000
G0 F9600 X176.498 Y152.306
M204 S1000
G1 F1200 X187.199 Y141.605 E2746.74643
M204 S10000
G0 F9600 X187.199 Y141.18
M204 S1000
G1 F1200 X176.498 Y151.882 E2747.12395
M204 S10000
G0 F9600 X176.498 Y151.458
M204 S1000
G1 F1200 X187.199 Y140.756 E2747.50147
M204 S10000
G0 F9600 X187.199 Y140.332
M204 S1000
G1 F1200 X176.498 Y151.033 E2747.87898
M204 S10000
G0 F9600 X176.498 Y150.609
M204 S1000
G1 F1200 X187.199 Y139.908 E2748.25649
M204 S10000
G0 F9600 X187.199 Y139.483
M204 S1000
G1 F1200 X176.498 Y150.185 E2748.63401
M204 S10000
G0 F9600 X176.498 Y149.76
M204 S1000
G1 F1200 X187.199 Y139.059 E2749.01152
M204 S10000
G0 F9600 X187.199 Y138.635
M204 S1000
G1 F1200 X176.498 Y149.336 E2749.38903
M204 S10000
G0 F9600 X176.498 Y148.911
M204 S1000
G1 F1200 X187.199 Y138.211 E2749.76651
M204 S10000
G0 F9600 X187.199 Y137.786
M204 S1000
G1 F1200 X176.498 Y148.487 E2750.14402
M204 S10000
G0 F9600 X176.498 Y148.063
M204 S1000
G1 F1200 X187.199 Y137.362 E2750.52153
M204 S10000
G0 F9600 X187.199 Y136.938
M204 S1000
G1 F1200 X176.498 Y147.638 E2750.89902
M204 S10000
G0 F9600 X176.498 Y147.214
M204 S1000
G1 F1200 X187.199 Y136.514 E2751.27651
M204 S10000
G0 F9600 X187.199 Y136.089
M204 S1000
G1 F1200 X176.498 Y146.79 E2751.65401
M204 S10000
G0 F9600 X176.498 Y146.366
M204 S1000
G1 F1200 X187.199 Y135.665 E2752.03152
M204 S10000
G0 F9600 X187.199 Y135.241
M204 S1000
G1 F1200 X176.498 Y145.941 E2752.40901
M204 S10000
G0 F9600 X176.498 Y145.517
M204 S1000
G1 F1200 X187.199 Y134.816 E2752.78651
M204 S10000
G0 F9600 X187.199 Y134.392
M204 S1000
G1 F1200 X176.498 Y145.093 E2753.16402
M204 S10000
G0 F9600 X176.499 Y144.668
M204 S1000
G1 F1200 X187.199 Y133.968 E2753.54149
M204 S10000
G0 F9600 X187.199 Y133.544
M204 S1000
G1 F1200 X176.499 Y144.244 E2753.91896
M204 S10000
G0 F9600 X176.499 Y143.819
M204 S1000
G1 F1200 X187.199 Y133.119 E2754.29644
M204 S10000
G0 F9600 X187.199 Y132.695
M204 S1000
G1 F1200 X176.499 Y143.395 E2754.67391
M204 S10000
G0 F9600 X176.499 Y142.971
M204 S1000
G1 F1200 X187.199 Y132.271 E2755.05138
M204 S10000
G0 F9600 X187.199 Y131.847
M204 S1000
G1 F1200 X176.499 Y142.547 E2755.42885
M204 S10000
G0 F9600 X176.499 Y142.122
M204 S1000
G1 F1200 X187.199 Y131.422 E2755.80632
M204 S10000
G0 F9600 X187.199 Y130.998
M204 S1000
G1 F1200 X176.499 Y141.698 E2756.18379
M204 S10000
G0 F9600 X176.499 Y141.274
M204 S1000
G1 F1200 X187.199 Y130.574 E2756.56126
M204 S10000
G0 F9600 X187.199 Y130.15
M204 S1000
G1 F1200 X176.499 Y140.85 E2756.93874
M204 S10000
G0 F9600 X176.499 Y140.425
M204 S1000
G1 F1200 X187.199 Y129.725 E2757.31621
M204 S10000
G0 F9600 X187.199 Y129.301
M204 S1000
G1 F1200 X176.499 Y140.001 E2757.69368
M204 S10000
G0 F9600 X176.5 Y139.576
M204 S1000
G1 F1200 X187.199 Y128.877 E2758.07111
M204 S10000
G0 F9600 X187.199 Y128.453
M204 S1000
G1 F1200 X176.5 Y139.152 E2758.44855
M204 S10000
G0 F9600 X176.5 Y138.727
M204 S1000
G1 F1200 X187.199 Y128.028 E2758.82599
M204 S10000
G0 F9600 X187.199 Y127.604
M204 S1000
G1 F1200 X176.5 Y138.303 E2759.20342
M204 S10000
G0 F9600 X176.5 Y137.879
M204 S1000
G1 F1200 X187.199 Y127.18 E2759.58086
M204 S10000
G0 F9600 X187.199 Y126.755
M204 S1000
G1 F1200 X176.5 Y137.455 E2759.95831
M204 S10000
G0 F9600 X176.5 Y137.03
M204 S1000
G1 F1200 X187.199 Y126.331 E2760.33575
M204 S10000
G0 F9600 X187.199 Y125.907
M204 S1000
G1 F1200 X176.5 Y136.606 E2760.71318
M204 S10000
G0 F9600 X176.5 Y136.182
M204 S1000
G1 F1200 X187.199 Y125.483 E2761.09062
M204 S10000
G0 F9600 X187.199 Y125.058
M204 S1000
G1 F1200 X176.5 Y135.758 E2761.46807
M204 S10000
G0 F9600 X176.5 Y135.333
M204 S1000
G1 F1200 X187.199 Y124.634 E2761.84551
M204 S10000
G0 F9600 X187.199 Y124.21
M204 S1000
G1 F1200 X176.478 Y134.931 E2762.22372
M204 S10000
G0 F9600 X176.379 Y134.606
M204 S1000
G1 F1200 X187.199 Y123.786 E2762.60543
M204 S10000
G0 F9600 X187.199 Y123.361
M204 S1000
G1 F1200 X176.224 Y134.336 E2762.9926
M204 S10000
G0 F9600 X176.022 Y134.114
M204 S1000
G1 F1200 X187.199 Y122.937 E2763.3869
M204 S10000
G0 F9600 X186.981 Y122.731
M204 S1000
G1 F1200 X175.78 Y133.932 E2763.78205
M204 S10000
G0 F9600 X175.485 Y133.802
M204 S1000
G1 F1200 X186.557 Y122.731 E2764.17262
M204 S10000
G0 F9600 X186.133 Y122.731
M204 S1000
G1 F1200 X175.122 Y133.742 E2764.56106
M204 S10000
G0 F9600 X174.709 Y133.73
M204 S1000
G1 F1200 X185.708 Y122.731 E2764.94908
M204 S10000
G0 F9600 X185.284 Y122.731
M204 S1000
G1 F1200 X174.461 Y133.554 E2765.33089
M204 S10000
G0 F9600 X174.461 Y133.129
M204 S1000
G1 F1200 X184.86 Y122.731 E2765.69773
M204 S10000
G0 F9600 X184.436 Y122.731
M204 S1000
G1 F1200 X174.461 Y132.705 E2766.04961
M204 S10000
G0 F9600 X174.461 Y132.281
M204 S1000
G1 F1200 X184.011 Y122.731 E2766.38651
M204 S10000
G0 F9600 X183.587 Y122.731
M204 S1000
G1 F1200 X174.461 Y131.857 E2766.70845
M204 S10000
G0 F9600 X174.461 Y131.432
M204 S1000
G1 F1200 X183.163 Y122.731 E2767.01542
M204 S10000
G0 F9600 X182.739 Y122.731
M204 S1000
G1 F1200 X174.461 Y131.008 E2767.30743
M204 S10000
G0 F9600 X174.461 Y130.584
M204 S1000
G1 F1200 X182.314 Y122.731 E2767.58447
M204 S10000
G0 F9600 X181.89 Y122.731
M204 S1000
G1 F1200 X174.461 Y130.159 E2767.84653
M204 S10000
G0 F9600 X174.461 Y129.735
M204 S1000
G1 F1200 X181.466 Y122.731 E2768.09363
M204 S10000
G0 F9600 X181.041 Y122.731
M204 S1000
G1 F1200 X174.461 Y129.311 E2768.32576
M204 S10000
G0 F9600 X174.461 Y128.887
M204 S1000
G1 F1200 X180.617 Y122.731 E2768.54293
M204 S10000
G0 F9600 X180.193 Y122.731
M204 S1000
G1 F1200 X174.461 Y128.462 E2768.74512
M204 S10000
G0 F9600 X174.461 Y128.038
M204 S1000
G1 F1200 X179.769 Y122.731 E2768.93236
M204 S10000
G0 F9600 X179.344 Y122.731
M204 S1000
G1 F1200 X174.461 Y127.614 E2769.10462
M204 S10000
G0 F9600 X174.461 Y127.19
M204 S1000
G1 F1200 X178.92 Y122.731 E2769.26192
M204 S10000
G0 F9600 X178.496 Y122.731
M204 S1000
G1 F1200 X174.461 Y126.765 E2769.40425
M204 S10000
G0 F9600 X174.461 Y126.341
M204 S1000
G1 F1200 X178.072 Y122.731 E2769.53162
M204 S10000
G0 F9600 X177.647 Y122.731
M204 S1000
G1 F1200 X174.461 Y125.917 E2769.64402
M204 S10000
G0 F9600 X174.461 Y125.493
M204 S1000
G1 F1200 X177.223 Y122.731 E2769.74145
M204 S10000
G0 F9600 X176.799 Y122.731
M204 S1000
G1 F1200 X174.461 Y125.068 E2769.82392
M204 S10000
G0 F9600 X174.461 Y124.644
M204 S1000
G1 F1200 X176.375 Y122.731 E2769.89142
M204 S10000
G0 F9600 X175.95 Y122.731
M204 S1000
G1 F1200 X174.461 Y124.22 E2769.94395
M204 S10000
G0 F9600 X174.461 Y123.796
M204 S1000
G1 F1200 X175.526 Y122.731 E2769.98152
M204 S10000
G0 F9600 X175.102 Y122.731
M204 S1000
G1 F1200 X174.461 Y123.371 E2770.00411
M204 S10000
G0 F9600 X174.461 Y122.947
M204 S1000
G1 F1200 X174.678 Y122.731 E2770.01175
M204 S10000
G0 F9600 X174.678 Y122.311
G1 F3000 E2764.01175
;MESH:NONMESH
G0 F300 X174.678 Y122.311 Z2.16
G0 F9600 X174.164 Y122.433
G0 X173.356 Y134.836
G0 X126.62 Y134.836
G0 X125.89 Y177.49
G0 X125.74 Y177.49
;TIME_ELAPSED:5619.400588
;LAYER:10
M204 S1000
;TYPE:WALL-INNER
;MESH:Lid_side_panel_x2.stl(1)
G1 F3000 E2770.01175
G1 F1800 X125.74 Y122.51 E2771.38323
G1 X112.56 Y122.51 E2771.71201
G1 X112.56 Y177.49 E2773.08349
G1 X125.74 Y177.49 E2773.41227
M204 S10000
G0 F9600 X126.04 Y177.79
M204 S1000
G1 F1800 X126.04 Y122.21 E2774.79872
G1 X112.26 Y122.21 E2775.14246
G1 X112.26 Y177.79 E2776.52891
G1 X126.04 Y177.79 E2776.87265
M204 S10000
G0 F9600 X126.34 Y178.09
M204 S1000
G1 F1800 X126.34 Y121.91 E2778.27407
G1 X111.96 Y121.91 E2778.63278
G1 X111.96 Y178.09 E2780.03419
G1 X126.34 Y178.09 E2780.39291
M204 S10000
G0 F9600 X126.59 Y178.34
M204 S1000
;TYPE:WALL-OUTER
G1 F1800 X126.59 Y121.66 E2781.80679
G1 X111.71 Y121.66 E2782.17798
G1 X111.71 Y178.34 E2783.59186
G1 X126.59 Y178.34 E2783.96305
M204 S10000
G0 F9600 X126.59 Y178.14
G0 X126.34 Y178.14
G0 X125.69 Y177.22
G0 X125.47 Y177.22
M204 S1000
;TYPE:SKIN
G1 F1200 X112.83 Y177.22 E2784.27835
G1 X112.83 Y122.78 E2785.63637
G1 X125.47 Y122.78 E2785.95167
G1 X125.47 Y177.22 E2787.30968
M204 S10000
G1 F3000 E2781.30968
G0 F9600 X125.69 Y177.22
G0 X113.429 Y177.44
G1 F3000 E2787.30968
G0 F9600 X113.429 Y177.069
M204 S1000
G1 F1200 X112.98 Y176.619 E2787.32554
M204 S10000
G0 F9600 X112.98 Y176.195
M204 S1000
G1 F1200 X113.854 Y177.069 E2787.35637
M204 S10000
G0 F9600 X114.278 Y177.069
M204 S1000
G1 F1200 X112.98 Y175.771 E2787.40216
M204 S10000
G0 F9600 X112.98 Y175.346
M204 S1000
G1 F1200 X114.702 Y177.069 E2787.46293
M204 S10000
G0 F9600 X115.126 Y177.069
M204 S1000
G1 F1200 X112.98 Y174.922 E2787.53865
M204 S10000
G0 F9600 X112.98 Y174.498
M204 S1000
G1 F1200 X115.551 Y177.069 E2787.62935
M204 S10000
G0 F9600 X115.975 Y177.069
M204 S1000
G1 F1200 X112.98 Y174.074 E2787.73501
M204 S10000
G0 F9600 X112.98 Y173.649
M204 S1000
G1 F1200 X116.399 Y177.069 E2787.85564
M204 S10000
G0 F9600 X116.823 Y177.069
M204 S1000
G1 F1200 X112.98 Y173.225 E2787.99123
M204 S10000
G0 F9600 X112.98 Y172.801
M204 S1000
G1 F1200 X117.248 Y177.069 E2788.1418
M204 S10000
G0 F9600 X117.672 Y177.069
M204 S1000
G1 F1200 X112.98 Y172.377 E2788.30732
M204 S10000
G0 F9600 X112.98 Y171.952
M204 S1000
G1 F1200 X118.096 Y177.069 E2788.48782
M204 S10000
G0 F9600 X118.52 Y177.069
M204 S1000
G1 F1200 X112.98 Y171.528 E2788.68327
M204 S10000
G0 F9600 X112.98 Y171.104
M204 S1000
G1 F1200 X118.945 Y177.069 E2788.8937
M204 S10000
G0 F9600 X119.369 Y177.069
M204 S1000
G1 F1200 X112.98 Y170.68 E2789.11909
M204 S10000
G0 F9600 X112.98 Y170.255
M204 S1000
G1 F1200 X119.793 Y177.069 E2789.35946
M204 S10000
G0 F9600 X120.218 Y177.069
M204 S1000
G1 F1200 X112.98 Y169.831 E2789.6148
M204 S10000
G0 F9600 X112.98 Y169.407
M204 S1000
G1 F1200 X120.642 Y177.069 E2789.8851
M204 S10000
G0 F9600 X121.066 Y177.069
M204 S1000
G1 F1200 X112.98 Y168.982 E2790.17037
M204 S10000
G0 F9600 X112.98 Y168.558
M204 S1000
G1 F1200 X121.49 Y177.069 E2790.4706
M204 S10000
G0 F9600 X121.915 Y177.069
M204 S1000
G1 F1200 X112.98 Y168.134 E2790.78581
M204 S10000
G0 F9600 X112.98 Y167.71
M204 S1000
G1 F1200 X122.339 Y177.069 E2791.11597
M204 S10000
G0 F9600 X122.763 Y177.069
M204 S1000
G1 F1200 X112.98 Y167.285 E2791.46111
M204 S10000
G0 F9600 X112.98 Y166.861
M204 S1000
G1 F1200 X123.187 Y177.069 E2791.82121
M204 S10000
G0 F9600 X123.612 Y177.069
M204 S1000
G1 F1200 X112.98 Y166.437 E2792.19628
M204 S10000
G0 F9600 X112.98 Y166.013
M204 S1000
G1 F1200 X124.036 Y177.069 E2792.58631
M204 S10000
G0 F9600 X124.46 Y177.069
M204 S1000
G1 F1200 X112.98 Y165.588 E2792.99132
M204 S10000
G0 F9600 X112.98 Y165.164
M204 S1000
G1 F1200 X124.884 Y177.069 E2793.41128
M204 S10000
G0 F9600 X125.309 Y177.069
M204 S1000
G1 F1200 X112.98 Y164.74 E2793.84622
M204 S10000
G0 F9600 X112.98 Y164.316
M204 S1000
G1 F1200 X125.32 Y176.656 E2794.28154
M204 S10000
G0 F9600 X125.32 Y176.232
M204 S1000
G1 F1200 X112.98 Y163.891 E2794.71689
M204 S10000
G0 F9600 X112.98 Y163.467
M204 S1000
G1 F1200 X125.32 Y175.807 E2795.15222
M204 S10000
G0 F9600 X125.32 Y175.383
M204 S1000
G1 F1200 X112.98 Y163.043 E2795.58754
M204 S10000
G0 F9600 X112.98 Y162.619
M204 S1000
G1 F1200 X125.32 Y174.959 E2796.02287
M204 S10000
G0 F9600 X125.32 Y174.535
M204 S1000
G1 F1200 X112.98 Y162.194 E2796.45821
M204 S10000
G0 F9600 X112.98 Y161.77
M204 S1000
G1 F1200 X125.32 Y174.11 E2796.89354
M204 S10000
G0 F9600 X125.32 Y173.686
M204 S1000
G1 F1200 X112.98 Y161.346 E2797.32887
M204 S10000
G0 F9600 X112.98 Y160.921
M204 S1000
G1 F1200 X125.32 Y173.262 E2797.76421
M204 S10000
G0 F9600 X125.32 Y172.838
M204 S1000
G1 F1200 X112.98 Y160.497 E2798.19956
M204 S10000
G0 F9600 X112.98 Y160.073
M204 S1000
G1 F1200 X125.32 Y172.413 E2798.63488
M204 S10000
G0 F9600 X125.32 Y171.989
M204 S1000
G1 F1200 X112.98 Y159.649 E2799.07021
M204 S10000
G0 F9600 X112.98 Y159.224
M204 S1000
G1 F1200 X125.32 Y171.565 E2799.50555
M204 S10000
G0 F9600 X125.32 Y171.141
M204 S1000
G1 F1200 X112.98 Y158.8 E2799.9409
M204 S10000
G0 F9600 X112.98 Y158.376
M204 S1000
G1 F1200 X125.32 Y170.716 E2800.37623
M204 S10000
G0 F9600 X125.32 Y170.292
M204 S1000
G1 F1200 X112.98 Y157.952 E2800.81155
M204 S10000
G0 F9600 X112.98 Y157.527
M204 S1000
G1 F1200 X125.32 Y169.868 E2801.2469
M204 S10000
G0 F9600 X125.32 Y169.443
M204 S1000
G1 F1200 X112.98 Y157.103 E2801.68222
M204 S10000
G0 F9600 X112.98 Y156.679
M204 S1000
G1 F1200 X125.32 Y169.019 E2802.11755
M204 S10000
G0 F9600 X125.32 Y168.595
M204 S1000
G1 F1200 X112.98 Y156.255 E2802.55288
M204 S10000
G0 F9600 X112.98 Y155.83
M204 S1000
G1 F1200 X125.32 Y168.171 E2802.98822
M204 S10000
G0 F9600 X125.32 Y167.746
M204 S1000
G1 F1200 X112.98 Y155.406 E2803.42355
M204 S10000
G0 F9600 X112.98 Y154.982
M204 S1000
G1 F1200 X125.32 Y167.322 E2803.85888
M204 S10000
G0 F9600 X125.32 Y166.898
M204 S1000
G1 F1200 X112.98 Y154.557 E2804.29422
M204 S10000
G0 F9600 X112.98 Y154.133
M204 S1000
G1 F1200 X125.32 Y166.474 E2804.72956
M204 S10000
G0 F9600 X125.32 Y166.049
M204 S1000
G1 F1200 X112.98 Y153.709 E2805.16489
M204 S10000
G0 F9600 X112.98 Y153.285
M204 S1000
G1 F1200 X125.32 Y165.625 E2805.60022
M204 S10000
G0 F9600 X125.32 Y165.201
M204 S1000
G1 F1200 X112.98 Y152.86 E2806.03556
M204 S10000
G0 F9600 X112.98 Y152.436
M204 S1000
G1 F1200 X125.32 Y164.777 E2806.47091
M204 S10000
G0 F9600 X125.32 Y164.352
M204 S1000
G1 F1200 X112.98 Y152.012 E2806.90623
M204 S10000
G0 F9600 X112.98 Y151.588
M204 S1000
G1 F1200 X125.32 Y163.928 E2807.34156
M204 S10000
G0 F9600 X125.32 Y163.504
M204 S1000
G1 F1200 X112.98 Y151.163 E2807.77691
M204 S10000
G0 F9600 X112.98 Y150.739
M204 S1000
G1 F1200 X125.32 Y163.08 E2808.21225
M204 S10000
G0 F9600 X125.32 Y162.655
M204 S1000
G1 F1200 X112.98 Y150.315 E2808.64758
M204 S10000
G0 F9600 X112.98 Y149.891
M204 S1000
G1 F1200 X125.32 Y162.231 E2809.0829
M204 S10000
G0 F9600 X125.32 Y161.807
M204 S1000
G1 F1200 X112.98 Y149.466 E2809.51825
M204 S10000
G0 F9600 X112.98 Y149.042
M204 S1000
G1 F1200 X125.32 Y161.382 E2809.95357
M204 S10000
G0 F9600 X125.32 Y160.958
M204 S1000
G1 F1200 X112.98 Y148.618 E2810.3889
M204 S10000
G0 F9600 X112.98 Y148.194
M204 S1000
G1 F1200 X125.32 Y160.534 E2810.82423
M204 S10000
G0 F9600 X125.32 Y160.11
M204 S1000
G1 F1200 X112.98 Y147.769 E2811.25957
M204 S10000
G0 F9600 X112.98 Y147.345
M204 S1000
G1 F1200 X125.32 Y159.685 E2811.6949
M204 S10000
G0 F9600 X125.32 Y159.261
M204 S1000
G1 F1200 X112.98 Y146.921 E2812.13023
M204 S10000
G0 F9600 X112.98 Y146.496
M204 S1000
G1 F1200 X125.32 Y158.837 E2812.56557
M204 S10000
G0 F9600 X125.32 Y158.413
M204 S1000
G1 F1200 X112.98 Y146.072 E2813.00092
M204 S10000
G0 F9600 X112.98 Y145.648
M204 S1000
G1 F1200 X125.32 Y157.988 E2813.43624
M204 S10000
G0 F9600 X125.32 Y157.564
M204 S1000
G1 F1200 X112.98 Y145.224 E2813.87157
M204 S10000
G0 F9600 X112.98 Y144.799
M204 S1000
G1 F1200 X125.32 Y157.14 E2814.30691
M204 S10000
G0 F9600 X125.32 Y156.716
M204 S1000
G1 F1200 X112.98 Y144.375 E2814.74226
M204 S10000
G0 F9600 X112.98 Y143.951
M204 S1000
G1 F1200 X125.32 Y156.291 E2815.17758
M204 S10000
G0 F9600 X125.32 Y155.867
M204 S1000
G1 F1200 X112.98 Y143.527 E2815.61291
M204 S10000
G0 F9600 X112.98 Y143.102
M204 S1000
G1 F1200 X125.32 Y155.443 E2816.04826
M204 S10000
G0 F9600 X125.32 Y155.019
M204 S1000
G1 F1200 X112.98 Y142.678 E2816.4836
M204 S10000
G0 F9600 X112.98 Y142.254
M204 S1000
G1 F1200 X125.32 Y154.594 E2816.91893
M204 S10000
G0 F9600 X125.32 Y154.17
M204 S1000
G1 F1200 X112.98 Y141.83 E2817.35425
M204 S10000
G0 F9600 X112.98 Y141.405
M204 S1000
G1 F1200 X125.32 Y153.746 E2817.7896
M204 S10000
G0 F9600 X125.32 Y153.321
M204 S1000
G1 F1200 X112.98 Y140.981 E2818.22493
M204 S10000
G0 F9600 X112.98 Y140.557
M204 S1000
G1 F1200 X125.32 Y152.897 E2818.66025
M204 S10000
G0 F9600 X125.32 Y152.473
M204 S1000
G1 F1200 X112.98 Y140.133 E2819.09558
M204 S10000
G0 F9600 X112.98 Y139.708
M204 S1000
G1 F1200 X125.32 Y152.049 E2819.53092
M204 S10000
G0 F9600 X125.32 Y151.624
M204 S1000
G1 F1200 X112.98 Y139.284 E2819.96625
M204 S10000
G0 F9600 X112.98 Y138.86
M204 S1000
G1 F1200 X125.32 Y151.2 E2820.40158
M204 S10000
G0 F9600 X125.32 Y150.776
M204 S1000
G1 F1200 X112.98 Y138.435 E2820.83692
M204 S10000
G0 F9600 X112.98 Y138.011
M204 S1000
G1 F1200 X125.32 Y150.352 E2821.27227
M204 S10000
G0 F9600 X125.319 Y149.927
M204 S1000
G1 F1200 X112.98 Y137.587 E2821.70758
M204 S10000
G0 F9600 X112.98 Y137.163
M204 S1000
G1 F1200 X125.319 Y149.502 E2822.14287
M204 S10000
G0 F9600 X125.319 Y149.078
M204 S1000
G1 F1200 X112.98 Y136.738 E2822.57818
M204 S10000
G0 F9600 X112.98 Y136.314
M204 S1000
G1 F1200 X125.319 Y148.654 E2823.01349
M204 S10000
G0 F9600 X125.319 Y148.23
M204 S1000
G1 F1200 X112.98 Y135.89 E2823.44879
M204 S10000
G0 F9600 X112.98 Y135.466
M204 S1000
G1 F1200 X125.319 Y147.805 E2823.88409
M204 S10000
G0 F9600 X125.319 Y147.381
M204 S1000
G1 F1200 X112.98 Y135.041 E2824.3194
M204 S10000
G0 F9600 X112.98 Y134.617
M204 S1000
G1 F1200 X125.319 Y146.957 E2824.7547
M204 S10000
G0 F9600 X125.319 Y146.533
M204 S1000
G1 F1200 X112.98 Y134.193 E2825.19001
M204 S10000
G0 F9600 X112.98 Y133.769
M204 S1000
G1 F1200 X125.319 Y146.108 E2825.6253
M204 S10000
G0 F9600 X125.319 Y145.684
M204 S1000
G1 F1200 X112.98 Y133.344 E2826.06061
M204 S10000
G0 F9600 X112.98 Y132.92
M204 S1000
G1 F1200 X125.319 Y145.26 E2826.49592
M204 S10000
G0 F9600 X125.319 Y144.835
M204 S1000
G1 F1200 X112.98 Y132.496 E2826.93121
M204 S10000
G0 F9600 X112.98 Y132.071
M204 S1000
G1 F1200 X125.319 Y144.411 E2827.36652
M204 S10000
G0 F9600 X125.319 Y143.987
M204 S1000
G1 F1200 X112.98 Y131.647 E2827.80183
M204 S10000
G0 F9600 X112.98 Y131.223
M204 S1000
G1 F1200 X125.319 Y143.563 E2828.23714
M204 S10000
G0 F9600 X125.319 Y143.138
M204 S1000
G1 F1200 X112.98 Y130.799 E2828.67243
M204 S10000
G0 F9600 X112.98 Y130.374
M204 S1000
G1 F1200 X125.319 Y142.714 E2829.10774
M204 S10000
G0 F9600 X125.319 Y142.29
M204 S1000
G1 F1200 X112.98 Y129.95 E2829.54305
M204 S10000
G0 F9600 X112.98 Y129.526
M204 S1000
G1 F1200 X125.319 Y141.866 E2829.97836
M204 S10000
G0 F9600 X125.319 Y141.441
M204 S1000
G1 F1200 X112.98 Y129.102 E2830.41365
M204 S10000
G0 F9600 X112.98 Y128.677
M204 S1000
G1 F1200 X125.319 Y141.017 E2830.84896
M204 S10000
G0 F9600 X125.319 Y140.593
M204 S1000
G1 F1200 X112.98 Y128.253 E2831.28427
M204 S10000
G0 F9600 X112.98 Y127.829
M204 S1000
G1 F1200 X125.319 Y140.169 E2831.71958
M204 S10000
G0 F9600 X125.319 Y139.744
M204 S1000
G1 F1200 X112.98 Y127.405 E2832.15487
M204 S10000
G0 F9600 X112.98 Y126.98
M204 S1000
G1 F1200 X125.319 Y139.32 E2832.59018
M204 S10000
G0 F9600 X125.319 Y138.896
M204 S1000
G1 F1200 X112.98 Y126.556 E2833.02549
M204 S10000
G0 F9600 X112.98 Y126.132
M204 S1000
G1 F1200 X125.319 Y138.472 E2833.4608
M204 S10000
G0 F9600 X125.319 Y138.047
M204 S1000
G1 F1200 X112.98 Y125.708 E2833.89609
M204 S10000
G0 F9600 X112.98 Y125.283
M204 S1000
G1 F1200 X125.319 Y137.623 E2834.3314
M204 S10000
G0 F9600 X125.319 Y137.199
M204 S1000
G1 F1200 X112.98 Y124.859 E2834.76671
M204 S10000
G0 F9600 X112.98 Y124.435
M204 S1000
G1 F1200 X125.319 Y136.774 E2835.202
M204 S10000
G0 F9600 X125.319 Y136.35
M204 S1000
G1 F1200 X112.98 Y124.01 E2835.63731
M204 S10000
G0 F9600 X112.98 Y123.586
M204 S1000
G1 F1200 X125.319 Y135.926 E2836.07262
M204 S10000
G0 F9600 X125.319 Y135.502
M204 S1000
G1 F1200 X112.98 Y123.162 E2836.50793
M204 S10000
G0 F9600 X113.171 Y122.929
M204 S1000
G1 F1200 X125.319 Y135.077 E2836.93648
M204 S10000
G0 F9600 X125.319 Y134.653
M204 S1000
G1 F1200 X113.595 Y122.929 E2837.35008
M204 S10000
G0 F9600 X114.02 Y122.929
M204 S1000
G1 F1200 X125.319 Y134.229 E2837.7487
M204 S10000
G0 F9600 X125.319 Y133.805
M204 S1000
G1 F1200 X114.444 Y122.929 E2838.13236
M204 S10000
G0 F9600 X114.868 Y122.929
M204 S1000
G1 F1200 X125.319 Y133.38 E2838.50105
M204 S10000
G0 F9600 X125.319 Y132.956
M204 S1000
G1 F1200 X115.293 Y122.929 E2838.85476
M204 S10000
G0 F9600 X115.717 Y122.929
M204 S1000
G1 F1200 X125.319 Y132.532 E2839.19351
M204 S10000
G0 F9600 X125.319 Y132.108
M204 S1000
G1 F1200 X116.141 Y122.929 E2839.51731
M204 S10000
G0 F9600 X116.565 Y122.929
M204 S1000
G1 F1200 X125.319 Y131.683 E2839.82613
M204 S10000
G0 F9600 X125.319 Y131.259
M204 S1000
G1 F1200 X116.99 Y122.929 E2840.11998
M204 S10000
G0 F9600 X117.414 Y122.929
M204 S1000
G1 F1200 X125.319 Y130.835 E2840.39887
M204 S10000
G0 F9600 X125.319 Y130.41
M204 S1000
G1 F1200 X117.838 Y122.929 E2840.66278
M204 S10000
G0 F9600 X118.262 Y122.929
M204 S1000
G1 F1200 X125.319 Y129.986 E2840.91173
M204 S10000
G0 F9600 X125.319 Y129.562
M204 S1000
G1 F1200 X118.687 Y122.929 E2841.14571
M204 S10000
G0 F9600 X119.111 Y122.929
M204 S1000
G1 F1200 X125.319 Y129.138 E2841.36473
M204 S10000
G0 F9600 X125.319 Y128.713
M204 S1000
G1 F1200 X119.536 Y122.93 E2841.56874
M204 S10000
G0 F9600 X119.96 Y122.93
M204 S1000
G1 F1200 X125.319 Y128.289 E2841.7578
M204 S10000
G0 F9600 X125.319 Y127.865
M204 S1000
G1 F1200 X120.384 Y122.93 E2841.93189
M204 S10000
G0 F9600 X120.809 Y122.93
M204 S1000
G1 F1200 X125.319 Y127.441 E2842.09101
M204 S10000
G0 F9600 X125.319 Y127.016
M204 S1000
G1 F1200 X121.233 Y122.93 E2842.23516
M204 S10000
G0 F9600 X121.657 Y122.93
M204 S1000
G1 F1200 X125.319 Y126.592 E2842.36434
M204 S10000
G0 F9600 X125.319 Y126.168
M204 S1000
G1 F1200 X122.081 Y122.93 E2842.47857
M204 S10000
G0 F9600 X122.506 Y122.93
M204 S1000
G1 F1200 X125.319 Y125.744 E2842.57783
M204 S10000
G0 F9600 X125.319 Y125.319
M204 S1000
G1 F1200 X122.93 Y122.93 E2842.66211
M204 S10000
G0 F9600 X123.354 Y122.93
M204 S1000
G1 F1200 X125.319 Y124.895 E2842.73143
M204 S10000
G0 F9600 X125.319 Y124.471
M204 S1000
G1 F1200 X123.779 Y122.93 E2842.78577
M204 S10000
G0 F9600 X124.203 Y122.93
M204 S1000
G1 F1200 X125.319 Y124.047 E2842.82516
M204 S10000
G0 F9600 X125.319 Y123.622
M204 S1000
G1 F1200 X124.627 Y122.93 E2842.84957
M204 S10000
G0 F9600 X125.051 Y122.93
M204 S1000
G1 F1200 X125.319 Y123.198 E2842.85903
M204 S10000
G0 F9600 X125.74 Y123.198
G1 F3000 E2836.85903
;MESH:Lid_side_panel_x2.stl
G0 F9600 X126.42 Y177.49
G0 X132.73 Y177.49
G0 X146.59 Y177.49
M204 S1000
;TYPE:WALL-INNER
G1 F3000 E2842.85903
G1 F1800 X146.59 Y122.51 E2844.23051
G1 X133.41 Y122.51 E2844.55928
G1 X133.41 Y177.49 E2845.93077
G1 X146.59 Y177.49 E2846.25954
M204 S10000
G0 F9600 X146.89 Y177.79
M204 S1000
G1 F1800 X146.89 Y122.21 E2847.64599
G1 X133.11 Y122.21 E2847.98973
G1 X133.11 Y177.79 E2849.37618
G1 X146.89 Y177.79 E2849.71993
M204 S10000
G0 F9600 X147.19 Y178.09
M204 S1000
G1 F1800 X147.19 Y121.91 E2851.12134
G1 X132.81 Y121.91 E2851.48005
G1 X132.81 Y178.09 E2852.88147
G1 X147.19 Y178.09 E2853.24018
M204 S10000
G0 F9600 X147.44 Y178.34
M204 S1000
;TYPE:WALL-OUTER
G1 F1800 X147.44 Y121.66 E2854.65407
G1 X132.56 Y121.66 E2855.02525
G1 X132.56 Y178.34 E2856.43914
G1 X147.44 Y178.34 E2856.81032
M204 S10000
G0 F9600 X147.44 Y178.14
G0 X147.19 Y178.14
G0 X146.54 Y177.22
G0 X146.32 Y177.22
M204 S1000
;TYPE:SKIN
G1 F1200 X133.68 Y177.22 E2857.12563
G1 X133.68 Y122.78 E2858.48364
G1 X146.32 Y122.78 E2858.79895
G1 X146.32 Y177.22 E2860.15696
M204 S10000
G1 F3000 E2854.15696
G0 F9600 X146.54 Y177.22
G0 X134.218 Y177.44
G1 F3000 E2860.15696
G0 F9600 X134.218 Y177.069
M204 S1000
G1 F1200 X133.829 Y176.679 E2860.1707
M204 S10000
G0 F9600 X133.829 Y176.255
M204 S1000
G1 F1200 X134.643 Y177.069 E2860.19941
M204 S10000
G0 F9600 X135.067 Y177.069
M204 S1000
G1 F1200 X133.829 Y175.831 E2860.24309
M204 S10000
G0 F9600 X133.829 Y175.407
M204 S1000
G1 F1200 X135.491 Y177.069 E2860.30172
M204 S10000
G0 F9600 X135.915 Y177.069
M204 S1000
G1 F1200 X133.829 Y174.982 E2860.37533
M204 S10000
G0 F9600 X133.829 Y174.558
M204 S1000
G1 F1200 X136.34 Y177.069 E2860.46391
M204 S10000
G0 F9600 X136.764 Y177.069
M204 S1000
G1 F1200 X133.829 Y174.134 E2860.56745
M204 S10000
G0 F9600 X133.829 Y173.709
M204 S1000
G1 F1200 X137.188 Y177.069 E2860.68596
M204 S10000
G0 F9600 X137.612 Y177.069
M204 S1000
G1 F1200 X133.829 Y173.285 E2860.81944
M204 S10000
G0 F9600 X133.829 Y172.861
M204 S1000
G1 F1200 X138.037 Y177.069 E2860.96789
M204 S10000
G0 F9600 X138.461 Y177.069
M204 S1000
G1 F1200 X133.829 Y172.437 E2861.13129
M204 S10000
G0 F9600 X133.829 Y172.012
M204 S1000
G1 F1200 X138.885 Y177.069 E2861.30967
M204 S10000
G0 F9600 X139.309 Y177.069
M204 S1000
G1 F1200 X133.829 Y171.588 E2861.50301
M204 S10000
G0 F9600 X133.829 Y171.164
M204 S1000
G1 F1200 X139.734 Y177.069 E2861.71133
M204 S10000
G0 F9600 X140.158 Y177.069
M204 S1000
G1 F1200 X133.829 Y170.74 E2861.9346
M204 S10000
G0 F9600 X133.829 Y170.315
M204 S1000
G1 F1200 X140.582 Y177.069 E2862.17285
M204 S10000
G0 F9600 X141.006 Y177.069
M204 S1000
G1 F1200 X133.829 Y169.891 E2862.42605
M204 S10000
G0 F9600 X133.829 Y169.467
M204 S1000
G1 F1200 X141.431 Y177.069 E2862.69424
M204 S10000
G0 F9600 X141.855 Y177.069
M204 S1000
G1 F1200 X133.829 Y169.043 E2862.97737
M204 S10000
G0 F9600 X133.829 Y168.618
M204 S1000
G1 F1200 X142.279 Y177.069 E2863.27549
M204 S10000
G0 F9600 X142.704 Y177.069
M204 S1000
G1 F1200 X133.829 Y168.194 E2863.58858
M204 S10000
G0 F9600 X133.829 Y167.77
M204 S1000
G1 F1200 X143.128 Y177.069 E2863.91663
M204 S10000
G0 F9600 X143.552 Y177.069
M204 S1000
G1 F1200 X133.829 Y167.346 E2864.25963
M204 S10000
G0 F9600 X133.829 Y166.921
M204 S1000
G1 F1200 X143.976 Y177.069 E2864.61761
M204 S10000
G0 F9600 X144.401 Y177.069
M204 S1000
G1 F1200 X133.829 Y166.497 E2864.99057
M204 S10000
G0 F9600 X133.829 Y166.073
M204 S1000
G1 F1200 X144.825 Y177.069 E2865.37848
M204 S10000
G0 F9600 X145.249 Y177.069
M204 S1000
G1 F1200 X133.829 Y165.648 E2865.78137
M204 S10000
G0 F9600 X133.829 Y165.224
M204 S1000
G1 F1200 X145.673 Y177.069 E2866.19922
M204 S10000
G0 F9600 X146.098 Y177.069
M204 S1000
G1 F1200 X133.829 Y164.8 E2866.63204
M204 S10000
G0 F9600 X133.829 Y164.376
M204 S1000
G1 F1200 X146.17 Y176.717 E2867.0674
M204 S10000
G0 F9600 X146.17 Y176.293
M204 S1000
G1 F1200 X133.829 Y163.951 E2867.50278
M204 S10000
G0 F9600 X133.829 Y163.527
M204 S1000
G1 F1200 X146.17 Y175.868 E2867.93814
M204 S10000
G0 F9600 X146.17 Y175.444
M204 S1000
G1 F1200 X133.829 Y163.103 E2868.3735
M204 S10000
G0 F9600 X133.829 Y162.679
M204 S1000
G1 F1200 X146.17 Y175.02 E2868.80887
M204 S10000
G0 F9600 X146.17 Y174.595
M204 S1000
G1 F1200 X133.829 Y162.254 E2869.24423
M204 S10000
G0 F9600 X133.829 Y161.83
M204 S1000
G1 F1200 X146.17 Y174.171 E2869.67959
M204 S10000
G0 F9600 X146.17 Y173.747
M204 S1000
G1 F1200 X133.829 Y161.406 E2870.11495
M204 S10000
G0 F9600 X133.829 Y160.982
M204 S1000
G1 F1200 X146.17 Y173.323 E2870.55031
M204 S10000
G0 F9600 X146.17 Y172.898
M204 S1000
G1 F1200 X133.829 Y160.557 E2870.98568
M204 S10000
G0 F9600 X133.829 Y160.133
M204 S1000
G1 F1200 X146.17 Y172.474 E2871.42104
M204 S10000
G0 F9600 X146.17 Y172.05
M204 S1000
G1 F1200 X133.829 Y159.709 E2871.8564
M204 S10000
G0 F9600 X133.829 Y159.284
M204 S1000
G1 F1200 X146.17 Y171.626 E2872.29178
M204 S10000
G0 F9600 X146.17 Y171.201
M204 S1000
G1 F1200 X133.829 Y158.86 E2872.72714
M204 S10000
G0 F9600 X133.829 Y158.436
M204 S1000
G1 F1200 X146.17 Y170.777 E2873.1625
M204 S10000
G0 F9600 X146.17 Y170.353
M204 S1000
G1 F1200 X133.829 Y158.012 E2873.59787
M204 S10000
G0 F9600 X133.829 Y157.587
M204 S1000
G1 F1200 X146.17 Y169.929 E2874.03325
M204 S10000
G0 F9600 X146.17 Y169.504
M204 S1000
G1 F1200 X133.829 Y157.163 E2874.46861
M204 S10000
G0 F9600 X133.829 Y156.739
M204 S1000
G1 F1200 X146.17 Y169.08 E2874.90397
M204 S10000
G0 F9600 X146.17 Y168.656
M204 S1000
G1 F1200 X133.829 Y156.315 E2875.33933
M204 S10000
G0 F9600 X133.829 Y155.89
M204 S1000
G1 F1200 X146.17 Y168.232 E2875.77471
M204 S10000
G0 F9600 X146.17 Y167.807
M204 S1000
G1 F1200 X133.829 Y155.466 E2876.21007
M204 S10000
G0 F9600 X133.829 Y155.042
M204 S1000
G1 F1200 X146.17 Y167.383 E2876.64544
M204 S10000
G0 F9600 X146.17 Y166.959
M204 S1000
G1 F1200 X133.829 Y154.618 E2877.0808
M204 S10000
G0 F9600 X133.829 Y154.193
M204 S1000
G1 F1200 X146.17 Y166.534 E2877.51616
M204 S10000
G0 F9600 X146.17 Y166.11
M204 S1000
G1 F1200 X133.829 Y153.769 E2877.95152
M204 S10000
G0 F9600 X133.829 Y153.345
M204 S1000
G1 F1200 X146.17 Y165.686 E2878.38689
M204 S10000
G0 F9600 X146.17 Y165.262
M204 S1000
G1 F1200 X133.829 Y152.921 E2878.82225
M204 S10000
G0 F9600 X133.829 Y152.496
M204 S1000
G1 F1200 X146.17 Y164.837 E2879.25761
M204 S10000
G0 F9600 X146.17 Y164.413
M204 S1000
G1 F1200 X133.829 Y152.072 E2879.69297
M204 S10000
G0 F9600 X133.829 Y151.648
M204 S1000
G1 F1200 X146.17 Y163.989 E2880.12833
M204 S10000
G0 F9600 X146.17 Y163.565
M204 S1000
G1 F1200 X133.829 Y151.223 E2880.56371
M204 S10000
G0 F9600 X133.829 Y150.799
M204 S1000
G1 F1200 X146.17 Y163.14 E2880.99908
M204 S10000
G0 F9600 X146.17 Y162.716
M204 S1000
G1 F1200 X133.829 Y150.375 E2881.43444
M204 S10000
G0 F9600 X133.829 Y149.951
M204 S1000
G1 F1200 X146.17 Y162.292 E2881.8698
M204 S10000
G0 F9600 X146.17 Y161.868
M204 S1000
G1 F1200 X133.829 Y149.526 E2882.30518
M204 S10000
G0 F9600 X133.829 Y149.102
M204 S1000
G1 F1200 X146.17 Y161.443 E2882.74054
M204 S10000
G0 F9600 X146.17 Y161.019
M204 S1000
G1 F1200 X133.829 Y148.678 E2883.1759
M204 S10000
G0 F9600 X133.829 Y148.254
M204 S1000
G1 F1200 X146.17 Y160.595 E2883.61127
M204 S10000
G0 F9600 X146.17 Y160.17
M204 S1000
G1 F1200 X133.829 Y147.829 E2884.04663
M204 S10000
G0 F9600 X133.829 Y147.405
M204 S1000
G1 F1200 X146.17 Y159.746 E2884.48199
M204 S10000
G0 F9600 X146.17 Y159.322
M204 S1000
G1 F1200 X133.829 Y146.981 E2884.91735
M204 S10000
G0 F9600 X133.829 Y146.557
M204 S1000
G1 F1200 X146.17 Y158.898 E2885.35271
M204 S10000
G0 F9600 X146.17 Y158.473
M204 S1000
G1 F1200 X133.829 Y146.132 E2885.78808
M204 S10000
G0 F9600 X133.829 Y145.708
M204 S1000
G1 F1200 X146.17 Y158.049 E2886.22344
M204 S10000
G0 F9600 X146.17 Y157.625
M204 S1000
G1 F1200 X133.829 Y145.284 E2886.6588
M204 S10000
G0 F9600 X133.829 Y144.86
M204 S1000
G1 F1200 X146.17 Y157.201 E2887.09416
M204 S10000
G0 F9600 X146.17 Y156.776
M204 S1000
G1 F1200 X133.829 Y144.435 E2887.52952
M204 S10000
G0 F9600 X133.829 Y144.011
M204 S1000
G1 F1200 X146.17 Y156.352 E2887.96489
M204 S10000
G0 F9600 X146.17 Y155.928
M204 S1000
G1 F1200 X133.829 Y143.587 E2888.40025
M204 S10000
G0 F9600 X133.829 Y143.162
M204 S1000
G1 F1200 X146.17 Y155.504 E2888.83563
M204 S10000
G0 F9600 X146.17 Y155.079
M204 S1000
G1 F1200 X133.829 Y142.738 E2889.27099
M204 S10000
G0 F9600 X133.829 Y142.314
M204 S1000
G1 F1200 X146.17 Y154.655 E2889.70635
M204 S10000
G0 F9600 X146.17 Y154.231
M204 S1000
G1 F1200 X133.829 Y141.89 E2890.14172
M204 S10000
G0 F9600 X133.829 Y141.465
M204 S1000
G1 F1200 X146.17 Y153.807 E2890.57709
M204 S10000
G0 F9600 X146.17 Y153.382
M204 S1000
G1 F1200 X133.829 Y141.041 E2891.01246
M204 S10000
G0 F9600 X133.829 Y140.617
M204 S1000
G1 F1200 X146.17 Y152.958 E2891.44782
M204 S10000
G0 F9600 X146.17 Y152.534
M204 S1000
G1 F1200 X133.829 Y140.193 E2891.88318
M204 S10000
G0 F9600 X133.829 Y139.768
M204 S1000
G1 F1200 X146.17 Y152.109 E2892.31854
M204 S10000
G0 F9600 X146.17 Y151.685
M204 S1000
G1 F1200 X133.829 Y139.344 E2892.75391
M204 S10000
G0 F9600 X133.829 Y138.92
M204 S1000
G1 F1200 X146.17 Y151.261 E2893.18927
M204 S10000
G0 F9600 X146.17 Y150.837
M204 S1000
G1 F1200 X133.829 Y138.496 E2893.62463
M204 S10000
G0 F9600 X133.829 Y138.071
M204 S1000
G1 F1200 X146.17 Y150.412 E2894.05999
M204 S10000
G0 F9600 X146.17 Y149.988
M204 S1000
G1 F1200 X133.829 Y137.647 E2894.49535
M204 S10000
G0 F9600 X133.829 Y137.223
M204 S1000
G1 F1200 X146.17 Y149.564 E2894.93072
M204 S10000
G0 F9600 X146.17 Y149.14
M204 S1000
G1 F1200 X133.829 Y136.798 E2895.3661
M204 S10000
G0 F9600 X133.829 Y136.374
M204 S1000
G1 F1200 X146.17 Y148.715 E2895.80146
M204 S10000
G0 F9600 X146.17 Y148.291
M204 S1000
G1 F1200 X133.829 Y135.95 E2896.23682
M204 S10000
G0 F9600 X133.829 Y135.526
M204 S1000
G1 F1200 X146.17 Y147.867 E2896.67218
M204 S10000
G0 F9600 X146.17 Y147.443
M204 S1000
G1 F1200 X133.829 Y135.101 E2897.10756
M204 S10000
G0 F9600 X133.829 Y134.677
M204 S1000
G1 F1200 X146.17 Y147.018 E2897.54292
M204 S10000
G0 F9600 X146.17 Y146.594
M204 S1000
G1 F1200 X133.829 Y134.253 E2897.97829
M204 S10000
G0 F9600 X133.829 Y133.829
M204 S1000
G1 F1200 X146.17 Y146.17 E2898.41365
M204 S10000
G0 F9600 X146.17 Y145.746
M204 S1000
G1 F1200 X133.829 Y133.404 E2898.84903
M204 S10000
G0 F9600 X133.829 Y132.98
M204 S1000
G1 F1200 X146.17 Y145.321 E2899.28439
M204 S10000
G0 F9600 X146.17 Y144.897
M204 S1000
G1 F1200 X133.829 Y132.556 E2899.71975
M204 S10000
G0 F9600 X133.829 Y132.132
M204 S1000
G1 F1200 X146.17 Y144.473 E2900.15511
M204 S10000
G0 F9600 X146.17 Y144.048
M204 S1000
G1 F1200 X133.829 Y131.707 E2900.59048
M204 S10000
G0 F9600 X133.829 Y131.283
M204 S1000
G1 F1200 X146.17 Y143.624 E2901.02584
M204 S10000
G0 F9600 X146.17 Y143.2
M204 S1000
G1 F1200 X133.829 Y130.859 E2901.4612
M204 S10000
G0 F9600 X133.829 Y130.435
M204 S1000
G1 F1200 X146.17 Y142.776 E2901.89656
M204 S10000
G0 F9600 X146.17 Y142.351
M204 S1000
G1 F1200 X133.829 Y130.01 E2902.33192
M204 S10000
G0 F9600 X133.829 Y129.586
M204 S1000
G1 F1200 X146.17 Y141.927 E2902.76729
M204 S10000
G0 F9600 X146.17 Y141.503
M204 S1000
G1 F1200 X133.829 Y129.162 E2903.20265
M204 S10000
G0 F9600 X133.829 Y128.737
M204 S1000
G1 F1200 X146.17 Y141.079 E2903.63803
M204 S10000
G0 F9600 X146.17 Y140.654
M204 S1000
G1 F1200 X133.829 Y128.313 E2904.07339
M204 S10000
G0 F9600 X133.829 Y127.889
M204 S1000
G1 F1200 X146.17 Y140.23 E2904.50875
M204 S10000
G0 F9600 X146.17 Y139.806
M204 S1000
G1 F1200 X133.829 Y127.465 E2904.94411
M204 S10000
G0 F9600 X133.829 Y127.04
M204 S1000
G1 F1200 X146.17 Y139.382 E2905.37949
M204 S10000
G0 F9600 X146.17 Y138.957
M204 S1000
G1 F1200 X133.829 Y126.616 E2905.81486
M204 S10000
G0 F9600 X133.829 Y126.192
M204 S1000
G1 F1200 X146.17 Y138.533 E2906.25022
M204 S10000
G0 F9600 X146.17 Y138.109
M204 S1000
G1 F1200 X133.829 Y125.768 E2906.68558
M204 S10000
G0 F9600 X133.829 Y125.343
M204 S1000
G1 F1200 X146.17 Y137.685 E2907.12096
M204 S10000
G0 F9600 X146.17 Y137.26
M204 S1000
G1 F1200 X133.829 Y124.919 E2907.55632
M204 S10000
G0 F9600 X133.829 Y124.495
M204 S1000
G1 F1200 X146.17 Y136.836 E2907.99168
M204 S10000
G0 F9600 X146.17 Y136.412
M204 S1000
G1 F1200 X133.829 Y124.071 E2908.42705
M204 S10000
G0 F9600 X133.829 Y123.646
M204 S1000
G1 F1200 X146.17 Y135.987 E2908.86241
M204 S10000
G0 F9600 X146.17 Y135.563
M204 S1000
G1 F1200 X133.829 Y123.222 E2909.29777
M204 S10000
G0 F9600 X133.96 Y122.929
M204 S1000
G1 F1200 X146.17 Y135.139 E2909.72851
M204 S10000
G0 F9600 X146.17 Y134.715
M204 S1000
G1 F1200 X134.384 Y122.929 E2910.14429
M204 S10000
G0 F9600 X134.809 Y122.929
M204 S1000
G1 F1200 X146.17 Y134.29 E2910.54508
M204 S10000
G0 F9600 X146.17 Y133.866
M204 S1000
G1 F1200 X135.233 Y122.929 E2910.93092
M204 S10000
G0 F9600 X135.657 Y122.929
M204 S1000
G1 F1200 X146.17 Y133.442 E2911.30179
M204 S10000
G0 F9600 X146.17 Y133.018
M204 S1000
G1 F1200 X136.081 Y122.929 E2911.65771
M204 S10000
G0 F9600 X136.506 Y122.929
M204 S1000
G1 F1200 X146.17 Y132.593 E2911.99863
M204 S10000
G0 F9600 X146.17 Y132.169
M204 S1000
G1 F1200 X136.93 Y122.929 E2912.3246
M204 S10000
G0 F9600 X137.354 Y122.929
M204 S1000
G1 F1200 X146.17 Y131.745 E2912.63561
M204 S10000
G0 F9600 X146.17 Y131.321
M204 S1000
G1 F1200 X137.779 Y122.929 E2912.93164
M204 S10000
G0 F9600 X138.203 Y122.929
M204 S1000
G1 F1200 X146.17 Y130.896 E2913.2127
M204 S10000
G0 F9600 X146.17 Y130.472
M204 S1000
G1 F1200 X138.627 Y122.929 E2913.4788
M204 S10000
G0 F9600 X139.051 Y122.929
M204 S1000
G1 F1200 X146.17 Y130.048 E2913.72994
M204 S10000
G0 F9600 X146.17 Y129.623
M204 S1000
G1 F1200 X139.476 Y122.929 E2913.96609
M204 S10000
G0 F9600 X139.9 Y122.929
M204 S1000
G1 F1200 X146.17 Y129.199 E2914.18728
M204 S10000
G0 F9600 X146.17 Y128.775
M204 S1000
G1 F1200 X140.324 Y122.929 E2914.39351
M204 S10000
G0 F9600 X140.748 Y122.929
M204 S1000
G1 F1200 X146.17 Y128.351 E2914.58479
M204 S10000
G0 F9600 X146.17 Y127.926
M204 S1000
G1 F1200 X141.173 Y122.929 E2914.76107
M204 S10000
G0 F9600 X141.597 Y122.929
M204 S1000
G1 F1200 X146.17 Y127.502 E2914.92239
M204 S10000
G0 F9600 X146.17 Y127.078
M204 S1000
G1 F1200 X142.021 Y122.929 E2915.06876
M204 S10000
G0 F9600 X142.445 Y122.929
M204 S1000
G1 F1200 X146.17 Y126.654 E2915.20017
M204 S10000
G0 F9600 X146.17 Y126.229
M204 S1000
G1 F1200 X142.87 Y122.929 E2915.31659
M204 S10000
G0 F9600 X143.294 Y122.929
M204 S1000
G1 F1200 X146.17 Y125.805 E2915.41805
M204 S10000
G0 F9600 X146.17 Y125.381
M204 S1000
G1 F1200 X143.718 Y122.929 E2915.50455
M204 S10000
G0 F9600 X144.143 Y122.929
M204 S1000
G1 F1200 X146.17 Y124.957 E2915.57607
M204 S10000
G0 F9600 X146.17 Y124.532
M204 S1000
G1 F1200 X144.567 Y122.929 E2915.63262
M204 S10000
G0 F9600 X144.991 Y122.929
M204 S1000
G1 F1200 X146.17 Y124.108 E2915.67422
M204 S10000
G0 F9600 X146.17 Y123.684
M204 S1000
G1 F1200 X145.415 Y122.929 E2915.70085
M204 S10000
G0 F9600 X145.84 Y122.929
M204 S1000
G1 F1200 X146.17 Y123.26 E2915.71251
M204 S10000
G0 F9600 X146.59 Y123.26
G1 F3000 E2909.71251
;MESH:Lid_front_panel.stl
G0 F9600 X147.27 Y177.489
G0 X153.58 Y177.489
G0 X154.261 Y177.489
M204 S1000
;TYPE:WALL-INNER
G1 F3000 E2915.71251
G1 F1800 X167.439 Y177.489 E2916.04124
G1 X167.439 Y152.811 E2916.65683
G1 X167.362 Y152.757 E2916.65918
G1 X167.304 Y152.501 E2916.66572
G1 X167.304 Y147.499 E2916.7905
G1 X167.362 Y147.242 E2916.79707
G1 X167.44 Y147.188 E2916.79944
G1 X167.44 Y122.51 E2917.41503
G1 X154.26 Y122.51 E2917.74381
G1 X154.261 Y177.489 E2919.11527
M204 S10000
G0 F9600 X153.961 Y177.789
M204 S1000
G1 F1800 X167.739 Y177.789 E2919.45896
G1 X167.739 Y152.721 E2920.08428
G1 X167.644 Y152.655 E2920.08717
G1 X167.603 Y152.472 E2920.09185
G1 X167.603 Y147.528 E2920.21518
G1 X167.644 Y147.344 E2920.21988
G1 X167.74 Y147.277 E2920.2228
G1 X167.74 Y122.21 E2920.8481
G1 X153.96 Y122.21 E2921.19184
G1 X153.961 Y177.789 E2922.57827
M204 S10000
G0 F9600 X153.661 Y178.089
M204 S1000
G1 F1800 X168.039 Y178.089 E2922.93693
G1 X168.039 Y152.632 E2923.57195
G1 X167.906 Y152.539 E2923.576
G1 X167.902 Y147.463 E2923.70262
G1 X168.04 Y147.367 E2923.70682
G1 X168.04 Y121.91 E2924.34184
G1 X153.66 Y121.91 E2924.70056
G1 X153.661 Y178.089 E2926.10195
M204 S10000
G0 F9600 X153.411 Y178.339
M204 S1000
;TYPE:WALL-OUTER
G1 F1800 X168.289 Y178.339 E2926.47308
G1 X168.289 Y152.558 E2927.11619
G1 X168.15 Y152.46 E2927.12043
G1 X168.15 Y147.539 E2927.24319
G1 X168.29 Y147.442 E2927.24743
G1 X168.29 Y121.66 E2927.89057
G1 X153.41 Y121.66 E2928.26175
G1 X153.411 Y178.339 E2929.67562
M204 S10000
G0 F9600 X153.611 Y178.339
G0 X153.611 Y178.089
G0 X154.531 Y177.439
G0 X154.531 Y177.219
M204 S1000
;TYPE:SKIN
G1 F1200 X154.53 Y122.78 E2931.0336
G1 X167.17 Y122.78 E2931.34891
G1 X167.17 Y147.079 E2931.95505
G1 X167.1 Y147.176 E2931.95803
G1 X167.035 Y147.471 E2931.96557
G1 X167.03 Y152.555 E2932.09239
G1 X167.102 Y152.828 E2932.09943
G1 X167.169 Y152.918 E2932.10223
G1 X167.169 Y177.219 E2932.70842
G1 X154.531 Y177.219 E2933.02368
M204 S10000
G0 F9600 X155.006 Y177.068
M204 S1000
G1 F1200 X154.68 Y176.742 E2933.03518
M204 S10000
G0 F9600 X154.68 Y176.317
M204 S1000
G1 F1200 X155.43 Y177.068 E2933.06165
M204 S10000
G0 F9600 X155.854 Y177.068
M204 S1000
G1 F1200 X154.68 Y175.893 E2933.10309
M204 S10000
G0 F9600 X154.68 Y175.469
M204 S1000
G1 F1200 X156.279 Y177.068 E2933.1595
M204 S10000
G0 F9600 X156.703 Y177.068
M204 S1000
G1 F1200 X154.68 Y175.044 E2933.23088
M204 S10000
G0 F9600 X154.68 Y174.62
M204 S1000
G1 F1200 X157.127 Y177.068 E2933.31722
M204 S10000
G0 F9600 X157.551 Y177.068
M204 S1000
G1 F1200 X154.68 Y174.196 E2933.41852
M204 S10000
G0 F9600 X154.68 Y173.772
M204 S1000
G1 F1200 X157.976 Y177.068 E2933.5348
M204 S10000
G0 F9600 X158.4 Y177.068
M204 S1000
G1 F1200 X154.68 Y173.347 E2933.66605
M204 S10000
G0 F9600 X154.68 Y172.923
M204 S1000
G1 F1200 X158.824 Y177.068 E2933.81226
M204 S10000
G0 F9600 X159.248 Y177.068
M204 S1000
G1 F1200 X154.68 Y172.499 E2933.97342
M204 S10000
G0 F9600 X154.68 Y172.075
M204 S1000
G1 F1200 X159.673 Y177.068 E2934.14957
M204 S10000
G0 F9600 X160.097 Y177.068
M204 S1000
G1 F1200 X154.68 Y171.65 E2934.34068
M204 S10000
G0 F9600 X154.68 Y171.226
M204 S1000
G1 F1200 X160.521 Y177.068 E2934.54676
M204 S10000
G0 F9600 X160.945 Y177.068
M204 S1000
G1 F1200 X154.68 Y170.802 E2934.76779
M204 S10000
G0 F9600 X154.68 Y170.378
M204 S1000
G1 F1200 X161.37 Y177.068 E2935.0038
M204 S10000
G0 F9600 X161.794 Y177.068
M204 S1000
G1 F1200 X154.68 Y169.953 E2935.25478
M204 S10000
G0 F9600 X154.68 Y169.529
M204 S1000
G1 F1200 X162.218 Y177.068 E2935.52072
M204 S10000
G0 F9600 X162.643 Y177.068
M204 S1000
G1 F1200 X154.68 Y169.105 E2935.80164
M204 S10000
G0 F9600 X154.68 Y168.681
M204 S1000
G1 F1200 X163.067 Y177.068 E2936.09751
M204 S10000
G0 F9600 X163.491 Y177.068
M204 S1000
G1 F1200 X154.68 Y168.256 E2936.40836
M204 S10000
G0 F9600 X154.68 Y167.832
M204 S1000
G1 F1200 X163.915 Y177.068 E2936.73417
M204 S10000
G0 F9600 X164.34 Y177.068
M204 S1000
G1 F1200 X154.68 Y167.408 E2937.07495
M204 S10000
G0 F9600 X154.68 Y166.983
M204 S1000
G1 F1200 X164.764 Y177.068 E2937.43071
M204 S10000
G0 F9600 X165.188 Y177.068
M204 S1000
G1 F1200 X154.68 Y166.559 E2937.80143
M204 S10000
G0 F9600 X154.68 Y166.135
M204 S1000
G1 F1200 X165.612 Y177.068 E2938.1871
M204 S10000
G0 F9600 X166.037 Y177.068
M204 S1000
G1 F1200 X154.68 Y165.711 E2938.58775
M204 S10000
G0 F9600 X154.68 Y165.286
M204 S1000
G1 F1200 X166.461 Y177.068 E2939.00337
M204 S10000
G0 F9600 X166.885 Y177.068
M204 S1000
G1 F1200 X154.68 Y164.862 E2939.43395
M204 S10000
G0 F9600 X154.68 Y164.438
M204 S1000
G1 F1200 X167.018 Y176.776 E2939.86921
M204 S10000
G0 F9600 X167.018 Y176.352
M204 S1000
G1 F1200 X154.68 Y164.014 E2940.30447
M204 S10000
G0 F9600 X154.68 Y163.589
M204 S1000
G1 F1200 X167.018 Y175.928 E2940.73974
M204 S10000
G0 F9600 X167.018 Y175.503
M204 S1000
G1 F1200 X154.68 Y163.165 E2941.175
M204 S10000
G0 F9600 X154.68 Y162.741
M204 S1000
G1 F1200 X167.018 Y175.079 E2941.61025
M204 S10000
G0 F9600 X167.018 Y174.655
M204 S1000
G1 F1200 X154.68 Y162.317 E2942.04551
M204 S10000
G0 F9600 X154.68 Y161.892
M204 S1000
G1 F1200 X167.018 Y174.231 E2942.48078
M204 S10000
G0 F9600 X167.018 Y173.806
M204 S1000
G1 F1200 X154.68 Y161.468 E2942.91604
M204 S10000
G0 F9600 X154.68 Y161.044
M204 S1000
G1 F1200 X167.018 Y173.382 E2943.3513
M204 S10000
G0 F9600 X167.018 Y172.958
M204 S1000
G1 F1200 X154.68 Y160.62 E2943.78655
M204 S10000
G0 F9600 X154.68 Y160.195
M204 S1000
G1 F1200 X167.018 Y172.534 E2944.22183
M204 S10000
G0 F9600 X167.018 Y172.109
M204 S1000
G1 F1200 X154.68 Y159.771 E2944.65708
M204 S10000
G0 F9600 X154.68 Y159.347
M204 S1000
G1 F1200 X167.018 Y171.685 E2945.09234
M204 S10000
G0 F9600 X167.018 Y171.261
M204 S1000
G1 F1200 X154.679 Y158.922 E2945.52763
M204 S10000
G0 F9600 X154.679 Y158.497
M204 S1000
G1 F1200 X167.018 Y170.836 E2945.96292
M204 S10000
G0 F9600 X167.018 Y170.412
M204 S1000
G1 F1200 X154.679 Y158.073 E2946.39821
M204 S10000
G0 F9600 X154.679 Y157.649
M204 S1000
G1 F1200 X167.018 Y169.988 E2946.8335
M204 S10000
G0 F9600 X167.018 Y169.564
M204 S1000
G1 F1200 X154.679 Y157.225 E2947.2688
M204 S10000
G0 F9600 X154.679 Y156.8
M204 S1000
G1 F1200 X167.018 Y169.139 E2947.70409
M204 S10000
G0 F9600 X167.018 Y168.715
M204 S1000
G1 F1200 X154.679 Y156.376 E2948.13938
M204 S10000
G0 F9600 X154.679 Y155.952
M204 S1000
G1 F1200 X167.018 Y168.291 E2948.57467
M204 S10000
G0 F9600 X167.018 Y167.867
M204 S1000
G1 F1200 X154.679 Y155.528 E2949.00996
M204 S10000
G0 F9600 X154.679 Y155.103
M204 S1000
G1 F1200 X167.018 Y167.442 E2949.44525
M204 S10000
G0 F9600 X167.018 Y167.018
M204 S1000
G1 F1200 X154.679 Y154.679 E2949.88055
M204 S10000
G0 F9600 X154.679 Y154.255
M204 S1000
G1 F1200 X167.018 Y166.594 E2950.31584
M204 S10000
G0 F9600 X167.018 Y166.17
M204 S1000
G1 F1200 X154.679 Y153.831 E2950.75113
M204 S10000
G0 F9600 X154.679 Y153.406
M204 S1000
G1 F1200 X167.018 Y165.745 E2951.18642
M204 S10000
G0 F9600 X167.018 Y165.321
M204 S1000
G1 F1200 X154.679 Y152.982 E2951.62171
M204 S10000
G0 F9600 X154.679 Y152.558
M204 S1000
G1 F1200 X167.018 Y164.897 E2952.057
M204 S10000
G0 F9600 X167.018 Y164.473
M204 S1000
G1 F1200 X154.679 Y152.134 E2952.49229
M204 S10000
G0 F9600 X154.679 Y151.709
M204 S1000
G1 F1200 X167.018 Y164.048 E2952.92759
M204 S10000
G0 F9600 X167.018 Y163.624
M204 S1000
G1 F1200 X154.679 Y151.285 E2953.36288
M204 S10000
G0 F9600 X154.679 Y150.861
M204 S1000
G1 F1200 X167.018 Y163.2 E2953.79817
M204 S10000
G0 F9600 X167.018 Y162.775
M204 S1000
G1 F1200 X154.679 Y150.436 E2954.23346
M204 S10000
G0 F9600 X154.679 Y150.012
M204 S1000
G1 F1200 X167.018 Y162.351 E2954.66875
M204 S10000
G0 F9600 X167.018 Y161.927
M204 S1000
G1 F1200 X154.679 Y149.588 E2955.10404
M204 S10000
G0 F9600 X154.679 Y149.164
M204 S1000
G1 F1200 X167.018 Y161.503 E2955.53934
M204 S10000
G0 F9600 X167.018 Y161.078
M204 S1000
G1 F1200 X154.679 Y148.739 E2955.97463
M204 S10000
G0 F9600 X154.679 Y148.315
M204 S1000
G1 F1200 X167.018 Y160.654 E2956.40992
M204 S10000
G0 F9600 X167.018 Y160.23
M204 S1000
G1 F1200 X154.679 Y147.891 E2956.84521
M204 S10000
G0 F9600 X154.679 Y147.467
M204 S1000
G1 F1200 X167.018 Y159.806 E2957.2805
M204 S10000
G0 F9600 X167.018 Y159.381
M204 S1000
G1 F1200 X154.679 Y147.042 E2957.71579
M204 S10000
G0 F9600 X154.679 Y146.618
M204 S1000
G1 F1200 X167.018 Y158.957 E2958.15109
M204 S10000
G0 F9600 X167.018 Y158.533
M204 S1000
G1 F1200 X154.679 Y146.194 E2958.58638
M204 S10000
G0 F9600 X154.679 Y145.77
M204 S1000
G1 F1200 X167.018 Y158.109 E2959.02167
M204 S10000
G0 F9600 X167.018 Y157.684
M204 S1000
G1 F1200 X154.679 Y145.345 E2959.45696
M204 S10000
G0 F9600 X154.679 Y144.921
M204 S1000
G1 F1200 X167.018 Y157.26 E2959.89225
M204 S10000
G0 F9600 X167.018 Y156.836
M204 S1000
G1 F1200 X154.679 Y144.497 E2960.32754
M204 S10000
G0 F9600 X154.679 Y144.073
M204 S1000
G1 F1200 X167.018 Y156.412 E2960.76283
M204 S10000
G0 F9600 X167.018 Y155.987
M204 S1000
G1 F1200 X154.679 Y143.648 E2961.19813
M204 S10000
G0 F9600 X154.679 Y143.224
M204 S1000
G1 F1200 X167.018 Y155.563 E2961.63342
M204 S10000
G0 F9600 X167.018 Y155.139
M204 S1000
G1 F1200 X154.679 Y142.8 E2962.06871
M204 S10000
G0 F9600 X154.679 Y142.375
M204 S1000
G1 F1200 X167.018 Y154.714 E2962.504
M204 S10000
G0 F9600 X167.018 Y154.29
M204 S1000
G1 F1200 X154.679 Y141.951 E2962.93929
M204 S10000
G0 F9600 X154.679 Y141.527
M204 S1000
G1 F1200 X167.018 Y153.866 E2963.37458
M204 S10000
G0 F9600 X167.018 Y153.442
M204 S1000
G1 F1200 X154.679 Y141.103 E2963.80988
M204 S10000
G0 F9600 X154.678 Y140.678
M204 S1000
G1 F1200 X167.018 Y153.017 E2964.24518
M204 S10000
G0 F9600 X166.883 Y152.458
M204 S1000
G1 F1200 X154.678 Y140.253 E2964.67575
M204 S10000
G0 F9600 X154.678 Y139.829
M204 S1000
G1 F1200 X166.883 Y152.034 E2965.10631
M204 S10000
G0 F9600 X166.883 Y151.61
M204 S1000
G1 F1200 X154.678 Y139.405 E2965.53688
M204 S10000
G0 F9600 X154.678 Y138.981
M204 S1000
G1 F1200 X166.884 Y151.186 E2965.96746
M204 S10000
G0 F9600 X166.884 Y150.762
M204 S1000
G1 F1200 X154.678 Y138.556 E2966.39806
M204 S10000
G0 F9600 X154.678 Y138.132
M204 S1000
G1 F1200 X166.884 Y150.337 E2966.82864
M204 S10000
G0 F9600 X166.884 Y149.914
M204 S1000
G1 F1200 X154.678 Y137.708 E2967.25924
M204 S10000
G0 F9600 X154.678 Y137.284
M204 S1000
G1 F1200 X166.884 Y149.49 E2967.68984
M204 S10000
G0 F9600 X166.884 Y149.065
M204 S1000
G1 F1200 X154.678 Y136.859 E2968.12044
M204 S10000
G0 F9600 X154.678 Y136.435
M204 S1000
G1 F1200 X166.885 Y148.642 E2968.55107
M204 S10000
G0 F9600 X166.885 Y148.218
M204 S1000
G1 F1200 X154.678 Y136.011 E2968.98171
M204 S10000
G0 F9600 X154.678 Y135.587
M204 S1000
G1 F1200 X166.885 Y147.793 E2969.41233
M204 S10000
G0 F9600 X166.901 Y147.385
M204 S1000
G1 F1200 X154.678 Y135.162 E2969.84353
M204 S10000
G0 F9600 X154.678 Y134.738
M204 S1000
G1 F1200 X167.005 Y147.065 E2970.27839
M204 S10000
G0 F9600 X167.019 Y146.654
M204 S1000
G1 F1200 X154.678 Y134.314 E2970.71374
M204 S10000
G0 F9600 X154.678 Y133.889
M204 S1000
G1 F1200 X167.019 Y146.23 E2971.1491
M204 S10000
G0 F9600 X167.019 Y145.806
M204 S1000
G1 F1200 X154.678 Y133.465 E2971.58446
M204 S10000
G0 F9600 X154.678 Y133.041
M204 S1000
G1 F1200 X167.019 Y145.381 E2972.01981
M204 S10000
G0 F9600 X167.019 Y144.957
M204 S1000
G1 F1200 X154.678 Y132.617 E2972.45515
M204 S10000
G0 F9600 X154.678 Y132.192
M204 S1000
G1 F1200 X167.019 Y144.533 E2972.89051
M204 S10000
G0 F9600 X167.019 Y144.109
M204 S1000
G1 F1200 X154.678 Y131.768 E2973.32588
M204 S10000
G0 F9600 X154.678 Y131.344
M204 S1000
G1 F1200 X167.019 Y143.684 E2973.76122
M204 S10000
G0 F9600 X167.019 Y143.26
M204 S1000
G1 F1200 X154.678 Y130.92 E2974.19657
M204 S10000
G0 F9600 X154.678 Y130.495
M204 S1000
G1 F1200 X167.019 Y142.836 E2974.63193
M204 S10000
G0 F9600 X167.019 Y142.412
M204 S1000
G1 F1200 X154.678 Y130.071 E2975.06729
M204 S10000
G0 F9600 X154.678 Y129.647
M204 S1000
G1 F1200 X167.019 Y141.987 E2975.50263
M204 S10000
G0 F9600 X167.019 Y141.563
M204 S1000
G1 F1200 X154.678 Y129.223 E2975.93798
M204 S10000
G0 F9600 X154.678 Y128.798
M204 S1000
G1 F1200 X167.019 Y141.139 E2976.37334
M204 S10000
G0 F9600 X167.019 Y140.714
M204 S1000
G1 F1200 X154.678 Y128.374 E2976.80868
M204 S10000
G0 F9600 X154.678 Y127.95
M204 S1000
G1 F1200 X167.019 Y140.29 E2977.24403
M204 S10000
G0 F9600 X167.019 Y139.866
M204 S1000
G1 F1200 X154.678 Y127.526 E2977.67937
M204 S10000
G0 F9600 X154.678 Y127.101
M204 S1000
G1 F1200 X167.019 Y139.442 E2978.11474
M204 S10000
G0 F9600 X167.019 Y139.017
M204 S1000
G1 F1200 X154.678 Y126.677 E2978.55008
M204 S10000
G0 F9600 X154.678 Y126.253
M204 S1000
G1 F1200 X167.019 Y138.593 E2978.98542
M204 S10000
G0 F9600 X167.019 Y138.169
M204 S1000
G1 F1200 X154.678 Y125.828 E2979.42079
M204 S10000
G0 F9600 X154.678 Y125.404
M204 S1000
G1 F1200 X167.019 Y137.745 E2979.85615
M204 S10000
G0 F9600 X167.019 Y137.32
M204 S1000
G1 F1200 X154.678 Y124.98 E2980.29149
M204 S10000
G0 F9600 X154.678 Y124.556
M204 S1000
G1 F1200 X167.019 Y136.896 E2980.72684
M204 S10000
G0 F9600 X167.019 Y136.472
M204 S1000
G1 F1200 X154.678 Y124.131 E2981.1622
M204 S10000
G0 F9600 X154.678 Y123.707
M204 S1000
G1 F1200 X167.019 Y136.048 E2981.59756
M204 S10000
G0 F9600 X167.019 Y135.623
M204 S1000
G1 F1200 X154.678 Y123.283 E2982.03291
M204 S10000
G0 F9600 X154.749 Y122.929
M204 S1000
G1 F1200 X167.019 Y135.199 E2982.46576
M204 S10000
G0 F9600 X167.019 Y134.775
M204 S1000
G1 F1200 X155.173 Y122.929 E2982.88366
M204 S10000
G0 F9600 X155.598 Y122.929
M204 S1000
G1 F1200 X167.019 Y134.35 E2983.28657
M204 S10000
G0 F9600 X167.019 Y133.926
M204 S1000
G1 F1200 X156.022 Y122.929 E2983.67452
M204 S10000
G0 F9600 X156.446 Y122.929
M204 S1000
G1 F1200 X167.019 Y133.502 E2984.04751
M204 S10000
G0 F9600 X167.019 Y133.078
M204 S1000
G1 F1200 X156.87 Y122.929 E2984.40554
M204 S10000
G0 F9600 X157.295 Y122.929
M204 S1000
G1 F1200 X167.019 Y132.653 E2984.74858
M204 S10000
G0 F9600 X167.019 Y132.229
M204 S1000
G1 F1200 X157.719 Y122.929 E2985.07667
M204 S10000
G0 F9600 X158.143 Y122.929
M204 S1000
G1 F1200 X167.019 Y131.805 E2985.38979
M204 S10000
G0 F9600 X167.019 Y131.381
M204 S1000
G1 F1200 X158.567 Y122.929 E2985.68796
M204 S10000
G0 F9600 X158.992 Y122.929
M204 S1000
G1 F1200 X167.019 Y130.956 E2985.97113
M204 S10000
G0 F9600 X167.019 Y130.532
M204 S1000
G1 F1200 X159.416 Y122.929 E2986.23935
M204 S10000
G0 F9600 X159.84 Y122.929
M204 S1000
G1 F1200 X167.019 Y130.108 E2986.49261
M204 S10000
G0 F9600 X167.019 Y129.684
M204 S1000
G1 F1200 X160.265 Y122.929 E2986.73089
M204 S10000
G0 F9600 X160.689 Y122.929
M204 S1000
G1 F1200 X167.019 Y129.259 E2986.9542
M204 S10000
G0 F9600 X167.019 Y128.835
M204 S1000
G1 F1200 X161.113 Y122.929 E2987.16255
M204 S10000
G0 F9600 X161.537 Y122.929
M204 S1000
G1 F1200 X167.019 Y128.411 E2987.35594
M204 S10000
G0 F9600 X167.019 Y127.987
M204 S1000
G1 F1200 X161.962 Y122.929 E2987.53436
M204 S10000
G0 F9600 X162.386 Y122.929
M204 S1000
G1 F1200 X167.019 Y127.562 E2987.6978
M204 S10000
G0 F9600 X167.019 Y127.138
M204 S1000
G1 F1200 X162.81 Y122.929 E2987.84628
M204 S10000
G0 F9600 X163.234 Y122.929
M204 S1000
G1 F1200 X167.019 Y126.714 E2987.97981
M204 S10000
G0 F9600 X167.019 Y126.289
M204 S1000
G1 F1200 X163.659 Y122.929 E2988.09834
M204 S10000
G0 F9600 X164.083 Y122.929
M204 S1000
G1 F1200 X167.019 Y125.865 E2988.20192
M204 S10000
G0 F9600 X167.019 Y125.441
M204 S1000
G1 F1200 X164.507 Y122.929 E2988.29054
M204 S10000
G0 F9600 X164.931 Y122.929
M204 S1000
G1 F1200 X167.019 Y125.017 E2988.3642
M204 S10000
G0 F9600 X167.019 Y124.592
M204 S1000
G1 F1200 X165.356 Y122.929 E2988.42286
M204 S10000
G0 F9600 X165.78 Y122.929
M204 S1000
G1 F1200 X167.019 Y124.168 E2988.46657
M204 S10000
G0 F9600 X167.019 Y123.744
M204 S1000
G1 F1200 X166.204 Y122.929 E2988.49532
M204 S10000
G0 F9600 X166.629 Y122.929
M204 S1000
G1 F1200 X167.019 Y123.32 E2988.5091
M204 S10000
G0 F9600 X167.44 Y123.32
G1 F3000 E2982.5091
;MESH:Lid_back_panel.stl
G0 F9600 X168.126 Y147.236
G0 X173.555 Y165.164
G0 X174.241 Y177.49
M204 S1000
;TYPE:WALL-INNER
G1 F3000 E2988.5091
G1 F1800 X187.421 Y177.49 E2988.83788
G1 X187.42 Y122.511 E2990.20933
G1 X174.242 Y122.511 E2990.53806
G1 X174.242 Y134.15 E2990.82839
G1 X175.234 Y134.15 E2990.85314
G1 X175.566 Y134.203 E2990.86153
G1 X175.778 Y134.301 E2990.86735
G1 X176.004 Y134.485 E2990.87462
G1 X176.15 Y134.685 E2990.8808
G1 X176.249 Y134.929 E2990.88737
G1 X176.284 Y135.2 E2990.89418
G1 X176.278 Y164.918 E2991.6355
G1 X176.227 Y165.144 E2991.64128
G1 X176.071 Y165.436 E2991.64954
G1 X175.777 Y165.7 E2991.6594
G1 X175.565 Y165.797 E2991.66521
G1 X175.234 Y165.85 E2991.67357
G1 X174.241 Y165.85 E2991.69835
G1 X174.241 Y177.49 E2991.98871
M204 S10000
G0 F9600 X173.941 Y177.79
M204 S1000
G1 F1800 X187.721 Y177.79 E2992.33245
G1 X187.72 Y122.211 E2993.71887
G1 X173.942 Y122.211 E2994.06257
G1 X173.942 Y134.45 E2994.36787
G1 X175.234 Y134.45 E2994.4001
G1 X175.471 Y134.488 E2994.40609
G1 X175.72 Y134.628 E2994.41321
G1 X175.929 Y134.916 E2994.42209
G1 X175.978 Y135.102 E2994.42689
G1 X175.98 Y164.884 E2995.1698
G1 X175.832 Y165.254 E2995.17974
G1 X175.622 Y165.443 E2995.18679
G1 X175.471 Y165.513 E2995.19094
G1 X175.234 Y165.55 E2995.19693
G1 X173.941 Y165.55 E2995.22918
G1 X173.941 Y177.79 E2995.53451
M204 S10000
G0 F9600 X173.641 Y178.09
M204 S1000
G1 F1800 X188.021 Y178.09 E2995.89322
G1 X188.02 Y121.911 E2997.29461
G1 X173.642 Y121.911 E2997.65327
G1 X173.642 Y134.75 E2997.97354
G1 X175.338 Y134.75 E2998.01585
G1 X175.526 Y134.856 E2998.02123
G1 X175.651 Y135.029 E2998.02655
G1 X175.681 Y135.141 E2998.02945
G1 X175.682 Y164.851 E2998.77057
G1 X175.564 Y165.107 E2998.7776
G1 X175.342 Y165.25 E2998.78419
G1 X173.641 Y165.25 E2998.82662
G1 X173.641 Y178.09 E2999.14691
M204 S10000
G0 F9600 X173.391 Y178.34
M204 S1000
;TYPE:WALL-OUTER
G1 F1800 X188.271 Y178.34 E2999.51809
G1 X188.27 Y121.661 E3000.93196
G1 X173.392 Y121.661 E3001.30309
G1 X173.392 Y135 E3001.63583
G1 X175.282 Y135 E3001.68298
G1 X175.381 Y135.063 E3001.68591
G1 X175.433 Y135.173 E3001.68894
G1 X175.432 Y164.835 E3002.42886
G1 X175.338 Y164.972 E3002.43301
G1 X175.234 Y165 E3002.4357
G1 X173.391 Y165 E3002.48167
G1 X173.391 Y178.34 E3002.81444
M204 S10000
G0 F9600 X173.591 Y178.34
G0 X173.591 Y178.09
G0 X174.291 Y177.22
G0 X174.511 Y177.22
M204 S1000
;TYPE:SKIN
G1 F1200 X174.511 Y166.12 E3003.09133
G1 X175.252 Y166.119 E3003.10981
G1 X175.672 Y166.046 E3003.12045
G1 X175.903 Y165.939 E3003.1268
G1 X176.203 Y165.7 E3003.13636
G1 X176.362 Y165.488 E3003.14297
G1 X176.484 Y165.23 E3003.15009
G1 X176.551 Y164.922 E3003.15796
G1 X176.553 Y134.977 E3003.90494
G1 X176.385 Y134.552 E3003.91634
G1 X176.203 Y134.299 E3003.92411
G1 X175.935 Y134.082 E3003.93271
G1 X175.632 Y133.943 E3003.94103
G1 X175.252 Y133.881 E3003.95063
G1 X174.512 Y133.88 E3003.96909
G1 X174.512 Y122.781 E3004.24596
G1 X187.15 Y122.781 E3004.56122
G1 X187.151 Y177.22 E3005.9192
G1 X174.511 Y177.22 E3006.23451
M204 S10000
G0 F9600 X174.948 Y177.069
M204 S1000
G1 F1200 X174.66 Y176.781 E3006.24467
M204 S10000
G0 F9600 X174.66 Y176.357
M204 S1000
G1 F1200 X175.372 Y177.069 E3006.26979
M204 S10000
G0 F9600 X175.796 Y177.069
M204 S1000
G1 F1200 X174.66 Y175.933 E3006.30986
M204 S10000
G0 F9600 X174.66 Y175.508
M204 S1000
G1 F1200 X176.22 Y177.069 E3006.36491
M204 S10000
G0 F9600 X176.645 Y177.069
M204 S1000
G1 F1200 X174.66 Y175.084 E3006.43494
M204 S10000
G0 F9600 X174.66 Y174.66
M204 S1000
G1 F1200 X177.069 Y177.069 E3006.51992
M204 S10000
G0 F9600 X177.493 Y177.069
M204 S1000
G1 F1200 X174.66 Y174.236 E3006.61986
M204 S10000
G0 F9600 X174.66 Y173.811
M204 S1000
G1 F1200 X177.917 Y177.069 E3006.73478
M204 S10000
G0 F9600 X178.342 Y177.069
M204 S1000
G1 F1200 X174.66 Y173.387 E3006.86467
M204 S10000
G0 F9600 X174.66 Y172.963
M204 S1000
G1 F1200 X178.766 Y177.069 E3007.00952
M204 S10000
G0 F9600 X179.19 Y177.069
M204 S1000
G1 F1200 X174.66 Y172.539 E3007.16933
M204 S10000
G0 F9600 X174.66 Y172.114
M204 S1000
G1 F1200 X179.615 Y177.069 E3007.34413
M204 S10000
G0 F9600 X180.039 Y177.069
M204 S1000
G1 F1200 X174.66 Y171.69 E3007.53389
M204 S10000
G0 F9600 X174.66 Y171.266
M204 S1000
G1 F1200 X180.463 Y177.069 E3007.73861
M204 S10000
G0 F9600 X180.887 Y177.069
M204 S1000
G1 F1200 X174.66 Y170.841 E3007.9583
M204 S10000
G0 F9600 X174.66 Y170.417
M204 S1000
G1 F1200 X181.312 Y177.069 E3008.19297
M204 S10000
G0 F9600 X181.736 Y177.069
M204 S1000
G1 F1200 X174.66 Y169.993 E3008.44259
M204 S10000
G0 F9600 X174.66 Y169.569
M204 S1000
G1 F1200 X182.16 Y177.069 E3008.70718
M204 S10000
G0 F9600 X182.584 Y177.069
M204 S1000
G1 F1200 X174.66 Y169.144 E3008.98673
M204 S10000
G0 F9600 X174.66 Y168.72
M204 S1000
G1 F1200 X183.009 Y177.069 E3009.28127
M204 S10000
G0 F9600 X183.433 Y177.069
M204 S1000
G1 F1200 X174.66 Y168.296 E3009.59076
M204 S10000
G0 F9600 X174.66 Y167.872
M204 S1000
G1 F1200 X183.857 Y177.069 E3009.91521
M204 S10000
G0 F9600 X184.281 Y177.069
M204 S1000
G1 F1200 X174.66 Y167.447 E3010.25463
M204 S10000
G0 F9600 X174.66 Y167.023
M204 S1000
G1 F1200 X184.706 Y177.069 E3010.60903
M204 S10000
G0 F9600 X185.13 Y177.069
M204 S1000
G1 F1200 X174.66 Y166.599 E3010.97839
M204 S10000
G0 F9600 X174.755 Y166.269
M204 S1000
G1 F1200 X185.554 Y177.069 E3011.35937
M204 S10000
G0 F9600 X185.978 Y177.069
M204 S1000
G1 F1200 X175.177 Y166.267 E3011.74042
M204 S10000
G0 F9600 X175.555 Y166.221
M204 S1000
G1 F1200 X186.403 Y177.069 E3012.12311
M204 S10000
G0 F9600 X186.827 Y177.069
M204 S1000
G1 F1200 X175.875 Y166.117 E3012.50948
M204 S10000
G0 F9600 X176.132 Y165.95
M204 S1000
G1 F1200 X187 Y176.818 E3012.89287
M204 S10000
G0 F9600 X187 Y176.394
M204 S1000
G1 F1200 X176.353 Y165.746 E3013.26849
M204 S10000
G0 F9600 X176.523 Y165.492
M204 S1000
G1 F1200 X187 Y175.969 E3013.6381
M204 S10000
G0 F9600 X187 Y175.545
M204 S1000
G1 F1200 X176.644 Y165.189 E3014.00343
M204 S10000
G0 F9600 X176.697 Y164.818
M204 S1000
G1 F1200 X187 Y175.121 E3014.3669
M204 S10000
G0 F9600 X187 Y174.697
M204 S1000
G1 F1200 X176.697 Y164.393 E3014.73038
M204 S10000
G0 F9600 X176.697 Y163.969
M204 S1000
G1 F1200 X187 Y174.272 E3015.09385
M204 S10000
G0 F9600 X187 Y173.848
M204 S1000
G1 F1200 X176.697 Y163.545 E3015.45732
M204 S10000
G0 F9600 X176.697 Y163.121
M204 S1000
G1 F1200 X187 Y173.424 E3015.82078
M204 S10000
G0 F9600 X187 Y173
M204 S1000
G1 F1200 X176.697 Y162.696 E3016.18427
M204 S10000
G0 F9600 X176.697 Y162.272
M204 S1000
G1 F1200 X187 Y172.575 E3016.54773
M204 S10000
G0 F9600 X187 Y172.151
M204 S1000
G1 F1200 X176.697 Y161.848 E3016.9112
M204 S10000
G0 F9600 X176.697 Y161.423
M204 S1000
G1 F1200 X187 Y171.727 E3017.27468
M204 S10000
G0 F9600 X187 Y171.302
M204 S1000
G1 F1200 X176.697 Y160.999 E3017.63815
M204 S10000
G0 F9600 X176.697 Y160.575
M204 S1000
G1 F1200 X187 Y170.878 E3018.00161
M204 S10000
G0 F9600 X187 Y170.454
M204 S1000
G1 F1200 X176.697 Y160.151 E3018.36508
M204 S10000
G0 F9600 X176.698 Y159.727
M204 S1000
G1 F1200 X187 Y170.03 E3018.72853
M204 S10000
G0 F9600 X187 Y169.605
M204 S1000
G1 F1200 X176.698 Y159.303 E3019.09196
M204 S10000
G0 F9600 X176.698 Y158.879
M204 S1000
G1 F1200 X187 Y169.181 E3019.45539
M204 S10000
G0 F9600 X187 Y168.757
M204 S1000
G1 F1200 X176.698 Y158.454 E3019.81884
M204 S10000
G0 F9600 X176.698 Y158.03
M204 S1000
G1 F1200 X187 Y168.333 E3020.18229
M204 S10000
G0 F9600 X187 Y167.908
M204 S1000
G1 F1200 X176.698 Y157.606 E3020.54572
M204 S10000
G0 F9600 X176.698 Y157.182
M204 S1000
G1 F1200 X187 Y167.484 E3020.90915
M204 S10000
G0 F9600 X187 Y167.06
M204 S1000
G1 F1200 X176.698 Y156.757 E3021.2726
M204 S10000
G0 F9600 X176.698 Y156.333
M204 S1000
G1 F1200 X187 Y166.636 E3021.63605
M204 S10000
G0 F9600 X187 Y166.211
M204 S1000
G1 F1200 X176.698 Y155.909 E3021.99948
M204 S10000
G0 F9600 X176.698 Y155.485
M204 S1000
G1 F1200 X187 Y165.787 E3022.36291
M204 S10000
G0 F9600 X187 Y165.363
M204 S1000
G1 F1200 X176.698 Y155.06 E3022.72636
M204 S10000
G0 F9600 X176.698 Y154.637
M204 S1000
G1 F1200 X187 Y164.939 E3023.08979
M204 S10000
G0 F9600 X187 Y164.514
M204 S1000
G1 F1200 X176.698 Y154.212 E3023.45322
M204 S10000
G0 F9600 X176.698 Y153.788
M204 S1000
G1 F1200 X187 Y164.09 E3023.81665
M204 S10000
G0 F9600 X187 Y163.666
M204 S1000
G1 F1200 X176.698 Y153.364 E3024.18008
M204 S10000
G0 F9600 X176.698 Y152.94
M204 S1000
G1 F1200 X187 Y163.241 E3024.54349
M204 S10000
G0 F9600 X187 Y162.817
M204 S1000
G1 F1200 X176.698 Y152.515 E3024.90692
M204 S10000
G0 F9600 X176.698 Y152.091
M204 S1000
G1 F1200 X187 Y162.393 E3025.27036
M204 S10000
G0 F9600 X187 Y161.969
M204 S1000
G1 F1200 X176.698 Y151.667 E3025.63379
M204 S10000
G0 F9600 X176.698 Y151.243
M204 S1000
G1 F1200 X187 Y161.544 E3025.9972
M204 S10000
G0 F9600 X187 Y161.12
M204 S1000
G1 F1200 X176.698 Y150.818 E3026.36063
M204 S10000
G0 F9600 X176.698 Y150.394
M204 S1000
G1 F1200 X187 Y160.696 E3026.72406
M204 S10000
G0 F9600 X187 Y160.272
M204 S1000
G1 F1200 X176.698 Y149.97 E3027.08749
M204 S10000
G0 F9600 X176.699 Y149.546
M204 S1000
G1 F1200 X187 Y159.847 E3027.45089
M204 S10000
G0 F9600 X187 Y159.423
M204 S1000
G1 F1200 X176.699 Y149.122 E3027.81428
M204 S10000
G0 F9600 X176.699 Y148.698
M204 S1000
G1 F1200 X187 Y158.999 E3028.17768
M204 S10000
G0 F9600 X187 Y158.575
M204 S1000
G1 F1200 X176.699 Y148.273 E3028.54109
M204 S10000
G0 F9600 X176.699 Y147.849
M204 S1000
G1 F1200 X187 Y158.15 E3028.90449
M204 S10000
G0 F9600 X187 Y157.726
M204 S1000
G1 F1200 X176.699 Y147.425 E3029.26788
M204 S10000
G0 F9600 X176.699 Y147.001
M204 S1000
G1 F1200 X187 Y157.302 E3029.63128
M204 S10000
G0 F9600 X187 Y156.878
M204 S1000
G1 F1200 X176.699 Y146.576 E3029.99469
M204 S10000
G0 F9600 X176.699 Y146.152
M204 S1000
G1 F1200 X187 Y156.453 E3030.35809
M204 S10000
G0 F9600 X187 Y156.029
M204 S1000
G1 F1200 X176.699 Y145.728 E3030.72148
M204 S10000
G0 F9600 X176.699 Y145.304
M204 S1000
G1 F1200 X187 Y155.605 E3031.08488
M204 S10000
G0 F9600 X187 Y155.18
M204 S1000
G1 F1200 X176.7 Y144.88 E3031.44824
M204 S10000
G0 F9600 X176.7 Y144.456
M204 S1000
G1 F1200 X187 Y154.756 E3031.8116
M204 S10000
G0 F9600 X187 Y154.332
M204 S1000
G1 F1200 X176.7 Y144.031 E3032.17498
M204 S10000
G0 F9600 X176.7 Y143.607
M204 S1000
G1 F1200 X187 Y153.908 E3032.53836
M204 S10000
G0 F9600 X187 Y153.483
M204 S1000
G1 F1200 X176.7 Y143.183 E3032.90172
M204 S10000
G0 F9600 X176.7 Y142.759
M204 S1000
G1 F1200 X187 Y153.059 E3033.26508
M204 S10000
G0 F9600 X187 Y152.635
M204 S1000
G1 F1200 X176.7 Y142.334 E3033.62845
M204 S10000
G0 F9600 X176.7 Y141.91
M204 S1000
G1 F1200 X187 Y152.211 E3033.99183
M204 S10000
G0 F9600 X187 Y151.786
M204 S1000
G1 F1200 X176.7 Y141.486 E3034.35519
M204 S10000
G0 F9600 X176.7 Y141.062
M204 S1000
G1 F1200 X187 Y151.362 E3034.71855
M204 S10000
G0 F9600 X187 Y150.938
M204 S1000
G1 F1200 X176.7 Y140.637 E3035.08193
M204 S10000
G0 F9600 X176.7 Y140.213
M204 S1000
G1 F1200 X187 Y150.514 E3035.44531
M204 S10000
G0 F9600 X187 Y150.089
M204 S1000
G1 F1200 X176.701 Y139.79 E3035.80863
M204 S10000
G0 F9600 X176.701 Y139.365
M204 S1000
G1 F1200 X187 Y149.664 E3036.17196
M204 S10000
G0 F9600 X187 Y149.24
M204 S1000
G1 F1200 X176.701 Y138.941 E3036.53528
M204 S10000
G0 F9600 X176.701 Y138.517
M204 S1000
G1 F1200 X187 Y148.816 E3036.89861
M204 S10000
G0 F9600 X187 Y148.392
M204 S1000
G1 F1200 X176.701 Y138.093 E3037.26193
M204 S10000
G0 F9600 X176.701 Y137.668
M204 S1000
G1 F1200 X187 Y147.967 E3037.62526
M204 S10000
G0 F9600 X187 Y147.543
M204 S1000
G1 F1200 X176.701 Y137.244 E3037.98858
M204 S10000
G0 F9600 X176.701 Y136.82
M204 S1000
G1 F1200 X187 Y147.119 E3038.35191
M204 S10000
G0 F9600 X187 Y146.694
M204 S1000
G1 F1200 X176.701 Y136.395 E3038.71523
M204 S10000
G0 F9600 X176.701 Y135.971
M204 S1000
G1 F1200 X187 Y146.27 E3039.07856
M204 S10000
G0 F9600 X187 Y145.846
M204 S1000
G1 F1200 X176.701 Y135.547 E3039.44188
M204 S10000
G0 F9600 X176.701 Y135.123
M204 S1000
G1 F1200 X187 Y145.422 E3039.80521
M204 S10000
G0 F9600 X187 Y144.997
M204 S1000
G1 F1200 X176.537 Y134.535 E3040.1743
M204 S10000
G0 F9600 X175.897 Y133.894
M204 S1000
G1 F1200 X174.661 Y132.659 E3040.21789
M204 S10000
G0 F9600 X174.661 Y133.083
M204 S1000
G1 F1200 X175.317 Y133.739 E3040.24103
M204 S10000
G0 F9600 X174.884 Y133.73
M204 S1000
G1 F1200 X174.661 Y133.508 E3040.24888
M204 S10000
G1 F3000 E3034.24888
G0 F9600 X174.292 Y133.508
G0 X174.292 Y132.235
G1 F3000 E3040.24888
G0 F9600 X174.661 Y132.235
M204 S1000
G1 F1200 X187 Y144.573 E3040.68415
M204 S10000
G0 F9600 X187 Y144.149
M204 S1000
G1 F1200 X174.661 Y131.811 E3041.11943
M204 S10000
G0 F9600 X174.661 Y131.386
M204 S1000
G1 F1200 X187 Y143.725 E3041.55472
M204 S10000
G0 F9600 X187 Y143.3
M204 S1000
G1 F1200 X174.661 Y130.962 E3041.98999
M204 S10000
G0 F9600 X174.661 Y130.538
M204 S1000
G1 F1200 X187 Y142.876 E3042.42527
M204 S10000
G0 F9600 X187 Y142.452
M204 S1000
G1 F1200 X174.661 Y130.114 E3042.86054
M204 S10000
G0 F9600 X174.661 Y129.689
M204 S1000
G1 F1200 X187 Y142.028 E3043.29583
M204 S10000
G0 F9600 X187 Y141.603
M204 S1000
G1 F1200 X174.661 Y129.265 E3043.73111
M204 S10000
G0 F9600 X174.661 Y128.841
M204 S1000
G1 F1200 X187 Y141.179 E3044.16638
M204 S10000
G0 F9600 X187 Y140.755
M204 S1000
G1 F1200 X174.661 Y128.416 E3044.60167
M204 S10000
G0 F9600 X174.661 Y127.992
M204 S1000
G1 F1200 X187 Y140.33 E3045.03694
M204 S10000
G0 F9600 X187 Y139.906
M204 S1000
G1 F1200 X174.661 Y127.568 E3045.47222
M204 S10000
G0 F9600 X174.661 Y127.144
M204 S1000
G1 F1200 X187 Y139.482 E3045.90749
M204 S10000
G0 F9600 X187 Y139.058
M204 S1000
G1 F1200 X174.661 Y126.719 E3046.34278
M204 S10000
G0 F9600 X174.661 Y126.295
M204 S1000
G1 F1200 X187 Y138.633 E3046.77806
M204 S10000
G0 F9600 X187 Y138.209
M204 S1000
G1 F1200 X174.661 Y125.871 E3047.21333
M204 S10000
G0 F9600 X174.661 Y125.447
M204 S1000
G1 F1200 X187 Y137.785 E3047.64861
M204 S10000
G0 F9600 X187 Y137.361
M204 S1000
G1 F1200 X174.661 Y125.022 E3048.0839
M204 S10000
G0 F9600 X174.661 Y124.598
M204 S1000
G1 F1200 X187 Y136.936 E3048.51917
M204 S10000
G0 F9600 X187 Y136.512
M204 S1000
G1 F1200 X174.661 Y124.174 E3048.95445
M204 S10000
G0 F9600 X174.661 Y123.75
M204 S1000
G1 F1200 X187 Y136.088 E3049.38972
M204 S10000
G0 F9600 X187 Y135.664
M204 S1000
G1 F1200 X174.661 Y123.325 E3049.82501
M204 S10000
G0 F9600 X174.691 Y122.931
M204 S1000
G1 F1200 X187 Y135.239 E3050.25923
M204 S10000
G0 F9600 X187 Y134.815
M204 S1000
G1 F1200 X175.115 Y122.931 E3050.67848
M204 S10000
G0 F9600 X175.539 Y122.931
M204 S1000
G1 F1200 X187 Y134.391 E3051.08278
M204 S10000
G0 F9600 X187 Y133.967
M204 S1000
G1 F1200 X175.964 Y122.931 E3051.47211
M204 S10000
G0 F9600 X176.388 Y122.931
M204 S1000
G1 F1200 X187 Y133.542 E3051.84646
M204 S10000
G0 F9600 X187 Y133.118
M204 S1000
G1 F1200 X176.812 Y122.931 E3052.20585
M204 S10000
G0 F9600 X177.237 Y122.931
M204 S1000
G1 F1200 X187 Y132.694 E3052.55027
M204 S10000
G0 F9600 X187 Y132.269
M204 S1000
G1 F1200 X177.661 Y122.931 E3052.87971
M204 S10000
G0 F9600 X178.085 Y122.931
M204 S1000
G1 F1200 X187 Y131.845 E3053.19419
M204 S10000
G0 F9600 X187 Y131.421
M204 S1000
G1 F1200 X178.509 Y122.931 E3053.49372
M204 S10000
G0 F9600 X178.934 Y122.931
M204 S1000
G1 F1200 X187 Y130.997 E3053.77827
M204 S10000
G0 F9600 X187 Y130.572
M204 S1000
G1 F1200 X179.358 Y122.931 E3054.04784
M204 S10000
G0 F9600 X179.782 Y122.931
M204 S1000
G1 F1200 X187 Y130.148 E3054.30246
M204 S10000
G0 F9600 X187 Y129.724
M204 S1000
G1 F1200 X180.206 Y122.931 E3054.54212
M204 S10000
G0 F9600 X180.631 Y122.931
M204 S1000
G1 F1200 X187 Y129.3 E3054.7668
M204 S10000
G0 F9600 X187 Y128.875
M204 S1000
G1 F1200 X181.055 Y122.931 E3054.97651
M204 S10000
G0 F9600 X181.479 Y122.931
M204 S1000
G1 F1200 X187 Y128.451 E3055.17126
M204 S10000
G0 F9600 X187 Y128.027
M204 S1000
G1 F1200 X181.903 Y122.931 E3055.35105
M204 S10000
G0 F9600 X182.328 Y122.931
M204 S1000
G1 F1200 X187 Y127.603 E3055.51587
M204 S10000
G0 F9600 X187 Y127.178
M204 S1000
G1 F1200 X182.752 Y122.931 E3055.66571
M204 S10000
G0 F9600 X183.176 Y122.931
M204 S1000
G1 F1200 X187 Y126.754 E3055.80059
M204 S10000
G0 F9600 X187 Y126.33
M204 S1000
G1 F1200 X183.6 Y122.931 E3055.92052
M204 S10000
G0 F9600 X184.025 Y122.931
M204 S1000
G1 F1200 X187 Y125.906 E3056.02547
M204 S10000
G0 F9600 X187 Y125.481
M204 S1000
G1 F1200 X184.449 Y122.931 E3056.11545
M204 S10000
G0 F9600 X184.873 Y122.931
M204 S1000
G1 F1200 X187 Y125.057 E3056.19047
M204 S10000
G0 F9600 X187 Y124.633
M204 S1000
G1 F1200 X185.298 Y122.931 E3056.25051
M204 S10000
G0 F9600 X185.722 Y122.931
M204 S1000
G1 F1200 X187 Y124.208 E3056.29558
M204 S10000
G0 F9600 X187 Y123.784
M204 S1000
G1 F1200 X186.146 Y122.931 E3056.32569
M204 S10000
G0 F9600 X186.57 Y122.931
M204 S1000
G1 F1200 X187 Y123.36 E3056.34084
M204 S10000
G0 F9600 X187.42 Y123.359
;TIME_ELAPSED:6206.097155
G1 F3000 E3050.34084
M140 S0
M204 S500
M107
M104 S0
M140 S0
G92 E0
G1 E-10 F2000
G28 X0 Y0
M`84`
M82 ;absolute extrusion mode
M104 S0
;End of Gcode
;SETTING_3 {"global_quality": "[general]\\nversion = 4\\nname = anet-PLA\\ndefin
;SETTING_3 ition = anet3d_et5_x\\n\\n[metadata]\\ntype = quality_changes\\nquali
;SETTING_3 ty_type = draft\\nsetting_version = 22\\n\\n[values]\\nadhesion_type 
;SETTING_3 = skirt\\njerk_enabled = False\\nlayer_height = 0.2\\nlayer_height_0 
;SETTING_3 = 0.16\\nmaterial_bed_temperature = 60.0\\nretraction_combing = noski
;SETTING_3 n\\nsupport_enable = True\\nsupport_structure = normal\\nsupport_type
;SETTING_3  = buildplate\\ntravel_retract_before_outer_wall = False\\n\\n", "ext
;SETTING_3 ruder_quality": ["[general]\\nversion = 4\\nname = anet-PLA\\ndefinit
;SETTING_3 ion = anet3d_et5_x\\n\\n[metadata]\\ntype = quality_changes\\nquality
;SETTING_3 _type = draft\\nintent_category = default\\nposition = 0\\nsetting_ve
;SETTING_3 rsion = 22\\n\\n[values]\\nacceleration_travel = 10000.0\\nbottom_lay
;SETTING_3 ers = 4\\ncoasting_enable = False\\ncool_fan_speed = 100.0\\ninfill_l
;SETTING_3 ine_distance = =0 if infill_sparse_density == 0 else (infill_line_wid
;SETTING_3 th * 100) / infill_sparse_density * (2 if infill_pattern == 'grid' el
;SETTING_3 se (3 if infill_pattern == 'triangles' or infill_pattern == 'trihexag
;SETTING_3 on' or infill_pattern == 'cubic' or infill_pattern == 'cubicsubdiv' e
;SETTING_3 lse (2 if infill_pattern == 'tetrahedral' or infill_pattern == 'quart
;SETTING_3 er_cubic' else (1 if infill_pattern == 'cross' or infill_pattern == '
;SETTING_3 cross_3d' else (1.6 if infill_pattern == 'lightning' else 1)))))\\nin
;SETTING_3 fill_pattern = grid\\ninfill_sparse_density = 30\\nline_width = 0.3\\
;SETTING_3 nmaterial_print_temperature = 200.0\\nminimum_support_area = 0\\nretr
;SETTING_3 act_at_layer_change = True\\nretraction_amount = 6.0\\nretraction_com
;SETTING_3 bing_max_distance = 2\\nretraction_min_travel = 1\\nretraction_speed 
;SETTING_3 = 50.0\\nskin_line_width = =line_width\\nskirt_brim_line_width = =lin
;SETTING_3 e_width\\nspeed_equalize_flow_width_factor = 100.0\\nspeed_infill = 4
;SETTING_3 0\\nspeed_layer_0 = 20.0\\nspeed_support = 30.0\\nspeed_topbottom = 2
;SETTING_3 0.0\\nspeed_travel = 160.0\\nspeed_travel_layer_0 = 60.0\\nspeed_wall
;SETTING_3  = 30\\nsupport_angle = 60.0\\nsupport_interface_enable = True\\nsupp
;SETTING_3 ort_interface_pattern = lines\\nsupport_tree_branch_diameter = 2.0\\n
;SETTING_3 support_tree_limit_branch_reach = False\\nsupport_tree_max_diameter =
;SETTING_3  5.0\\nsupport_tree_top_rate = =30 if support_roof_enable else 10\\ns
;SETTING_3 upport_use_towers = False\\nsupport_wall_count = 2\\nsupport_xy_dista
;SETTING_3 nce = 1\\nsupport_xy_distance_overhang = 0.4\\nsupport_xy_overrides_z
;SETTING_3  = xy_overrides_z\\nsupport_z_distance = 0.4\\ntop_layers = 4\\ntrave
;SETTING_3 l_avoid_distance = 1\\ntravel_avoid_other_parts = False\\nwall_line_c
;SETTING_3 ount = 4\\nwall_line_width = =line_width\\nwall_thickness = 1\\n\\n"]
;SETTING_3 }
