;FLAVOR:Marlin
;TIME:4863
;Filament used: 2.33023m
;Layer height: 0.2
;MINX:116.33
;MINY:116.33
;MINZ:0.16
;MAXX:183.67
;MAXY:183.67
;MAXZ:1.56
;TARGET_MACHINE.NAME:Anet ET5 X
;Generated with Cura_SteamEngine 5.5.0
M140 S60
M105
M190 S60
M104 S200
M105
M109 S200
M82 ;absolute extrusion mode
G92 X0 Y0 Z0
G92 E0
G92 E0
G1 F3000 E-6
;LAYER_COUNT:8
;LAYER:0
M107
M204 S10000
G0 F3600 X117.318 Y117.206 Z0.16
M204 S1000
;TYPE:SKIRT
G1 F3000 E0
G1 F1200 X117.708 Y116.891 E0.01
G1 X118.143 Y116.641 E0.02002
G1 X118.612 Y116.463 E0.03003
G1 X119.104 Y116.363 E0.04005
G1 X119.401 Y116.34 E0.04599
G1 X119.722 Y116.331 E0.0524
G1 X179.858 Y116.33 E1.25248
G1 X180.556 Y116.34 E1.26641
G1 X181.056 Y116.387 E1.27643
G1 X181.541 Y116.513 E1.28643
G1 X182.001 Y116.714 E1.29645
G1 X182.422 Y116.986 E1.30645
G1 X182.795 Y117.321 E1.31646
G1 X183.111 Y117.711 E1.32647
G1 X183.36 Y118.146 E1.33648
G1 X183.537 Y118.616 E1.3465
G1 X183.638 Y119.107 E1.3565
G1 X183.66 Y119.401 E1.36239
G1 X183.669 Y119.721 E1.36877
G1 X183.67 Y179.823 E2.56817
G1 X183.661 Y180.55 E2.58268
G1 X183.615 Y181.049 E2.59268
G1 X183.49 Y181.535 E2.6027
G1 X183.289 Y181.995 E2.61272
G1 X183.019 Y182.417 E2.62271
G1 X182.684 Y182.791 E2.63273
G1 X182.295 Y183.107 E2.64274
G1 X181.86 Y183.358 E2.65276
G1 X181.391 Y183.536 E2.66277
G1 X180.9 Y183.637 E2.67277
G1 X180.599 Y183.66 E2.6788
G1 X180.278 Y183.669 E2.68521
G1 X120.146 Y183.67 E3.8852
G1 X119.448 Y183.661 E3.89913
G1 X118.949 Y183.614 E3.90914
G1 X118.463 Y183.489 E3.91915
G1 X118.003 Y183.289 E3.92916
G1 X117.581 Y183.018 E3.93917
G1 X117.208 Y182.683 E3.94917
G1 X116.892 Y182.293 E3.95919
G1 X116.642 Y181.859 E3.96919
G1 X116.464 Y181.39 E3.9792
G1 X116.363 Y180.898 E3.98922
G1 X116.34 Y180.596 E3.99526
G1 X116.331 Y180.263 E4.00191
G1 X116.33 Y120.111 E5.20231
G1 X116.339 Y119.446 E5.21558
G1 X116.386 Y118.947 E5.22558
G1 X116.511 Y118.461 E5.2356
G1 X116.712 Y118.002 E5.2456
G1 X116.984 Y117.58 E5.25562
G1 X117.318 Y117.206 E5.26562
M204 S10000
G1 F3000 E-0.73438
;MESH:Lid_top_panel.stl
G0 F3600 X120.68 Y120.68
G0 X179.348 Y120.652
G0 X179.47 Y179.47
M204 S1000
;TYPE:WALL-INNER
G1 F3000 E5.26562
G1 F1200 X179.47 Y120.53 E6.44184
G1 X120.53 Y120.53 E7.61805
G1 X120.53 Y179.47 E8.79426
G1 X179.47 Y179.47 E9.97047
M204 S10000
G0 F3600 X179.77 Y179.77
M204 S1000
G1 F1200 X179.77 Y120.23 E11.15866
G1 X120.23 Y120.23 E12.34684
G1 X120.23 Y179.77 E13.53503
G1 X179.77 Y179.77 E14.72321
M204 S10000
G0 F3600 X180.07 Y180.07
M204 S1000
G1 F1200 X180.07 Y119.93 E15.92337
G1 X119.93 Y119.93 E17.12353
G1 X119.93 Y180.07 E18.32369
G1 X180.07 Y180.07 E19.52385
M204 S10000
G0 F3600 X180.32 Y180.32
M204 S1000
;TYPE:WALL-OUTER
G1 F1200 X180.32 Y119.68 E20.73398
G1 X119.68 Y119.68 E21.94412
G1 X119.68 Y180.32 E23.15426
G1 X180.32 Y180.32 E24.36439
M204 S10000
G0 F3600 X180.32 Y180.12
G0 X180.07 Y180.12
G0 X179.42 Y179.2
G0 X179.2 Y179.2
M204 S1000
;TYPE:SKIN
G1 F1200 X120.8 Y179.2 E25.52983
G1 X120.8 Y120.8 E26.69526
G1 X179.2 Y120.8 E27.8607
G1 X179.2 Y179.2 E29.02613
M204 S10000
G1 F3000 E23.02613
G0 F3600 X179.42 Y179.2
G0 X179.42 Y121.349
G0 X179.049 Y121.349
M204 S1000
G1 F3000 E29.02613
G1 F1200 X178.65 Y120.95 E29.03739
M204 S10000
G0 F3600 X178.226 Y120.95
M204 S1000
G1 F1200 X179.049 Y121.773 E29.06062
M204 S10000
G0 F3600 X179.049 Y122.197
M204 S1000
G1 F1200 X177.802 Y120.95 E29.09581
M204 S10000
G0 F3600 X177.377 Y120.95
M204 S1000
G1 F1200 X179.049 Y122.622 E29.143
M204 S10000
G0 F3600 X179.049 Y123.046
M204 S1000
G1 F1200 X176.953 Y120.95 E29.20215
M204 S10000
G0 F3600 X176.529 Y120.95
M204 S1000
G1 F1200 X179.049 Y123.47 E29.27327
M204 S10000
G0 F3600 X179.049 Y123.895
M204 S1000
G1 F1200 X176.104 Y120.95 E29.35639
M204 S10000
G0 F3600 X175.68 Y120.95
M204 S1000
G1 F1200 X179.049 Y124.319 E29.45147
M204 S10000
G0 F3600 X179.049 Y124.743
M204 S1000
G1 F1200 X175.256 Y120.95 E29.55852
M204 S10000
G0 F3600 X174.832 Y120.95
M204 S1000
G1 F1200 X179.049 Y125.167 E29.67753
M204 S10000
G0 F3600 X179.049 Y125.592
M204 S1000
G1 F1200 X174.407 Y120.95 E29.80854
M204 S10000
G0 F3600 X173.983 Y120.95
M204 S1000
G1 F1200 X179.049 Y126.016 E29.95151
M204 S10000
G0 F3600 X179.049 Y126.44
M204 S1000
G1 F1200 X173.559 Y120.95 E30.10645
M204 S10000
G0 F3600 X173.135 Y120.95
M204 S1000
G1 F1200 X179.049 Y126.864 E30.27335
M204 S10000
G0 F3600 X179.049 Y127.289
M204 S1000
G1 F1200 X172.71 Y120.95 E30.45226
M204 S10000
G0 F3600 X172.286 Y120.95
M204 S1000
G1 F1200 X179.049 Y127.713 E30.64312
M204 S10000
G0 F3600 X179.049 Y128.137
M204 S1000
G1 F1200 X171.862 Y120.95 E30.84595
M204 S10000
G0 F3600 X171.438 Y120.95
M204 S1000
G1 F1200 X179.049 Y128.561 E31.06075
M204 S10000
G0 F3600 X179.049 Y128.986
M204 S1000
G1 F1200 X171.013 Y120.95 E31.28755
M204 S10000
G0 F3600 X170.589 Y120.95
M204 S1000
G1 F1200 X179.049 Y129.41 E31.52631
M204 S10000
G0 F3600 X179.049 Y129.834
M204 S1000
G1 F1200 X170.165 Y120.95 E31.77703
M204 S10000
G0 F3600 X169.74 Y120.95
M204 S1000
G1 F1200 X179.049 Y130.258 E32.03974
M204 S10000
G0 F3600 X179.049 Y130.683
M204 S1000
G1 F1200 X169.316 Y120.95 E32.31442
M204 S10000
G0 F3600 X168.892 Y120.95
M204 S1000
G1 F1200 X179.049 Y131.107 E32.60108
M204 S10000
G0 F3600 X179.049 Y131.531
M204 S1000
G1 F1200 X168.468 Y120.95 E32.89969
M204 S10000
G0 F3600 X168.043 Y120.95
M204 S1000
G1 F1200 X179.049 Y131.956 E33.21031
M204 S10000
G0 F3600 X179.049 Y132.38
M204 S1000
G1 F1200 X167.619 Y120.95 E33.53289
M204 S10000
G0 F3600 X167.195 Y120.95
M204 S1000
G1 F1200 X179.049 Y132.804 E33.86743
M204 S10000
G0 F3600 X179.049 Y133.228
M204 S1000
G1 F1200 X166.771 Y120.95 E34.21394
M204 S10000
G0 F3600 X166.346 Y120.95
M204 S1000
G1 F1200 X179.049 Y133.653 E34.57245
M204 S10000
G0 F3600 X179.049 Y134.077
M204 S1000
G1 F1200 X165.922 Y120.95 E34.94292
M204 S10000
G0 F3600 X165.498 Y120.95
M204 S1000
G1 F1200 X179.049 Y134.501 E35.32536
M204 S10000
G0 F3600 X179.049 Y134.925
M204 S1000
G1 F1200 X165.074 Y120.95 E35.71977
M204 S10000
G0 F3600 X164.649 Y120.95
M204 S1000
G1 F1200 X179.049 Y135.35 E36.12617
M204 S10000
G0 F3600 X179.049 Y135.774
M204 S1000
G1 F1200 X164.225 Y120.95 E36.54453
M204 S10000
G0 F3600 X163.801 Y120.95
M204 S1000
G1 F1200 X179.049 Y136.198 E36.97486
M204 S10000
G0 F3600 X179.049 Y136.622
M204 S1000
G1 F1200 X163.377 Y120.95 E37.41716
M204 S10000
G0 F3600 X162.952 Y120.95
M204 S1000
G1 F1200 X179.049 Y137.047 E37.87145
M204 S10000
G0 F3600 X179.049 Y137.471
M204 S1000
G1 F1200 X162.528 Y120.95 E38.33771
M204 S10000
G0 F3600 X162.104 Y120.95
M204 S1000
G1 F1200 X179.049 Y137.895 E38.81593
M204 S10000
G0 F3600 X179.049 Y138.319
M204 S1000
G1 F1200 X161.679 Y120.95 E39.30614
M204 S10000
G0 F3600 X161.255 Y120.95
M204 S1000
G1 F1200 X179.049 Y138.744 E39.80832
M204 S10000
G0 F3600 X179.049 Y139.168
M204 S1000
G1 F1200 X160.831 Y120.95 E40.32248
M204 S10000
G0 F3600 X160.407 Y120.95
M204 S1000
G1 F1200 X179.049 Y139.592 E40.84859
M204 S10000
G0 F3600 X179.049 Y140.017
M204 S1000
G1 F1200 X159.982 Y120.95 E41.38671
M204 S10000
G0 F3600 X159.558 Y120.95
M204 S1000
G1 F1200 X179.049 Y140.441 E41.93678
M204 S10000
G0 F3600 X179.049 Y140.865
M204 S1000
G1 F1200 X159.134 Y120.95 E42.49883
M204 S10000
G0 F3600 X158.71 Y120.95
M204 S1000
G1 F1200 X179.049 Y141.289 E43.07284
M204 S10000
G0 F3600 X179.049 Y141.714
M204 S1000
G1 F1200 X158.285 Y120.95 E43.65884
M204 S10000
G0 F3600 X157.861 Y120.95
M204 S1000
G1 F1200 X179.049 Y142.138 E44.25681
M204 S10000
G0 F3600 X179.049 Y142.562
M204 S1000
G1 F1200 X157.437 Y120.95 E44.86675
M204 S10000
G0 F3600 X157.013 Y120.95
M204 S1000
G1 F1200 X179.049 Y142.986 E45.48866
M204 S10000
G0 F3600 X179.049 Y143.411
M204 S1000
G1 F1200 X156.588 Y120.95 E46.12255
M204 S10000
G0 F3600 X156.164 Y120.95
M204 S1000
G1 F1200 X179.049 Y143.835 E46.76842
M204 S10000
G0 F3600 X179.049 Y144.259
M204 S1000
G1 F1200 X155.74 Y120.95 E47.42625
M204 S10000
G0 F3600 X155.316 Y120.95
M204 S1000
G1 F1200 X179.049 Y144.683 E48.09604
M204 S10000
G0 F3600 X179.049 Y145.108
M204 S1000
G1 F1200 X154.891 Y120.95 E48.77784
M204 S10000
G0 F3600 X154.467 Y120.95
M204 S1000
G1 F1200 X179.049 Y145.532 E49.47159
M204 S10000
G0 F3600 X179.049 Y145.956
M204 S1000
G1 F1200 X154.043 Y120.95 E50.17732
M204 S10000
G0 F3600 X153.618 Y120.95
M204 S1000
G1 F1200 X179.049 Y146.381 E50.89503
M204 S10000
G0 F3600 X179.049 Y146.805
M204 S1000
G1 F1200 X153.194 Y120.95 E51.62472
M204 S10000
G0 F3600 X152.77 Y120.95
M204 S1000
G1 F1200 X179.049 Y147.229 E52.36637
M204 S10000
G0 F3600 X179.049 Y147.653
M204 S1000
G1 F1200 X152.346 Y120.95 E53.11998
M204 S10000
G0 F3600 X151.921 Y120.95
M204 S1000
G1 F1200 X179.049 Y148.078 E53.88559
M204 S10000
G0 F3600 X179.049 Y148.502
M204 S1000
G1 F1200 X151.497 Y120.95 E54.66317
M204 S10000
G0 F3600 X151.073 Y120.95
M204 S1000
G1 F1200 X179.049 Y148.926 E55.45271
M204 S10000
G0 F3600 X179.049 Y149.35
M204 S1000
G1 F1200 X150.649 Y120.95 E56.25422
M204 S10000
G0 F3600 X150.224 Y120.95
M204 S1000
G1 F1200 X179.049 Y149.775 E57.06773
M204 S10000
G0 F3600 X179.049 Y150.199
M204 S1000
G1 F1200 X149.8 Y120.95 E57.8932
M204 S10000
G0 F3600 X149.376 Y120.95
M204 S1000
G1 F1200 X179.049 Y150.623 E58.73063
M204 S10000
G0 F3600 X179.049 Y151.047
M204 S1000
G1 F1200 X148.952 Y120.95 E59.58004
M204 S10000
G0 F3600 X148.527 Y120.95
M204 S1000
G1 F1200 X179.049 Y151.472 E60.44143
M204 S10000
G0 F3600 X179.049 Y151.896
M204 S1000
G1 F1200 X148.103 Y120.95 E61.3148
M204 S10000
G0 F3600 X147.679 Y120.95
M204 S1000
G1 F1200 X179.049 Y152.32 E62.20013
M204 S10000
G0 F3600 X179.049 Y152.744
M204 S1000
G1 F1200 X147.254 Y120.95 E63.09743
M204 S10000
G0 F3600 X146.83 Y120.95
M204 S1000
G1 F1200 X179.049 Y153.169 E64.00672
M204 S10000
G0 F3600 X179.049 Y153.593
M204 S1000
G1 F1200 X146.406 Y120.95 E64.92798
M204 S10000
G0 F3600 X145.982 Y120.95
M204 S1000
G1 F1200 X179.049 Y154.017 E65.8612
M204 S10000
G0 F3600 X179.049 Y154.442
M204 S1000
G1 F1200 X145.557 Y120.95 E66.80642
M204 S10000
G0 F3600 X145.133 Y120.95
M204 S1000
G1 F1200 X179.049 Y154.866 E67.7636
M204 S10000
G0 F3600 X179.049 Y155.29
M204 S1000
G1 F1200 X144.709 Y120.95 E68.73275
M204 S10000
G0 F3600 X144.285 Y120.95
M204 S1000
G1 F1200 X179.049 Y155.714 E69.71387
M204 S10000
G0 F3600 X179.049 Y156.139
M204 S1000
G1 F1200 X143.86 Y120.95 E70.70698
M204 S10000
G0 F3600 X143.436 Y120.95
M204 S1000
G1 F1200 X179.049 Y156.563 E71.71205
M204 S10000
G0 F3600 X179.049 Y156.987
M204 S1000
G1 F1200 X143.012 Y120.95 E72.72909
M204 S10000
G0 F3600 X142.588 Y120.95
M204 S1000
G1 F1200 X179.049 Y157.411 E73.7581
M204 S10000
G0 F3600 X179.049 Y157.836
M204 S1000
G1 F1200 X142.163 Y120.95 E74.7991
M204 S10000
G0 F3600 X141.739 Y120.95
M204 S1000
G1 F1200 X179.049 Y158.26 E75.85207
M204 S10000
G0 F3600 X179.049 Y158.684
M204 S1000
G1 F1200 X141.315 Y120.95 E76.91701
M204 S10000
G0 F3600 X140.891 Y120.95
M204 S1000
G1 F1200 X179.049 Y159.108 E77.99391
M204 S10000
G0 F3600 X179.049 Y159.533
M204 S1000
G1 F1200 X140.466 Y120.95 E79.08281
M204 S10000
G0 F3600 X140.042 Y120.95
M204 S1000
G1 F1200 X179.049 Y159.957 E80.18367
M204 S10000
G0 F3600 X179.049 Y160.381
M204 S1000
G1 F1200 X139.618 Y120.95 E81.2965
M204 S10000
G0 F3600 X139.193 Y120.95
M204 S1000
G1 F1200 X179.049 Y160.805 E82.4213
M204 S10000
G0 F3600 X179.049 Y161.23
M204 S1000
G1 F1200 X138.769 Y120.95 E83.55809
M204 S10000
G0 F3600 X138.345 Y120.95
M204 S1000
G1 F1200 X179.049 Y161.654 E84.70685
M204 S10000
G0 F3600 X179.049 Y162.078
M204 S1000
G1 F1200 X137.921 Y120.95 E85.86757
M204 S10000
G0 F3600 X137.496 Y120.95
M204 S1000
G1 F1200 X179.049 Y162.503 E87.04028
M204 S10000
G0 F3600 X179.049 Y162.927
M204 S1000
G1 F1200 X137.072 Y120.95 E88.22496
M204 S10000
G0 F3600 X136.648 Y120.95
M204 S1000
G1 F1200 X179.049 Y163.351 E89.42161
M204 S10000
G0 F3600 X179.049 Y163.775
M204 S1000
G1 F1200 X136.224 Y120.95 E90.63023
M204 S10000
G0 F3600 X135.799 Y120.95
M204 S1000
G1 F1200 X179.049 Y164.2 E91.85084
M204 S10000
G0 F3600 X179.049 Y164.624
M204 S1000
G1 F1200 X135.375 Y120.95 E93.08341
M204 S10000
G0 F3600 X134.951 Y120.95
M204 S1000
G1 F1200 X179.049 Y165.048 E94.32795
M204 S10000
G0 F3600 X179.049 Y165.472
M204 S1000
G1 F1200 X134.527 Y120.95 E95.58446
M204 S10000
G0 F3600 X134.102 Y120.95
M204 S1000
G1 F1200 X179.049 Y165.897 E96.85296
M204 S10000
G0 F3600 X179.049 Y166.321
M204 S1000
G1 F1200 X133.678 Y120.95 E98.13343
M204 S10000
G0 F3600 X133.254 Y120.95
M204 S1000
G1 F1200 X179.049 Y166.745 E99.42586
M204 S10000
G0 F3600 X179.049 Y167.169
M204 S1000
G1 F1200 X132.83 Y120.95 E100.73026
M204 S10000
G0 F3600 X132.405 Y120.95
M204 S1000
G1 F1200 X179.049 Y167.594 E102.04666
M204 S10000
G0 F3600 X179.049 Y168.018
M204 S1000
G1 F1200 X131.981 Y120.95 E103.37502
M204 S10000
G0 F3600 X131.557 Y120.95
M204 S1000
G1 F1200 X179.049 Y168.442 E104.71534
M204 S10000
G0 F3600 X179.049 Y168.866
M204 S1000
G1 F1200 X131.132 Y120.95 E106.06765
M204 S10000
G0 F3600 X130.708 Y120.95
M204 S1000
G1 F1200 X179.049 Y169.291 E107.43194
M204 S10000
G0 F3600 X179.049 Y169.715
M204 S1000
G1 F1200 X130.284 Y120.95 E108.80819
M204 S10000
G0 F3600 X129.86 Y120.95
M204 S1000
G1 F1200 X179.049 Y170.139 E110.19641
M204 S10000
G0 F3600 X179.049 Y170.564
M204 S1000
G1 F1200 X129.435 Y120.95 E111.59662
M204 S10000
G0 F3600 X129.011 Y120.95
M204 S1000
G1 F1200 X179.049 Y170.988 E113.00881
M204 S10000
G0 F3600 X179.049 Y171.412
M204 S1000
G1 F1200 X128.587 Y120.95 E114.43295
M204 S10000
G0 F3600 X128.163 Y120.95
M204 S1000
G1 F1200 X179.049 Y171.836 E115.86906
M204 S10000
G0 F3600 X179.049 Y172.261
M204 S1000
G1 F1200 X127.738 Y120.95 E117.31717
M204 S10000
G0 F3600 X127.314 Y120.95
M204 S1000
G1 F1200 X179.049 Y172.685 E118.77725
M204 S10000
G0 F3600 X179.049 Y173.109
M204 S1000
G1 F1200 X126.89 Y120.95 E120.24929
M204 S10000
G0 F3600 X126.466 Y120.95
M204 S1000
G1 F1200 X179.049 Y173.533 E121.73329
M204 S10000
G0 F3600 X179.049 Y173.958
M204 S1000
G1 F1200 X126.041 Y120.95 E123.22929
M204 S10000
G0 F3600 X125.617 Y120.95
M204 S1000
G1 F1200 X179.049 Y174.382 E124.73726
M204 S10000
G0 F3600 X179.049 Y174.806
M204 S1000
G1 F1200 X125.193 Y120.95 E126.25719
M204 S10000
G0 F3600 X124.768 Y120.95
M204 S1000
G1 F1200 X179.049 Y175.23 E127.7891
M204 S10000
G0 F3600 X179.049 Y175.655
M204 S1000
G1 F1200 X124.344 Y120.95 E129.333
M204 S10000
G0 F3600 X123.92 Y120.95
M204 S1000
G1 F1200 X179.049 Y176.079 E130.88886
M204 S10000
G0 F3600 X179.049 Y176.503
M204 S1000
G1 F1200 X123.496 Y120.95 E132.45668
M204 S10000
G0 F3600 X123.071 Y120.95
M204 S1000
G1 F1200 X179.049 Y176.928 E134.0365
M204 S10000
G0 F3600 X179.049 Y177.352
M204 S1000
G1 F1200 X122.647 Y120.95 E135.62829
M204 S10000
G0 F3600 X122.223 Y120.95
M204 S1000
G1 F1200 X179.049 Y177.776 E137.23204
M204 S10000
G0 F3600 X179.049 Y178.2
M204 S1000
G1 F1200 X121.799 Y120.95 E138.84776
M204 S10000
G0 F3600 X121.374 Y120.95
M204 S1000
G1 F1200 X179.049 Y178.625 E140.47547
M204 S10000
G0 F3600 X179.049 Y179.049
M204 S1000
G1 F1200 X120.949 Y120.949 E142.11518
M204 S10000
G0 F3600 X120.949 Y121.374
M204 S1000
G1 F1200 X178.625 Y179.049 E143.74291
M204 S10000
G0 F3600 X178.2 Y179.049
M204 S1000
G1 F1200 X120.949 Y121.798 E145.35865
M204 S10000
G0 F3600 X120.949 Y122.222
M204 S1000
G1 F1200 X177.776 Y179.049 E146.96244
M204 S10000
G0 F3600 X177.352 Y179.049
M204 S1000
G1 F1200 X120.949 Y122.646 E148.55425
M204 S10000
G0 F3600 X120.949 Y123.071
M204 S1000
G1 F1200 X176.928 Y179.049 E150.13408
M204 S10000
G0 F3600 X176.503 Y179.049
M204 S1000
G1 F1200 X120.949 Y123.495 E151.70194
M204 S10000
G0 F3600 X120.949 Y123.919
M204 S1000
G1 F1200 X176.079 Y179.049 E153.25783
M204 S10000
G0 F3600 X175.655 Y179.049
M204 S1000
G1 F1200 X120.949 Y124.344 E154.80173
M204 S10000
G0 F3600 X120.949 Y124.768
M204 S1000
G1 F1200 X175.23 Y179.049 E156.33366
M204 S10000
G0 F3600 X174.806 Y179.049
M204 S1000
G1 F1200 X120.949 Y125.192 E157.85362
M204 S10000
G0 F3600 X120.949 Y125.616
M204 S1000
G1 F1200 X174.382 Y179.049 E159.36162
M204 S10000
G0 F3600 X173.958 Y179.049
M204 S1000
G1 F1200 X120.949 Y126.041 E160.85763
M204 S10000
G0 F3600 X120.949 Y126.465
M204 S1000
G1 F1200 X173.533 Y179.049 E162.34166
M204 S10000
G0 F3600 X173.109 Y179.049
M204 S1000
G1 F1200 X120.949 Y126.889 E163.81373
M204 S10000
G0 F3600 X120.949 Y127.313
M204 S1000
G1 F1200 X172.685 Y179.049 E165.27383
M204 S10000
G0 F3600 X172.261 Y179.049
M204 S1000
G1 F1200 X120.949 Y127.738 E166.72195
M204 S10000
G0 F3600 X120.949 Y128.162
M204 S1000
G1 F1200 X171.836 Y179.049 E168.1581
M204 S10000
G0 F3600 X171.412 Y179.049
M204 S1000
G1 F1200 X120.949 Y128.586 E169.58227
M204 S10000
G0 F3600 X120.949 Y129.01
M204 S1000
G1 F1200 X170.988 Y179.049 E170.99448
M204 S10000
G0 F3600 X170.564 Y179.049
M204 S1000
G1 F1200 X120.949 Y129.435 E172.39471
M204 S10000
G0 F3600 X120.949 Y129.859
M204 S1000
G1 F1200 X170.139 Y179.049 E173.78296
M204 S10000
G0 F3600 X169.715 Y179.049
M204 S1000
G1 F1200 X120.949 Y130.283 E175.15924
M204 S10000
G0 F3600 X120.949 Y130.707
M204 S1000
G1 F1200 X169.291 Y179.049 E176.52355
M204 S10000
G0 F3600 X168.866 Y179.049
M204 S1000
G1 F1200 X120.949 Y131.132 E177.87587
M204 S10000
G0 F3600 X120.949 Y131.556
M204 S1000
G1 F1200 X168.442 Y179.049 E179.21623
M204 S10000
G0 F3600 X168.018 Y179.049
M204 S1000
G1 F1200 X120.949 Y131.98 E180.54462
M204 S10000
G0 F3600 X120.949 Y132.405
M204 S1000
G1 F1200 X167.594 Y179.049 E181.86103
M204 S10000
G0 F3600 X167.169 Y179.049
M204 S1000
G1 F1200 X120.949 Y132.829 E183.16546
M204 S10000
G0 F3600 X120.949 Y133.253
M204 S1000
G1 F1200 X166.745 Y179.049 E184.45792
M204 S10000
G0 F3600 X166.321 Y179.049
M204 S1000
G1 F1200 X120.949 Y133.677 E185.73841
M204 S10000
G0 F3600 X120.949 Y134.102
M204 S1000
G1 F1200 X165.897 Y179.049 E187.00693
M204 S10000
G0 F3600 X165.472 Y179.049
M204 S1000
G1 F1200 X120.949 Y134.526 E188.26346
M204 S10000
G0 F3600 X120.949 Y134.95
M204 S1000
G1 F1200 X165.048 Y179.049 E189.50803
M204 S10000
G0 F3600 X164.624 Y179.049
M204 S1000
G1 F1200 X120.949 Y135.374 E190.74064
M204 S10000
G0 F3600 X120.949 Y135.799
M204 S1000
G1 F1200 X164.2 Y179.049 E191.96126
M204 S10000
G0 F3600 X163.775 Y179.049
M204 S1000
G1 F1200 X120.949 Y136.223 E193.1699
M204 S10000
G0 F3600 X120.949 Y136.647
M204 S1000
G1 F1200 X163.351 Y179.049 E194.36658
M204 S10000
G0 F3600 X162.927 Y179.049
M204 S1000
G1 F1200 X120.949 Y137.071 E195.55129
M204 S10000
G0 F3600 X120.949 Y137.496
M204 S1000
G1 F1200 X162.503 Y179.049 E196.72402
M204 S10000
G0 F3600 X162.078 Y179.049
M204 S1000
G1 F1200 X120.949 Y137.92 E197.88477
M204 S10000
G0 F3600 X120.949 Y138.344
M204 S1000
G1 F1200 X161.654 Y179.049 E199.03355
M204 S10000
G0 F3600 X161.23 Y179.049
M204 S1000
G1 F1200 X120.949 Y138.768 E200.17037
M204 S10000
G0 F3600 X120.949 Y139.193
M204 S1000
G1 F1200 X160.805 Y179.049 E201.29519
M204 S10000
G0 F3600 X160.381 Y179.049
M204 S1000
G1 F1200 X120.949 Y139.617 E202.40804
M204 S10000
G0 F3600 X120.949 Y140.041
M204 S1000
G1 F1200 X159.957 Y179.049 E203.50893
M204 S10000
G0 F3600 X159.533 Y179.049
M204 S1000
G1 F1200 X120.949 Y140.466 E204.59784
M204 S10000
G0 F3600 X120.949 Y140.89
M204 S1000
G1 F1200 X159.108 Y179.049 E205.67477
M204 S10000
G0 F3600 X158.684 Y179.049
M204 S1000
G1 F1200 X120.949 Y141.314 E206.73974
M204 S10000
G0 F3600 X120.949 Y141.738
M204 S1000
G1 F1200 X158.26 Y179.049 E207.79273
M204 S10000
G0 F3600 X157.836 Y179.049
M204 S1000
G1 F1200 X120.949 Y142.163 E208.83375
M204 S10000
G0 F3600 X120.949 Y142.587
M204 S1000
G1 F1200 X157.411 Y179.049 E209.86279
M204 S10000
G0 F3600 X156.987 Y179.049
M204 S1000
G1 F1200 X120.949 Y143.011 E210.87986
M204 S10000
G0 F3600 X120.949 Y143.435
M204 S1000
G1 F1200 X156.563 Y179.049 E211.88496
M204 S10000
G0 F3600 X156.139 Y179.049
M204 S1000
G1 F1200 X120.949 Y143.86 E212.87808
M204 S10000
G0 F3600 X120.949 Y144.284
M204 S1000
G1 F1200 X155.714 Y179.049 E213.85923
M204 S10000
G0 F3600 X155.29 Y179.049
M204 S1000
G1 F1200 X120.949 Y144.708 E214.82841
M204 S10000
G0 F3600 X120.949 Y145.132
M204 S1000
G1 F1200 X154.866 Y179.049 E215.78562
M204 S10000
G0 F3600 X154.442 Y179.049
M204 S1000
G1 F1200 X120.949 Y145.557 E216.73085
M204 S10000
G0 F3600 X120.949 Y145.981
M204 S1000
G1 F1200 X154.017 Y179.049 E217.6641
M204 S10000
G0 F3600 X153.593 Y179.049
M204 S1000
G1 F1200 X120.949 Y146.405 E218.58538
M204 S10000
G0 F3600 X120.949 Y146.83
M204 S1000
G1 F1200 X153.169 Y179.049 E219.49469
M204 S10000
G0 F3600 X152.744 Y179.049
M204 S1000
G1 F1200 X120.949 Y147.254 E220.39201
M204 S10000
G0 F3600 X120.949 Y147.678
M204 S1000
G1 F1200 X152.32 Y179.049 E221.27737
M204 S10000
G0 F3600 X151.896 Y179.049
M204 S1000
G1 F1200 X120.949 Y148.102 E222.15076
M204 S10000
G0 F3600 X120.949 Y148.527
M204 S1000
G1 F1200 X151.472 Y179.049 E223.01217
M204 S10000
G0 F3600 X151.047 Y179.049
M204 S1000
G1 F1200 X120.949 Y148.951 E223.8616
M204 S10000
G0 F3600 X120.949 Y149.375
M204 S1000
G1 F1200 X150.623 Y179.049 E224.69906
M204 S10000
G0 F3600 X150.199 Y179.049
M204 S1000
G1 F1200 X120.949 Y149.799 E225.52456
M204 S10000
G0 F3600 X120.949 Y150.224
M204 S1000
G1 F1200 X149.775 Y179.049 E226.33808
M204 S10000
G0 F3600 X149.35 Y179.049
M204 S1000
G1 F1200 X120.949 Y150.648 E227.13962
M204 S10000
G0 F3600 X120.949 Y151.072
M204 S1000
G1 F1200 X148.926 Y179.049 E227.92919
M204 S10000
G0 F3600 X148.502 Y179.049
M204 S1000
G1 F1200 X120.949 Y151.496 E228.70679
M204 S10000
G0 F3600 X120.949 Y151.921
M204 S1000
G1 F1200 X148.078 Y179.049 E229.47242
M204 S10000
G0 F3600 X147.653 Y179.049
M204 S1000
G1 F1200 X120.949 Y152.345 E230.22606
M204 S10000
G0 F3600 X120.949 Y152.769
M204 S1000
G1 F1200 X147.229 Y179.049 E230.96774
M204 S10000
G0 F3600 X146.805 Y179.049
M204 S1000
G1 F1200 X120.949 Y153.193 E231.69745
M204 S10000
G0 F3600 X120.949 Y153.618
M204 S1000
G1 F1200 X146.381 Y179.049 E232.41519
M204 S10000
G0 F3600 X145.956 Y179.049
M204 S1000
G1 F1200 X120.949 Y154.042 E233.12094
M204 S10000
G0 F3600 X120.949 Y154.466
M204 S1000
G1 F1200 X145.532 Y179.049 E233.81472
M204 S10000
G0 F3600 X145.108 Y179.049
M204 S1000
G1 F1200 X120.949 Y154.891 E234.49653
M204 S10000
G0 F3600 X120.949 Y155.315
M204 S1000
G1 F1200 X144.683 Y179.049 E235.16635
M204 S10000
G0 F3600 X144.259 Y179.049
M204 S1000
G1 F1200 X120.949 Y155.739 E235.82421
M204 S10000
G0 F3600 X120.949 Y156.163
M204 S1000
G1 F1200 X143.835 Y179.049 E236.4701
M204 S10000
G0 F3600 X143.411 Y179.049
M204 S1000
G1 F1200 X120.949 Y156.588 E237.10402
M204 S10000
G0 F3600 X120.949 Y157.012
M204 S1000
G1 F1200 X142.986 Y179.049 E237.72595
M204 S10000
G0 F3600 X142.562 Y179.049
M204 S1000
G1 F1200 X120.949 Y157.436 E238.33591
M204 S10000
G0 F3600 X120.949 Y157.86
M204 S1000
G1 F1200 X142.138 Y179.049 E238.93391
M204 S10000
G0 F3600 X141.714 Y179.049
M204 S1000
G1 F1200 X120.949 Y158.285 E239.51993
M204 S10000
G0 F3600 X120.949 Y158.709
M204 S1000
G1 F1200 X141.289 Y179.049 E240.09397
M204 S10000
G0 F3600 X140.865 Y179.049
M204 S1000
G1 F1200 X120.949 Y159.133 E240.65604
M204 S10000
G0 F3600 X120.949 Y159.557
M204 S1000
G1 F1200 X140.441 Y179.049 E241.20615
M204 S10000
G0 F3600 X140.017 Y179.049
M204 S1000
G1 F1200 X120.949 Y159.982 E241.74427
M204 S10000
G0 F3600 X120.949 Y160.406
M204 S1000
G1 F1200 X139.592 Y179.049 E242.27042
M204 S10000
G0 F3600 X139.168 Y179.049
M204 S1000
G1 F1200 X120.949 Y160.83 E242.7846
M204 S10000
G0 F3600 X120.949 Y161.254
M204 S1000
G1 F1200 X138.744 Y179.049 E243.28681
M204 S10000
G0 F3600 X138.319 Y179.049
M204 S1000
G1 F1200 X120.949 Y161.679 E243.77703
M204 S10000
G0 F3600 X120.949 Y162.103
M204 S1000
G1 F1200 X137.895 Y179.049 E244.25529
M204 S10000
G0 F3600 X137.471 Y179.049
M204 S1000
G1 F1200 X120.949 Y162.527 E244.72157
M204 S10000
G0 F3600 X120.949 Y162.952
M204 S1000
G1 F1200 X137.047 Y179.049 E245.17588
M204 S10000
G0 F3600 X136.622 Y179.049
M204 S1000
G1 F1200 X120.949 Y163.376 E245.6182
M204 S10000
G0 F3600 X120.949 Y163.8
M204 S1000
G1 F1200 X136.198 Y179.049 E246.04856
M204 S10000
G0 F3600 X135.774 Y179.049
M204 S1000
G1 F1200 X120.949 Y164.224 E246.46696
M204 S10000
G0 F3600 X120.949 Y164.649
M204 S1000
G1 F1200 X135.35 Y179.049 E246.87337
M204 S10000
G0 F3600 X134.925 Y179.049
M204 S1000
G1 F1200 X120.949 Y165.073 E247.2678
M204 S10000
G0 F3600 X120.949 Y165.497
M204 S1000
G1 F1200 X134.501 Y179.049 E247.65027
M204 S10000
G0 F3600 X134.077 Y179.049
M204 S1000
G1 F1200 X120.949 Y165.921 E248.02077
M204 S10000
G0 F3600 X120.949 Y166.346
M204 S1000
G1 F1200 X133.653 Y179.049 E248.37929
M204 S10000
G0 F3600 X133.228 Y179.049
M204 S1000
G1 F1200 X120.949 Y166.77 E248.72583
M204 S10000
G0 F3600 X120.949 Y167.194
M204 S1000
G1 F1200 X132.804 Y179.049 E249.0604
M204 S10000
G0 F3600 X132.38 Y179.049
M204 S1000
G1 F1200 X120.949 Y167.618 E249.38301
M204 S10000
G0 F3600 X120.949 Y168.043
M204 S1000
G1 F1200 X131.956 Y179.049 E249.69364
M204 S10000
G0 F3600 X131.531 Y179.049
M204 S1000
G1 F1200 X120.949 Y168.467 E249.99229
M204 S10000
G0 F3600 X120.949 Y168.891
M204 S1000
G1 F1200 X131.107 Y179.049 E250.27897
M204 S10000
G0 F3600 X130.683 Y179.049
M204 S1000
G1 F1200 X120.949 Y169.316 E250.55367
M204 S10000
G0 F3600 X120.949 Y169.74
M204 S1000
G1 F1200 X130.258 Y179.049 E250.81639
M204 S10000
G0 F3600 X129.834 Y179.049
M204 S1000
G1 F1200 X120.949 Y170.164 E251.06714
M204 S10000
G0 F3600 X120.949 Y170.588
M204 S1000
G1 F1200 X129.41 Y179.049 E251.30593
M204 S10000
G0 F3600 X128.986 Y179.049
M204 S1000
G1 F1200 X120.949 Y171.013 E251.53274
M204 S10000
G0 F3600 X120.949 Y171.437
M204 S1000
G1 F1200 X128.561 Y179.049 E251.74756
M204 S10000
G0 F3600 X128.137 Y179.049
M204 S1000
G1 F1200 X120.949 Y171.861 E251.95042
M204 S10000
G0 F3600 X120.949 Y172.285
M204 S1000
G1 F1200 X127.713 Y179.049 E252.14132
M204 S10000
G0 F3600 X127.289 Y179.049
M204 S1000
G1 F1200 X120.949 Y172.71 E252.32023
M204 S10000
G0 F3600 X120.949 Y173.134
M204 S1000
G1 F1200 X126.864 Y179.049 E252.48717
M204 S10000
G0 F3600 X126.44 Y179.049
M204 S1000
G1 F1200 X120.949 Y173.558 E252.64214
M204 S10000
G0 F3600 X120.949 Y173.982
M204 S1000
G1 F1200 X126.016 Y179.049 E252.78514
M204 S10000
G0 F3600 X125.592 Y179.049
M204 S1000
G1 F1200 X120.949 Y174.407 E252.91616
M204 S10000
G0 F3600 X120.949 Y174.831
M204 S1000
G1 F1200 X125.167 Y179.049 E253.0352
M204 S10000
G0 F3600 X124.743 Y179.049
M204 S1000
G1 F1200 X120.949 Y175.255 E253.14227
M204 S10000
G0 F3600 X120.949 Y175.679
M204 S1000
G1 F1200 X124.319 Y179.049 E253.23738
M204 S10000
G0 F3600 X123.895 Y179.049
M204 S1000
G1 F1200 X120.949 Y176.104 E253.32051
M204 S10000
G0 F3600 X120.949 Y176.528
M204 S1000
G1 F1200 X123.47 Y179.049 E253.39166
M204 S10000
G0 F3600 X123.046 Y179.049
M204 S1000
G1 F1200 X120.949 Y176.952 E253.45084
M204 S10000
G0 F3600 X120.949 Y177.377
M204 S1000
G1 F1200 X122.622 Y179.049 E253.49804
M204 S10000
G0 F3600 X122.197 Y179.049
M204 S1000
G1 F1200 X120.949 Y177.801 E253.53326
M204 S10000
G0 F3600 X120.949 Y178.225
M204 S1000
G1 F1200 X121.773 Y179.049 E253.55652
M204 S10000
G0 F3600 X121.349 Y179.049
M204 S1000
G1 F1200 X120.949 Y178.649 E253.56781
M204 S10000
G0 F3600 X120.53 Y178.649
G1 F3000 E247.56781
;MESH:NONMESH
G0 F300 X120.53 Y178.649 Z0.36
G0 F3600 X119.844 Y119.844
G0 X117.318 Y117.206
;TIME_ELAPSED:662.201193
;LAYER:1
M106 S85
M204 S1000
;TYPE:SKIRT
G1 F3000 E253.56781
G1 F1200 X117.708 Y116.891 E253.58031
G1 X118.143 Y116.641 E253.59283
G1 X118.612 Y116.463 E253.60534
G1 X119.104 Y116.363 E253.61787
G1 X119.401 Y116.34 E253.6253
G1 X119.722 Y116.331 E253.63331
G1 X179.858 Y116.33 E255.13341
G1 X180.556 Y116.34 E255.15082
G1 X181.056 Y116.387 E255.16335
G1 X181.541 Y116.513 E255.17585
G1 X182.001 Y116.714 E255.18837
G1 X182.422 Y116.986 E255.20087
G1 X182.795 Y117.321 E255.21338
G1 X183.111 Y117.711 E255.2259
G1 X183.36 Y118.146 E255.2384
G1 X183.537 Y118.616 E255.25093
G1 X183.638 Y119.107 E255.26344
G1 X183.66 Y119.401 E255.27079
G1 X183.669 Y119.721 E255.27878
G1 X183.67 Y179.823 E256.77803
G1 X183.661 Y180.55 E256.79616
G1 X183.615 Y181.049 E256.80866
G1 X183.49 Y181.535 E256.82118
G1 X183.289 Y181.995 E256.8337
G1 X183.019 Y182.417 E256.8462
G1 X182.684 Y182.791 E256.85873
G1 X182.295 Y183.107 E256.87123
G1 X181.86 Y183.358 E256.88376
G1 X181.391 Y183.536 E256.89627
G1 X180.9 Y183.637 E256.90877
G1 X180.599 Y183.66 E256.9163
G1 X180.278 Y183.669 E256.92431
G1 X120.146 Y183.67 E258.42431
G1 X119.448 Y183.661 E258.44173
G1 X118.949 Y183.614 E258.45423
G1 X118.463 Y183.489 E258.46675
G1 X118.003 Y183.289 E258.47926
G1 X117.581 Y183.018 E258.49177
G1 X117.208 Y182.683 E258.50428
G1 X116.892 Y182.293 E258.5168
G1 X116.642 Y181.859 E258.52929
G1 X116.464 Y181.39 E258.5418
G1 X116.363 Y180.898 E258.55433
G1 X116.34 Y180.596 E258.56189
G1 X116.331 Y180.263 E258.5702
G1 X116.33 Y120.111 E260.0707
G1 X116.339 Y119.446 E260.08729
G1 X116.386 Y118.947 E260.09979
G1 X116.511 Y118.461 E260.11231
G1 X116.712 Y118.002 E260.12481
G1 X116.984 Y117.58 E260.13733
G1 X117.318 Y117.206 E260.14984
M204 S10000
G1 F3000 E254.14984
;MESH:Lid_top_panel.stl
G0 F6600 X120.86 Y120.86
G0 X179.168 Y120.832
G0 X179.29 Y179.29
M204 S1000
;TYPE:WALL-INNER
G1 F3000 E260.14984
G1 F1500 X179.29 Y120.71 E261.61112
G1 X120.71 Y120.71 E263.07241
G1 X120.71 Y179.29 E264.53369
G1 X179.29 Y179.29 E265.99497
M204 S10000
G0 F6600 X179.59 Y179.59
M204 S1000
G1 F1500 X179.59 Y120.41 E267.47123
G1 X120.41 Y120.41 E268.94748
G1 X120.41 Y179.59 E270.42373
G1 X179.59 Y179.59 E271.89998
M204 S10000
G0 F6600 X179.89 Y179.89
M204 S1000
G1 F1500 X179.89 Y120.11 E273.3912
G1 X120.11 Y120.11 E274.88242
G1 X120.11 Y179.89 E276.37363
G1 X179.89 Y179.89 E277.86485
M204 S10000
G0 F6600 X180.14 Y180.14
M204 S1000
;TYPE:WALL-OUTER
G1 F1500 X180.14 Y119.86 E279.36854
G1 X119.86 Y119.86 E280.87223
G1 X119.86 Y180.14 E282.37592
G1 X180.14 Y180.14 E283.87961
M204 S10000
G0 F6600 X180.14 Y179.94
G0 X179.89 Y179.94
G0 X179.24 Y179.02
G0 X179.02 Y179.02
M204 S1000
;TYPE:SKIN
G1 F1200 X120.98 Y179.02 E285.32743
G1 X120.98 Y120.98 E286.77524
G1 X179.02 Y120.98 E288.22306
G1 X179.02 Y179.02 E289.67087
M204 S10000
G0 F6600 X178.784 Y178.869
M204 S1000
G1 F1200 X178.869 Y178.784 E289.67387
M204 S10000
G0 F6600 X178.869 Y178.36
M204 S1000
G1 F1200 X178.36 Y178.869 E289.69182
M204 S10000
G0 F6600 X177.936 Y178.869
M204 S1000
G1 F1200 X178.869 Y177.936 E289.72474
M204 S10000
G0 F6600 X178.869 Y177.512
M204 S1000
G1 F1200 X177.512 Y178.869 E289.77261
M204 S10000
G0 F6600 X177.087 Y178.869
M204 S1000
G1 F1200 X178.869 Y177.087 E289.83548
M204 S10000
G0 F6600 X178.869 Y176.663
M204 S1000
G1 F1200 X176.663 Y178.869 E289.9133
M204 S10000
G0 F6600 X176.239 Y178.869
M204 S1000
G1 F1200 X178.869 Y176.239 E290.00608
M204 S10000
G0 F6600 X178.869 Y175.815
M204 S1000
G1 F1200 X175.815 Y178.869 E290.11382
M204 S10000
G0 F6600 X175.39 Y178.869
M204 S1000
G1 F1200 X178.869 Y175.39 E290.23655
M204 S10000
G0 F6600 X178.869 Y174.966
M204 S1000
G1 F1200 X174.966 Y178.869 E290.37424
M204 S10000
G0 F6600 X174.542 Y178.869
M204 S1000
G1 F1200 X178.869 Y174.542 E290.52688
M204 S10000
G0 F6600 X178.869 Y174.117
M204 S1000
G1 F1200 X174.117 Y178.869 E290.69452
M204 S10000
G0 F6600 X173.693 Y178.869
M204 S1000
G1 F1200 X178.869 Y173.693 E290.87712
M204 S10000
G0 F6600 X178.869 Y173.269
M204 S1000
G1 F1200 X173.269 Y178.869 E291.07467
M204 S10000
G0 F6600 X172.845 Y178.869
M204 S1000
G1 F1200 X178.869 Y172.845 E291.28719
M204 S10000
G0 F6600 X178.869 Y172.42
M204 S1000
G1 F1200 X172.42 Y178.869 E291.51469
M204 S10000
G0 F6600 X171.996 Y178.869
M204 S1000
G1 F1200 X178.869 Y171.996 E291.75716
M204 S10000
G0 F6600 X178.869 Y171.572
M204 S1000
G1 F1200 X171.572 Y178.869 E292.01458
M204 S10000
G0 F6600 X171.148 Y178.869
M204 S1000
G1 F1200 X178.869 Y171.148 E292.28696
M204 S10000
G0 F6600 X178.869 Y170.723
M204 S1000
G1 F1200 X170.723 Y178.869 E292.57433
M204 S10000
G0 F6600 X170.299 Y178.869
M204 S1000
G1 F1200 X178.869 Y170.299 E292.87666
M204 S10000
G0 F6600 X178.869 Y169.875
M204 S1000
G1 F1200 X169.875 Y178.869 E293.19395
M204 S10000
G0 F6600 X169.451 Y178.869
M204 S1000
G1 F1200 X178.869 Y169.451 E293.52619
M204 S10000
G0 F6600 X178.869 Y169.026
M204 S1000
G1 F1200 X169.026 Y178.869 E293.87343
M204 S10000
G0 F6600 X168.602 Y178.869
M204 S1000
G1 F1200 X178.869 Y168.602 E294.23563
M204 S10000
G0 F6600 X178.869 Y168.178
M204 S1000
G1 F1200 X168.178 Y178.869 E294.61278
M204 S10000
G0 F6600 X167.754 Y178.869
M204 S1000
G1 F1200 X178.869 Y167.754 E295.00489
M204 S10000
G0 F6600 X178.869 Y167.329
M204 S1000
G1 F1200 X167.329 Y178.869 E295.412
M204 S10000
G0 F6600 X166.905 Y178.869
M204 S1000
G1 F1200 X178.869 Y166.905 E295.83406
M204 S10000
G0 F6600 X178.869 Y166.481
M204 S1000
G1 F1200 X166.481 Y178.869 E296.27108
M204 S10000
G0 F6600 X166.056 Y178.869
M204 S1000
G1 F1200 X178.869 Y166.056 E296.72309
M204 S10000
G0 F6600 X178.869 Y165.632
M204 S1000
G1 F1200 X165.632 Y178.869 E297.19006
M204 S10000
G0 F6600 X165.208 Y178.869
M204 S1000
G1 F1200 X178.869 Y165.208 E297.67199
M204 S10000
G0 F6600 X178.869 Y164.784
M204 S1000
G1 F1200 X164.784 Y178.869 E298.16888
M204 S10000
G0 F6600 X164.359 Y178.869
M204 S1000
G1 F1200 X178.869 Y164.359 E298.68076
M204 S10000
G0 F6600 X178.869 Y163.935
M204 S1000
G1 F1200 X163.935 Y178.869 E299.2076
M204 S10000
G0 F6600 X163.511 Y178.869
M204 S1000
G1 F1200 X178.869 Y163.511 E299.74939
M204 S10000
G0 F6600 X178.869 Y163.087
M204 S1000
G1 F1200 X163.087 Y178.869 E300.30614
M204 S10000
G0 F6600 X162.662 Y178.869
M204 S1000
G1 F1200 X178.869 Y162.662 E300.87789
M204 S10000
G0 F6600 X178.869 Y162.238
M204 S1000
G1 F1200 X162.238 Y178.869 E301.46459
M204 S10000
G0 F6600 X161.814 Y178.869
M204 S1000
G1 F1200 X178.869 Y161.814 E302.06625
M204 S10000
G0 F6600 X178.869 Y161.39
M204 S1000
G1 F1200 X161.39 Y178.869 E302.68287
M204 S10000
G0 F6600 X160.965 Y178.869
M204 S1000
G1 F1200 X178.869 Y160.965 E303.31448
M204 S10000
G0 F6600 X178.869 Y160.541
M204 S1000
G1 F1200 X160.541 Y178.869 E303.96105
M204 S10000
G0 F6600 X160.117 Y178.869
M204 S1000
G1 F1200 X178.869 Y160.117 E304.62258
M204 S10000
G0 F6600 X178.869 Y159.692
M204 S1000
G1 F1200 X159.692 Y178.869 E305.2991
M204 S10000
G0 F6600 X159.268 Y178.869
M204 S1000
G1 F1200 X178.869 Y159.268 E305.99058
M204 S10000
G0 F6600 X178.869 Y158.844
M204 S1000
G1 F1200 X158.844 Y178.869 E306.69702
M204 S10000
G0 F6600 X158.42 Y178.869
M204 S1000
G1 F1200 X178.869 Y158.42 E307.41841
M204 S10000
G0 F6600 X178.869 Y157.995
M204 S1000
G1 F1200 X157.995 Y178.869 E308.1548
M204 S10000
G0 F6600 X157.571 Y178.869
M204 S1000
G1 F1200 X178.869 Y157.571 E308.90614
M204 S10000
G0 F6600 X178.869 Y157.147
M204 S1000
G1 F1200 X157.147 Y178.869 E309.67244
M204 S10000
G0 F6600 X156.723 Y178.869
M204 S1000
G1 F1200 X178.869 Y156.723 E310.4537
M204 S10000
G0 F6600 X178.869 Y156.298
M204 S1000
G1 F1200 X156.298 Y178.869 E311.24996
M204 S10000
G0 F6600 X155.874 Y178.869
M204 S1000
G1 F1200 X178.869 Y155.874 E312.06117
M204 S10000
G0 F6600 X178.869 Y155.45
M204 S1000
G1 F1200 X155.45 Y178.869 E312.88734
M204 S10000
G0 F6600 X155.026 Y178.869
M204 S1000
G1 F1200 X178.869 Y155.026 E313.72846
M204 S10000
G0 F6600 X178.869 Y154.601
M204 S1000
G1 F1200 X154.601 Y178.869 E314.58458
M204 S10000
G0 F6600 X154.177 Y178.869
M204 S1000
G1 F1200 X178.869 Y154.177 E315.45566
M204 S10000
G0 F6600 X178.869 Y153.753
M204 S1000
G1 F1200 X153.753 Y178.869 E316.34169
M204 S10000
G0 F6600 X153.329 Y178.869
M204 S1000
G1 F1200 X178.869 Y153.329 E317.24269
M204 S10000
G0 F6600 X178.869 Y152.904
M204 S1000
G1 F1200 X152.904 Y178.869 E318.15867
M204 S10000
G0 F6600 X152.48 Y178.869
M204 S1000
G1 F1200 X178.869 Y152.48 E319.08961
M204 S10000
G0 F6600 X178.869 Y152.056
M204 S1000
G1 F1200 X152.056 Y178.869 E320.03552
M204 S10000
G0 F6600 X151.631 Y178.869
M204 S1000
G1 F1200 X178.869 Y151.631 E320.99641
M204 S10000
G0 F6600 X178.869 Y151.207
M204 S1000
G1 F1200 X151.207 Y178.869 E321.97226
M204 S10000
G0 F6600 X150.783 Y178.869
M204 S1000
G1 F1200 X178.869 Y150.783 E322.96307
M204 S10000
G0 F6600 X178.869 Y150.359
M204 S1000
G1 F1200 X150.359 Y178.869 E323.96884
M204 S10000
G0 F6600 X149.934 Y178.869
M204 S1000
G1 F1200 X178.869 Y149.934 E324.9896
M204 S10000
G0 F6600 X178.869 Y149.51
M204 S1000
G1 F1200 X149.51 Y178.869 E326.02532
M204 S10000
G0 F6600 X149.086 Y178.869
M204 S1000
G1 F1200 X178.869 Y149.086 E327.07599
M204 S10000
G0 F6600 X178.869 Y148.662
M204 S1000
G1 F1200 X148.662 Y178.869 E328.14163
M204 S10000
G0 F6600 X148.237 Y178.869
M204 S1000
G1 F1200 X178.869 Y148.237 E329.22225
M204 S10000
G0 F6600 X178.869 Y147.813
M204 S1000
G1 F1200 X147.813 Y178.869 E330.31784
M204 S10000
G0 F6600 X147.389 Y178.869
M204 S1000
G1 F1200 X178.869 Y147.389 E331.42838
M204 S10000
G0 F6600 X178.869 Y146.965
M204 S1000
G1 F1200 X146.965 Y178.869 E332.55388
M204 S10000
G0 F6600 X146.54 Y178.869
M204 S1000
G1 F1200 X178.869 Y146.54 E333.69437
M204 S10000
G0 F6600 X178.869 Y146.116
M204 S1000
G1 F1200 X146.116 Y178.869 E334.84982
M204 S10000
G0 F6600 X145.692 Y178.869
M204 S1000
G1 F1200 X178.869 Y145.692 E336.02023
M204 S10000
G0 F6600 X178.869 Y145.268
M204 S1000
G1 F1200 X145.268 Y178.869 E337.2056
M204 S10000
G0 F6600 X144.843 Y178.869
M204 S1000
G1 F1200 X178.869 Y144.843 E338.40595
M204 S10000
G0 F6600 X178.869 Y144.419
M204 S1000
G1 F1200 X144.419 Y178.869 E339.62127
M204 S10000
G0 F6600 X143.995 Y178.869
M204 S1000
G1 F1200 X178.869 Y143.995 E340.85155
M204 S10000
G0 F6600 X178.869 Y143.57
M204 S1000
G1 F1200 X143.57 Y178.869 E342.09681
M204 S10000
G0 F6600 X143.146 Y178.869
M204 S1000
G1 F1200 X178.869 Y143.146 E343.35704
M204 S10000
G0 F6600 X178.869 Y142.722
M204 S1000
G1 F1200 X142.722 Y178.869 E344.63222
M204 S10000
G0 F6600 X142.298 Y178.869
M204 S1000
G1 F1200 X178.869 Y142.298 E345.92236
M204 S10000
G0 F6600 X178.869 Y141.873
M204 S1000
G1 F1200 X141.873 Y178.869 E347.2275
M204 S10000
G0 F6600 X141.449 Y178.869
M204 S1000
G1 F1200 X178.869 Y141.449 E348.54759
M204 S10000
G0 F6600 X178.869 Y141.025
M204 S1000
G1 F1200 X141.025 Y178.869 E349.88264
M204 S10000
G0 F6600 X140.601 Y178.869
M204 S1000
G1 F1200 X178.869 Y140.601 E351.23264
M204 S10000
G0 F6600 X178.869 Y140.176
M204 S1000
G1 F1200 X140.176 Y178.869 E352.59764
M204 S10000
G0 F6600 X139.752 Y178.869
M204 S1000
G1 F1200 X178.869 Y139.752 E353.9776
M204 S10000
G0 F6600 X178.869 Y139.328
M204 S1000
G1 F1200 X139.328 Y178.869 E355.37252
M204 S10000
G0 F6600 X138.904 Y178.869
M204 S1000
G1 F1200 X178.869 Y138.904 E356.78239
M204 S10000
G0 F6600 X178.869 Y138.479
M204 S1000
G1 F1200 X138.479 Y178.869 E358.20726
M204 S10000
G0 F6600 X138.055 Y178.869
M204 S1000
G1 F1200 X178.869 Y138.055 E359.64708
M204 S10000
G0 F6600 X178.869 Y137.631
M204 S1000
G1 F1200 X137.631 Y178.869 E361.10186
M204 S10000
G0 F6600 X137.206 Y178.869
M204 S1000
G1 F1200 X178.869 Y137.206 E362.57164
M204 S10000
G0 F6600 X178.869 Y136.782
M204 S1000
G1 F1200 X136.782 Y178.869 E364.05637
M204 S10000
G0 F6600 X136.358 Y178.869
M204 S1000
G1 F1200 X178.869 Y136.358 E365.55606
M204 S10000
G0 F6600 X178.869 Y135.934
M204 S1000
G1 F1200 X135.934 Y178.869 E367.07071
M204 S10000
G0 F6600 X135.509 Y178.869
M204 S1000
G1 F1200 X178.869 Y135.509 E368.60035
M204 S10000
G0 F6600 X178.869 Y135.085
M204 S1000
G1 F1200 X135.085 Y178.869 E370.14495
M204 S10000
G0 F6600 X134.661 Y178.869
M204 S1000
G1 F1200 X178.869 Y134.661 E371.70451
M204 S10000
G0 F6600 X178.869 Y134.237
M204 S1000
G1 F1200 X134.237 Y178.869 E373.27902
M204 S10000
G0 F6600 X133.812 Y178.869
M204 S1000
G1 F1200 X178.869 Y133.812 E374.86853
M204 S10000
G0 F6600 X178.869 Y133.388
M204 S1000
G1 F1200 X133.388 Y178.869 E376.47299
M204 S10000
G0 F6600 X132.964 Y178.869
M204 S1000
G1 F1200 X178.869 Y132.964 E378.09241
M204 S10000
G0 F6600 X178.869 Y132.54
M204 S1000
G1 F1200 X132.54 Y178.869 E379.7268
M204 S10000
G0 F6600 X132.115 Y178.869
M204 S1000
G1 F1200 X178.869 Y132.115 E381.37617
M204 S10000
G0 F6600 X178.869 Y131.691
M204 S1000
G1 F1200 X131.691 Y178.869 E383.0405
M204 S10000
G0 F6600 X131.267 Y178.869
M204 S1000
G1 F1200 X178.869 Y131.267 E384.71979
M204 S10000
G0 F6600 X178.869 Y130.843
M204 S1000
G1 F1200 X130.843 Y178.869 E386.41404
M204 S10000
G0 F6600 X130.418 Y178.869
M204 S1000
G1 F1200 X178.869 Y130.418 E388.12328
M204 S10000
G0 F6600 X178.869 Y129.994
M204 S1000
G1 F1200 X129.994 Y178.869 E389.84747
M204 S10000
G0 F6600 X129.57 Y178.869
M204 S1000
G1 F1200 X178.869 Y129.57 E391.58663
M204 S10000
G0 F6600 X178.869 Y129.145
M204 S1000
G1 F1200 X129.145 Y178.869 E393.34078
M204 S10000
G0 F6600 X128.721 Y178.869
M204 S1000
G1 F1200 X178.869 Y128.721 E395.10988
M204 S10000
G0 F6600 X178.869 Y128.297
M204 S1000
G1 F1200 X128.297 Y178.869 E396.89395
M204 S10000
G0 F6600 X127.873 Y178.869
M204 S1000
G1 F1200 X178.869 Y127.873 E398.69297
M204 S10000
G0 F6600 X178.869 Y127.448
M204 S1000
G1 F1200 X127.448 Y178.869 E400.50698
M204 S10000
G0 F6600 X127.024 Y178.869
M204 S1000
G1 F1200 X178.869 Y127.024 E402.33596
M204 S10000
G0 F6600 X178.869 Y126.6
M204 S1000
G1 F1200 X126.6 Y178.869 E404.17989
M204 S10000
G0 F6600 X126.176 Y178.869
M204 S1000
G1 F1200 X178.869 Y126.176 E406.03877
M204 S10000
G0 F6600 X178.869 Y125.751
M204 S1000
G1 F1200 X125.751 Y178.869 E407.91266
M204 S10000
G0 F6600 X125.327 Y178.869
M204 S1000
G1 F1200 X178.869 Y125.327 E409.80149
M204 S10000
G0 F6600 X178.869 Y124.903
M204 S1000
G1 F1200 X124.903 Y178.869 E411.70529
M204 S10000
G0 F6600 X124.479 Y178.869
M204 S1000
G1 F1200 X178.869 Y124.479 E413.62404
M204 S10000
G0 F6600 X178.869 Y124.054
M204 S1000
G1 F1200 X124.054 Y178.869 E415.55779
M204 S10000
G0 F6600 X123.63 Y178.869
M204 S1000
G1 F1200 X178.869 Y123.63 E417.5065
M204 S10000
G0 F6600 X178.869 Y123.206
M204 S1000
G1 F1200 X123.206 Y178.869 E419.47016
M204 S10000
G0 F6600 X122.782 Y178.869
M204 S1000
G1 F1200 X178.869 Y122.782 E421.44878
M204 S10000
G0 F6600 X178.869 Y122.357
M204 S1000
G1 F1200 X122.357 Y178.869 E423.44239
M204 S10000
G0 F6600 X121.933 Y178.869
M204 S1000
G1 F1200 X178.869 Y121.933 E425.45096
M204 S10000
G0 F6600 X178.869 Y121.509
M204 S1000
G1 F1200 X121.509 Y178.869 E427.47449
M204 S10000
G0 F6600 X121.13 Y178.824
M204 S1000
G1 F1200 X178.825 Y121.129 E429.50984
M204 S10000
G0 F6600 X178.4 Y121.129
M204 S1000
G1 F1200 X121.13 Y178.4 E431.53021
M204 S10000
G0 F6600 X121.13 Y177.975
M204 S1000
G1 F1200 X177.976 Y121.129 E433.53561
M204 S10000
G0 F6600 X177.552 Y121.129
M204 S1000
G1 F1200 X121.13 Y177.551 E435.52605
M204 S10000
G0 F6600 X121.13 Y177.127
M204 S1000
G1 F1200 X177.128 Y121.129 E437.50153
M204 S10000
G0 F6600 X176.703 Y121.129
M204 S1000
G1 F1200 X121.13 Y176.703 E439.46203
M204 S10000
G0 F6600 X121.13 Y176.278
M204 S1000
G1 F1200 X176.279 Y121.129 E441.40756
M204 S10000
G0 F6600 X175.855 Y121.129
M204 S1000
G1 F1200 X121.13 Y175.854 E443.33813
M204 S10000
G0 F6600 X121.13 Y175.43
M204 S1000
G1 F1200 X175.431 Y121.129 E445.25375
M204 S10000
G0 F6600 X175.006 Y121.129
M204 S1000
G1 F1200 X121.13 Y175.006 E447.15439
M204 S10000
G0 F6600 X121.13 Y174.581
M204 S1000
G1 F1200 X174.582 Y121.129 E449.04005
M204 S10000
G0 F6600 X174.158 Y121.129
M204 S1000
G1 F1200 X121.13 Y174.157 E450.91076
M204 S10000
G0 F6600 X121.13 Y173.733
M204 S1000
G1 F1200 X173.734 Y121.129 E452.76651
M204 S10000
G0 F6600 X173.309 Y121.129
M204 S1000
G1 F1200 X121.13 Y173.309 E454.60728
M204 S10000
G0 F6600 X121.13 Y172.884
M204 S1000
G1 F1200 X172.885 Y121.129 E456.43308
M204 S10000
G0 F6600 X172.461 Y121.129
M204 S1000
G1 F1200 X121.13 Y172.46 E458.24392
M204 S10000
G0 F6600 X121.13 Y172.036
M204 S1000
G1 F1200 X172.036 Y121.129 E460.03978
M204 S10000
G0 F6600 X171.612 Y121.129
M204 S1000
G1 F1200 X121.13 Y171.611 E461.82067
M204 S10000
G0 F6600 X121.13 Y171.187
M204 S1000
G1 F1200 X171.188 Y121.129 E463.5866
M204 S10000
G0 F6600 X170.764 Y121.129
M204 S1000
G1 F1200 X121.13 Y170.763 E465.33757
M204 S10000
G0 F6600 X121.13 Y170.339
M204 S1000
G1 F1200 X170.339 Y121.129 E467.07357
M204 S10000
G0 F6600 X169.915 Y121.129
M204 S1000
G1 F1200 X121.13 Y169.914 E468.79459
M204 S10000
G0 F6600 X121.13 Y169.49
M204 S1000
G1 F1200 X169.491 Y121.129 E470.50066
M204 S10000
G0 F6600 X169.067 Y121.129
M204 S1000
G1 F1200 X121.13 Y169.066 E472.19177
M204 S10000
G0 F6600 X121.13 Y168.642
M204 S1000
G1 F1200 X168.642 Y121.129 E473.8679
M204 S10000
G0 F6600 X168.218 Y121.129
M204 S1000
G1 F1200 X121.13 Y168.217 E475.52905
M204 S10000
G0 F6600 X121.13 Y167.793
M204 S1000
G1 F1200 X167.794 Y121.129 E477.17525
M204 S10000
G0 F6600 X167.37 Y121.129
M204 S1000
G1 F1200 X121.13 Y167.369 E478.80649
M204 S10000
G0 F6600 X121.13 Y166.945
M204 S1000
G1 F1200 X166.945 Y121.129 E480.42276
M204 S10000
G0 F6600 X166.521 Y121.129
M204 S1000
G1 F1200 X121.13 Y166.52 E482.02405
M204 S10000
G0 F6600 X121.13 Y166.096
M204 S1000
G1 F1200 X166.097 Y121.129 E483.61038
M204 S10000
G0 F6600 X165.672 Y121.129
M204 S1000
G1 F1200 X121.13 Y165.672 E485.18174
M204 S10000
G0 F6600 X121.13 Y165.248
M204 S1000
G1 F1200 X165.248 Y121.129 E486.73814
M204 S10000
G0 F6600 X164.824 Y121.129
M204 S1000
G1 F1200 X121.13 Y164.823 E488.27956
M204 S10000
G0 F6600 X121.13 Y164.399
M204 S1000
G1 F1200 X164.4 Y121.129 E489.80603
M204 S10000
G0 F6600 X163.975 Y121.129
M204 S1000
G1 F1200 X121.13 Y163.975 E491.31752
M204 S10000
G0 F6600 X121.13 Y163.55
M204 S1000
G1 F1200 X163.551 Y121.129 E492.81403
M204 S10000
G0 F6600 X163.127 Y121.129
M204 S1000
G1 F1200 X121.13 Y163.126 E494.29559
M204 S10000
G0 F6600 X121.13 Y162.702
M204 S1000
G1 F1200 X162.703 Y121.129 E495.76219
M204 S10000
G0 F6600 X162.278 Y121.129
M204 S1000
G1 F1200 X121.13 Y162.278 E497.21381
M204 S10000
G0 F6600 X121.13 Y161.853
M204 S1000
G1 F1200 X161.854 Y121.129 E498.65046
M204 S10000
G0 F6600 X161.43 Y121.129
M204 S1000
G1 F1200 X121.13 Y161.429 E500.07216
M204 S10000
G0 F6600 X121.13 Y161.005
M204 S1000
G1 F1200 X161.006 Y121.129 E501.47889
M204 S10000
G0 F6600 X160.581 Y121.129
M204 S1000
G1 F1200 X121.13 Y160.581 E502.87065
M204 S10000
G0 F6600 X121.13 Y160.156
M204 S1000
G1 F1200 X160.157 Y121.129 E504.24743
M204 S10000
G0 F6600 X159.733 Y121.129
M204 S1000
G1 F1200 X121.13 Y159.732 E505.60926
M204 S10000
G0 F6600 X121.13 Y159.308
M204 S1000
G1 F1200 X159.309 Y121.129 E506.95612
M204 S10000
G0 F6600 X158.884 Y121.129
M204 S1000
G1 F1200 X121.13 Y158.884 E508.28801
M204 S10000
G0 F6600 X121.13 Y158.459
M204 S1000
G1 F1200 X158.46 Y121.129 E509.60493
M204 S10000
G0 F6600 X158.036 Y121.129
M204 S1000
G1 F1200 X121.13 Y158.035 E510.90689
M204 S10000
G0 F6600 X121.13 Y157.611
M204 S1000
G1 F1200 X157.611 Y121.129 E512.19387
M204 S10000
G0 F6600 X157.187 Y121.129
M204 S1000
G1 F1200 X121.13 Y157.187 E513.4659
M204 S10000
G0 F6600 X121.13 Y156.762
M204 S1000
G1 F1200 X156.763 Y121.129 E514.72295
M204 S10000
G0 F6600 X156.339 Y121.129
M204 S1000
G1 F1200 X121.13 Y156.338 E515.96504
M204 S10000
G0 F6600 X121.13 Y155.914
M204 S1000
G1 F1200 X155.914 Y121.129 E517.19216
M204 S10000
G0 F6600 X155.49 Y121.129
M204 S1000
G1 F1200 X121.13 Y155.489 E518.4043
M204 S10000
G0 F6600 X121.13 Y155.065
M204 S1000
G1 F1200 X155.066 Y121.129 E519.60148
M204 S10000
G0 F6600 X154.642 Y121.129
M204 S1000
G1 F1200 X121.13 Y154.641 E520.78371
M204 S10000
G0 F6600 X121.13 Y154.217
M204 S1000
G1 F1200 X154.217 Y121.129 E521.95096
M204 S10000
G0 F6600 X153.793 Y121.129
M204 S1000
G1 F1200 X121.13 Y153.792 E523.10324
M204 S10000
G0 F6600 X121.13 Y153.368
M204 S1000
G1 F1200 X153.369 Y121.129 E524.24056
M204 S10000
G0 F6600 X152.945 Y121.129
M204 S1000
G1 F1200 X121.13 Y152.944 E525.36292
M204 S10000
G0 F6600 X121.13 Y152.52
M204 S1000
G1 F1200 X152.52 Y121.129 E526.4703
M204 S10000
G0 F6600 X152.096 Y121.129
M204 S1000
G1 F1200 X121.13 Y152.095 E527.56271
M204 S10000
G0 F6600 X121.13 Y151.671
M204 S1000
G1 F1200 X151.672 Y121.129 E528.64016
M204 S10000
G0 F6600 X151.248 Y121.129
M204 S1000
G1 F1200 X121.13 Y151.247 E529.70265
M204 S10000
G0 F6600 X121.13 Y150.823
M204 S1000
G1 F1200 X150.823 Y121.129 E530.75017
M204 S10000
G0 F6600 X150.399 Y121.129
M204 S1000
G1 F1200 X121.13 Y150.398 E531.78272
M204 S10000
G0 F6600 X121.13 Y149.974
M204 S1000
G1 F1200 X149.975 Y121.129 E532.8003
M204 S10000
G0 F6600 X149.55 Y121.129
M204 S1000
G1 F1200 X121.13 Y149.55 E533.80291
M204 S10000
G0 F6600 X121.13 Y149.125
M204 S1000
G1 F1200 X149.126 Y121.129 E534.79055
M204 S10000
G0 F6600 X148.702 Y121.129
M204 S1000
G1 F1200 X121.13 Y148.701 E535.76322
M204 S10000
G0 F6600 X121.13 Y148.277
M204 S1000
G1 F1200 X148.278 Y121.129 E536.72094
M204 S10000
G0 F6600 X147.853 Y121.129
M204 S1000
G1 F1200 X121.13 Y147.853 E537.66369
M204 S10000
G0 F6600 X121.13 Y147.428
M204 S1000
G1 F1200 X147.429 Y121.129 E538.59145
M204 S10000
G0 F6600 X147.005 Y121.129
M204 S1000
G1 F1200 X121.13 Y147.004 E539.50426
M204 S10000
G0 F6600 X121.13 Y146.58
M204 S1000
G1 F1200 X146.581 Y121.129 E540.40212
M204 S10000
G0 F6600 X146.156 Y121.129
M204 S1000
G1 F1200 X121.13 Y146.156 E541.28499
M204 S10000
G0 F6600 X121.13 Y145.731
M204 S1000
G1 F1200 X145.732 Y121.129 E542.1529
M204 S10000
G0 F6600 X145.308 Y121.129
M204 S1000
G1 F1200 X121.13 Y145.307 E543.00584
M204 S10000
G0 F6600 X121.13 Y144.883
M204 S1000
G1 F1200 X144.884 Y121.129 E543.84383
M204 S10000
G0 F6600 X144.459 Y121.129
M204 S1000
G1 F1200 X121.13 Y144.459 E544.66684
M204 S10000
G0 F6600 X121.13 Y144.034
M204 S1000
G1 F1200 X144.035 Y121.129 E545.47487
M204 S10000
G0 F6600 X143.611 Y121.129
M204 S1000
G1 F1200 X121.13 Y143.61 E546.26795
M204 S10000
G0 F6600 X121.13 Y143.186
M204 S1000
G1 F1200 X143.187 Y121.129 E547.04607
M204 S10000
G0 F6600 X142.762 Y121.129
M204 S1000
G1 F1200 X121.13 Y142.762 E547.80922
M204 S10000
G0 F6600 X121.13 Y142.337
M204 S1000
G1 F1200 X142.338 Y121.129 E548.55739
M204 S10000
G0 F6600 X141.914 Y121.129
M204 S1000
G1 F1200 X121.13 Y141.913 E549.2906
M204 S10000
G0 F6600 X121.13 Y141.489
M204 S1000
G1 F1200 X141.489 Y121.129 E550.00883
M204 S10000
G0 F6600 X141.065 Y121.129
M204 S1000
G1 F1200 X121.13 Y141.064 E550.7121
M204 S10000
G0 F6600 X121.13 Y140.64
M204 S1000
G1 F1200 X140.641 Y121.129 E551.4004
M204 S10000
G0 F6600 X140.217 Y121.129
M204 S1000
G1 F1200 X121.13 Y140.216 E552.07374
M204 S10000
G0 F6600 X121.13 Y139.792
M204 S1000
G1 F1200 X139.792 Y121.129 E552.73211
M204 S10000
G0 F6600 X139.368 Y121.129
M204 S1000
G1 F1200 X121.13 Y139.367 E553.37551
M204 S10000
G0 F6600 X121.13 Y138.943
M204 S1000
G1 F1200 X138.944 Y121.129 E554.00395
M204 S10000
G0 F6600 X138.52 Y121.129
M204 S1000
G1 F1200 X121.13 Y138.519 E554.61742
M204 S10000
G0 F6600 X121.13 Y138.095
M204 S1000
G1 F1200 X138.095 Y121.129 E555.21593
M204 S10000
G0 F6600 X137.671 Y121.129
M204 S1000
G1 F1200 X121.13 Y137.67 E555.79946
M204 S10000
G0 F6600 X121.13 Y137.246
M204 S1000
G1 F1200 X137.247 Y121.129 E556.36803
M204 S10000
G0 F6600 X136.823 Y121.129
M204 S1000
G1 F1200 X121.13 Y136.822 E556.92164
M204 S10000
G0 F6600 X121.13 Y136.398
M204 S1000
G1 F1200 X136.398 Y121.129 E557.46028
M204 S10000
G0 F6600 X135.974 Y121.129
M204 S1000
G1 F1200 X121.13 Y135.973 E557.98394
M204 S10000
G0 F6600 X121.13 Y135.549
M204 S1000
G1 F1200 X135.55 Y121.129 E558.49264
M204 S10000
G0 F6600 X135.125 Y121.129
M204 S1000
G1 F1200 X121.13 Y135.125 E558.98637
M204 S10000
G0 F6600 X121.13 Y134.701
M204 S1000
G1 F1200 X134.701 Y121.129 E559.46515
M204 S10000
G0 F6600 X134.277 Y121.129
M204 S1000
G1 F1200 X121.13 Y134.276 E559.92894
M204 S10000
G0 F6600 X121.13 Y133.852
M204 S1000
G1 F1200 X133.853 Y121.129 E560.37778
M204 S10000
G0 F6600 X133.428 Y121.129
M204 S1000
G1 F1200 X121.13 Y133.428 E560.81164
M204 S10000
G0 F6600 X121.13 Y133.003
M204 S1000
G1 F1200 X133.004 Y121.129 E561.23053
M204 S10000
G0 F6600 X132.58 Y121.129
M204 S1000
G1 F1200 X121.13 Y132.579 E561.63446
M204 S10000
G0 F6600 X121.13 Y132.155
M204 S1000
G1 F1200 X132.156 Y121.129 E562.02343
M204 S10000
G0 F6600 X131.731 Y121.129
M204 S1000
G1 F1200 X121.13 Y131.731 E562.39743
M204 S10000
G0 F6600 X121.13 Y131.306
M204 S1000
G1 F1200 X131.307 Y121.129 E562.75645
M204 S10000
G0 F6600 X130.883 Y121.129
M204 S1000
G1 F1200 X121.13 Y130.882 E563.10051
M204 S10000
G0 F6600 X121.13 Y130.458
M204 S1000
G1 F1200 X130.459 Y121.129 E563.42962
M204 S10000
G0 F6600 X130.034 Y121.129
M204 S1000
G1 F1200 X121.13 Y130.034 E563.74375
M204 S10000
G0 F6600 X121.13 Y129.609
M204 S1000
G1 F1200 X129.61 Y121.129 E564.0429
M204 S10000
G0 F6600 X129.186 Y121.129
M204 S1000
G1 F1200 X121.13 Y129.185 E564.3271
M204 S10000
G0 F6600 X121.13 Y128.761
M204 S1000
G1 F1200 X128.762 Y121.129 E564.59634
M204 S10000
G0 F6600 X128.337 Y121.129
M204 S1000
G1 F1200 X121.13 Y128.337 E564.8506
M204 S10000
G0 F6600 X121.13 Y127.912
M204 S1000
G1 F1200 X127.913 Y121.129 E565.08989
M204 S10000
G0 F6600 X127.489 Y121.129
M204 S1000
G1 F1200 X121.13 Y127.488 E565.31422
M204 S10000
G0 F6600 X121.13 Y127.064
M204 S1000
G1 F1200 X127.064 Y121.129 E565.52358
M204 S10000
G0 F6600 X126.64 Y121.129
M204 S1000
G1 F1200 X121.13 Y126.639 E565.71796
M204 S10000
G0 F6600 X121.13 Y126.215
M204 S1000
G1 F1200 X126.216 Y121.129 E565.89738
M204 S10000
G0 F6600 X125.792 Y121.129
M204 S1000
G1 F1200 X121.13 Y125.791 E566.06185
M204 S10000
G0 F6600 X121.13 Y125.367
M204 S1000
G1 F1200 X125.367 Y121.129 E566.21134
M204 S10000
G0 F6600 X124.943 Y121.129
M204 S1000
G1 F1200 X121.13 Y124.942 E566.34585
M204 S10000
G0 F6600 X121.13 Y124.518
M204 S1000
G1 F1200 X124.519 Y121.129 E566.46541
M204 S10000
G0 F6600 X124.095 Y121.129
M204 S1000
G1 F1200 X121.13 Y124.094 E566.57
M204 S10000
G0 F6600 X121.13 Y123.67
M204 S1000
G1 F1200 X123.67 Y121.129 E566.65963
M204 S10000
G0 F6600 X123.246 Y121.129
M204 S1000
G1 F1200 X121.13 Y123.245 E566.73427
M204 S10000
G0 F6600 X121.13 Y122.821
M204 S1000
G1 F1200 X122.822 Y121.129 E566.79396
M204 S10000
G0 F6600 X122.398 Y121.129
M204 S1000
G1 F1200 X121.13 Y122.397 E566.8387
M204 S10000
G0 F6600 X121.13 Y121.973
M204 S1000
G1 F1200 X121.973 Y121.129 E566.86845
M204 S10000
G0 F6600 X121.549 Y121.129
M204 S1000
G1 F1200 X121.13 Y121.548 E566.88323
M204 S10000
G0 F6600 X120.71 Y121.548
G1 F3000 E560.88323
;MESH:NONMESH
G0 F300 X120.71 Y121.548 Z0.56
G0 F6600 X120.024 Y120.024
G0 X117.318 Y117.206
;TIME_ELAPSED:1301.030472
;LAYER:2
M106 S170
M204 S1000
;TYPE:SKIRT
G1 F3000 E566.88323
G1 F1200 X117.708 Y116.891 E566.89574
G1 X118.143 Y116.641 E566.90826
G1 X118.612 Y116.463 E566.92077
G1 X119.104 Y116.363 E566.93329
G1 X119.401 Y116.34 E566.94072
G1 X119.722 Y116.331 E566.94873
G1 X179.858 Y116.33 E568.44883
G1 X180.556 Y116.34 E568.46625
G1 X181.056 Y116.387 E568.47877
G1 X181.541 Y116.513 E568.49127
G1 X182.001 Y116.714 E568.5038
G1 X182.422 Y116.986 E568.5163
G1 X182.795 Y117.321 E568.52881
G1 X183.111 Y117.711 E568.54133
G1 X183.36 Y118.146 E568.55383
G1 X183.537 Y118.616 E568.56636
G1 X183.638 Y119.107 E568.57886
G1 X183.66 Y119.401 E568.58622
G1 X183.669 Y119.721 E568.5942
G1 X183.67 Y179.823 E570.09345
G1 X183.661 Y180.55 E570.11159
G1 X183.615 Y181.049 E570.12409
G1 X183.49 Y181.535 E570.13661
G1 X183.289 Y181.995 E570.14913
G1 X183.019 Y182.417 E570.16163
G1 X182.684 Y182.791 E570.17415
G1 X182.295 Y183.107 E570.18665
G1 X181.86 Y183.358 E570.19918
G1 X181.391 Y183.536 E570.2117
G1 X180.9 Y183.637 E570.2242
G1 X180.599 Y183.66 E570.23173
G1 X180.278 Y183.669 E570.23974
G1 X120.146 Y183.67 E571.73974
G1 X119.448 Y183.661 E571.75715
G1 X118.949 Y183.614 E571.76966
G1 X118.463 Y183.489 E571.78217
G1 X118.003 Y183.289 E571.79469
G1 X117.581 Y183.018 E571.8072
G1 X117.208 Y182.683 E571.8197
G1 X116.892 Y182.293 E571.83222
G1 X116.642 Y181.859 E571.84472
G1 X116.464 Y181.39 E571.85723
G1 X116.363 Y180.898 E571.86976
G1 X116.34 Y180.596 E571.87732
G1 X116.331 Y180.263 E571.88562
G1 X116.33 Y120.111 E573.38612
G1 X116.339 Y119.446 E573.40271
G1 X116.386 Y118.947 E573.41522
G1 X116.511 Y118.461 E573.42773
G1 X116.712 Y118.002 E573.44023
G1 X116.984 Y117.58 E573.45276
G1 X117.318 Y117.206 E573.46527
M204 S10000
G1 F3000 E567.46527
;MESH:Lid_top_panel.stl
G0 F9600 X121.06 Y121.06
G0 X178.968 Y121.032
G0 X179.09 Y179.09
M204 S1000
;TYPE:WALL-INNER
G1 F3000 E573.46527
G1 F1800 X179.09 Y120.91 E574.91657
G1 X120.91 Y120.91 E576.36788
G1 X120.91 Y179.09 E577.81918
G1 X179.09 Y179.09 E579.27049
M204 S10000
G0 F9600 X179.39 Y179.39
M204 S1000
G1 F1800 X179.39 Y120.61 E580.73676
G1 X120.61 Y120.61 E582.20304
G1 X120.61 Y179.39 E583.66931
G1 X179.39 Y179.39 E585.13558
M204 S10000
G0 F9600 X179.69 Y179.69
M204 S1000
G1 F1800 X179.69 Y120.31 E586.61682
G1 X120.31 Y120.31 E588.09806
G1 X120.31 Y179.69 E589.5793
G1 X179.69 Y179.69 E591.06054
M204 S10000
G0 F9600 X179.94 Y179.94
M204 S1000
;TYPE:WALL-OUTER
G1 F1800 X179.94 Y120.06 E592.55425
G1 X120.06 Y120.06 E594.04797
G1 X120.06 Y179.94 E595.54168
G1 X179.94 Y179.94 E597.03539
M204 S10000
G0 F9600 X179.94 Y179.74
G0 X179.69 Y179.74
G0 X179.04 Y178.82
G0 X178.82 Y178.82
M204 S1000
;TYPE:SKIN
G1 F1200 X121.18 Y178.82 E598.47323
G1 X121.18 Y121.18 E599.91106
G1 X178.82 Y121.18 E601.3489
G1 X178.82 Y178.82 E602.78673
M204 S10000
G1 F3000 E596.78673
G0 F9600 X179.04 Y178.82
G0 X179.04 Y121.393
G0 X178.669 Y121.393
M204 S1000
G1 F3000 E602.78673
G1 F1200 X178.605 Y121.33 E602.78898
M204 S10000
G0 F9600 X178.181 Y121.33
M204 S1000
G1 F1200 X178.669 Y121.818 E602.80619
M204 S10000
G0 F9600 X178.669 Y122.242
M204 S1000
G1 F1200 X177.757 Y121.33 E602.83836
M204 S10000
G0 F9600 X177.333 Y121.33
M204 S1000
G1 F1200 X178.669 Y122.666 E602.88549
M204 S10000
G0 F9600 X178.669 Y123.091
M204 S1000
G1 F1200 X176.908 Y121.33 E602.94762
M204 S10000
G0 F9600 X176.484 Y121.33
M204 S1000
G1 F1200 X178.669 Y123.515 E603.0247
M204 S10000
G0 F9600 X178.669 Y123.939
M204 S1000
G1 F1200 X176.06 Y121.33 E603.11674
M204 S10000
G0 F9600 X175.636 Y121.33
M204 S1000
G1 F1200 X178.669 Y124.363 E603.22374
M204 S10000
G0 F9600 X178.669 Y124.788
M204 S1000
G1 F1200 X175.211 Y121.33 E603.34573
M204 S10000
G0 F9600 X174.787 Y121.33
M204 S1000
G1 F1200 X178.669 Y125.212 E603.48268
M204 S10000
G0 F9600 X178.669 Y125.636
M204 S1000
G1 F1200 X174.363 Y121.33 E603.63458
M204 S10000
G0 F9600 X173.939 Y121.33
M204 S1000
G1 F1200 X178.669 Y126.06 E603.80145
M204 S10000
G0 F9600 X178.669 Y126.485
M204 S1000
G1 F1200 X173.514 Y121.33 E603.9833
M204 S10000
G0 F9600 X173.09 Y121.33
M204 S1000
G1 F1200 X178.669 Y126.909 E604.18012
M204 S10000
G0 F9600 X178.669 Y127.333
M204 S1000
G1 F1200 X172.666 Y121.33 E604.39189
M204 S10000
G0 F9600 X172.242 Y121.33
M204 S1000
G1 F1200 X178.669 Y127.757 E604.61862
M204 S10000
G0 F9600 X178.669 Y128.182
M204 S1000
G1 F1200 X171.817 Y121.33 E604.86034
M204 S10000
G0 F9600 X171.393 Y121.33
M204 S1000
G1 F1200 X178.669 Y128.606 E605.11702
M204 S10000
G0 F9600 X178.669 Y129.03
M204 S1000
G1 F1200 X170.969 Y121.33 E605.38866
M204 S10000
G0 F9600 X170.544 Y121.33
M204 S1000
G1 F1200 X178.669 Y129.454 E605.67527
M204 S10000
G0 F9600 X178.669 Y129.879
M204 S1000
G1 F1200 X170.12 Y121.33 E605.97686
M204 S10000
G0 F9600 X169.696 Y121.33
M204 S1000
G1 F1200 X178.669 Y130.303 E606.29341
M204 S10000
G0 F9600 X178.669 Y130.727
M204 S1000
G1 F1200 X169.272 Y121.33 E606.62491
M204 S10000
G0 F9600 X168.847 Y121.33
M204 S1000
G1 F1200 X178.669 Y131.152 E606.97141
M204 S10000
G0 F9600 X178.669 Y131.576
M204 S1000
G1 F1200 X168.423 Y121.33 E607.33287
M204 S10000
G0 F9600 X167.999 Y121.33
M204 S1000
G1 F1200 X178.669 Y132 E607.70928
M204 S10000
G0 F9600 X178.669 Y132.424
M204 S1000
G1 F1200 X167.575 Y121.33 E608.10065
M204 S10000
G0 F9600 X167.15 Y121.33
M204 S1000
G1 F1200 X178.669 Y132.849 E608.50701
M204 S10000
G0 F9600 X178.669 Y133.273
M204 S1000
G1 F1200 X166.726 Y121.33 E608.92834
M204 S10000
G0 F9600 X166.302 Y121.33
M204 S1000
G1 F1200 X178.669 Y133.697 E609.36461
M204 S10000
G0 F9600 X178.669 Y134.121
M204 S1000
G1 F1200 X165.878 Y121.33 E609.81585
M204 S10000
G0 F9600 X165.453 Y121.33
M204 S1000
G1 F1200 X178.669 Y134.546 E610.28208
M204 S10000
G0 F9600 X178.669 Y134.97
M204 S1000
G1 F1200 X165.029 Y121.33 E610.76327
M204 S10000
G0 F9600 X164.605 Y121.33
M204 S1000
G1 F1200 X178.669 Y135.394 E611.25942
M204 S10000
G0 F9600 X178.669 Y135.818
M204 S1000
G1 F1200 X164.181 Y121.33 E611.77052
M204 S10000
G0 F9600 X163.756 Y121.33
M204 S1000
G1 F1200 X178.669 Y136.243 E612.29662
M204 S10000
G0 F9600 X178.669 Y136.667
M204 S1000
G1 F1200 X163.332 Y121.33 E612.83767
M204 S10000
G0 F9600 X162.908 Y121.33
M204 S1000
G1 F1200 X178.669 Y137.091 E613.39368
M204 S10000
G0 F9600 X178.669 Y137.516
M204 S1000
G1 F1200 X162.483 Y121.33 E613.96469
M204 S10000
G0 F9600 X162.059 Y121.33
M204 S1000
G1 F1200 X178.669 Y137.94 E614.55065
M204 S10000
G0 F9600 X178.669 Y138.364
M204 S1000
G1 F1200 X161.635 Y121.33 E615.15157
M204 S10000
G0 F9600 X161.211 Y121.33
M204 S1000
G1 F1200 X178.669 Y138.788 E615.76745
M204 S10000
G0 F9600 X178.669 Y139.213
M204 S1000
G1 F1200 X160.786 Y121.33 E616.39832
M204 S10000
G0 F9600 X160.362 Y121.33
M204 S1000
G1 F1200 X178.669 Y139.637 E617.04415
M204 S10000
G0 F9600 X178.669 Y140.061
M204 S1000
G1 F1200 X159.938 Y121.33 E617.70493
M204 S10000
G0 F9600 X159.514 Y121.33
M204 S1000
G1 F1200 X178.669 Y140.485 E618.38068
M204 S10000
G0 F9600 X178.669 Y140.91
M204 S1000
G1 F1200 X159.089 Y121.33 E619.07142
M204 S10000
G0 F9600 X158.665 Y121.33
M204 S1000
G1 F1200 X178.669 Y141.334 E619.77711
M204 S10000
G0 F9600 X178.669 Y141.758
M204 S1000
G1 F1200 X158.241 Y121.33 E620.49776
M204 S10000
G0 F9600 X157.817 Y121.33
M204 S1000
G1 F1200 X178.669 Y142.182 E621.23337
M204 S10000
G0 F9600 X178.669 Y142.607
M204 S1000
G1 F1200 X157.392 Y121.33 E621.98398
M204 S10000
G0 F9600 X156.968 Y121.33
M204 S1000
G1 F1200 X178.669 Y143.031 E622.74954
M204 S10000
G0 F9600 X178.669 Y143.455
M204 S1000
G1 F1200 X156.544 Y121.33 E623.53006
M204 S10000
G0 F9600 X156.119 Y121.33
M204 S1000
G1 F1200 X178.669 Y143.879 E624.32555
M204 S10000
G0 F9600 X178.669 Y144.304
M204 S1000
G1 F1200 X155.695 Y121.33 E625.13602
M204 S10000
G0 F9600 X155.271 Y121.33
M204 S1000
G1 F1200 X178.669 Y144.728 E625.96145
M204 S10000
G0 F9600 X178.669 Y145.152
M204 S1000
G1 F1200 X154.847 Y121.33 E626.80184
M204 S10000
G0 F9600 X154.422 Y121.33
M204 S1000
G1 F1200 X178.669 Y145.577 E627.65721
M204 S10000
G0 F9600 X178.669 Y146.001
M204 S1000
G1 F1200 X153.998 Y121.33 E628.52755
M204 S10000
G0 F9600 X153.574 Y121.33
M204 S1000
G1 F1200 X178.669 Y146.425 E629.41284
M204 S10000
G0 F9600 X178.669 Y146.849
M204 S1000
G1 F1200 X153.15 Y121.33 E630.3131
M204 S10000
G0 F9600 X152.725 Y121.33
M204 S1000
G1 F1200 X178.669 Y147.274 E631.22834
M204 S10000
G0 F9600 X178.669 Y147.698
M204 S1000
G1 F1200 X152.301 Y121.33 E632.15854
M204 S10000
G0 F9600 X151.877 Y121.33
M204 S1000
G1 F1200 X178.669 Y148.122 E633.1037
M204 S10000
G0 F9600 X178.669 Y148.546
M204 S1000
G1 F1200 X151.453 Y121.33 E634.06382
M204 S10000
G0 F9600 X151.028 Y121.33
M204 S1000
G1 F1200 X178.669 Y148.971 E635.03893
M204 S10000
G0 F9600 X178.669 Y149.395
M204 S1000
G1 F1200 X150.604 Y121.33 E636.029
M204 S10000
G0 F9600 X150.18 Y121.33
M204 S1000
G1 F1200 X178.669 Y149.819 E637.03403
M204 S10000
G0 F9600 X178.669 Y150.243
M204 S1000
G1 F1200 X149.756 Y121.33 E638.05401
M204 S10000
G0 F9600 X149.331 Y121.33
M204 S1000
G1 F1200 X178.669 Y150.668 E639.08899
M204 S10000
G0 F9600 X178.669 Y151.092
M204 S1000
G1 F1200 X148.907 Y121.33 E640.13892
M204 S10000
G0 F9600 X148.483 Y121.33
M204 S1000
G1 F1200 X178.669 Y151.516 E641.20382
M204 S10000
G0 F9600 X178.669 Y151.94
M204 S1000
G1 F1200 X148.058 Y121.33 E642.28368
M204 S10000
G0 F9600 X147.634 Y121.33
M204 S1000
G1 F1200 X178.669 Y152.365 E643.37853
M204 S10000
G0 F9600 X178.669 Y152.789
M204 S1000
G1 F1200 X147.21 Y121.33 E644.48833
M204 S10000
G0 F9600 X146.786 Y121.33
M204 S1000
G1 F1200 X178.669 Y153.213 E645.61309
M204 S10000
G0 F9600 X178.669 Y153.638
M204 S1000
G1 F1200 X146.361 Y121.33 E646.75284
M204 S10000
G0 F9600 X145.937 Y121.33
M204 S1000
G1 F1200 X178.669 Y154.062 E647.90755
M204 S10000
G0 F9600 X178.669 Y154.486
M204 S1000
G1 F1200 X145.513 Y121.33 E649.07722
M204 S10000
G0 F9600 X145.089 Y121.33
M204 S1000
G1 F1200 X178.669 Y154.91 E650.26184
M204 S10000
G0 F9600 X178.669 Y155.335
M204 S1000
G1 F1200 X144.664 Y121.33 E651.46146
M204 S10000
G0 F9600 X144.24 Y121.33
M204 S1000
G1 F1200 X178.669 Y155.759 E652.67604
M204 S10000
G0 F9600 X178.669 Y156.183
M204 S1000
G1 F1200 X143.816 Y121.33 E653.90557
M204 S10000
G0 F9600 X143.392 Y121.33
M204 S1000
G1 F1200 X178.669 Y156.607 E655.15006
M204 S10000
G0 F9600 X178.669 Y157.032
M204 S1000
G1 F1200 X142.967 Y121.33 E656.40955
M204 S10000
G0 F9600 X142.543 Y121.33
M204 S1000
G1 F1200 X178.669 Y157.456 E657.68399
M204 S10000
G0 F9600 X178.669 Y157.88
M204 S1000
G1 F1200 X142.119 Y121.33 E658.97339
M204 S10000
G0 F9600 X141.695 Y121.33
M204 S1000
G1 F1200 X178.669 Y158.304 E660.27775
M204 S10000
G0 F9600 X178.669 Y158.729
M204 S1000
G1 F1200 X141.27 Y121.33 E661.5971
M204 S10000
G0 F9600 X140.846 Y121.33
M204 S1000
G1 F1200 X178.669 Y159.153 E662.9314
M204 S10000
G0 F9600 X178.669 Y159.577
M204 S1000
G1 F1200 X140.422 Y121.33 E664.28067
M204 S10000
G0 F9600 X139.997 Y121.33
M204 S1000
G1 F1200 X178.669 Y160.002 E665.64493
M204 S10000
G0 F9600 X178.669 Y160.426
M204 S1000
G1 F1200 X139.573 Y121.33 E667.02415
M204 S10000
G0 F9600 X139.149 Y121.33
M204 S1000
G1 F1200 X178.669 Y160.85 E668.41832
M204 S10000
G0 F9600 X178.669 Y161.274
M204 S1000
G1 F1200 X138.725 Y121.33 E669.82745
M204 S10000
G0 F9600 X138.3 Y121.33
M204 S1000
G1 F1200 X178.669 Y161.699 E671.25158
M204 S10000
G0 F9600 X178.669 Y162.123
M204 S1000
G1 F1200 X137.876 Y121.33 E672.69066
M204 S10000
G0 F9600 X137.452 Y121.33
M204 S1000
G1 F1200 X178.669 Y162.547 E674.1447
M204 S10000
G0 F9600 X178.669 Y162.971
M204 S1000
G1 F1200 X137.028 Y121.33 E675.6137
M204 S10000
G0 F9600 X136.603 Y121.33
M204 S1000
G1 F1200 X178.669 Y163.396 E677.09769
M204 S10000
G0 F9600 X178.669 Y163.82
M204 S1000
G1 F1200 X136.179 Y121.33 E678.59664
M204 S10000
G0 F9600 X135.755 Y121.33
M204 S1000
G1 F1200 X178.669 Y164.244 E680.11055
M204 S10000
G0 F9600 X178.669 Y164.668
M204 S1000
G1 F1200 X135.331 Y121.33 E681.63942
M204 S10000
G0 F9600 X134.906 Y121.33
M204 S1000
G1 F1200 X178.669 Y165.093 E683.18327
M204 S10000
G0 F9600 X178.669 Y165.517
M204 S1000
G1 F1200 X134.482 Y121.33 E684.74209
M204 S10000
G0 F9600 X134.058 Y121.33
M204 S1000
G1 F1200 X178.669 Y165.941 E686.31586
M204 S10000
G0 F9600 X178.669 Y166.365
M204 S1000
G1 F1200 X133.633 Y121.33 E687.90461
M204 S10000
G0 F9600 X133.209 Y121.33
M204 S1000
G1 F1200 X178.669 Y166.79 E689.50834
M204 S10000
G0 F9600 X178.669 Y167.214
M204 S1000
G1 F1200 X132.785 Y121.33 E691.12702
M204 S10000
G0 F9600 X132.361 Y121.33
M204 S1000
G1 F1200 X178.669 Y167.638 E692.76066
M204 S10000
G0 F9600 X178.669 Y168.063
M204 S1000
G1 F1200 X131.936 Y121.33 E694.40929
M204 S10000
G0 F9600 X131.512 Y121.33
M204 S1000
G1 F1200 X178.669 Y168.487 E696.07288
M204 S10000
G0 F9600 X178.669 Y168.911
M204 S1000
G1 F1200 X131.088 Y121.33 E697.75143
M204 S10000
G0 F9600 X130.664 Y121.33
M204 S1000
G1 F1200 X178.669 Y169.335 E699.44494
M204 S10000
G0 F9600 X178.669 Y169.76
M204 S1000
G1 F1200 X130.239 Y121.33 E701.15343
M204 S10000
G0 F9600 X129.815 Y121.33
M204 S1000
G1 F1200 X178.669 Y170.184 E702.87689
M204 S10000
G0 F9600 X178.669 Y170.608
M204 S1000
G1 F1200 X129.391 Y121.33 E704.61531
M204 S10000
G0 F9600 X128.967 Y121.33
M204 S1000
G1 F1200 X178.669 Y171.032 E706.36868
M204 S10000
G0 F9600 X178.669 Y171.457
M204 S1000
G1 F1200 X128.542 Y121.33 E708.13704
M204 S10000
G0 F9600 X128.118 Y121.33
M204 S1000
G1 F1200 X178.669 Y171.881 E709.92037
M204 S10000
G0 F9600 X178.669 Y172.305
M204 S1000
G1 F1200 X127.694 Y121.33 E711.71865
M204 S10000
G0 F9600 X127.27 Y121.33
M204 S1000
G1 F1200 X178.669 Y172.729 E713.53189
M204 S10000
G0 F9600 X178.669 Y173.154
M204 S1000
G1 F1200 X126.845 Y121.33 E715.36012
M204 S10000
G0 F9600 X126.421 Y121.33
M204 S1000
G1 F1200 X178.669 Y173.578 E717.20331
M204 S10000
G0 F9600 X178.669 Y174.002
M204 S1000
G1 F1200 X125.997 Y121.33 E719.06145
M204 S10000
G0 F9600 X125.572 Y121.33
M204 S1000
G1 F1200 X178.669 Y174.426 E720.93458
M204 S10000
G0 F9600 X178.669 Y174.851
M204 S1000
G1 F1200 X125.148 Y121.33 E722.82267
M204 S10000
G0 F9600 X124.724 Y121.33
M204 S1000
G1 F1200 X178.669 Y175.275 E724.72573
M204 S10000
G0 F9600 X178.669 Y175.699
M204 S1000
G1 F1200 X124.3 Y121.33 E726.64374
M204 S10000
G0 F9600 X123.875 Y121.33
M204 S1000
G1 F1200 X178.669 Y176.124 E728.57675
M204 S10000
G0 F9600 X178.669 Y176.548
M204 S1000
G1 F1200 X123.451 Y121.33 E730.52471
M204 S10000
G0 F9600 X123.027 Y121.33
M204 S1000
G1 F1200 X178.669 Y176.972 E732.48764
M204 S10000
G0 F9600 X178.669 Y177.396
M204 S1000
G1 F1200 X122.603 Y121.33 E734.46551
M204 S10000
G0 F9600 X122.178 Y121.33
M204 S1000
G1 F1200 X178.669 Y177.821 E736.45839
M204 S10000
G0 F9600 X178.669 Y178.245
M204 S1000
G1 F1200 X121.754 Y121.33 E738.46622
M204 S10000
G0 F9600 X121.329 Y121.329
M204 S1000
G1 F1200 X178.669 Y178.669 E740.48904
M204 S10000
G0 F9600 X178.245 Y178.669
M204 S1000
G1 F1200 X121.329 Y121.753 E742.49691
M204 S10000
G0 F9600 X121.329 Y122.178
M204 S1000
G1 F1200 X177.821 Y178.669 E744.4898
M204 S10000
G0 F9600 X177.396 Y178.669
M204 S1000
G1 F1200 X121.329 Y122.602 E746.46771
M204 S10000
G0 F9600 X121.329 Y123.026
M204 S1000
G1 F1200 X176.972 Y178.669 E748.43067
M204 S10000
G0 F9600 X176.548 Y178.669
M204 S1000
G1 F1200 X121.329 Y123.45 E750.37867
M204 S10000
G0 F9600 X121.329 Y123.875
M204 S1000
G1 F1200 X176.124 Y178.669 E752.31169
M204 S10000
G0 F9600 X175.699 Y178.669
M204 S1000
G1 F1200 X121.329 Y124.299 E754.22974
M204 S10000
G0 F9600 X121.329 Y124.723
M204 S1000
G1 F1200 X175.275 Y178.669 E756.13283
M204 S10000
G0 F9600 X174.851 Y178.669
M204 S1000
G1 F1200 X121.329 Y125.148 E758.02095
M204 S10000
G0 F9600 X121.329 Y125.572
M204 S1000
G1 F1200 X174.426 Y178.669 E759.89409
M204 S10000
G0 F9600 X174.002 Y178.669
M204 S1000
G1 F1200 X121.329 Y125.996 E761.75227
M204 S10000
G0 F9600 X121.329 Y126.42
M204 S1000
G1 F1200 X173.578 Y178.669 E763.59549
M204 S10000
G0 F9600 X173.154 Y178.669
M204 S1000
G1 F1200 X121.329 Y126.845 E765.42374
M204 S10000
G0 F9600 X121.329 Y127.269
M204 S1000
G1 F1200 X172.729 Y178.669 E767.23702
M204 S10000
G0 F9600 X172.305 Y178.669
M204 S1000
G1 F1200 X121.329 Y127.693 E769.03533
M204 S10000
G0 F9600 X121.329 Y128.117
M204 S1000
G1 F1200 X171.881 Y178.669 E770.81869
M204 S10000
G0 F9600 X171.457 Y178.669
M204 S1000
G1 F1200 X121.329 Y128.542 E772.58707
M204 S10000
G0 F9600 X121.329 Y128.966
M204 S1000
G1 F1200 X171.032 Y178.669 E774.34048
M204 S10000
G0 F9600 X170.608 Y178.669
M204 S1000
G1 F1200 X121.329 Y129.39 E776.07893
M204 S10000
G0 F9600 X121.329 Y129.814
M204 S1000
G1 F1200 X170.184 Y178.669 E777.80242
M204 S10000
G0 F9600 X169.76 Y178.669
M204 S1000
G1 F1200 X121.329 Y130.239 E779.51094
M204 S10000
G0 F9600 X121.329 Y130.663
M204 S1000
G1 F1200 X169.335 Y178.669 E781.20448
M204 S10000
G0 F9600 X168.911 Y178.669
M204 S1000
G1 F1200 X121.329 Y131.087 E782.88307
M204 S10000
G0 F9600 X121.329 Y131.511
M204 S1000
G1 F1200 X168.487 Y178.669 E784.54669
M204 S10000
G0 F9600 X168.063 Y178.669
M204 S1000
G1 F1200 X121.329 Y131.936 E786.19534
M204 S10000
G0 F9600 X121.329 Y132.36
M204 S1000
G1 F1200 X167.638 Y178.669 E787.82902
M204 S10000
G0 F9600 X167.214 Y178.669
M204 S1000
G1 F1200 X121.329 Y132.784 E789.44773
M204 S10000
G0 F9600 X121.329 Y133.209
M204 S1000
G1 F1200 X166.79 Y178.669 E791.05148
M204 S10000
G0 F9600 X166.365 Y178.669
M204 S1000
G1 F1200 X121.329 Y133.633 E792.64024
M204 S10000
G0 F9600 X121.329 Y134.057
M204 S1000
G1 F1200 X165.941 Y178.669 E794.21405
M204 S10000
G0 F9600 X165.517 Y178.669
M204 S1000
G1 F1200 X121.329 Y134.481 E795.7729
M204 S10000
G0 F9600 X121.329 Y134.906
M204 S1000
G1 F1200 X165.093 Y178.669 E797.31678
M204 S10000
G0 F9600 X164.668 Y178.669
M204 S1000
G1 F1200 X121.329 Y135.33 E798.84568
M204 S10000
G0 F9600 X121.329 Y135.754
M204 S1000
G1 F1200 X164.244 Y178.669 E800.35962
M204 S10000
G0 F9600 X163.82 Y178.669
M204 S1000
G1 F1200 X121.329 Y136.178 E801.85861
M204 S10000
G0 F9600 X121.329 Y136.603
M204 S1000
G1 F1200 X163.396 Y178.669 E803.34261
M204 S10000
G0 F9600 X162.971 Y178.669
M204 S1000
G1 F1200 X121.329 Y137.027 E804.81165
M204 S10000
G0 F9600 X121.329 Y137.451
M204 S1000
G1 F1200 X162.547 Y178.669 E806.26572
M204 S10000
G0 F9600 X162.123 Y178.669
M204 S1000
G1 F1200 X121.329 Y137.875 E807.70484
M204 S10000
G0 F9600 X121.329 Y138.3
M204 S1000
G1 F1200 X161.699 Y178.669 E809.12899
M204 S10000
G0 F9600 X161.274 Y178.669
M204 S1000
G1 F1200 X121.329 Y138.724 E810.53815
M204 S10000
G0 F9600 X121.329 Y139.148
M204 S1000
G1 F1200 X160.85 Y178.669 E811.93236
M204 S10000
G0 F9600 X160.426 Y178.669
M204 S1000
G1 F1200 X121.329 Y139.572 E813.31162
M204 S10000
G0 F9600 X121.329 Y139.997
M204 S1000
G1 F1200 X160.002 Y178.669 E814.67589
M204 S10000
G0 F9600 X159.577 Y178.669
M204 S1000
G1 F1200 X121.329 Y140.421 E816.02519
M204 S10000
G0 F9600 X121.329 Y140.845
M204 S1000
G1 F1200 X159.153 Y178.669 E817.35954
M204 S10000
G0 F9600 X158.729 Y178.669
M204 S1000
G1 F1200 X121.329 Y141.27 E818.67891
M204 S10000
G0 F9600 X121.329 Y141.694
M204 S1000
G1 F1200 X158.304 Y178.669 E819.9833
M204 S10000
G0 F9600 X157.88 Y178.669
M204 S1000
G1 F1200 X121.329 Y142.118 E821.27274
M204 S10000
G0 F9600 X121.329 Y142.542
M204 S1000
G1 F1200 X157.456 Y178.669 E822.54721
M204 S10000
G0 F9600 X157.032 Y178.669
M204 S1000
G1 F1200 X121.329 Y142.967 E823.80671
M204 S10000
G0 F9600 X121.329 Y143.391
M204 S1000
G1 F1200 X156.607 Y178.669 E825.05124
M204 S10000
G0 F9600 X156.183 Y178.669
M204 S1000
G1 F1200 X121.329 Y143.815 E826.28081
M204 S10000
G0 F9600 X121.329 Y144.239
M204 S1000
G1 F1200 X155.759 Y178.669 E827.49542
M204 S10000
G0 F9600 X155.335 Y178.669
M204 S1000
G1 F1200 X121.329 Y144.664 E828.69506
M204 S10000
G0 F9600 X121.329 Y145.088
M204 S1000
G1 F1200 X154.91 Y178.669 E829.87972
M204 S10000
G0 F9600 X154.486 Y178.669
M204 S1000
G1 F1200 X121.329 Y145.512 E831.04942
M204 S10000
G0 F9600 X121.329 Y145.936
M204 S1000
G1 F1200 X154.062 Y178.669 E832.20417
M204 S10000
G0 F9600 X153.638 Y178.669
M204 S1000
G1 F1200 X121.329 Y146.361 E833.34394
M204 S10000
G0 F9600 X121.329 Y146.785
M204 S1000
G1 F1200 X153.213 Y178.669 E834.46873
M204 S10000
G0 F9600 X152.789 Y178.669
M204 S1000
G1 F1200 X121.329 Y147.209 E835.57857
M204 S10000
G0 F9600 X121.329 Y147.633
M204 S1000
G1 F1200 X152.365 Y178.669 E836.67344
M204 S10000
G0 F9600 X151.94 Y178.669
M204 S1000
G1 F1200 X121.329 Y148.058 E837.75333
M204 S10000
G0 F9600 X121.329 Y148.482
M204 S1000
G1 F1200 X151.516 Y178.669 E838.81826
M204 S10000
G0 F9600 X151.092 Y178.669
M204 S1000
G1 F1200 X121.329 Y148.906 E839.86823
M204 S10000
G0 F9600 X121.329 Y149.331
M204 S1000
G1 F1200 X150.668 Y178.669 E840.90322
M204 S10000
G0 F9600 X150.243 Y178.669
M204 S1000
G1 F1200 X121.329 Y149.755 E841.92324
M204 S10000
G0 F9600 X121.329 Y150.179
M204 S1000
G1 F1200 X149.819 Y178.669 E842.9283
M204 S10000
G0 F9600 X149.395 Y178.669
M204 S1000
G1 F1200 X121.329 Y150.603 E843.91841
M204 S10000
G0 F9600 X121.329 Y151.028
M204 S1000
G1 F1200 X148.971 Y178.669 E844.89354
M204 S10000
G0 F9600 X148.546 Y178.669
M204 S1000
G1 F1200 X121.329 Y151.452 E845.85369
M204 S10000
G0 F9600 X121.329 Y151.876
M204 S1000
G1 F1200 X148.122 Y178.669 E846.79889
M204 S10000
G0 F9600 X147.698 Y178.669
M204 S1000
G1 F1200 X121.329 Y152.3 E847.72912
M204 S10000
G0 F9600 X121.329 Y152.725
M204 S1000
G1 F1200 X147.274 Y178.669 E848.64439
M204 S10000
G0 F9600 X146.849 Y178.669
M204 S1000
G1 F1200 X121.329 Y153.149 E849.54467
M204 S10000
G0 F9600 X121.329 Y153.573
M204 S1000
G1 F1200 X146.425 Y178.669 E850.43
M204 S10000
G0 F9600 X146.001 Y178.669
M204 S1000
G1 F1200 X121.329 Y153.997 E851.30037
M204 S10000
G0 F9600 X121.329 Y154.422
M204 S1000
G1 F1200 X145.577 Y178.669 E852.15577
M204 S10000
G0 F9600 X145.152 Y178.669
M204 S1000
G1 F1200 X121.329 Y154.846 E852.99619
M204 S10000
G0 F9600 X121.329 Y155.27
M204 S1000
G1 F1200 X144.728 Y178.669 E853.82165
M204 S10000
G0 F9600 X144.304 Y178.669
M204 S1000
G1 F1200 X121.329 Y155.695 E854.63214
M204 S10000
G0 F9600 X121.329 Y156.119
M204 S1000
G1 F1200 X143.879 Y178.669 E855.42765
M204 S10000
G0 F9600 X143.455 Y178.669
M204 S1000
G1 F1200 X121.329 Y156.543 E856.20821
M204 S10000
G0 F9600 X121.329 Y156.967
M204 S1000
G1 F1200 X143.031 Y178.669 E856.9738
M204 S10000
G0 F9600 X142.607 Y178.669
M204 S1000
G1 F1200 X121.329 Y157.392 E857.72442
M204 S10000
G0 F9600 X121.329 Y157.816
M204 S1000
G1 F1200 X142.182 Y178.669 E858.46007
M204 S10000
G0 F9600 X141.758 Y178.669
M204 S1000
G1 F1200 X121.329 Y158.24 E859.18076
M204 S10000
G0 F9600 X121.329 Y158.664
M204 S1000
G1 F1200 X141.334 Y178.669 E859.88649
M204 S10000
G0 F9600 X140.91 Y178.669
M204 S1000
G1 F1200 X121.329 Y159.089 E860.57724
M204 S10000
G0 F9600 X121.329 Y159.513
M204 S1000
G1 F1200 X140.485 Y178.669 E861.25302
M204 S10000
G0 F9600 X140.061 Y178.669
M204 S1000
G1 F1200 X121.329 Y159.937 E861.91385
M204 S10000
G0 F9600 X121.329 Y160.361
M204 S1000
G1 F1200 X139.637 Y178.669 E862.55971
M204 S10000
G0 F9600 X139.213 Y178.669
M204 S1000
G1 F1200 X121.329 Y160.786 E863.1906
M204 S10000
G0 F9600 X121.329 Y161.21
M204 S1000
G1 F1200 X138.788 Y178.669 E863.80651
M204 S10000
G0 F9600 X138.364 Y178.669
M204 S1000
G1 F1200 X121.329 Y161.634 E864.40747
M204 S10000
G0 F9600 X121.329 Y162.058
M204 S1000
G1 F1200 X137.94 Y178.669 E864.99347
M204 S10000
G0 F9600 X137.516 Y178.669
M204 S1000
G1 F1200 X121.329 Y162.483 E865.56449
M204 S10000
G0 F9600 X121.329 Y162.907
M204 S1000
G1 F1200 X137.091 Y178.669 E866.12053
M204 S10000
G0 F9600 X136.667 Y178.669
M204 S1000
G1 F1200 X121.329 Y163.331 E866.66162
M204 S10000
G0 F9600 X121.329 Y163.756
M204 S1000
G1 F1200 X136.243 Y178.669 E867.18774
M204 S10000
G0 F9600 X135.818 Y178.669
M204 S1000
G1 F1200 X121.329 Y164.18 E867.69888
M204 S10000
G0 F9600 X121.329 Y164.604
M204 S1000
G1 F1200 X135.394 Y178.669 E868.19506
M204 S10000
G0 F9600 X134.97 Y178.669
M204 S1000
G1 F1200 X121.329 Y165.028 E868.67628
M204 S10000
G0 F9600 X121.329 Y165.453
M204 S1000
G1 F1200 X134.546 Y178.669 E869.14253
M204 S10000
G0 F9600 X134.121 Y178.669
M204 S1000
G1 F1200 X121.329 Y165.877 E869.5938
M204 S10000
G0 F9600 X121.329 Y166.301
M204 S1000
G1 F1200 X133.697 Y178.669 E870.03012
M204 S10000
G0 F9600 X133.273 Y178.669
M204 S1000
G1 F1200 X121.329 Y166.725 E870.45147
M204 S10000
G0 F9600 X121.329 Y167.15
M204 S1000
G1 F1200 X132.849 Y178.669 E870.85785
M204 S10000
G0 F9600 X132.424 Y178.669
M204 S1000
G1 F1200 X121.329 Y167.574 E871.24926
M204 S10000
G0 F9600 X121.329 Y167.998
M204 S1000
G1 F1200 X132 Y178.669 E871.62571
M204 S10000
G0 F9600 X131.576 Y178.669
M204 S1000
G1 F1200 X121.329 Y168.422 E871.9872
M204 S10000
G0 F9600 X121.329 Y168.847
M204 S1000
G1 F1200 X131.152 Y178.669 E872.33371
M204 S10000
G0 F9600 X130.727 Y178.669
M204 S1000
G1 F1200 X121.329 Y169.271 E872.66525
M204 S10000
G0 F9600 X121.329 Y169.695
M204 S1000
G1 F1200 X130.303 Y178.669 E872.98184
M204 S10000
G0 F9600 X129.879 Y178.669
M204 S1000
G1 F1200 X121.329 Y170.119 E873.28346
M204 S10000
G0 F9600 X121.329 Y170.544
M204 S1000
G1 F1200 X129.454 Y178.669 E873.57009
M204 S10000
G0 F9600 X129.03 Y178.669
M204 S1000
G1 F1200 X121.329 Y170.968 E873.84177
M204 S10000
G0 F9600 X121.329 Y171.392
M204 S1000
G1 F1200 X128.606 Y178.669 E874.09848
M204 S10000
G0 F9600 X128.182 Y178.669
M204 S1000
G1 F1200 X121.329 Y171.817 E874.34022
M204 S10000
G0 F9600 X121.329 Y172.241
M204 S1000
G1 F1200 X127.757 Y178.669 E874.56699
M204 S10000
G0 F9600 X127.333 Y178.669
M204 S1000
G1 F1200 X121.329 Y172.665 E874.77879
M204 S10000
G0 F9600 X121.329 Y173.089
M204 S1000
G1 F1200 X126.909 Y178.669 E874.97564
M204 S10000
G0 F9600 X126.485 Y178.669
M204 S1000
G1 F1200 X121.329 Y173.514 E875.15752
M204 S10000
G0 F9600 X121.329 Y173.938
M204 S1000
G1 F1200 X126.06 Y178.669 E875.32442
M204 S10000
G0 F9600 X125.636 Y178.669
M204 S1000
G1 F1200 X121.329 Y174.362 E875.47636
M204 S10000
G0 F9600 X121.329 Y174.786
M204 S1000
G1 F1200 X125.212 Y178.669 E875.61334
M204 S10000
G0 F9600 X124.788 Y178.669
M204 S1000
G1 F1200 X121.329 Y175.211 E875.73535
M204 S10000
G0 F9600 X121.329 Y175.635
M204 S1000
G1 F1200 X124.363 Y178.669 E875.84238
M204 S10000
G0 F9600 X123.939 Y178.669
M204 S1000
G1 F1200 X121.329 Y176.059 E875.93446
M204 S10000
G0 F9600 X121.329 Y176.483
M204 S1000
G1 F1200 X123.515 Y178.669 E876.01157
M204 S10000
G0 F9600 X123.091 Y178.669
M204 S1000
G1 F1200 X121.329 Y176.908 E876.07371
M204 S10000
G0 F9600 X121.329 Y177.332
M204 S1000
G1 F1200 X122.666 Y178.669 E876.12088
M204 S10000
G0 F9600 X122.242 Y178.669
M204 S1000
G1 F1200 X121.329 Y177.756 E876.15309
M204 S10000
G0 F9600 X121.329 Y178.181
M204 S1000
G1 F1200 X121.818 Y178.669 E876.17032
M204 S10000
G0 F9600 X121.393 Y178.669
M204 S1000
G1 F1200 X121.329 Y178.605 E876.17258
M204 S10000
G0 F9600 X120.91 Y178.605
G1 F3000 E870.17258
;MESH:NONMESH
G0 F300 X120.91 Y178.605 Z0.76
G0 F9600 X121.032 Y178.968
G0 X178.968 Y178.968
G0 X178.89 Y178.89
;TIME_ELAPSED:1927.556220
;LAYER:3
M106 S255
M204 S1000
;TYPE:WALL-INNER
;MESH:Lid_top_panel.stl
G1 F3000 E876.17258
G1 F1800 X178.89 Y121.11 E877.61391
G1 X121.11 Y121.11 E879.05524
G1 X121.11 Y178.89 E880.49656
G1 X178.89 Y178.89 E881.93789
M204 S10000
G0 F9600 X179.19 Y179.19
M204 S1000
G1 F1800 X179.19 Y120.81 E883.39419
G1 X120.81 Y120.81 E884.85048
G1 X120.81 Y179.19 E886.30678
G1 X179.19 Y179.19 E887.76307
M204 S10000
G0 F9600 X179.49 Y179.49
M204 S1000
G1 F1800 X179.49 Y120.51 E889.23433
G1 X120.51 Y120.51 E890.7056
G1 X120.51 Y179.49 E892.17686
G1 X179.49 Y179.49 E893.64812
M204 S10000
G0 F9600 X179.74 Y179.74
M204 S1000
;TYPE:WALL-OUTER
G1 F1800 X179.74 Y120.26 E895.13186
G1 X120.26 Y120.26 E896.61559
G1 X120.26 Y179.74 E898.09932
G1 X179.74 Y179.74 E899.58306
M204 S10000
G0 F9600 X179.74 Y179.54
G0 X179.49 Y179.54
G0 X178.84 Y178.62
G0 X178.62 Y178.62
M204 S1000
;TYPE:SKIN
G1 F1200 X121.38 Y178.62 E901.01092
G1 X121.38 Y121.38 E902.43877
G1 X178.62 Y121.38 E903.86663
G1 X178.62 Y178.62 E905.29449
M204 S10000
G0 F9600 X178.336 Y178.469
M204 S1000
G1 F1200 X178.469 Y178.336 E905.29918
M204 S10000
G0 F9600 X178.469 Y177.912
M204 S1000
G1 F1200 X177.912 Y178.469 E905.31883
M204 S10000
G0 F9600 X177.488 Y178.469
M204 S1000
G1 F1200 X178.469 Y177.488 E905.35344
M204 S10000
G0 F9600 X178.469 Y177.063
M204 S1000
G1 F1200 X177.063 Y178.469 E905.40304
M204 S10000
G0 F9600 X176.639 Y178.469
M204 S1000
G1 F1200 X178.469 Y176.639 E905.4676
M204 S10000
G0 F9600 X178.469 Y176.215
M204 S1000
G1 F1200 X176.215 Y178.469 E905.54711
M204 S10000
G0 F9600 X175.79 Y178.469
M204 S1000
G1 F1200 X178.469 Y175.79 E905.64162
M204 S10000
G0 F9600 X178.469 Y175.366
M204 S1000
G1 F1200 X175.366 Y178.469 E905.75109
M204 S10000
G0 F9600 X174.942 Y178.469
M204 S1000
G1 F1200 X178.469 Y174.942 E905.87551
M204 S10000
G0 F9600 X178.469 Y174.518
M204 S1000
G1 F1200 X174.518 Y178.469 E906.0149
M204 S10000
G0 F9600 X174.093 Y178.469
M204 S1000
G1 F1200 X178.469 Y174.093 E906.16927
M204 S10000
G0 F9600 X178.469 Y173.669
M204 S1000
G1 F1200 X173.669 Y178.469 E906.3386
M204 S10000
G0 F9600 X173.245 Y178.469
M204 S1000
G1 F1200 X178.469 Y173.245 E906.52289
M204 S10000
G0 F9600 X178.469 Y172.821
M204 S1000
G1 F1200 X172.821 Y178.469 E906.72214
M204 S10000
G0 F9600 X172.396 Y178.469
M204 S1000
G1 F1200 X178.469 Y172.396 E906.93638
M204 S10000
G0 F9600 X178.469 Y171.972
M204 S1000
G1 F1200 X171.972 Y178.469 E907.16558
M204 S10000
G0 F9600 X171.548 Y178.469
M204 S1000
G1 F1200 X178.469 Y171.548 E907.40974
M204 S10000
G0 F9600 X178.469 Y171.124
M204 S1000
G1 F1200 X171.124 Y178.469 E907.66886
M204 S10000
G0 F9600 X170.699 Y178.469
M204 S1000
G1 F1200 X178.469 Y170.699 E907.94296
M204 S10000
G0 F9600 X178.469 Y170.275
M204 S1000
G1 F1200 X170.275 Y178.469 E908.23203
M204 S10000
G0 F9600 X169.851 Y178.469
M204 S1000
G1 F1200 X178.469 Y169.851 E908.53605
M204 S10000
G0 F9600 X178.469 Y169.427
M204 S1000
G1 F1200 X169.427 Y178.469 E908.85503
M204 S10000
G0 F9600 X169.002 Y178.469
M204 S1000
G1 F1200 X178.469 Y169.002 E909.18901
M204 S10000
G0 F9600 X178.469 Y168.578
M204 S1000
G1 F1200 X168.578 Y178.469 E909.53794
M204 S10000
G0 F9600 X168.154 Y178.469
M204 S1000
G1 F1200 X178.469 Y168.154 E909.90183
M204 S10000
G0 F9600 X178.469 Y167.729
M204 S1000
G1 F1200 X167.729 Y178.469 E910.28071
M204 S10000
G0 F9600 X167.305 Y178.469
M204 S1000
G1 F1200 X178.469 Y167.305 E910.67455
M204 S10000
G0 F9600 X178.469 Y166.881
M204 S1000
G1 F1200 X166.881 Y178.469 E911.08335
M204 S10000
G0 F9600 X166.457 Y178.469
M204 S1000
G1 F1200 X178.469 Y166.457 E911.5071
M204 S10000
G0 F9600 X178.469 Y166.032
M204 S1000
G1 F1200 X166.032 Y178.469 E911.94585
M204 S10000
G0 F9600 X165.608 Y178.469
M204 S1000
G1 F1200 X178.469 Y165.608 E912.39956
M204 S10000
G0 F9600 X178.469 Y165.184
M204 S1000
G1 F1200 X165.184 Y178.469 E912.86822
M204 S10000
G0 F9600 X164.76 Y178.469
M204 S1000
G1 F1200 X178.469 Y164.76 E913.35185
M204 S10000
G0 F9600 X178.469 Y164.335
M204 S1000
G1 F1200 X164.335 Y178.469 E913.85046
M204 S10000
G0 F9600 X163.911 Y178.469
M204 S1000
G1 F1200 X178.469 Y163.911 E914.36403
M204 S10000
G0 F9600 X178.469 Y163.487
M204 S1000
G1 F1200 X163.487 Y178.469 E914.89256
M204 S10000
G0 F9600 X163.063 Y178.469
M204 S1000
G1 F1200 X178.469 Y163.063 E915.43605
M204 S10000
G0 F9600 X178.469 Y162.638
M204 S1000
G1 F1200 X162.638 Y178.469 E915.99453
M204 S10000
G0 F9600 X162.214 Y178.469
M204 S1000
G1 F1200 X178.469 Y162.214 E916.56797
M204 S10000
G0 F9600 X178.469 Y161.79
M204 S1000
G1 F1200 X161.79 Y178.469 E917.15637
M204 S10000
G0 F9600 X161.366 Y178.469
M204 S1000
G1 F1200 X178.469 Y161.366 E917.75972
M204 S10000
G0 F9600 X178.469 Y160.941
M204 S1000
G1 F1200 X160.941 Y178.469 E918.37807
M204 S10000
G0 F9600 X160.517 Y178.469
M204 S1000
G1 F1200 X178.469 Y160.517 E919.01138
M204 S10000
G0 F9600 X178.469 Y160.093
M204 S1000
G1 F1200 X160.093 Y178.469 E919.65964
M204 S10000
G0 F9600 X159.668 Y178.469
M204 S1000
G1 F1200 X178.469 Y159.668 E920.3229
M204 S10000
G0 F9600 X178.469 Y159.244
M204 S1000
G1 F1200 X159.244 Y178.469 E921.00111
M204 S10000
G0 F9600 X158.82 Y178.469
M204 S1000
G1 F1200 X178.469 Y158.82 E921.69428
M204 S10000
G0 F9600 X178.469 Y158.396
M204 S1000
G1 F1200 X158.396 Y178.469 E922.40241
M204 S10000
G0 F9600 X157.971 Y178.469
M204 S1000
G1 F1200 X178.469 Y157.971 E923.12553
M204 S10000
G0 F9600 X178.469 Y157.547
M204 S1000
G1 F1200 X157.547 Y178.469 E923.86361
M204 S10000
G0 F9600 X157.123 Y178.469
M204 S1000
G1 F1200 X178.469 Y157.123 E924.61665
M204 S10000
G0 F9600 X178.469 Y156.699
M204 S1000
G1 F1200 X156.699 Y178.469 E925.38465
M204 S10000
G0 F9600 X156.274 Y178.469
M204 S1000
G1 F1200 X178.469 Y156.274 E926.16763
M204 S10000
G0 F9600 X178.469 Y155.85
M204 S1000
G1 F1200 X155.85 Y178.469 E926.96558
M204 S10000
G0 F9600 X155.426 Y178.469
M204 S1000
G1 F1200 X178.469 Y155.426 E927.77849
M204 S10000
G0 F9600 X178.469 Y155.002
M204 S1000
G1 F1200 X155.002 Y178.469 E928.60635
M204 S10000
G0 F9600 X154.577 Y178.469
M204 S1000
G1 F1200 X178.469 Y154.577 E929.4492
M204 S10000
G0 F9600 X178.469 Y154.153
M204 S1000
G1 F1200 X154.153 Y178.469 E930.30701
M204 S10000
G0 F9600 X153.729 Y178.469
M204 S1000
G1 F1200 X178.469 Y153.729 E931.17978
M204 S10000
G0 F9600 X178.469 Y153.304
M204 S1000
G1 F1200 X153.304 Y178.469 E932.06755
M204 S10000
G0 F9600 X152.88 Y178.469
M204 S1000
G1 F1200 X178.469 Y152.88 E932.97027
M204 S10000
G0 F9600 X178.469 Y152.456
M204 S1000
G1 F1200 X152.456 Y178.469 E933.88795
M204 S10000
G0 F9600 X152.032 Y178.469
M204 S1000
G1 F1200 X178.469 Y152.032 E934.82058
M204 S10000
G0 F9600 X178.469 Y151.607
M204 S1000
G1 F1200 X151.607 Y178.469 E935.76821
M204 S10000
G0 F9600 X151.183 Y178.469
M204 S1000
G1 F1200 X178.469 Y151.183 E936.7308
M204 S10000
G0 F9600 X178.469 Y150.759
M204 S1000
G1 F1200 X150.759 Y178.469 E937.70835
M204 S10000
G0 F9600 X150.335 Y178.469
M204 S1000
G1 F1200 X178.469 Y150.335 E938.70085
M204 S10000
G0 F9600 X178.469 Y149.91
M204 S1000
G1 F1200 X149.91 Y178.469 E939.70835
M204 S10000
G0 F9600 X149.486 Y178.469
M204 S1000
G1 F1200 X178.469 Y149.486 E940.7308
M204 S10000
G0 F9600 X178.469 Y149.062
M204 S1000
G1 F1200 X149.062 Y178.469 E941.76821
M204 S10000
G0 F9600 X148.638 Y178.469
M204 S1000
G1 F1200 X178.469 Y148.638 E942.82058
M204 S10000
G0 F9600 X178.469 Y148.213
M204 S1000
G1 F1200 X148.213 Y178.469 E943.88794
M204 S10000
G0 F9600 X147.789 Y178.469
M204 S1000
G1 F1200 X178.469 Y147.789 E944.97026
M204 S10000
G0 F9600 X178.469 Y147.365
M204 S1000
G1 F1200 X147.365 Y178.469 E946.06754
M204 S10000
G0 F9600 X146.941 Y178.469
M204 S1000
G1 F1200 X178.469 Y146.941 E947.17977
M204 S10000
G0 F9600 X178.469 Y146.516
M204 S1000
G1 F1200 X146.516 Y178.469 E948.307
M204 S10000
G0 F9600 X146.092 Y178.469
M204 S1000
G1 F1200 X178.469 Y146.092 E949.44919
M204 S10000
G0 F9600 X178.469 Y145.668
M204 S1000
G1 F1200 X145.668 Y178.469 E950.60633
M204 S10000
G0 F9600 X145.243 Y178.469
M204 S1000
G1 F1200 X178.469 Y145.243 E951.77847
M204 S10000
G0 F9600 X178.469 Y144.819
M204 S1000
G1 F1200 X144.819 Y178.469 E952.96556
M204 S10000
G0 F9600 X144.395 Y178.469
M204 S1000
G1 F1200 X178.469 Y144.395 E954.16762
M204 S10000
G0 F9600 X178.469 Y143.971
M204 S1000
G1 F1200 X143.971 Y178.469 E955.38463
M204 S10000
G0 F9600 X143.546 Y178.469
M204 S1000
G1 F1200 X178.469 Y143.546 E956.61663
M204 S10000
G0 F9600 X178.469 Y143.122
M204 S1000
G1 F1200 X143.122 Y178.469 E957.86359
M204 S10000
G0 F9600 X142.698 Y178.469
M204 S1000
G1 F1200 X178.469 Y142.698 E959.12551
M204 S10000
G0 F9600 X178.469 Y142.274
M204 S1000
G1 F1200 X142.274 Y178.469 E960.40239
M204 S10000
G0 F9600 X141.849 Y178.469
M204 S1000
G1 F1200 X178.469 Y141.849 E961.69425
M204 S10000
G0 F9600 X178.469 Y141.425
M204 S1000
G1 F1200 X141.425 Y178.469 E963.00108
M204 S10000
G0 F9600 X141.001 Y178.469
M204 S1000
G1 F1200 X178.469 Y141.001 E964.32287
M204 S10000
G0 F9600 X178.469 Y140.577
M204 S1000
G1 F1200 X140.577 Y178.469 E965.65961
M204 S10000
G0 F9600 X140.152 Y178.469
M204 S1000
G1 F1200 X178.469 Y140.152 E967.01135
M204 S10000
G0 F9600 X178.469 Y139.728
M204 S1000
G1 F1200 X139.728 Y178.469 E968.37804
M204 S10000
G0 F9600 X139.304 Y178.469
M204 S1000
G1 F1200 X178.469 Y139.304 E969.75969
M204 S10000
G0 F9600 X178.469 Y138.88
M204 S1000
G1 F1200 X138.88 Y178.469 E971.1563
M204 S10000
G0 F9600 X138.455 Y178.469
M204 S1000
G1 F1200 X178.469 Y138.455 E972.5679
M204 S10000
G0 F9600 X178.469 Y138.031
M204 S1000
G1 F1200 X138.031 Y178.469 E973.99446
M204 S10000
G0 F9600 X137.607 Y178.469
M204 S1000
G1 F1200 X178.469 Y137.607 E975.43598
M204 S10000
G0 F9600 X178.469 Y137.182
M204 S1000
G1 F1200 X137.182 Y178.469 E976.89249
M204 S10000
G0 F9600 X136.758 Y178.469
M204 S1000
G1 F1200 X178.469 Y136.758 E978.36396
M204 S10000
G0 F9600 X178.469 Y136.334
M204 S1000
G1 F1200 X136.334 Y178.469 E979.85038
M204 S10000
G0 F9600 X135.91 Y178.469
M204 S1000
G1 F1200 X178.469 Y135.91 E981.35177
M204 S10000
G0 F9600 X178.469 Y135.485
M204 S1000
G1 F1200 X135.485 Y178.469 E982.86814
M204 S10000
G0 F9600 X135.061 Y178.469
M204 S1000
G1 F1200 X178.469 Y135.061 E984.39948
M204 S10000
G0 F9600 X178.469 Y134.637
M204 S1000
G1 F1200 X134.637 Y178.469 E985.94577
M204 S10000
G0 F9600 X134.213 Y178.469
M204 S1000
G1 F1200 X178.469 Y134.213 E987.50702
M204 S10000
G0 F9600 X178.469 Y133.788
M204 S1000
G1 F1200 X133.788 Y178.469 E989.08326
M204 S10000
G0 F9600 X133.364 Y178.469
M204 S1000
G1 F1200 X178.469 Y133.364 E990.67446
M204 S10000
G0 F9600 X178.469 Y132.94
M204 S1000
G1 F1200 X132.94 Y178.469 E992.28062
M204 S10000
G0 F9600 X132.516 Y178.469
M204 S1000
G1 F1200 X178.469 Y132.516 E993.90174
M204 S10000
G0 F9600 X178.469 Y132.091
M204 S1000
G1 F1200 X132.091 Y178.469 E995.53785
M204 S10000
G0 F9600 X131.667 Y178.469
M204 S1000
G1 F1200 X178.469 Y131.667 E997.18891
M204 S10000
G0 F9600 X178.469 Y131.243
M204 S1000
G1 F1200 X131.243 Y178.469 E998.85494
M204 S10000
G0 F9600 X130.818 Y178.469
M204 S1000
G1 F1200 X178.469 Y130.818 E1000.53596
M204 S10000
G0 F9600 X178.469 Y130.394
M204 S1000
G1 F1200 X130.394 Y178.469 E1002.23193
M204 S10000
G0 F9600 X129.97 Y178.469
M204 S1000
G1 F1200 X178.469 Y129.97 E1003.94286
M204 S10000
G0 F9600 X178.469 Y129.546
M204 S1000
G1 F1200 X129.546 Y178.469 E1005.66876
M204 S10000
G0 F9600 X129.121 Y178.469
M204 S1000
G1 F1200 X178.469 Y129.121 E1007.40964
M204 S10000
G0 F9600 X178.469 Y128.697
M204 S1000
G1 F1200 X128.697 Y178.469 E1009.16548
M204 S10000
G0 F9600 X128.273 Y178.469
M204 S1000
G1 F1200 X178.469 Y128.273 E1010.93628
M204 S10000
G0 F9600 X178.469 Y127.849
M204 S1000
G1 F1200 X127.849 Y178.469 E1012.72204
M204 S10000
G0 F9600 X127.424 Y178.469
M204 S1000
G1 F1200 X178.469 Y127.424 E1014.52279
M204 S10000
G0 F9600 X178.469 Y127
M204 S1000
G1 F1200 X127 Y178.469 E1016.3385
M204 S10000
G0 F9600 X126.576 Y178.469
M204 S1000
G1 F1200 X178.469 Y126.576 E1018.16916
M204 S10000
G0 F9600 X178.469 Y126.152
M204 S1000
G1 F1200 X126.152 Y178.469 E1020.01478
M204 S10000
G0 F9600 X125.727 Y178.469
M204 S1000
G1 F1200 X178.469 Y125.727 E1021.8754
M204 S10000
G0 F9600 X178.469 Y125.303
M204 S1000
G1 F1200 X125.303 Y178.469 E1023.75098
M204 S10000
G0 F9600 X124.879 Y178.469
M204 S1000
G1 F1200 X178.469 Y124.879 E1025.64151
M204 S10000
G0 F9600 X178.469 Y124.455
M204 S1000
G1 F1200 X124.455 Y178.469 E1027.547
M204 S10000
G0 F9600 X124.03 Y178.469
M204 S1000
G1 F1200 X178.469 Y124.03 E1029.46748
M204 S10000
G0 F9600 X178.469 Y123.606
M204 S1000
G1 F1200 X123.606 Y178.469 E1031.40292
M204 S10000
G0 F9600 X123.182 Y178.469
M204 S1000
G1 F1200 X178.469 Y123.182 E1033.35332
M204 S10000
G0 F9600 X178.469 Y122.757
M204 S1000
G1 F1200 X122.757 Y178.469 E1035.31871
M204 S10000
G0 F9600 X122.333 Y178.469
M204 S1000
G1 F1200 X178.469 Y122.333 E1037.29906
M204 S10000
G0 F9600 X178.469 Y121.909
M204 S1000
G1 F1200 X121.909 Y178.469 E1039.29437
M204 S10000
G0 F9600 X121.53 Y178.424
M204 S1000
G1 F1200 X178.424 Y121.529 E1041.30147
M204 S10000
G0 F9600 X178 Y121.529
M204 S1000
G1 F1200 X121.53 Y177.999 E1043.2936
M204 S10000
G0 F9600 X121.53 Y177.575
M204 S1000
G1 F1200 X177.576 Y121.529 E1045.27078
M204 S10000
G0 F9600 X177.152 Y121.529
M204 S1000
G1 F1200 X121.53 Y177.151 E1047.23299
M204 S10000
G0 F9600 X121.53 Y176.727
M204 S1000
G1 F1200 X176.727 Y121.529 E1049.18024
M204 S10000
G0 F9600 X176.303 Y121.529
M204 S1000
G1 F1200 X121.53 Y176.302 E1051.1125
M204 S10000
G0 F9600 X121.53 Y175.878
M204 S1000
G1 F1200 X175.879 Y121.529 E1053.02981
M204 S10000
G0 F9600 X175.455 Y121.529
M204 S1000
G1 F1200 X121.53 Y175.454 E1054.93216
M204 S10000
G0 F9600 X121.53 Y175.03
M204 S1000
G1 F1200 X175.03 Y121.529 E1056.81953
M204 S10000
G0 F9600 X174.606 Y121.529
M204 S1000
G1 F1200 X121.53 Y174.605 E1058.69193
M204 S10000
G0 F9600 X121.53 Y174.181
M204 S1000
G1 F1200 X174.182 Y121.529 E1060.54937
M204 S10000
G0 F9600 X173.758 Y121.529
M204 S1000
G1 F1200 X121.53 Y173.757 E1062.39186
M204 S10000
G0 F9600 X121.53 Y173.333
M204 S1000
G1 F1200 X173.333 Y121.529 E1064.21937
M204 S10000
G0 F9600 X172.909 Y121.529
M204 S1000
G1 F1200 X121.53 Y172.908 E1066.0319
M204 S10000
G0 F9600 X121.53 Y172.484
M204 S1000
G1 F1200 X172.485 Y121.529 E1067.82947
M204 S10000
G0 F9600 X172.061 Y121.529
M204 S1000
G1 F1200 X121.53 Y172.06 E1069.61209
M204 S10000
G0 F9600 X121.53 Y171.636
M204 S1000
G1 F1200 X171.636 Y121.529 E1071.37973
M204 S10000
G0 F9600 X171.212 Y121.529
M204 S1000
G1 F1200 X121.53 Y171.211 E1073.1324
M204 S10000
G0 F9600 X121.53 Y170.787
M204 S1000
G1 F1200 X170.788 Y121.529 E1074.87011
M204 S10000
G0 F9600 X170.363 Y121.529
M204 S1000
G1 F1200 X121.53 Y170.363 E1076.59284
M204 S10000
G0 F9600 X121.53 Y169.938
M204 S1000
G1 F1200 X169.939 Y121.529 E1078.3006
M204 S10000
G0 F9600 X169.515 Y121.529
M204 S1000
G1 F1200 X121.53 Y169.514 E1079.9934
M204 S10000
G0 F9600 X121.53 Y169.09
M204 S1000
G1 F1200 X169.091 Y121.529 E1081.67124
M204 S10000
G0 F9600 X168.666 Y121.529
M204 S1000
G1 F1200 X121.53 Y168.666 E1083.33411
M204 S10000
G0 F9600 X121.53 Y168.241
M204 S1000
G1 F1200 X168.242 Y121.529 E1084.982
M204 S10000
G0 F9600 X167.818 Y121.529
M204 S1000
G1 F1200 X121.53 Y167.817 E1086.61494
M204 S10000
G0 F9600 X121.53 Y167.393
M204 S1000
G1 F1200 X167.394 Y121.529 E1088.23291
M204 S10000
G0 F9600 X166.969 Y121.529
M204 S1000
G1 F1200 X121.53 Y166.969 E1089.83592
M204 S10000
G0 F9600 X121.53 Y166.544
M204 S1000
G1 F1200 X166.545 Y121.529 E1091.42394
M204 S10000
G0 F9600 X166.121 Y121.529
M204 S1000
G1 F1200 X121.53 Y166.12 E1092.99701
M204 S10000
G0 F9600 X121.53 Y165.696
M204 S1000
G1 F1200 X165.697 Y121.529 E1094.55512
M204 S10000
G0 F9600 X165.272 Y121.529
M204 S1000
G1 F1200 X121.53 Y165.272 E1096.09825
M204 S10000
G0 F9600 X121.53 Y164.847
M204 S1000
G1 F1200 X164.848 Y121.529 E1097.62641
M204 S10000
G0 F9600 X164.424 Y121.529
M204 S1000
G1 F1200 X121.53 Y164.423 E1099.13962
M204 S10000
G0 F9600 X121.53 Y163.999
M204 S1000
G1 F1200 X163.999 Y121.529 E1100.63784
M204 S10000
G0 F9600 X163.575 Y121.529
M204 S1000
G1 F1200 X121.53 Y163.575 E1102.12111
M204 S10000
G0 F9600 X121.53 Y163.15
M204 S1000
G1 F1200 X163.151 Y121.529 E1103.5894
M204 S10000
G0 F9600 X162.727 Y121.529
M204 S1000
G1 F1200 X121.53 Y162.726 E1105.04274
M204 S10000
G0 F9600 X121.53 Y162.302
M204 S1000
G1 F1200 X162.302 Y121.529 E1106.4811
M204 S10000
G0 F9600 X161.878 Y121.529
M204 S1000
G1 F1200 X121.53 Y161.877 E1107.90448
M204 S10000
G0 F9600 X121.53 Y161.453
M204 S1000
G1 F1200 X161.454 Y121.529 E1109.31291
M204 S10000
G0 F9600 X161.03 Y121.529
M204 S1000
G1 F1200 X121.53 Y161.029 E1110.70638
M204 S10000
G0 F9600 X121.53 Y160.605
M204 S1000
G1 F1200 X160.605 Y121.529 E1112.08487
M204 S10000
G0 F9600 X160.181 Y121.529
M204 S1000
G1 F1200 X121.53 Y160.18 E1113.44839
M204 S10000
G0 F9600 X121.53 Y159.756
M204 S1000
G1 F1200 X159.757 Y121.529 E1114.79695
M204 S10000
G0 F9600 X159.333 Y121.529
M204 S1000
G1 F1200 X121.53 Y159.332 E1116.13056
M204 S10000
G0 F9600 X121.53 Y158.908
M204 S1000
G1 F1200 X158.908 Y121.529 E1117.44918
M204 S10000
G0 F9600 X158.484 Y121.529
M204 S1000
G1 F1200 X121.53 Y158.483 E1118.75284
M204 S10000
G0 F9600 X121.53 Y158.059
M204 S1000
G1 F1200 X158.06 Y121.529 E1120.04153
M204 S10000
G0 F9600 X157.636 Y121.529
M204 S1000
G1 F1200 X121.53 Y157.635 E1121.31527
M204 S10000
G0 F9600 X121.53 Y157.211
M204 S1000
G1 F1200 X157.211 Y121.529 E1122.57403
M204 S10000
G0 F9600 X156.787 Y121.529
M204 S1000
G1 F1200 X121.53 Y156.786 E1123.81781
M204 S10000
G0 F9600 X121.53 Y156.362
M204 S1000
G1 F1200 X156.363 Y121.529 E1125.04664
M204 S10000
G0 F9600 X155.938 Y121.529
M204 S1000
G1 F1200 X121.53 Y155.938 E1126.26049
M204 S10000
G0 F9600 X121.53 Y155.513
M204 S1000
G1 F1200 X155.514 Y121.529 E1127.45937
M204 S10000
G0 F9600 X155.09 Y121.529
M204 S1000
G1 F1200 X121.53 Y155.089 E1128.64329
M204 S10000
G0 F9600 X121.53 Y154.665
M204 S1000
G1 F1200 X154.666 Y121.529 E1129.81225
M204 S10000
G0 F9600 X154.241 Y121.529
M204 S1000
G1 F1200 X121.53 Y154.241 E1130.96624
M204 S10000
G0 F9600 X121.53 Y153.816
M204 S1000
G1 F1200 X153.817 Y121.529 E1132.10525
M204 S10000
G0 F9600 X153.393 Y121.529
M204 S1000
G1 F1200 X121.53 Y153.392 E1133.2293
M204 S10000
G0 F9600 X121.53 Y152.968
M204 S1000
G1 F1200 X152.969 Y121.529 E1134.3384
M204 S10000
G0 F9600 X152.544 Y121.529
M204 S1000
G1 F1200 X121.53 Y152.544 E1135.43252
M204 S10000
G0 F9600 X121.53 Y152.119
M204 S1000
G1 F1200 X152.12 Y121.529 E1136.51167
M204 S10000
G0 F9600 X151.696 Y121.529
M204 S1000
G1 F1200 X121.53 Y151.695 E1137.57585
M204 S10000
G0 F9600 X121.53 Y151.271
M204 S1000
G1 F1200 X151.272 Y121.529 E1138.62508
M204 S10000
G0 F9600 X150.847 Y121.529
M204 S1000
G1 F1200 X121.53 Y150.847 E1139.65934
M204 S10000
G0 F9600 X121.53 Y150.422
M204 S1000
G1 F1200 X150.423 Y121.529 E1140.67861
M204 S10000
G0 F9600 X149.999 Y121.529
M204 S1000
G1 F1200 X121.53 Y149.998 E1141.68294
M204 S10000
G0 F9600 X121.53 Y149.574
M204 S1000
G1 F1200 X149.575 Y121.529 E1142.6723
M204 S10000
G0 F9600 X149.15 Y121.529
M204 S1000
G1 F1200 X121.53 Y149.15 E1143.64669
M204 S10000
G0 F9600 X121.53 Y148.725
M204 S1000
G1 F1200 X148.726 Y121.529 E1144.6061
M204 S10000
G0 F9600 X148.302 Y121.529
M204 S1000
G1 F1200 X121.53 Y148.301 E1145.55055
M204 S10000
G0 F9600 X121.53 Y147.877
M204 S1000
G1 F1200 X147.877 Y121.529 E1146.48003
M204 S10000
G0 F9600 X147.453 Y121.529
M204 S1000
G1 F1200 X121.53 Y147.452 E1147.39454
M204 S10000
G0 F9600 X121.53 Y147.028
M204 S1000
G1 F1200 X147.029 Y121.529 E1148.29408
M204 S10000
G0 F9600 X146.605 Y121.529
M204 S1000
G1 F1200 X121.53 Y146.604 E1149.17867
M204 S10000
G0 F9600 X121.53 Y146.18
M204 S1000
G1 F1200 X146.18 Y121.529 E1150.04828
M204 S10000
G0 F9600 X145.756 Y121.529
M204 S1000
G1 F1200 X121.53 Y145.755 E1150.90292
M204 S10000
G0 F9600 X121.53 Y145.331
M204 S1000
G1 F1200 X145.332 Y121.529 E1151.7426
M204 S10000
G0 F9600 X144.908 Y121.529
M204 S1000
G1 F1200 X121.53 Y144.907 E1152.56732
M204 S10000
G0 F9600 X121.53 Y144.483
M204 S1000
G1 F1200 X144.483 Y121.529 E1153.37707
M204 S10000
G0 F9600 X144.059 Y121.529
M204 S1000
G1 F1200 X121.53 Y144.058 E1154.17184
M204 S10000
G0 F9600 X121.53 Y143.634
M204 S1000
G1 F1200 X143.635 Y121.529 E1154.95165
M204 S10000
G0 F9600 X143.211 Y121.529
M204 S1000
G1 F1200 X121.53 Y143.21 E1155.71651
M204 S10000
G0 F9600 X121.53 Y142.786
M204 S1000
G1 F1200 X142.786 Y121.529 E1156.46639
M204 S10000
G0 F9600 X142.362 Y121.529
M204 S1000
G1 F1200 X121.53 Y142.361 E1157.2013
M204 S10000
G0 F9600 X121.53 Y141.937
M204 S1000
G1 F1200 X141.938 Y121.529 E1157.92124
M204 S10000
G0 F9600 X141.513 Y121.529
M204 S1000
G1 F1200 X121.53 Y141.513 E1158.62621
M204 S10000
G0 F9600 X121.53 Y141.089
M204 S1000
G1 F1200 X141.089 Y121.529 E1159.31623
M204 S10000
G0 F9600 X140.665 Y121.529
M204 S1000
G1 F1200 X121.53 Y140.664 E1159.99127
M204 S10000
G0 F9600 X121.53 Y140.24
M204 S1000
G1 F1200 X140.241 Y121.529 E1160.65135
M204 S10000
G0 F9600 X139.816 Y121.529
M204 S1000
G1 F1200 X121.53 Y139.816 E1161.29645
M204 S10000
G0 F9600 X121.53 Y139.391
M204 S1000
G1 F1200 X139.392 Y121.529 E1161.92658
M204 S10000
G0 F9600 X138.968 Y121.529
M204 S1000
G1 F1200 X121.53 Y138.967 E1162.54176
M204 S10000
G0 F9600 X121.53 Y138.543
M204 S1000
G1 F1200 X138.544 Y121.529 E1163.14197
M204 S10000
G0 F9600 X138.119 Y121.529
M204 S1000
G1 F1200 X121.53 Y138.119 E1163.72721
M204 S10000
G0 F9600 X121.53 Y137.694
M204 S1000
G1 F1200 X137.695 Y121.529 E1164.29748
M204 S10000
G0 F9600 X137.271 Y121.529
M204 S1000
G1 F1200 X121.53 Y137.27 E1164.85278
M204 S10000
G0 F9600 X121.53 Y136.846
M204 S1000
G1 F1200 X136.847 Y121.529 E1165.39313
M204 S10000
G0 F9600 X136.422 Y121.529
M204 S1000
G1 F1200 X121.53 Y136.422 E1165.9185
M204 S10000
G0 F9600 X121.53 Y135.997
M204 S1000
G1 F1200 X135.998 Y121.529 E1166.4289
M204 S10000
G0 F9600 X135.574 Y121.529
M204 S1000
G1 F1200 X121.53 Y135.573 E1166.92434
M204 S10000
G0 F9600 X121.53 Y135.149
M204 S1000
G1 F1200 X135.15 Y121.529 E1167.40482
M204 S10000
G0 F9600 X134.725 Y121.529
M204 S1000
G1 F1200 X121.53 Y134.725 E1167.87033
M204 S10000
G0 F9600 X121.53 Y134.3
M204 S1000
G1 F1200 X134.301 Y121.529 E1168.32086
M204 S10000
G0 F9600 X133.877 Y121.529
M204 S1000
G1 F1200 X121.53 Y133.876 E1168.75644
M204 S10000
G0 F9600 X121.53 Y133.452
M204 S1000
G1 F1200 X133.452 Y121.529 E1169.17703
M204 S10000
G0 F9600 X133.028 Y121.529
M204 S1000
G1 F1200 X121.53 Y133.027 E1169.58266
M204 S10000
G0 F9600 X121.53 Y132.603
M204 S1000
G1 F1200 X132.604 Y121.529 E1169.97332
M204 S10000
G0 F9600 X132.18 Y121.529
M204 S1000
G1 F1200 X121.53 Y132.179 E1170.34903
M204 S10000
G0 F9600 X121.53 Y131.755
M204 S1000
G1 F1200 X131.755 Y121.529 E1170.70976
M204 S10000
G0 F9600 X131.331 Y121.529
M204 S1000
G1 F1200 X121.53 Y131.33 E1171.05552
M204 S10000
G0 F9600 X121.53 Y130.906
M204 S1000
G1 F1200 X130.907 Y121.529 E1171.38632
M204 S10000
G0 F9600 X130.483 Y121.529
M204 S1000
G1 F1200 X121.53 Y130.482 E1171.70216
M204 S10000
G0 F9600 X121.53 Y130.058
M204 S1000
G1 F1200 X130.058 Y121.529 E1172.00303
M204 S10000
G0 F9600 X129.634 Y121.529
M204 S1000
G1 F1200 X121.53 Y129.633 E1172.28892
M204 S10000
G0 F9600 X121.53 Y129.209
M204 S1000
G1 F1200 X129.21 Y121.529 E1172.55985
M204 S10000
G0 F9600 X128.786 Y121.529
M204 S1000
G1 F1200 X121.53 Y128.785 E1172.81582
M204 S10000
G0 F9600 X121.53 Y128.361
M204 S1000
G1 F1200 X128.361 Y121.529 E1173.05682
M204 S10000
G0 F9600 X127.937 Y121.529
M204 S1000
G1 F1200 X121.53 Y127.936 E1173.28285
M204 S10000
G0 F9600 X121.53 Y127.512
M204 S1000
G1 F1200 X127.513 Y121.529 E1173.49391
M204 S10000
G0 F9600 X127.089 Y121.529
M204 S1000
G1 F1200 X121.53 Y127.088 E1173.69002
M204 S10000
G0 F9600 X121.53 Y126.664
M204 S1000
G1 F1200 X126.664 Y121.529 E1173.87116
M204 S10000
G0 F9600 X126.24 Y121.529
M204 S1000
G1 F1200 X121.53 Y126.239 E1174.03731
M204 S10000
G0 F9600 X121.53 Y125.815
M204 S1000
G1 F1200 X125.816 Y121.529 E1174.18851
M204 S10000
G0 F9600 X125.391 Y121.529
M204 S1000
G1 F1200 X121.53 Y125.391 E1174.32474
M204 S10000
G0 F9600 X121.53 Y124.966
M204 S1000
G1 F1200 X124.967 Y121.529 E1174.44599
M204 S10000
G0 F9600 X124.543 Y121.529
M204 S1000
G1 F1200 X121.53 Y124.542 E1174.55228
M204 S10000
G0 F9600 X121.53 Y124.118
M204 S1000
G1 F1200 X124.119 Y121.529 E1174.64361
M204 S10000
G0 F9600 X123.694 Y121.529
M204 S1000
G1 F1200 X121.53 Y123.694 E1174.71997
M204 S10000
G0 F9600 X121.53 Y123.269
M204 S1000
G1 F1200 X123.27 Y121.529 E1174.78136
M204 S10000
G0 F9600 X122.846 Y121.529
M204 S1000
G1 F1200 X121.53 Y122.845 E1174.82778
M204 S10000
G0 F9600 X121.53 Y122.421
M204 S1000
G1 F1200 X122.422 Y121.529 E1174.85925
M204 S10000
G0 F9600 X121.997 Y121.529
M204 S1000
G1 F1200 X121.53 Y121.997 E1174.87574
M204 S10000
G0 F9600 X121.53 Y121.572
M204 S1000
G1 F1200 X121.573 Y121.529 E1174.87726
M204 S10000
G0 F9600 X121.573 Y121.11
G1 F3000 E1168.87726
;MESH:NONMESH
G0 F300 X121.573 Y121.11 Z0.96
G0 F9600 X178.768 Y121.232
G0 X178.84 Y178.69
G0 X178.69 Y178.69
;TIME_ELAPSED:2530.698658
;LAYER:4
M204 S1000
;TYPE:WALL-INNER
;MESH:Lid_top_panel.stl
G1 F3000 E1174.87726
G1 F1800 X178.69 Y121.31 E1176.30861
G1 X121.31 Y121.31 E1177.73996
G1 X121.31 Y178.69 E1179.17131
G1 X178.69 Y178.69 E1180.60266
M204 S10000
G0 F9600 X178.99 Y178.99
M204 S1000
G1 F1800 X178.99 Y121.01 E1182.04897
G1 X121.01 Y121.01 E1183.49529
G1 X121.01 Y178.99 E1184.94161
G1 X178.99 Y178.99 E1186.38793
M204 S10000
G0 F9600 X179.29 Y179.29
M204 S1000
G1 F1800 X179.29 Y120.71 E1187.84921
G1 X120.71 Y120.71 E1189.31049
G1 X120.71 Y179.29 E1190.77178
G1 X179.29 Y179.29 E1192.23306
M204 S10000
G0 F9600 X179.54 Y179.54
M204 S1000
;TYPE:WALL-OUTER
G1 F1800 X179.54 Y120.46 E1193.70682
G1 X120.46 Y120.46 E1195.18058
G1 X120.46 Y179.54 E1196.65433
G1 X179.54 Y179.54 E1198.12809
M204 S10000
G0 F9600 X179.54 Y179.34
G0 X179.29 Y179.34
G0 X178.64 Y178.42
G0 X178.42 Y178.42
M204 S1000
;TYPE:SKIN
G1 F1200 X121.58 Y178.42 E1199.54597
G1 X121.58 Y121.58 E1200.96385
G1 X178.42 Y121.58 E1202.38173
G1 X178.42 Y178.42 E1203.79961
M204 S10000
G1 F3000 E1197.79961
G0 F9600 X178.64 Y178.42
G0 X178.64 Y121.842
G0 X178.269 Y121.842
M204 S1000
G1 F3000 E1203.79961
G1 F1200 X178.157 Y121.73 E1203.80356
M204 S10000
G0 F9600 X177.733 Y121.73
M204 S1000
G1 F1200 X178.269 Y122.266 E1203.82247
M204 S10000
G0 F9600 X178.269 Y122.69
M204 S1000
G1 F1200 X177.309 Y121.73 E1203.85633
M204 S10000
G0 F9600 X176.884 Y121.73
M204 S1000
G1 F1200 X178.269 Y123.115 E1203.90519
M204 S10000
G0 F9600 X178.269 Y123.539
M204 S1000
G1 F1200 X176.46 Y121.73 E1203.96901
M204 S10000
G0 F9600 X176.036 Y121.73
M204 S1000
G1 F1200 X178.269 Y123.963 E1204.04779
M204 S10000
G0 F9600 X178.269 Y124.387
M204 S1000
G1 F1200 X175.612 Y121.73 E1204.14152
M204 S10000
G0 F9600 X175.187 Y121.73
M204 S1000
G1 F1200 X178.269 Y124.812 E1204.25024
M204 S10000
G0 F9600 X178.269 Y125.236
M204 S1000
G1 F1200 X174.763 Y121.73 E1204.37393
M204 S10000
G0 F9600 X174.339 Y121.73
M204 S1000
G1 F1200 X178.269 Y125.66 E1204.51257
M204 S10000
G0 F9600 X178.269 Y126.084
M204 S1000
G1 F1200 X173.915 Y121.73 E1204.66617
M204 S10000
G0 F9600 X173.49 Y121.73
M204 S1000
G1 F1200 X178.269 Y126.509 E1204.83476
M204 S10000
G0 F9600 X178.269 Y126.933
M204 S1000
G1 F1200 X173.066 Y121.73 E1205.01831
M204 S10000
G0 F9600 X172.642 Y121.73
M204 S1000
G1 F1200 X178.269 Y127.357 E1205.21682
M204 S10000
G0 F9600 X178.269 Y127.781
M204 S1000
G1 F1200 X172.217 Y121.73 E1205.4303
M204 S10000
G0 F9600 X171.793 Y121.73
M204 S1000
G1 F1200 X178.269 Y128.206 E1205.65876
M204 S10000
G0 F9600 X178.269 Y128.63
M204 S1000
G1 F1200 X171.369 Y121.73 E1205.90218
M204 S10000
G0 F9600 X170.945 Y121.73
M204 S1000
G1 F1200 X178.269 Y129.054 E1206.16055
M204 S10000
G0 F9600 X178.269 Y129.479
M204 S1000
G1 F1200 X170.52 Y121.73 E1206.43392
M204 S10000
G0 F9600 X170.096 Y121.73
M204 S1000
G1 F1200 X178.269 Y129.903 E1206.72224
M204 S10000
G0 F9600 X178.269 Y130.327
M204 S1000
G1 F1200 X169.672 Y121.73 E1207.02552
M204 S10000
G0 F9600 X169.248 Y121.73
M204 S1000
G1 F1200 X178.269 Y130.751 E1207.34376
M204 S10000
G0 F9600 X178.269 Y131.176
M204 S1000
G1 F1200 X168.823 Y121.73 E1207.677
M204 S10000
G0 F9600 X168.399 Y121.73
M204 S1000
G1 F1200 X178.269 Y131.6 E1208.02519
M204 S10000
G0 F9600 X178.269 Y132.024
M204 S1000
G1 F1200 X167.975 Y121.73 E1208.38834
M204 S10000
G0 F9600 X167.551 Y121.73
M204 S1000
G1 F1200 X178.269 Y132.448 E1208.76644
M204 S10000
G0 F9600 X178.269 Y132.873
M204 S1000
G1 F1200 X167.126 Y121.73 E1209.15954
M204 S10000
G0 F9600 X166.702 Y121.73
M204 S1000
G1 F1200 X178.269 Y133.297 E1209.5676
M204 S10000
G0 F9600 X178.269 Y133.721
M204 S1000
G1 F1200 X166.278 Y121.73 E1209.99061
M204 S10000
G0 F9600 X165.854 Y121.73
M204 S1000
G1 F1200 X178.269 Y134.145 E1210.42859
M204 S10000
G0 F9600 X178.269 Y134.57
M204 S1000
G1 F1200 X165.429 Y121.73 E1210.88155
M204 S10000
G0 F9600 X165.005 Y121.73
M204 S1000
G1 F1200 X178.269 Y134.994 E1211.34948
M204 S10000
G0 F9600 X178.269 Y135.418
M204 S1000
G1 F1200 X164.581 Y121.73 E1211.83236
M204 S10000
G0 F9600 X164.156 Y121.73
M204 S1000
G1 F1200 X178.269 Y135.842 E1212.33021
M204 S10000
G0 F9600 X178.269 Y136.267
M204 S1000
G1 F1200 X163.732 Y121.73 E1212.84304
M204 S10000
G0 F9600 X163.308 Y121.73
M204 S1000
G1 F1200 X178.269 Y136.691 E1213.37083
M204 S10000
G0 F9600 X178.269 Y137.115
M204 S1000
G1 F1200 X162.884 Y121.73 E1213.91358
M204 S10000
G0 F9600 X162.459 Y121.73
M204 S1000
G1 F1200 X178.269 Y137.54 E1214.47132
M204 S10000
G0 F9600 X178.269 Y137.964
M204 S1000
G1 F1200 X162.035 Y121.73 E1215.04402
M204 S10000
G0 F9600 X161.611 Y121.73
M204 S1000
G1 F1200 X178.269 Y138.388 E1215.63168
M204 S10000
G0 F9600 X178.269 Y138.812
M204 S1000
G1 F1200 X161.187 Y121.73 E1216.23429
M204 S10000
G0 F9600 X160.762 Y121.73
M204 S1000
G1 F1200 X178.269 Y139.237 E1216.8519
M204 S10000
G0 F9600 X178.269 Y139.661
M204 S1000
G1 F1200 X160.338 Y121.73 E1217.48446
M204 S10000
G0 F9600 X159.914 Y121.73
M204 S1000
G1 F1200 X178.269 Y140.085 E1218.13198
M204 S10000
G0 F9600 X178.269 Y140.509
M204 S1000
G1 F1200 X159.49 Y121.73 E1218.79446
M204 S10000
G0 F9600 X159.065 Y121.73
M204 S1000
G1 F1200 X178.269 Y140.934 E1219.47194
M204 S10000
G0 F9600 X178.269 Y141.358
M204 S1000
G1 F1200 X158.641 Y121.73 E1220.16437
M204 S10000
G0 F9600 X158.217 Y121.73
M204 S1000
G1 F1200 X178.269 Y141.782 E1220.87176
M204 S10000
G0 F9600 X178.269 Y142.206
M204 S1000
G1 F1200 X157.792 Y121.73 E1221.59412
M204 S10000
G0 F9600 X157.368 Y121.73
M204 S1000
G1 F1200 X178.269 Y142.631 E1222.33146
M204 S10000
G0 F9600 X178.269 Y143.055
M204 S1000
G1 F1200 X156.944 Y121.73 E1223.08376
M204 S10000
G0 F9600 X156.52 Y121.73
M204 S1000
G1 F1200 X178.269 Y143.479 E1223.85101
M204 S10000
G0 F9600 X178.269 Y143.904
M204 S1000
G1 F1200 X156.095 Y121.73 E1224.63326
M204 S10000
G0 F9600 X155.671 Y121.73
M204 S1000
G1 F1200 X178.269 Y144.328 E1225.43046
M204 S10000
G0 F9600 X178.269 Y144.752
M204 S1000
G1 F1200 X155.247 Y121.73 E1226.24263
M204 S10000
G0 F9600 X154.823 Y121.73
M204 S1000
G1 F1200 X178.269 Y145.176 E1227.06975
M204 S10000
G0 F9600 X178.269 Y145.601
M204 S1000
G1 F1200 X154.398 Y121.73 E1227.91186
M204 S10000
G0 F9600 X153.974 Y121.73
M204 S1000
G1 F1200 X178.269 Y146.025 E1228.76893
M204 S10000
G0 F9600 X178.269 Y146.449
M204 S1000
G1 F1200 X153.55 Y121.73 E1229.64096
M204 S10000
G0 F9600 X153.126 Y121.73
M204 S1000
G1 F1200 X178.269 Y146.873 E1230.52795
M204 S10000
G0 F9600 X178.269 Y147.298
M204 S1000
G1 F1200 X152.701 Y121.73 E1231.42993
M204 S10000
G0 F9600 X152.277 Y121.73
M204 S1000
G1 F1200 X178.269 Y147.722 E1232.34687
M204 S10000
G0 F9600 X178.269 Y148.146
M204 S1000
G1 F1200 X151.853 Y121.73 E1233.27876
M204 S10000
G0 F9600 X151.429 Y121.73
M204 S1000
G1 F1200 X178.269 Y148.57 E1234.22562
M204 S10000
G0 F9600 X178.269 Y148.995
M204 S1000
G1 F1200 X151.004 Y121.73 E1235.18746
M204 S10000
G0 F9600 X150.58 Y121.73
M204 S1000
G1 F1200 X178.269 Y149.419 E1236.16427
M204 S10000
G0 F9600 X178.269 Y149.843
M204 S1000
G1 F1200 X150.156 Y121.73 E1237.15603
M204 S10000
G0 F9600 X149.731 Y121.73
M204 S1000
G1 F1200 X178.269 Y150.267 E1238.16277
M204 S10000
G0 F9600 X178.269 Y150.692
M204 S1000
G1 F1200 X149.307 Y121.73 E1239.18448
M204 S10000
G0 F9600 X148.883 Y121.73
M204 S1000
G1 F1200 X178.269 Y151.116 E1240.22115
M204 S10000
G0 F9600 X178.269 Y151.54
M204 S1000
G1 F1200 X148.459 Y121.73 E1241.27278
M204 S10000
G0 F9600 X148.034 Y121.73
M204 S1000
G1 F1200 X178.269 Y151.965 E1242.3394
M204 S10000
G0 F9600 X178.269 Y152.389
M204 S1000
G1 F1200 X147.61 Y121.73 E1243.42098
M204 S10000
G0 F9600 X147.186 Y121.73
M204 S1000
G1 F1200 X178.269 Y152.813 E1244.51752
M204 S10000
G0 F9600 X178.269 Y153.237
M204 S1000
G1 F1200 X146.762 Y121.73 E1245.62901
M204 S10000
G0 F9600 X146.337 Y121.73
M204 S1000
G1 F1200 X178.269 Y153.662 E1246.7555
M204 S10000
G0 F9600 X178.269 Y154.086
M204 S1000
G1 F1200 X145.913 Y121.73 E1247.89694
M204 S10000
G0 F9600 X145.489 Y121.73
M204 S1000
G1 F1200 X178.269 Y154.51 E1249.05335
M204 S10000
G0 F9600 X178.269 Y154.934
M204 S1000
G1 F1200 X145.065 Y121.73 E1250.22471
M204 S10000
G0 F9600 X144.64 Y121.73
M204 S1000
G1 F1200 X178.269 Y155.359 E1251.41106
M204 S10000
G0 F9600 X178.269 Y155.783
M204 S1000
G1 F1200 X144.216 Y121.73 E1252.61237
M204 S10000
G0 F9600 X143.792 Y121.73
M204 S1000
G1 F1200 X178.269 Y156.207 E1253.82864
M204 S10000
G0 F9600 X178.269 Y156.631
M204 S1000
G1 F1200 X143.368 Y121.73 E1255.05987
M204 S10000
G0 F9600 X142.943 Y121.73
M204 S1000
G1 F1200 X178.269 Y157.056 E1256.30609
M204 S10000
G0 F9600 X178.269 Y157.48
M204 S1000
G1 F1200 X142.519 Y121.73 E1257.56727
M204 S10000
G0 F9600 X142.095 Y121.73
M204 S1000
G1 F1200 X178.269 Y157.904 E1258.8434
M204 S10000
G0 F9600 X178.269 Y158.328
M204 S1000
G1 F1200 X141.67 Y121.73 E1260.13451
M204 S10000
G0 F9600 X141.246 Y121.73
M204 S1000
G1 F1200 X178.269 Y158.753 E1261.4406
M204 S10000
G0 F9600 X178.269 Y159.177
M204 S1000
G1 F1200 X140.822 Y121.73 E1262.76164
M204 S10000
G0 F9600 X140.398 Y121.73
M204 S1000
G1 F1200 X178.269 Y159.601 E1264.09765
M204 S10000
G0 F9600 X178.269 Y160.026
M204 S1000
G1 F1200 X139.973 Y121.73 E1265.44864
M204 S10000
G0 F9600 X139.549 Y121.73
M204 S1000
G1 F1200 X178.269 Y160.45 E1266.81459
M204 S10000
G0 F9600 X178.269 Y160.874
M204 S1000
G1 F1200 X139.125 Y121.73 E1268.1955
M204 S10000
G0 F9600 X138.701 Y121.73
M204 S1000
G1 F1200 X178.269 Y161.298 E1269.59137
M204 S10000
G0 F9600 X178.269 Y161.723
M204 S1000
G1 F1200 X138.276 Y121.73 E1271.00223
M204 S10000
G0 F9600 X137.852 Y121.73
M204 S1000
G1 F1200 X178.269 Y162.147 E1272.42805
M204 S10000
G0 F9600 X178.269 Y162.571
M204 S1000
G1 F1200 X137.428 Y121.73 E1273.86883
M204 S10000
G0 F9600 X137.004 Y121.73
M204 S1000
G1 F1200 X178.269 Y162.995 E1275.32456
M204 S10000
G0 F9600 X178.269 Y163.42
M204 S1000
G1 F1200 X136.579 Y121.73 E1276.79529
M204 S10000
G0 F9600 X136.155 Y121.73
M204 S1000
G1 F1200 X178.269 Y163.844 E1278.28097
M204 S10000
G0 F9600 X178.269 Y164.268
M204 S1000
G1 F1200 X135.731 Y121.73 E1279.78162
M204 S10000
G0 F9600 X135.307 Y121.73
M204 S1000
G1 F1200 X178.269 Y164.692 E1281.29722
M204 S10000
G0 F9600 X178.269 Y165.117
M204 S1000
G1 F1200 X134.882 Y121.73 E1282.82781
M204 S10000
G0 F9600 X134.458 Y121.73
M204 S1000
G1 F1200 X178.269 Y165.541 E1284.37336
M204 S10000
G0 F9600 X178.269 Y165.965
M204 S1000
G1 F1200 X134.034 Y121.73 E1285.93387
M204 S10000
G0 F9600 X133.609 Y121.73
M204 S1000
G1 F1200 X178.269 Y166.39 E1287.50937
M204 S10000
G0 F9600 X178.269 Y166.814
M204 S1000
G1 F1200 X133.185 Y121.73 E1289.09983
M204 S10000
G0 F9600 X132.761 Y121.73
M204 S1000
G1 F1200 X178.269 Y167.238 E1290.70525
M204 S10000
G0 F9600 X178.269 Y167.662
M204 S1000
G1 F1200 X132.337 Y121.73 E1292.32563
M204 S10000
G0 F9600 X131.912 Y121.73
M204 S1000
G1 F1200 X178.269 Y168.087 E1293.961
M204 S10000
G0 F9600 X178.269 Y168.511
M204 S1000
G1 F1200 X131.488 Y121.73 E1295.61132
M204 S10000
G0 F9600 X131.064 Y121.73
M204 S1000
G1 F1200 X178.269 Y168.935 E1297.27661
M204 S10000
G0 F9600 X178.269 Y169.359
M204 S1000
G1 F1200 X130.64 Y121.73 E1298.95685
M204 S10000
G0 F9600 X130.215 Y121.73
M204 S1000
G1 F1200 X178.269 Y169.784 E1300.65208
M204 S10000
G0 F9600 X178.269 Y170.208
M204 S1000
G1 F1200 X129.791 Y121.73 E1302.36227
M204 S10000
G0 F9600 X129.367 Y121.73
M204 S1000
G1 F1200 X178.269 Y170.632 E1304.08742
M204 S10000
G0 F9600 X178.269 Y171.056
M204 S1000
G1 F1200 X128.943 Y121.73 E1305.82753
M204 S10000
G0 F9600 X128.518 Y121.73
M204 S1000
G1 F1200 X178.269 Y171.481 E1307.58263
M204 S10000
G0 F9600 X178.269 Y171.905
M204 S1000
G1 F1200 X128.094 Y121.73 E1309.35269
M204 S10000
G0 F9600 X127.67 Y121.73
M204 S1000
G1 F1200 X178.269 Y172.329 E1311.13771
M204 S10000
G0 F9600 X178.269 Y172.753
M204 S1000
G1 F1200 X127.245 Y121.73 E1312.9377
M204 S10000
G0 F9600 X126.821 Y121.73
M204 S1000
G1 F1200 X178.269 Y173.178 E1314.75267
M204 S10000
G0 F9600 X178.269 Y173.602
M204 S1000
G1 F1200 X126.397 Y121.73 E1316.58259
M204 S10000
G0 F9600 X125.973 Y121.73
M204 S1000
G1 F1200 X178.269 Y174.026 E1318.42747
M204 S10000
G0 F9600 X178.269 Y174.451
M204 S1000
G1 F1200 X125.548 Y121.73 E1320.28735
M204 S10000
G0 F9600 X125.124 Y121.73
M204 S1000
G1 F1200 X178.269 Y174.875 E1322.16218
M204 S10000
G0 F9600 X178.269 Y175.299
M204 S1000
G1 F1200 X124.7 Y121.73 E1324.05197
M204 S10000
G0 F9600 X124.276 Y121.73
M204 S1000
G1 F1200 X178.269 Y175.723 E1325.95672
M204 S10000
G0 F9600 X178.269 Y176.148
M204 S1000
G1 F1200 X123.851 Y121.73 E1327.87647
M204 S10000
G0 F9600 X123.427 Y121.73
M204 S1000
G1 F1200 X178.269 Y176.572 E1329.81116
M204 S10000
G0 F9600 X178.269 Y176.996
M204 S1000
G1 F1200 X123.003 Y121.73 E1331.76082
M204 S10000
G0 F9600 X122.579 Y121.73
M204 S1000
G1 F1200 X178.269 Y177.42 E1333.72544
M204 S10000
G0 F9600 X178.269 Y177.845
M204 S1000
G1 F1200 X122.154 Y121.73 E1335.70505
M204 S10000
G0 F9600 X121.729 Y121.729
M204 S1000
G1 F1200 X178.269 Y178.269 E1337.69965
M204 S10000
G0 F9600 X177.845 Y178.269
M204 S1000
G1 F1200 X121.729 Y122.154 E1339.67927
M204 S10000
G0 F9600 X121.729 Y122.578
M204 S1000
G1 F1200 X177.42 Y178.269 E1341.64392
M204 S10000
G0 F9600 X176.996 Y178.269
M204 S1000
G1 F1200 X121.729 Y123.002 E1343.59362
M204 S10000
G0 F9600 X121.729 Y123.426
M204 S1000
G1 F1200 X176.572 Y178.269 E1345.52835
M204 S10000
G0 F9600 X176.148 Y178.269
M204 S1000
G1 F1200 X121.729 Y123.851 E1347.44811
M204 S10000
G0 F9600 X121.729 Y124.275
M204 S1000
G1 F1200 X175.723 Y178.269 E1349.35289
M204 S10000
G0 F9600 X175.299 Y178.269
M204 S1000
G1 F1200 X121.729 Y124.699 E1351.24272
M204 S10000
G0 F9600 X121.729 Y125.123
M204 S1000
G1 F1200 X174.875 Y178.269 E1353.11759
M204 S10000
G0 F9600 X174.451 Y178.269
M204 S1000
G1 F1200 X121.729 Y125.548 E1354.97748
M204 S10000
G0 F9600 X121.729 Y125.972
M204 S1000
G1 F1200 X174.026 Y178.269 E1356.8224
M204 S10000
G0 F9600 X173.602 Y178.269
M204 S1000
G1 F1200 X121.729 Y126.396 E1358.65236
M204 S10000
G0 F9600 X121.729 Y126.821
M204 S1000
G1 F1200 X173.178 Y178.269 E1360.46735
M204 S10000
G0 F9600 X172.753 Y178.269
M204 S1000
G1 F1200 X121.729 Y127.245 E1362.26735
M204 S10000
G0 F9600 X121.729 Y127.669
M204 S1000
G1 F1200 X172.329 Y178.269 E1364.05241
M204 S10000
G0 F9600 X171.905 Y178.269
M204 S1000
G1 F1200 X121.729 Y128.093 E1365.8225
M204 S10000
G0 F9600 X121.729 Y128.518
M204 S1000
G1 F1200 X171.481 Y178.269 E1367.57762
M204 S10000
G0 F9600 X171.056 Y178.269
M204 S1000
G1 F1200 X121.729 Y128.942 E1369.31776
M204 S10000
G0 F9600 X121.729 Y129.366
M204 S1000
G1 F1200 X170.632 Y178.269 E1371.04295
M204 S10000
G0 F9600 X170.208 Y178.269
M204 S1000
G1 F1200 X121.729 Y129.79 E1372.75318
M204 S10000
G0 F9600 X121.729 Y130.215
M204 S1000
G1 F1200 X169.784 Y178.269 E1374.44843
M204 S10000
G0 F9600 X169.359 Y178.269
M204 S1000
G1 F1200 X121.729 Y130.639 E1376.1287
M204 S10000
G0 F9600 X121.729 Y131.063
M204 S1000
G1 F1200 X168.935 Y178.269 E1377.79402
M204 S10000
G0 F9600 X168.511 Y178.269
M204 S1000
G1 F1200 X121.729 Y131.487 E1379.44438
M204 S10000
G0 F9600 X121.729 Y131.912
M204 S1000
G1 F1200 X168.087 Y178.269 E1381.07977
M204 S10000
G0 F9600 X167.662 Y178.269
M204 S1000
G1 F1200 X121.729 Y132.336 E1382.70018
M204 S10000
G0 F9600 X121.729 Y132.76
M204 S1000
G1 F1200 X167.238 Y178.269 E1384.30563
M204 S10000
G0 F9600 X166.814 Y178.269
M204 S1000
G1 F1200 X121.729 Y133.184 E1385.89613
M204 S10000
G0 F9600 X121.729 Y133.609
M204 S1000
G1 F1200 X166.39 Y178.269 E1387.47165
M204 S10000
G0 F9600 X165.965 Y178.269
M204 S1000
G1 F1200 X121.729 Y134.033 E1389.03219
M204 S10000
G0 F9600 X121.729 Y134.457
M204 S1000
G1 F1200 X165.541 Y178.269 E1390.57778
M204 S10000
G0 F9600 X165.117 Y178.269
M204 S1000
G1 F1200 X121.729 Y134.882 E1392.10839
M204 S10000
G0 F9600 X121.729 Y135.306
M204 S1000
G1 F1200 X164.692 Y178.269 E1393.62403
M204 S10000
G0 F9600 X164.268 Y178.269
M204 S1000
G1 F1200 X121.729 Y135.73 E1395.12471
M204 S10000
G0 F9600 X121.729 Y136.154
M204 S1000
G1 F1200 X163.844 Y178.269 E1396.61043
M204 S10000
G0 F9600 X163.42 Y178.269
M204 S1000
G1 F1200 X121.729 Y136.579 E1398.08117
M204 S10000
G0 F9600 X121.729 Y137.003
M204 S1000
G1 F1200 X162.995 Y178.269 E1399.53694
M204 S10000
G0 F9600 X162.571 Y178.269
M204 S1000
G1 F1200 X121.729 Y137.427 E1400.97775
M204 S10000
G0 F9600 X121.729 Y137.851
M204 S1000
G1 F1200 X162.147 Y178.269 E1402.40361
M204 S10000
G0 F9600 X161.723 Y178.269
M204 S1000
G1 F1200 X121.729 Y138.276 E1403.81448
M204 S10000
G0 F9600 X121.729 Y138.7
M204 S1000
G1 F1200 X161.298 Y178.269 E1405.21039
M204 S10000
G0 F9600 X160.874 Y178.269
M204 S1000
G1 F1200 X121.729 Y139.124 E1406.59133
M204 S10000
G0 F9600 X121.729 Y139.548
M204 S1000
G1 F1200 X160.45 Y178.269 E1407.95732
M204 S10000
G0 F9600 X160.026 Y178.269
M204 S1000
G1 F1200 X121.729 Y139.973 E1409.30833
M204 S10000
G0 F9600 X121.729 Y140.397
M204 S1000
G1 F1200 X159.601 Y178.269 E1410.64437
M204 S10000
G0 F9600 X159.177 Y178.269
M204 S1000
G1 F1200 X121.729 Y140.821 E1411.96545
M204 S10000
G0 F9600 X121.729 Y141.245
M204 S1000
G1 F1200 X158.753 Y178.269 E1413.27157
M204 S10000
G0 F9600 X158.328 Y178.269
M204 S1000
G1 F1200 X121.729 Y141.67 E1414.5627
M204 S10000
G0 F9600 X121.729 Y142.094
M204 S1000
G1 F1200 X157.904 Y178.269 E1415.83887
M204 S10000
G0 F9600 X157.48 Y178.269
M204 S1000
G1 F1200 X121.729 Y142.518 E1417.10008
M204 S10000
G0 F9600 X121.729 Y142.943
M204 S1000
G1 F1200 X157.056 Y178.269 E1418.34632
M204 S10000
G0 F9600 X156.631 Y178.269
M204 S1000
G1 F1200 X121.729 Y143.367 E1419.57758
M204 S10000
G0 F9600 X121.729 Y143.791
M204 S1000
G1 F1200 X156.207 Y178.269 E1420.79389
M204 S10000
G0 F9600 X155.783 Y178.269
M204 S1000
G1 F1200 X121.729 Y144.215 E1421.99524
M204 S10000
G0 F9600 X121.729 Y144.64
M204 S1000
G1 F1200 X155.359 Y178.269 E1423.18161
M204 S10000
G0 F9600 X154.934 Y178.269
M204 S1000
G1 F1200 X121.729 Y145.064 E1424.353
M204 S10000
G0 F9600 X121.729 Y145.488
M204 S1000
G1 F1200 X154.51 Y178.269 E1425.50944
M204 S10000
G0 F9600 X154.086 Y178.269
M204 S1000
G1 F1200 X121.729 Y145.912 E1426.65092
M204 S10000
G0 F9600 X121.729 Y146.337
M204 S1000
G1 F1200 X153.662 Y178.269 E1427.77743
M204 S10000
G0 F9600 X153.237 Y178.269
M204 S1000
G1 F1200 X121.729 Y146.761 E1428.88896
M204 S10000
G0 F9600 X121.729 Y147.185
M204 S1000
G1 F1200 X152.813 Y178.269 E1429.98553
M204 S10000
G0 F9600 X152.389 Y178.269
M204 S1000
G1 F1200 X121.729 Y147.609 E1431.06714
M204 S10000
G0 F9600 X121.729 Y148.034
M204 S1000
G1 F1200 X151.965 Y178.269 E1432.13378
M204 S10000
G0 F9600 X151.54 Y178.269
M204 S1000
G1 F1200 X121.729 Y148.458 E1433.18545
M204 S10000
G0 F9600 X121.729 Y148.882
M204 S1000
G1 F1200 X151.116 Y178.269 E1434.22215
M204 S10000
G0 F9600 X150.692 Y178.269
M204 S1000
G1 F1200 X121.729 Y149.307 E1435.24388
M204 S10000
G0 F9600 X121.729 Y149.731
M204 S1000
G1 F1200 X150.267 Y178.269 E1436.25064
M204 S10000
G0 F9600 X149.843 Y178.269
M204 S1000
G1 F1200 X121.729 Y150.155 E1437.24243
M204 S10000
G0 F9600 X121.729 Y150.579
M204 S1000
G1 F1200 X149.419 Y178.269 E1438.21927
M204 S10000
G0 F9600 X148.995 Y178.269
M204 S1000
G1 F1200 X121.729 Y151.004 E1439.18114
M204 S10000
G0 F9600 X121.729 Y151.428
M204 S1000
G1 F1200 X148.57 Y178.269 E1440.12803
M204 S10000
G0 F9600 X148.146 Y178.269
M204 S1000
G1 F1200 X121.729 Y151.852 E1441.05996
M204 S10000
G0 F9600 X121.729 Y152.276
M204 S1000
G1 F1200 X147.722 Y178.269 E1441.97693
M204 S10000
G0 F9600 X147.298 Y178.269
M204 S1000
G1 F1200 X121.729 Y152.701 E1442.87893
M204 S10000
G0 F9600 X121.729 Y153.125
M204 S1000
G1 F1200 X146.873 Y178.269 E1443.76595
M204 S10000
G0 F9600 X146.449 Y178.269
M204 S1000
G1 F1200 X121.729 Y153.549 E1444.63802
M204 S10000
G0 F9600 X121.729 Y153.973
M204 S1000
G1 F1200 X146.025 Y178.269 E1445.49512
M204 S10000
G0 F9600 X145.601 Y178.269
M204 S1000
G1 F1200 X121.729 Y154.398 E1446.33725
M204 S10000
G0 F9600 X121.729 Y154.822
M204 S1000
G1 F1200 X145.176 Y178.269 E1447.16441
M204 S10000
G0 F9600 X144.752 Y178.269
M204 S1000
G1 F1200 X121.729 Y155.246 E1447.97661
M204 S10000
G0 F9600 X121.729 Y155.67
M204 S1000
G1 F1200 X144.328 Y178.269 E1448.77385
M204 S10000
G0 F9600 X143.904 Y178.269
M204 S1000
G1 F1200 X121.729 Y156.095 E1449.55612
M204 S10000
G0 F9600 X121.729 Y156.519
M204 S1000
G1 F1200 X143.479 Y178.269 E1450.32341
M204 S10000
G0 F9600 X143.055 Y178.269
M204 S1000
G1 F1200 X121.729 Y156.943 E1451.07574
M204 S10000
G0 F9600 X121.729 Y157.368
M204 S1000
G1 F1200 X142.631 Y178.269 E1451.81309
M204 S10000
G0 F9600 X142.206 Y178.269
M204 S1000
G1 F1200 X121.729 Y157.792 E1452.53548
M204 S10000
G0 F9600 X121.729 Y158.216
M204 S1000
G1 F1200 X141.782 Y178.269 E1453.2429
M204 S10000
G0 F9600 X141.358 Y178.269
M204 S1000
G1 F1200 X121.729 Y158.64 E1453.93537
M204 S10000
G0 F9600 X121.729 Y159.065
M204 S1000
G1 F1200 X140.934 Y178.269 E1454.61286
M204 S10000
G0 F9600 X140.509 Y178.269
M204 S1000
G1 F1200 X121.729 Y159.489 E1455.27537
M204 S10000
G0 F9600 X121.729 Y159.913
M204 S1000
G1 F1200 X140.085 Y178.269 E1455.92293
M204 S10000
G0 F9600 X139.661 Y178.269
M204 S1000
G1 F1200 X121.729 Y160.337 E1456.55553
M204 S10000
G0 F9600 X121.729 Y160.762
M204 S1000
G1 F1200 X139.237 Y178.269 E1457.17315
M204 S10000
G0 F9600 X138.812 Y178.269
M204 S1000
G1 F1200 X121.729 Y161.186 E1457.7758
M204 S10000
G0 F9600 X121.729 Y161.61
M204 S1000
G1 F1200 X138.388 Y178.269 E1458.36349
M204 S10000
G0 F9600 X137.964 Y178.269
M204 S1000
G1 F1200 X121.729 Y162.034 E1458.93623
M204 S10000
G0 F9600 X121.729 Y162.459
M204 S1000
G1 F1200 X137.54 Y178.269 E1459.49399
M204 S10000
G0 F9600 X137.115 Y178.269
M204 S1000
G1 F1200 X121.729 Y162.883 E1460.03677
M204 S10000
G0 F9600 X121.729 Y163.307
M204 S1000
G1 F1200 X136.691 Y178.269 E1460.56459
M204 S10000
G0 F9600 X136.267 Y178.269
M204 S1000
G1 F1200 X121.729 Y163.731 E1461.07746
M204 S10000
G0 F9600 X121.729 Y164.156
M204 S1000
G1 F1200 X135.842 Y178.269 E1461.57533
M204 S10000
G0 F9600 X135.418 Y178.269
M204 S1000
G1 F1200 X121.729 Y164.58 E1462.05825
M204 S10000
G0 F9600 X121.729 Y165.004
M204 S1000
G1 F1200 X134.994 Y178.269 E1462.52621
M204 S10000
G0 F9600 X134.57 Y178.269
M204 S1000
G1 F1200 X121.729 Y165.429 E1462.97919
M204 S10000
G0 F9600 X121.729 Y165.853
M204 S1000
G1 F1200 X134.145 Y178.269 E1463.4172
M204 S10000
G0 F9600 X133.721 Y178.269
M204 S1000
G1 F1200 X121.729 Y166.277 E1463.84025
M204 S10000
G0 F9600 X121.729 Y166.701
M204 S1000
G1 F1200 X133.297 Y178.269 E1464.24834
M204 S10000
G0 F9600 X132.873 Y178.269
M204 S1000
G1 F1200 X121.729 Y167.126 E1464.64146
M204 S10000
G0 F9600 X121.729 Y167.55
M204 S1000
G1 F1200 X132.448 Y178.269 E1465.0196
M204 S10000
G0 F9600 X132.024 Y178.269
M204 S1000
G1 F1200 X121.729 Y167.974 E1465.38279
M204 S10000
G0 F9600 X121.729 Y168.398
M204 S1000
G1 F1200 X131.6 Y178.269 E1465.73101
M204 S10000
G0 F9600 X131.176 Y178.269
M204 S1000
G1 F1200 X121.729 Y168.823 E1466.06426
M204 S10000
G0 F9600 X121.729 Y169.247
M204 S1000
G1 F1200 X130.751 Y178.269 E1466.38254
M204 S10000
G0 F9600 X130.327 Y178.269
M204 S1000
G1 F1200 X121.729 Y169.671 E1466.68586
M204 S10000
G0 F9600 X121.729 Y170.095
M204 S1000
G1 F1200 X129.903 Y178.269 E1466.97422
M204 S10000
G0 F9600 X129.479 Y178.269
M204 S1000
G1 F1200 X121.729 Y170.52 E1467.2476
M204 S10000
G0 F9600 X121.729 Y170.944
M204 S1000
G1 F1200 X129.054 Y178.269 E1467.50601
M204 S10000
G0 F9600 X128.63 Y178.269
M204 S1000
G1 F1200 X121.729 Y171.368 E1467.74946
M204 S10000
G0 F9600 X121.729 Y171.793
M204 S1000
G1 F1200 X128.206 Y178.269 E1467.97794
M204 S10000
G0 F9600 X127.781 Y178.269
M204 S1000
G1 F1200 X121.729 Y172.217 E1468.19144
M204 S10000
G0 F9600 X121.729 Y172.641
M204 S1000
G1 F1200 X127.357 Y178.269 E1468.38998
M204 S10000
G0 F9600 X126.933 Y178.269
M204 S1000
G1 F1200 X121.729 Y173.065 E1468.57357
M204 S10000
G0 F9600 X121.729 Y173.49
M204 S1000
G1 F1200 X126.509 Y178.269 E1468.74218
M204 S10000
G0 F9600 X126.084 Y178.269
M204 S1000
G1 F1200 X121.729 Y173.914 E1468.89581
M204 S10000
G0 F9600 X121.729 Y174.338
M204 S1000
G1 F1200 X125.66 Y178.269 E1469.03449
M204 S10000
G0 F9600 X125.236 Y178.269
M204 S1000
G1 F1200 X121.729 Y174.762 E1469.15821
M204 S10000
G0 F9600 X121.729 Y175.187
M204 S1000
G1 F1200 X124.812 Y178.269 E1469.26695
M204 S10000
G0 F9600 X124.387 Y178.269
M204 S1000
G1 F1200 X121.729 Y175.611 E1469.36072
M204 S10000
G0 F9600 X121.729 Y176.035
M204 S1000
G1 F1200 X123.963 Y178.269 E1469.43953
M204 S10000
G0 F9600 X123.539 Y178.269
M204 S1000
G1 F1200 X121.729 Y176.459 E1469.50338
M204 S10000
G0 F9600 X121.729 Y176.884
M204 S1000
G1 F1200 X123.115 Y178.269 E1469.55226
M204 S10000
G0 F9600 X122.69 Y178.269
M204 S1000
G1 F1200 X121.729 Y177.308 E1469.58616
M204 S10000
G0 F9600 X121.729 Y177.732
M204 S1000
G1 F1200 X122.266 Y178.269 E1469.6051
M204 S10000
G0 F9600 X121.842 Y178.269
M204 S1000
G1 F1200 X121.729 Y178.156 E1469.60909
M204 S10000
G0 F9600 X121.31 Y178.156
G1 F3000 E1463.60909
;MESH:NONMESH
G0 F300 X121.31 Y178.156 Z1.16
G0 F9600 X121.432 Y178.568
G0 X178.568 Y178.568
G0 X178.49 Y178.49
;TIME_ELAPSED:3126.203278
;LAYER:5
M204 S1000
;TYPE:WALL-INNER
;MESH:Lid_top_panel.stl
G1 F3000 E1469.60909
G1 F1800 X178.49 Y121.51 E1471.03046
G1 X121.51 Y121.51 E1472.45183
G1 X121.51 Y178.49 E1473.87321
G1 X178.49 Y178.49 E1475.29458
M204 S10000
G0 F9600 X178.79 Y178.79
M204 S1000
G1 F1800 X178.79 Y121.21 E1476.73092
G1 X121.21 Y121.21 E1478.16726
G1 X121.21 Y178.79 E1479.60359
G1 X178.79 Y178.79 E1481.03993
M204 S10000
G0 F9600 X179.09 Y179.09
M204 S1000
G1 F1800 X179.09 Y120.91 E1482.49124
G1 X120.91 Y120.91 E1483.94254
G1 X120.91 Y179.09 E1485.39385
G1 X179.09 Y179.09 E1486.84516
M204 S10000
G0 F9600 X179.34 Y179.34
M204 S1000
;TYPE:WALL-OUTER
G1 F1800 X179.34 Y120.66 E1488.30894
G1 X120.66 Y120.66 E1489.77271
G1 X120.66 Y179.34 E1491.23649
G1 X179.34 Y179.34 E1492.70027
M204 S10000
G0 F9600 X179.34 Y179.14
G0 X179.09 Y179.14
G0 X178.44 Y178.22
G0 X178.22 Y178.22
M204 S1000
;TYPE:SKIN
G1 F1200 X121.78 Y178.22 E1494.10817
G1 X121.78 Y121.78 E1495.51607
G1 X178.22 Y121.78 E1496.92398
G1 X178.22 Y178.22 E1498.33188
M204 S10000
G0 F9600 X178.069 Y177.888
M204 S1000
G1 F1200 X177.887 Y178.069 E1498.33828
M204 S10000
G0 F9600 X177.463 Y178.069
M204 S1000
G1 F1200 X178.069 Y177.464 E1498.35964
M204 S10000
G0 F9600 X178.069 Y177.039
M204 S1000
G1 F1200 X177.039 Y178.069 E1498.39598
M204 S10000
G0 F9600 X176.614 Y178.069
M204 S1000
G1 F1200 X178.069 Y176.615 E1498.44729
M204 S10000
G0 F9600 X178.069 Y176.191
M204 S1000
G1 F1200 X176.19 Y178.069 E1498.51356
M204 S10000
G0 F9600 X175.766 Y178.069
M204 S1000
G1 F1200 X178.069 Y175.766 E1498.5948
M204 S10000
G0 F9600 X178.069 Y175.342
M204 S1000
G1 F1200 X175.341 Y178.069 E1498.69102
M204 S10000
G0 F9600 X174.917 Y178.069
M204 S1000
G1 F1200 X178.069 Y174.918 E1498.8022
M204 S10000
G0 F9600 X178.069 Y174.494
M204 S1000
G1 F1200 X174.493 Y178.069 E1498.92833
M204 S10000
G0 F9600 X174.069 Y178.069
M204 S1000
G1 F1200 X178.069 Y174.069 E1499.06945
M204 S10000
G0 F9600 X178.069 Y173.645
M204 S1000
G1 F1200 X173.644 Y178.069 E1499.22553
M204 S10000
G0 F9600 X173.22 Y178.069
M204 S1000
G1 F1200 X178.069 Y173.221 E1499.39658
M204 S10000
G0 F9600 X178.069 Y172.797
M204 S1000
G1 F1200 X172.796 Y178.069 E1499.58258
M204 S10000
G0 F9600 X172.372 Y178.069
M204 S1000
G1 F1200 X178.069 Y172.372 E1499.78355
M204 S10000
G0 F9600 X178.069 Y171.948
M204 S1000
G1 F1200 X171.947 Y178.069 E1499.99951
M204 S10000
G0 F9600 X171.523 Y178.069
M204 S1000
G1 F1200 X178.069 Y171.524 E1500.23042
M204 S10000
G0 F9600 X178.069 Y171.1
M204 S1000
G1 F1200 X171.099 Y178.069 E1500.47629
M204 S10000
G0 F9600 X170.675 Y178.069
M204 S1000
G1 F1200 X178.069 Y170.675 E1500.73713
M204 S10000
G0 F9600 X178.069 Y170.251
M204 S1000
G1 F1200 X170.25 Y178.069 E1501.01295
M204 S10000
G0 F9600 X169.826 Y178.069
M204 S1000
G1 F1200 X178.069 Y169.827 E1501.30372
M204 S10000
G0 F9600 X178.069 Y169.402
M204 S1000
G1 F1200 X169.402 Y178.069 E1501.60948
M204 S10000
G0 F9600 X168.978 Y178.069
M204 S1000
G1 F1200 X178.069 Y168.978 E1501.93018
M204 S10000
G0 F9600 X178.069 Y168.554
M204 S1000
G1 F1200 X168.553 Y178.069 E1502.26587
M204 S10000
G0 F9600 X168.129 Y178.069
M204 S1000
G1 F1200 X178.069 Y168.13 E1502.61651
M204 S10000
G0 F9600 X178.069 Y167.705
M204 S1000
G1 F1200 X167.705 Y178.069 E1502.98213
M204 S10000
G0 F9600 X167.28 Y178.069
M204 S1000
G1 F1200 X178.069 Y167.281 E1503.36272
M204 S10000
G0 F9600 X178.069 Y166.857
M204 S1000
G1 F1200 X166.856 Y178.069 E1503.75828
M204 S10000
G0 F9600 X166.432 Y178.069
M204 S1000
G1 F1200 X178.069 Y166.433 E1504.16878
M204 S10000
G0 F9600 X178.069 Y166.008
M204 S1000
G1 F1200 X166.008 Y178.069 E1504.59427
M204 S10000
G0 F9600 X165.583 Y178.069
M204 S1000
G1 F1200 X178.069 Y165.584 E1505.03473
M204 S10000
G0 F9600 X178.069 Y165.16
M204 S1000
G1 F1200 X165.159 Y178.069 E1505.49015
M204 S10000
G0 F9600 X164.735 Y178.069
M204 S1000
G1 F1200 X178.069 Y164.736 E1505.96052
M204 S10000
G0 F9600 X178.069 Y164.311
M204 S1000
G1 F1200 X164.311 Y178.069 E1506.44587
M204 S10000
G0 F9600 X163.886 Y178.069
M204 S1000
G1 F1200 X178.069 Y163.887 E1506.9462
M204 S10000
G0 F9600 X178.069 Y163.463
M204 S1000
G1 F1200 X163.462 Y178.069 E1507.46148
M204 S10000
G0 F9600 X163.038 Y178.069
M204 S1000
G1 F1200 X178.069 Y163.039 E1507.99172
M204 S10000
G0 F9600 X178.069 Y162.614
M204 S1000
G1 F1200 X162.614 Y178.069 E1508.53694
M204 S10000
G0 F9600 X162.189 Y178.069
M204 S1000
G1 F1200 X178.069 Y162.19 E1509.09713
M204 S10000
G0 F9600 X178.069 Y161.766
M204 S1000
G1 F1200 X161.765 Y178.069 E1509.67228
M204 S10000
G0 F9600 X161.341 Y178.069
M204 S1000
G1 F1200 X178.069 Y161.341 E1510.26241
M204 S10000
G0 F9600 X178.069 Y160.917
M204 S1000
G1 F1200 X160.916 Y178.069 E1510.86751
M204 S10000
G0 F9600 X160.492 Y178.069
M204 S1000
G1 F1200 X178.069 Y160.493 E1511.48757
M204 S10000
G0 F9600 X178.069 Y160.069
M204 S1000
G1 F1200 X160.068 Y178.069 E1512.12258
M204 S10000
G0 F9600 X159.644 Y178.069
M204 S1000
G1 F1200 X178.069 Y159.644 E1512.77257
M204 S10000
G0 F9600 X178.069 Y159.22
M204 S1000
G1 F1200 X159.219 Y178.069 E1513.43754
M204 S10000
G0 F9600 X158.795 Y178.069
M204 S1000
G1 F1200 X178.069 Y158.796 E1514.11747
M204 S10000
G0 F9600 X178.069 Y158.372
M204 S1000
G1 F1200 X158.371 Y178.069 E1514.81235
M204 S10000
G0 F9600 X157.947 Y178.069
M204 S1000
G1 F1200 X178.069 Y157.947 E1515.52221
M204 S10000
G0 F9600 X178.069 Y157.523
M204 S1000
G1 F1200 X157.522 Y178.069 E1516.24704
M204 S10000
G0 F9600 X157.098 Y178.069
M204 S1000
G1 F1200 X178.069 Y157.099 E1516.98683
M204 S10000
G0 F9600 X178.069 Y156.675
M204 S1000
G1 F1200 X156.674 Y178.069 E1517.74158
M204 S10000
G0 F9600 X156.25 Y178.069
M204 S1000
G1 F1200 X178.069 Y156.25 E1518.5113
M204 S10000
G0 F9600 X178.069 Y155.826
M204 S1000
G1 F1200 X155.825 Y178.069 E1519.296
M204 S10000
G0 F9600 X155.401 Y178.069
M204 S1000
G1 F1200 X178.069 Y155.402 E1520.09566
M204 S10000
G0 F9600 X178.069 Y154.978
M204 S1000
G1 F1200 X154.977 Y178.069 E1520.91028
M204 S10000
G0 F9600 X154.553 Y178.069
M204 S1000
G1 F1200 X178.069 Y154.553 E1521.73987
M204 S10000
G0 F9600 X178.069 Y154.129
M204 S1000
G1 F1200 X154.128 Y178.069 E1522.58443
M204 S10000
G0 F9600 X153.704 Y178.069
M204 S1000
G1 F1200 X178.069 Y153.705 E1523.44396
M204 S10000
G0 F9600 X178.069 Y153.28
M204 S1000
G1 F1200 X153.28 Y178.069 E1524.31845
M204 S10000
G0 F9600 X152.855 Y178.069
M204 S1000
G1 F1200 X178.069 Y152.856 E1525.20793
M204 S10000
G0 F9600 X178.069 Y152.432
M204 S1000
G1 F1200 X152.431 Y178.069 E1526.11236
M204 S10000
G0 F9600 X152.007 Y178.069
M204 S1000
G1 F1200 X178.069 Y152.008 E1527.03175
M204 S10000
G0 F9600 X178.069 Y151.583
M204 S1000
G1 F1200 X151.583 Y178.069 E1527.96612
M204 S10000
G0 F9600 X151.158 Y178.069
M204 S1000
G1 F1200 X178.069 Y151.159 E1528.91546
M204 S10000
G0 F9600 X178.069 Y150.735
M204 S1000
G1 F1200 X150.734 Y178.069 E1529.87975
M204 S10000
G0 F9600 X150.31 Y178.069
M204 S1000
G1 F1200 X178.069 Y150.311 E1530.85901
M204 S10000
G0 F9600 X178.069 Y149.886
M204 S1000
G1 F1200 X149.886 Y178.069 E1531.85324
M204 S10000
G0 F9600 X149.461 Y178.069
M204 S1000
G1 F1200 X178.069 Y149.462 E1532.86245
M204 S10000
G0 F9600 X178.069 Y149.038
M204 S1000
G1 F1200 X149.037 Y178.069 E1533.88661
M204 S10000
G0 F9600 X148.613 Y178.069
M204 S1000
G1 F1200 X178.069 Y148.614 E1534.92574
M204 S10000
G0 F9600 X178.069 Y148.189
M204 S1000
G1 F1200 X148.189 Y178.069 E1535.97983
M204 S10000
G0 F9600 X147.764 Y178.069
M204 S1000
G1 F1200 X178.069 Y147.765 E1537.04891
M204 S10000
G0 F9600 X178.069 Y147.341
M204 S1000
G1 F1200 X147.34 Y178.069 E1538.13294
M204 S10000
G0 F9600 X146.916 Y178.069
M204 S1000
G1 F1200 X178.069 Y146.916 E1539.23194
M204 S10000
G0 F9600 X178.069 Y146.492
M204 S1000
G1 F1200 X146.492 Y178.069 E1540.34591
M204 S10000
G0 F9600 X146.067 Y178.069
M204 S1000
G1 F1200 X178.069 Y146.068 E1541.47485
M204 S10000
G0 F9600 X178.069 Y145.644
M204 S1000
G1 F1200 X145.643 Y178.069 E1542.61874
M204 S10000
G0 F9600 X145.219 Y178.069
M204 S1000
G1 F1200 X178.069 Y145.219 E1543.77762
M204 S10000
G0 F9600 X178.069 Y144.795
M204 S1000
G1 F1200 X144.794 Y178.069 E1544.95146
M204 S10000
G0 F9600 X144.37 Y178.069
M204 S1000
G1 F1200 X178.069 Y144.371 E1546.14027
M204 S10000
G0 F9600 X178.069 Y143.947
M204 S1000
G1 F1200 X143.946 Y178.069 E1547.34403
M204 S10000
G0 F9600 X143.522 Y178.069
M204 S1000
G1 F1200 X178.069 Y143.522 E1548.56277
M204 S10000
G0 F9600 X178.069 Y143.098
M204 S1000
G1 F1200 X143.097 Y178.069 E1549.79649
M204 S10000
G0 F9600 X142.673 Y178.069
M204 S1000
G1 F1200 X178.069 Y142.674 E1551.04516
M204 S10000
G0 F9600 X178.069 Y142.25
M204 S1000
G1 F1200 X142.249 Y178.069 E1552.30879
M204 S10000
G0 F9600 X141.825 Y178.069
M204 S1000
G1 F1200 X178.069 Y141.825 E1553.58739
M204 S10000
G0 F9600 X178.069 Y141.401
M204 S1000
G1 F1200 X141.4 Y178.069 E1554.88097
M204 S10000
G0 F9600 X140.976 Y178.069
M204 S1000
G1 F1200 X178.069 Y140.977 E1556.18951
M204 S10000
G0 F9600 X178.069 Y140.553
M204 S1000
G1 F1200 X140.552 Y178.069 E1557.51301
M204 S10000
G0 F9600 X140.128 Y178.069
M204 S1000
G1 F1200 X178.069 Y140.128 E1558.85148
M204 S10000
G0 F9600 X178.069 Y139.704
M204 S1000
G1 F1200 X139.703 Y178.069 E1560.20492
M204 S10000
G0 F9600 X139.279 Y178.069
M204 S1000
G1 F1200 X178.069 Y139.28 E1561.57333
M204 S10000
G0 F9600 X178.069 Y138.855
M204 S1000
G1 F1200 X138.855 Y178.069 E1562.95671
M204 S10000
G0 F9600 X138.431 Y178.069
M204 S1000
G1 F1200 X178.069 Y138.431 E1564.35505
M204 S10000
G0 F9600 X178.069 Y138.007
M204 S1000
G1 F1200 X138.006 Y178.069 E1565.76836
M204 S10000
G0 F9600 X137.582 Y178.069
M204 S1000
G1 F1200 X178.069 Y137.583 E1567.19663
M204 S10000
G0 F9600 X178.069 Y137.158
M204 S1000
G1 F1200 X137.158 Y178.069 E1568.63988
M204 S10000
G0 F9600 X136.733 Y178.069
M204 S1000
G1 F1200 X178.069 Y136.734 E1570.0981
M204 S10000
G0 F9600 X178.069 Y136.31
M204 S1000
G1 F1200 X136.309 Y178.069 E1571.57128
M204 S10000
G0 F9600 X135.885 Y178.069
M204 S1000
G1 F1200 X178.069 Y135.886 E1573.05941
M204 S10000
G0 F9600 X178.069 Y135.461
M204 S1000
G1 F1200 X135.461 Y178.069 E1574.56253
M204 S10000
G0 F9600 X135.036 Y178.069
M204 S1000
G1 F1200 X178.069 Y135.037 E1576.08061
M204 S10000
G0 F9600 X178.069 Y134.613
M204 S1000
G1 F1200 X134.612 Y178.069 E1577.61366
M204 S10000
G0 F9600 X134.188 Y178.069
M204 S1000
G1 F1200 X178.069 Y134.189 E1579.16166
M204 S10000
G0 F9600 X178.069 Y133.764
M204 S1000
G1 F1200 X133.764 Y178.069 E1580.72464
M204 S10000
G0 F9600 X133.339 Y178.069
M204 S1000
G1 F1200 X178.069 Y133.34 E1582.30259
M204 S10000
G0 F9600 X178.069 Y132.916
M204 S1000
G1 F1200 X132.915 Y178.069 E1583.89551
M204 S10000
G0 F9600 X132.491 Y178.069
M204 S1000
G1 F1200 X178.069 Y132.492 E1585.50338
M204 S10000
G0 F9600 X178.069 Y132.067
M204 S1000
G1 F1200 X132.067 Y178.069 E1587.12622
M204 S10000
G0 F9600 X131.642 Y178.069
M204 S1000
G1 F1200 X178.069 Y131.643 E1588.76404
M204 S10000
G0 F9600 X178.069 Y131.219
M204 S1000
G1 F1200 X131.218 Y178.069 E1590.41682
M204 S10000
G0 F9600 X130.794 Y178.069
M204 S1000
G1 F1200 X178.069 Y130.794 E1592.08457
M204 S10000
G0 F9600 X178.069 Y130.37
M204 S1000
G1 F1200 X130.369 Y178.069 E1593.7673
M204 S10000
G0 F9600 X129.945 Y178.069
M204 S1000
G1 F1200 X178.069 Y129.946 E1595.46499
M204 S10000
G0 F9600 X178.069 Y129.522
M204 S1000
G1 F1200 X129.521 Y178.069 E1597.17763
M204 S10000
G0 F9600 X129.097 Y178.069
M204 S1000
G1 F1200 X178.069 Y129.097 E1598.90525
M204 S10000
G0 F9600 X178.069 Y128.673
M204 S1000
G1 F1200 X128.672 Y178.069 E1600.64784
M204 S10000
G0 F9600 X128.248 Y178.069
M204 S1000
G1 F1200 X178.069 Y128.249 E1602.4054
M204 S10000
G0 F9600 X178.069 Y127.825
M204 S1000
G1 F1200 X127.824 Y178.069 E1604.17791
M204 S10000
G0 F9600 X127.4 Y178.069
M204 S1000
G1 F1200 X178.069 Y127.4 E1605.96539
M204 S10000
G0 F9600 X178.069 Y126.976
M204 S1000
G1 F1200 X126.975 Y178.069 E1607.76786
M204 S10000
G0 F9600 X126.551 Y178.069
M204 S1000
G1 F1200 X178.069 Y126.552 E1609.58527
M204 S10000
G0 F9600 X178.069 Y126.128
M204 S1000
G1 F1200 X126.127 Y178.069 E1611.41765
M204 S10000
G0 F9600 X125.703 Y178.069
M204 S1000
G1 F1200 X178.069 Y125.703 E1613.265
M204 S10000
G0 F9600 X178.069 Y125.279
M204 S1000
G1 F1200 X125.278 Y178.069 E1615.12733
M204 S10000
G0 F9600 X124.854 Y178.069
M204 S1000
G1 F1200 X178.069 Y124.855 E1617.00462
M204 S10000
G0 F9600 X178.069 Y124.43
M204 S1000
G1 F1200 X124.43 Y178.069 E1618.89688
M204 S10000
G0 F9600 X124.006 Y178.069
M204 S1000
G1 F1200 X178.069 Y124.006 E1620.80409
M204 S10000
G0 F9600 X178.069 Y123.582
M204 S1000
G1 F1200 X123.581 Y178.069 E1622.72629
M204 S10000
G0 F9600 X123.157 Y178.069
M204 S1000
G1 F1200 X178.069 Y123.158 E1624.66344
M204 S10000
G0 F9600 X178.069 Y122.733
M204 S1000
G1 F1200 X122.733 Y178.069 E1626.61557
M204 S10000
G0 F9600 X122.308 Y178.069
M204 S1000
G1 F1200 X178.069 Y122.309 E1628.58267
M204 S10000
G0 F9600 X178.024 Y121.929
M204 S1000
G1 F1200 X121.93 Y178.024 E1630.56155
M204 S10000
G0 F9600 X121.93 Y177.599
M204 S1000
G1 F1200 X177.6 Y121.929 E1632.52546
M204 S10000
G0 F9600 X177.176 Y121.929
M204 S1000
G1 F1200 X121.93 Y177.175 E1634.47441
M204 S10000
G0 F9600 X121.93 Y176.751
M204 S1000
G1 F1200 X176.751 Y121.929 E1636.40839
M204 S10000
G0 F9600 X176.327 Y121.929
M204 S1000
G1 F1200 X121.93 Y176.326 E1638.32739
M204 S10000
G0 F9600 X121.93 Y175.902
M204 S1000
G1 F1200 X175.903 Y121.929 E1640.23144
M204 S10000
G0 F9600 X175.479 Y121.929
M204 S1000
G1 F1200 X121.93 Y175.478 E1642.12052
M204 S10000
G0 F9600 X121.93 Y175.054
M204 S1000
G1 F1200 X175.054 Y121.929 E1643.99463
M204 S10000
G0 F9600 X174.63 Y121.929
M204 S1000
G1 F1200 X121.93 Y174.629 E1645.85377
M204 S10000
G0 F9600 X121.93 Y174.205
M204 S1000
G1 F1200 X174.206 Y121.929 E1647.69794
M204 S10000
G0 F9600 X173.782 Y121.929
M204 S1000
G1 F1200 X121.93 Y173.781 E1649.52716
M204 S10000
G0 F9600 X121.93 Y173.357
M204 S1000
G1 F1200 X173.357 Y121.929 E1651.34141
M204 S10000
G0 F9600 X172.933 Y121.929
M204 S1000
G1 F1200 X121.93 Y172.932 E1653.14068
M204 S10000
G0 F9600 X121.93 Y172.508
M204 S1000
G1 F1200 X172.509 Y121.929 E1654.92499
M204 S10000
G0 F9600 X172.085 Y121.929
M204 S1000
G1 F1200 X121.93 Y172.084 E1656.69434
M204 S10000
G0 F9600 X121.93 Y171.66
M204 S1000
G1 F1200 X171.66 Y121.929 E1658.44872
M204 S10000
G0 F9600 X171.236 Y121.929
M204 S1000
G1 F1200 X121.93 Y171.235 E1660.18812
M204 S10000
G0 F9600 X121.93 Y170.811
M204 S1000
G1 F1200 X170.812 Y121.929 E1661.91256
M204 S10000
G0 F9600 X170.387 Y121.929
M204 S1000
G1 F1200 X121.93 Y170.387 E1663.62203
M204 S10000
G0 F9600 X121.93 Y169.963
M204 S1000
G1 F1200 X169.963 Y121.929 E1665.31654
M204 S10000
G0 F9600 X169.539 Y121.929
M204 S1000
G1 F1200 X121.93 Y169.538 E1666.99608
M204 S10000
G0 F9600 X121.93 Y169.114
M204 S1000
G1 F1200 X169.115 Y121.929 E1668.66066
M204 S10000
G0 F9600 X168.69 Y121.929
M204 S1000
G1 F1200 X121.93 Y168.69 E1670.31026
M204 S10000
G0 F9600 X121.93 Y168.265
M204 S1000
G1 F1200 X168.266 Y121.929 E1671.94489
M204 S10000
G0 F9600 X167.842 Y121.929
M204 S1000
G1 F1200 X121.93 Y167.841 E1673.56456
M204 S10000
G0 F9600 X121.93 Y167.417
M204 S1000
G1 F1200 X167.418 Y121.929 E1675.16927
M204 S10000
G0 F9600 X166.993 Y121.929
M204 S1000
G1 F1200 X121.93 Y166.993 E1676.75901
M204 S10000
G0 F9600 X121.93 Y166.568
M204 S1000
G1 F1200 X166.569 Y121.929 E1678.33377
M204 S10000
G0 F9600 X166.145 Y121.929
M204 S1000
G1 F1200 X121.93 Y166.144 E1679.89357
M204 S10000
G0 F9600 X121.93 Y165.72
M204 S1000
G1 F1200 X165.721 Y121.929 E1681.43842
M204 S10000
G0 F9600 X165.296 Y121.929
M204 S1000
G1 F1200 X121.93 Y165.296 E1682.96829
M204 S10000
G0 F9600 X121.93 Y164.871
M204 S1000
G1 F1200 X164.872 Y121.929 E1684.48318
M204 S10000
G0 F9600 X164.448 Y121.929
M204 S1000
G1 F1200 X121.93 Y164.447 E1685.98312
M204 S10000
G0 F9600 X121.93 Y164.023
M204 S1000
G1 F1200 X164.024 Y121.929 E1687.4681
M204 S10000
G0 F9600 X163.599 Y121.929
M204 S1000
G1 F1200 X121.93 Y163.599 E1688.9381
M204 S10000
G0 F9600 X121.93 Y163.174
M204 S1000
G1 F1200 X163.175 Y121.929 E1690.39313
M204 S10000
G0 F9600 X162.751 Y121.929
M204 S1000
G1 F1200 X121.93 Y162.75 E1691.8332
M204 S10000
G0 F9600 X121.93 Y162.326
M204 S1000
G1 F1200 X162.326 Y121.929 E1693.2583
M204 S10000
G0 F9600 X161.902 Y121.929
M204 S1000
G1 F1200 X121.93 Y161.901 E1694.66842
M204 S10000
G0 F9600 X121.93 Y161.477
M204 S1000
G1 F1200 X161.478 Y121.929 E1696.06358
M204 S10000
G0 F9600 X161.054 Y121.929
M204 S1000
G1 F1200 X121.93 Y161.053 E1697.44379
M204 S10000
G0 F9600 X121.93 Y160.629
M204 S1000
G1 F1200 X160.629 Y121.929 E1698.80902
M204 S10000
G0 F9600 X160.205 Y121.929
M204 S1000
G1 F1200 X121.93 Y160.204 E1700.15927
M204 S10000
G0 F9600 X121.93 Y159.78
M204 S1000
G1 F1200 X159.781 Y121.929 E1701.49457
M204 S10000
G0 F9600 X159.357 Y121.929
M204 S1000
G1 F1200 X121.93 Y159.356 E1702.81491
M204 S10000
G0 F9600 X121.93 Y158.932
M204 S1000
G1 F1200 X158.932 Y121.929 E1704.12027
M204 S10000
G0 F9600 X158.508 Y121.929
M204 S1000
G1 F1200 X121.93 Y158.507 E1705.41066
M204 S10000
G0 F9600 X121.93 Y158.083
M204 S1000
G1 F1200 X158.084 Y121.929 E1706.68609
M204 S10000
G0 F9600 X157.66 Y121.929
M204 S1000
G1 F1200 X121.93 Y157.659 E1707.94656
M204 S10000
G0 F9600 X121.93 Y157.235
M204 S1000
G1 F1200 X157.235 Y121.929 E1709.19206
M204 S10000
G0 F9600 X156.811 Y121.929
M204 S1000
G1 F1200 X121.93 Y156.81 E1710.42258
M204 S10000
G0 F9600 X121.93 Y156.386
M204 S1000
G1 F1200 X156.387 Y121.929 E1711.63814
M204 S10000
G0 F9600 X155.963 Y121.929
M204 S1000
G1 F1200 X121.93 Y155.962 E1712.83875
M204 S10000
G0 F9600 X121.93 Y155.538
M204 S1000
G1 F1200 X155.538 Y121.929 E1714.02438
M204 S10000
G0 F9600 X155.114 Y121.929
M204 S1000
G1 F1200 X121.93 Y155.113 E1715.19503
M204 S10000
G0 F9600 X121.93 Y154.689
M204 S1000
G1 F1200 X154.69 Y121.929 E1716.35073
M204 S10000
G0 F9600 X154.265 Y121.929
M204 S1000
G1 F1200 X121.93 Y154.265 E1717.49145
M204 S10000
G0 F9600 X121.93 Y153.84
M204 S1000
G1 F1200 X153.841 Y121.929 E1718.6172
M204 S10000
G0 F9600 X153.417 Y121.929
M204 S1000
G1 F1200 X121.93 Y153.416 E1719.72799
M204 S10000
G0 F9600 X121.93 Y152.992
M204 S1000
G1 F1200 X152.993 Y121.929 E1720.82382
M204 S10000
G0 F9600 X152.568 Y121.929
M204 S1000
G1 F1200 X121.93 Y152.568 E1721.90467
M204 S10000
G0 F9600 X121.93 Y152.143
M204 S1000
G1 F1200 X152.144 Y121.929 E1722.97056
M204 S10000
G0 F9600 X151.72 Y121.929
M204 S1000
G1 F1200 X121.93 Y151.719 E1724.02148
M204 S10000
G0 F9600 X121.93 Y151.295
M204 S1000
G1 F1200 X151.296 Y121.929 E1725.05744
M204 S10000
G0 F9600 X150.871 Y121.929
M204 S1000
G1 F1200 X121.93 Y150.871 E1726.07843
M204 S10000
G0 F9600 X121.93 Y150.446
M204 S1000
G1 F1200 X150.447 Y121.929 E1727.08445
M204 S10000
G0 F9600 X150.023 Y121.929
M204 S1000
G1 F1200 X121.93 Y150.022 E1728.0755
M204 S10000
G0 F9600 X121.93 Y149.598
M204 S1000
G1 F1200 X149.599 Y121.929 E1729.0516
M204 S10000
G0 F9600 X149.174 Y121.929
M204 S1000
G1 F1200 X121.93 Y149.174 E1730.01273
M204 S10000
G0 F9600 X121.93 Y148.749
M204 S1000
G1 F1200 X148.75 Y121.929 E1730.95887
M204 S10000
G0 F9600 X148.326 Y121.929
M204 S1000
G1 F1200 X121.93 Y148.325 E1731.89006
M204 S10000
G0 F9600 X121.93 Y147.901
M204 S1000
G1 F1200 X147.901 Y121.929 E1732.80628
M204 S10000
G0 F9600 X147.477 Y121.929
M204 S1000
G1 F1200 X121.93 Y147.477 E1733.70754
M204 S10000
G0 F9600 X121.93 Y147.052
M204 S1000
G1 F1200 X147.053 Y121.929 E1734.59382
M204 S10000
G0 F9600 X146.629 Y121.929
M204 S1000
G1 F1200 X121.93 Y146.628 E1735.46514
M204 S10000
G0 F9600 X121.93 Y146.204
M204 S1000
G1 F1200 X146.204 Y121.929 E1736.32149
M204 S10000
G0 F9600 X145.78 Y121.929
M204 S1000
G1 F1200 X121.93 Y145.779 E1737.16286
M204 S10000
G0 F9600 X121.93 Y145.355
M204 S1000
G1 F1200 X145.356 Y121.929 E1737.98928
M204 S10000
G0 F9600 X144.932 Y121.929
M204 S1000
G1 F1200 X121.93 Y144.931 E1738.80074
M204 S10000
G0 F9600 X121.93 Y144.507
M204 S1000
G1 F1200 X144.507 Y121.929 E1739.59722
M204 S10000
G0 F9600 X144.083 Y121.929
M204 S1000
G1 F1200 X121.93 Y144.082 E1740.37872
M204 S10000
G0 F9600 X121.93 Y143.658
M204 S1000
G1 F1200 X143.659 Y121.929 E1741.14527
M204 S10000
G0 F9600 X143.235 Y121.929
M204 S1000
G1 F1200 X121.93 Y143.234 E1741.89687
M204 S10000
G0 F9600 X121.93 Y142.81
M204 S1000
G1 F1200 X142.81 Y121.929 E1742.63348
M204 S10000
G0 F9600 X142.386 Y121.929
M204 S1000
G1 F1200 X121.93 Y142.385 E1743.35512
M204 S10000
G0 F9600 X121.93 Y141.961
M204 S1000
G1 F1200 X141.962 Y121.929 E1744.0618
M204 S10000
G0 F9600 X141.538 Y121.929
M204 S1000
G1 F1200 X121.93 Y141.537 E1744.75353
M204 S10000
G0 F9600 X121.93 Y141.113
M204 S1000
G1 F1200 X141.113 Y121.929 E1745.43028
M204 S10000
G0 F9600 X140.689 Y121.929
M204 S1000
G1 F1200 X121.93 Y140.688 E1746.09205
M204 S10000
G0 F9600 X121.93 Y140.264
M204 S1000
G1 F1200 X140.265 Y121.929 E1746.73887
M204 S10000
G0 F9600 X139.84 Y121.929
M204 S1000
G1 F1200 X121.93 Y139.84 E1747.37071
M204 S10000
G0 F9600 X121.93 Y139.416
M204 S1000
G1 F1200 X139.416 Y121.929 E1747.9876
M204 S10000
G0 F9600 X138.992 Y121.929
M204 S1000
G1 F1200 X121.93 Y138.991 E1748.5895
M204 S10000
G0 F9600 X121.93 Y138.567
M204 S1000
G1 F1200 X138.568 Y121.929 E1749.17645
M204 S10000
G0 F9600 X138.143 Y121.929
M204 S1000
G1 F1200 X121.93 Y138.143 E1749.74843
M204 S10000
G0 F9600 X121.93 Y137.718
M204 S1000
G1 F1200 X137.719 Y121.929 E1750.30543
M204 S10000
G0 F9600 X137.295 Y121.929
M204 S1000
G1 F1200 X121.93 Y137.294 E1750.84747
M204 S10000
G0 F9600 X121.93 Y136.87
M204 S1000
G1 F1200 X136.871 Y121.929 E1751.37455
M204 S10000
G0 F9600 X136.446 Y121.929
M204 S1000
G1 F1200 X121.93 Y136.446 E1751.88666
M204 S10000
G0 F9600 X121.93 Y136.021
M204 S1000
G1 F1200 X136.022 Y121.929 E1752.3838
M204 S10000
G0 F9600 X135.598 Y121.929
M204 S1000
G1 F1200 X121.93 Y135.597 E1752.86597
M204 S10000
G0 F9600 X121.93 Y135.173
M204 S1000
G1 F1200 X135.174 Y121.929 E1753.33319
M204 S10000
G0 F9600 X134.749 Y121.929
M204 S1000
G1 F1200 X121.93 Y134.749 E1753.78543
M204 S10000
G0 F9600 X121.93 Y134.324
M204 S1000
G1 F1200 X134.325 Y121.929 E1754.2227
M204 S10000
G0 F9600 X133.901 Y121.929
M204 S1000
G1 F1200 X121.93 Y133.9 E1754.64501
M204 S10000
G0 F9600 X121.93 Y133.476
M204 S1000
G1 F1200 X133.477 Y121.929 E1755.05236
M204 S10000
G0 F9600 X133.052 Y121.929
M204 S1000
G1 F1200 X121.93 Y133.052 E1755.44474
M204 S10000
G0 F9600 X121.93 Y132.627
M204 S1000
G1 F1200 X132.628 Y121.929 E1755.82214
M204 S10000
G0 F9600 X132.204 Y121.929
M204 S1000
G1 F1200 X121.93 Y132.203 E1756.18458
M204 S10000
G0 F9600 X121.93 Y131.779
M204 S1000
G1 F1200 X131.779 Y121.929 E1756.53205
M204 S10000
G0 F9600 X131.355 Y121.929
M204 S1000
G1 F1200 X121.93 Y131.354 E1756.86454
M204 S10000
G0 F9600 X121.93 Y130.93
M204 S1000
G1 F1200 X130.931 Y121.929 E1757.18208
M204 S10000
G0 F9600 X130.507 Y121.929
M204 S1000
G1 F1200 X121.93 Y130.506 E1757.48465
M204 S10000
G0 F9600 X121.93 Y130.082
M204 S1000
G1 F1200 X130.082 Y121.929 E1757.77225
M204 S10000
G0 F9600 X129.658 Y121.929
M204 S1000
G1 F1200 X121.93 Y129.657 E1758.04488
M204 S10000
G0 F9600 X121.93 Y129.233
M204 S1000
G1 F1200 X129.234 Y121.929 E1758.30255
M204 S10000
G0 F9600 X128.81 Y121.929
M204 S1000
G1 F1200 X121.93 Y128.809 E1758.54526
M204 S10000
G0 F9600 X121.93 Y128.385
M204 S1000
G1 F1200 X128.385 Y121.929 E1758.77299
M204 S10000
G0 F9600 X127.961 Y121.929
M204 S1000
G1 F1200 X121.93 Y127.96 E1758.98575
M204 S10000
G0 F9600 X121.93 Y127.536
M204 S1000
G1 F1200 X127.537 Y121.929 E1759.18356
M204 S10000
G0 F9600 X127.113 Y121.929
M204 S1000
G1 F1200 X121.93 Y127.112 E1759.3664
M204 S10000
G0 F9600 X121.93 Y126.688
M204 S1000
G1 F1200 X126.688 Y121.929 E1759.53427
M204 S10000
G0 F9600 X126.264 Y121.929
M204 S1000
G1 F1200 X121.93 Y126.263 E1759.68716
M204 S10000
G0 F9600 X121.93 Y125.839
M204 S1000
G1 F1200 X125.84 Y121.929 E1759.8251
M204 S10000
G0 F9600 X125.415 Y121.929
M204 S1000
G1 F1200 X121.93 Y125.415 E1759.94806
M204 S10000
G0 F9600 X121.93 Y124.991
M204 S1000
G1 F1200 X124.991 Y121.929 E1760.05606
M204 S10000
G0 F9600 X124.567 Y121.929
M204 S1000
G1 F1200 X121.93 Y124.566 E1760.14909
M204 S10000
G0 F9600 X121.93 Y124.142
M204 S1000
G1 F1200 X124.143 Y121.929 E1760.22716
M204 S10000
G0 F9600 X123.718 Y121.929
M204 S1000
G1 F1200 X121.93 Y123.718 E1760.29025
M204 S10000
G0 F9600 X121.93 Y123.293
M204 S1000
G1 F1200 X123.294 Y121.929 E1760.33837
M204 S10000
G0 F9600 X122.87 Y121.929
M204 S1000
G1 F1200 X121.93 Y122.869 E1760.37153
M204 S10000
G0 F9600 X121.93 Y122.445
M204 S1000
G1 F1200 X122.446 Y121.929 E1760.38974
M204 S10000
G0 F9600 X122.021 Y121.929
M204 S1000
G1 F1200 X121.93 Y122.021 E1760.39296
M204 S10000
G0 F9600 X121.51 Y122.021
G1 F3000 E1754.39296
;MESH:NONMESH
G0 F300 X121.51 Y122.021 Z1.36
G0 F9600 X121.632 Y178.368
G0 X178.368 Y178.368
G0 X178.29 Y178.29
;TIME_ELAPSED:3713.419637
;LAYER:6
M204 S1000
;TYPE:WALL-INNER
;MESH:Lid_top_panel.stl
G1 F3000 E1760.39296
G1 F1800 X178.29 Y121.71 E1761.80436
G1 X121.71 Y121.71 E1763.21575
G1 X121.71 Y178.29 E1764.62715
G1 X178.29 Y178.29 E1766.03854
M204 S10000
G0 F9600 X178.59 Y178.59
M204 S1000
G1 F1800 X178.59 Y121.41 E1767.4649
G1 X121.41 Y121.41 E1768.89126
G1 X121.41 Y178.59 E1770.31762
G1 X178.59 Y178.59 E1771.74398
M204 S10000
G0 F9600 X178.89 Y178.89
M204 S1000
G1 F1800 X178.89 Y121.11 E1773.18531
G1 X121.11 Y121.11 E1774.62664
G1 X121.11 Y178.89 E1776.06797
G1 X178.89 Y178.89 E1777.50929
M204 S10000
G0 F9600 X179.14 Y179.14
M204 S1000
;TYPE:WALL-OUTER
G1 F1800 X179.14 Y120.86 E1778.96309
G1 X120.86 Y120.86 E1780.4169
G1 X120.86 Y179.14 E1781.8707
G1 X179.14 Y179.14 E1783.3245
M204 S10000
G0 F9600 X179.14 Y178.94
G0 X178.89 Y178.94
G0 X178.24 Y178.02
G0 X178.02 Y178.02
M204 S1000
;TYPE:SKIN
G1 F1200 X121.98 Y178.02 E1784.72242
G1 X121.98 Y121.98 E1786.12034
G1 X178.02 Y121.98 E1787.51827
G1 X178.02 Y178.02 E1788.91619
M204 S10000
G1 F3000 E1782.91619
G0 F9600 X178.24 Y178.02
G0 X178.24 Y122.291
G0 X177.869 Y122.291
M204 S1000
G1 F3000 E1788.91619
G1 F1200 X177.708 Y122.13 E1788.92187
M204 S10000
G0 F9600 X177.284 Y122.13
M204 S1000
G1 F1200 X177.869 Y122.715 E1788.94251
M204 S10000
G0 F9600 X177.869 Y123.139
M204 S1000
G1 F1200 X176.86 Y122.13 E1788.9781
M204 S10000
G0 F9600 X176.435 Y122.13
M204 S1000
G1 F1200 X177.869 Y123.564 E1789.02869
M204 S10000
G0 F9600 X177.869 Y123.988
M204 S1000
G1 F1200 X176.011 Y122.13 E1789.09424
M204 S10000
G0 F9600 X175.587 Y122.13
M204 S1000
G1 F1200 X177.869 Y124.412 E1789.17474
M204 S10000
G0 F9600 X177.869 Y124.836
M204 S1000
G1 F1200 X175.163 Y122.13 E1789.2702
M204 S10000
G0 F9600 X174.738 Y122.13
M204 S1000
G1 F1200 X177.869 Y125.261 E1789.38066
M204 S10000
G0 F9600 X177.869 Y125.685
M204 S1000
G1 F1200 X174.314 Y122.13 E1789.50607
M204 S10000
G0 F9600 X173.89 Y122.13
M204 S1000
G1 F1200 X177.869 Y126.109 E1789.64644
M204 S10000
G0 F9600 X177.869 Y126.533
M204 S1000
G1 F1200 X173.466 Y122.13 E1789.80177
M204 S10000
G0 F9600 X173.041 Y122.13
M204 S1000
G1 F1200 X177.869 Y126.958 E1789.97209
M204 S10000
G0 F9600 X177.869 Y127.382
M204 S1000
G1 F1200 X172.617 Y122.13 E1790.15737
M204 S10000
G0 F9600 X172.193 Y122.13
M204 S1000
G1 F1200 X177.869 Y127.806 E1790.3576
M204 S10000
G0 F9600 X177.869 Y128.23
M204 S1000
G1 F1200 X171.768 Y122.13 E1790.57281
M204 S10000
G0 F9600 X171.344 Y122.13
M204 S1000
G1 F1200 X177.869 Y128.655 E1790.803
M204 S10000
G0 F9600 X177.869 Y129.079
M204 S1000
G1 F1200 X170.92 Y122.13 E1791.04815
M204 S10000
G0 F9600 X170.496 Y122.13
M204 S1000
G1 F1200 X177.869 Y129.503 E1791.30825
M204 S10000
G0 F9600 X177.869 Y129.928
M204 S1000
G1 F1200 X170.071 Y122.13 E1791.58334
M204 S10000
G0 F9600 X169.647 Y122.13
M204 S1000
G1 F1200 X177.869 Y130.352 E1791.8734
M204 S10000
G0 F9600 X177.869 Y130.776
M204 S1000
G1 F1200 X169.223 Y122.13 E1792.17841
M204 S10000
G0 F9600 X168.799 Y122.13
M204 S1000
G1 F1200 X177.869 Y131.2 E1792.49838
M204 S10000
G0 F9600 X177.869 Y131.625
M204 S1000
G1 F1200 X168.374 Y122.13 E1792.83334
M204 S10000
G0 F9600 X167.95 Y122.13
M204 S1000
G1 F1200 X177.869 Y132.049 E1793.18326
M204 S10000
G0 F9600 X177.869 Y132.473
M204 S1000
G1 F1200 X167.526 Y122.13 E1793.54813
M204 S10000
G0 F9600 X167.102 Y122.13
M204 S1000
G1 F1200 X177.869 Y132.897 E1793.92797
M204 S10000
G0 F9600 X177.869 Y133.322
M204 S1000
G1 F1200 X166.677 Y122.13 E1794.3228
M204 S10000
G0 F9600 X166.253 Y122.13
M204 S1000
G1 F1200 X177.869 Y133.746 E1794.73258
M204 S10000
G0 F9600 X177.869 Y134.17
M204 S1000
G1 F1200 X165.829 Y122.13 E1795.15733
M204 S10000
G0 F9600 X165.405 Y122.13
M204 S1000
G1 F1200 X177.869 Y134.594 E1795.59703
M204 S10000
G0 F9600 X177.869 Y135.019
M204 S1000
G1 F1200 X164.98 Y122.13 E1796.05172
M204 S10000
G0 F9600 X164.556 Y122.13
M204 S1000
G1 F1200 X177.869 Y135.443 E1796.52137
M204 S10000
G0 F9600 X177.869 Y135.867
M204 S1000
G1 F1200 X164.132 Y122.13 E1797.00598
M204 S10000
G0 F9600 X163.707 Y122.13
M204 S1000
G1 F1200 X177.869 Y136.292 E1797.50559
M204 S10000
G0 F9600 X177.869 Y136.716
M204 S1000
G1 F1200 X163.283 Y122.13 E1798.02015
M204 S10000
G0 F9600 X162.859 Y122.13
M204 S1000
G1 F1200 X177.869 Y137.14 E1798.54967
M204 S10000
G0 F9600 X177.869 Y137.564
M204 S1000
G1 F1200 X162.435 Y122.13 E1799.09414
M204 S10000
G0 F9600 X162.01 Y122.13
M204 S1000
G1 F1200 X177.869 Y137.989 E1799.65361
M204 S10000
G0 F9600 X177.869 Y138.413
M204 S1000
G1 F1200 X161.586 Y122.13 E1800.22804
M204 S10000
G0 F9600 X161.162 Y122.13
M204 S1000
G1 F1200 X177.869 Y138.837 E1800.81742
M204 S10000
G0 F9600 X177.869 Y139.261
M204 S1000
G1 F1200 X160.738 Y122.13 E1801.42176
M204 S10000
G0 F9600 X160.313 Y122.13
M204 S1000
G1 F1200 X177.869 Y139.686 E1802.0411
M204 S10000
G0 F9600 X177.869 Y140.11
M204 S1000
G1 F1200 X159.889 Y122.13 E1802.67539
M204 S10000
G0 F9600 X159.465 Y122.13
M204 S1000
G1 F1200 X177.869 Y140.534 E1803.32464
M204 S10000
G0 F9600 X177.869 Y140.958
M204 S1000
G1 F1200 X159.041 Y122.13 E1803.98885
M204 S10000
G0 F9600 X158.616 Y122.13
M204 S1000
G1 F1200 X177.869 Y141.383 E1804.66805
M204 S10000
G0 F9600 X177.869 Y141.807
M204 S1000
G1 F1200 X158.192 Y122.13 E1805.36221
M204 S10000
G0 F9600 X157.768 Y122.13
M204 S1000
G1 F1200 X177.869 Y142.231 E1806.07133
M204 S10000
G0 F9600 X177.869 Y142.655
M204 S1000
G1 F1200 X157.343 Y122.13 E1806.79542
M204 S10000
G0 F9600 X156.919 Y122.13
M204 S1000
G1 F1200 X177.869 Y143.08 E1807.53449
M204 S10000
G0 F9600 X177.869 Y143.504
M204 S1000
G1 F1200 X156.495 Y122.13 E1808.28852
M204 S10000
G0 F9600 X156.071 Y122.13
M204 S1000
G1 F1200 X177.869 Y143.928 E1809.0575
M204 S10000
G0 F9600 X177.869 Y144.353
M204 S1000
G1 F1200 X155.646 Y122.13 E1809.84148
M204 S10000
G0 F9600 X155.222 Y122.13
M204 S1000
G1 F1200 X177.869 Y144.777 E1810.64041
M204 S10000
G0 F9600 X177.869 Y145.201
M204 S1000
G1 F1200 X154.798 Y122.13 E1811.4543
M204 S10000
G0 F9600 X154.374 Y122.13
M204 S1000
G1 F1200 X177.869 Y145.625 E1812.28315
M204 S10000
G0 F9600 X177.869 Y146.05
M204 S1000
G1 F1200 X153.949 Y122.13 E1813.12699
M204 S10000
G0 F9600 X153.525 Y122.13
M204 S1000
G1 F1200 X177.869 Y146.474 E1813.98579
M204 S10000
G0 F9600 X177.869 Y146.898
M204 S1000
G1 F1200 X153.101 Y122.13 E1814.85955
M204 S10000
G0 F9600 X152.677 Y122.13
M204 S1000
G1 F1200 X177.869 Y147.322 E1815.74827
M204 S10000
G0 F9600 X177.869 Y147.747
M204 S1000
G1 F1200 X152.252 Y122.13 E1816.65198
M204 S10000
G0 F9600 X151.828 Y122.13
M204 S1000
G1 F1200 X177.869 Y148.171 E1817.57064
M204 S10000
G0 F9600 X177.869 Y148.595
M204 S1000
G1 F1200 X151.404 Y122.13 E1818.50427
M204 S10000
G0 F9600 X150.98 Y122.13
M204 S1000
G1 F1200 X177.869 Y149.019 E1819.45285
M204 S10000
G0 F9600 X177.869 Y149.444
M204 S1000
G1 F1200 X150.555 Y122.13 E1820.41643
M204 S10000
G0 F9600 X150.131 Y122.13
M204 S1000
G1 F1200 X177.869 Y149.868 E1821.39496
M204 S10000
G0 F9600 X177.869 Y150.292
M204 S1000
G1 F1200 X149.707 Y122.13 E1822.38845
M204 S10000
G0 F9600 X149.282 Y122.13
M204 S1000
G1 F1200 X177.869 Y150.716 E1823.39691
M204 S10000
G0 F9600 X177.869 Y151.141
M204 S1000
G1 F1200 X148.858 Y122.13 E1824.42036
M204 S10000
G0 F9600 X148.434 Y122.13
M204 S1000
G1 F1200 X177.869 Y151.565 E1825.45876
M204 S10000
G0 F9600 X177.869 Y151.989
M204 S1000
G1 F1200 X148.01 Y122.13 E1826.51211
M204 S10000
G0 F9600 X147.585 Y122.13
M204 S1000
G1 F1200 X177.869 Y152.414 E1827.58046
M204 S10000
G0 F9600 X177.869 Y152.838
M204 S1000
G1 F1200 X147.161 Y122.13 E1828.66377
M204 S10000
G0 F9600 X146.737 Y122.13
M204 S1000
G1 F1200 X177.869 Y153.262 E1829.76203
M204 S10000
G0 F9600 X177.869 Y153.686
M204 S1000
G1 F1200 X146.313 Y122.13 E1830.87526
M204 S10000
G0 F9600 X145.888 Y122.13
M204 S1000
G1 F1200 X177.869 Y154.111 E1832.00347
M204 S10000
G0 F9600 X177.869 Y154.535
M204 S1000
G1 F1200 X145.464 Y122.13 E1833.14665
M204 S10000
G0 F9600 X145.04 Y122.13
M204 S1000
G1 F1200 X177.869 Y154.959 E1834.30478
M204 S10000
G0 F9600 X177.869 Y155.383
M204 S1000
G1 F1200 X144.616 Y122.13 E1835.47787
M204 S10000
G0 F9600 X144.191 Y122.13
M204 S1000
G1 F1200 X177.869 Y155.808 E1836.66595
M204 S10000
G0 F9600 X177.869 Y156.232
M204 S1000
G1 F1200 X143.767 Y122.13 E1837.86899
M204 S10000
G0 F9600 X143.343 Y122.13
M204 S1000
G1 F1200 X177.869 Y156.656 E1839.08699
M204 S10000
G0 F9600 X177.869 Y157.08
M204 S1000
G1 F1200 X142.919 Y122.13 E1840.31995
M204 S10000
G0 F9600 X142.494 Y122.13
M204 S1000
G1 F1200 X177.869 Y157.505 E1841.56789
M204 S10000
G0 F9600 X177.869 Y157.929
M204 S1000
G1 F1200 X142.07 Y122.13 E1842.8308
M204 S10000
G0 F9600 X141.646 Y122.13
M204 S1000
G1 F1200 X177.869 Y158.353 E1844.10866
M204 S10000
G0 F9600 X177.869 Y158.777
M204 S1000
G1 F1200 X141.221 Y122.13 E1845.4015
M204 S10000
G0 F9600 X140.797 Y122.13
M204 S1000
G1 F1200 X177.869 Y159.202 E1846.70932
M204 S10000
G0 F9600 X177.869 Y159.626
M204 S1000
G1 F1200 X140.373 Y122.13 E1848.03209
M204 S10000
G0 F9600 X139.949 Y122.13
M204 S1000
G1 F1200 X177.869 Y160.05 E1849.36982
M204 S10000
G0 F9600 X177.869 Y160.475
M204 S1000
G1 F1200 X139.524 Y122.13 E1850.72255
M204 S10000
G0 F9600 X139.1 Y122.13
M204 S1000
G1 F1200 X177.869 Y160.899 E1852.09023
M204 S10000
G0 F9600 X177.869 Y161.323
M204 S1000
G1 F1200 X138.676 Y122.13 E1853.47287
M204 S10000
G0 F9600 X138.252 Y122.13
M204 S1000
G1 F1200 X177.869 Y161.747 E1854.87046
M204 S10000
G0 F9600 X177.869 Y162.172
M204 S1000
G1 F1200 X137.827 Y122.13 E1856.28305
M204 S10000
G0 F9600 X137.403 Y122.13
M204 S1000
G1 F1200 X177.869 Y162.596 E1857.7106
M204 S10000
G0 F9600 X177.869 Y163.02
M204 S1000
G1 F1200 X136.979 Y122.13 E1859.1531
M204 S10000
G0 F9600 X136.555 Y122.13
M204 S1000
G1 F1200 X177.869 Y163.444 E1860.61057
M204 S10000
G0 F9600 X177.869 Y163.869
M204 S1000
G1 F1200 X136.13 Y122.13 E1862.08302
M204 S10000
G0 F9600 X135.706 Y122.13
M204 S1000
G1 F1200 X177.869 Y164.293 E1863.57044
M204 S10000
G0 F9600 X177.869 Y164.717
M204 S1000
G1 F1200 X135.282 Y122.13 E1865.07281
M204 S10000
G0 F9600 X134.857 Y122.13
M204 S1000
G1 F1200 X177.869 Y165.141 E1866.59016
M204 S10000
G0 F9600 X177.869 Y165.566
M204 S1000
G1 F1200 X134.433 Y122.13 E1868.12248
M204 S10000
G0 F9600 X134.009 Y122.13
M204 S1000
G1 F1200 X177.869 Y165.99 E1869.66976
M204 S10000
G0 F9600 X177.869 Y166.414
M204 S1000
G1 F1200 X133.585 Y122.13 E1871.23199
M204 S10000
G0 F9600 X133.16 Y122.13
M204 S1000
G1 F1200 X177.869 Y166.839 E1872.80923
M204 S10000
G0 F9600 X177.869 Y167.263
M204 S1000
G1 F1200 X132.736 Y122.13 E1874.40141
M204 S10000
G0 F9600 X132.312 Y122.13
M204 S1000
G1 F1200 X177.869 Y167.687 E1876.00856
M204 S10000
G0 F9600 X177.869 Y168.111
M204 S1000
G1 F1200 X131.888 Y122.13 E1877.63066
M204 S10000
G0 F9600 X131.463 Y122.13
M204 S1000
G1 F1200 X177.869 Y168.536 E1879.26776
M204 S10000
G0 F9600 X177.869 Y168.96
M204 S1000
G1 F1200 X131.039 Y122.13 E1880.91982
M204 S10000
G0 F9600 X130.615 Y122.13
M204 S1000
G1 F1200 X177.869 Y169.384 E1882.58683
M204 S10000
G0 F9600 X177.869 Y169.808
M204 S1000
G1 F1200 X130.191 Y122.13 E1884.2688
M204 S10000
G0 F9600 X129.766 Y122.13
M204 S1000
G1 F1200 X177.869 Y170.233 E1885.96576
M204 S10000
G0 F9600 X177.869 Y170.657
M204 S1000
G1 F1200 X129.342 Y122.13 E1887.67768
M204 S10000
G0 F9600 X128.918 Y122.13
M204 S1000
G1 F1200 X177.869 Y171.081 E1889.40456
M204 S10000
G0 F9600 X177.869 Y171.505
M204 S1000
G1 F1200 X128.494 Y122.13 E1891.1464
M204 S10000
G0 F9600 X128.069 Y122.13
M204 S1000
G1 F1200 X177.869 Y171.93 E1892.90323
M204 S10000
G0 F9600 X177.869 Y172.354
M204 S1000
G1 F1200 X127.645 Y122.13 E1894.67501
M204 S10000
G0 F9600 X127.221 Y122.13
M204 S1000
G1 F1200 X177.869 Y172.778 E1896.46176
M204 S10000
G0 F9600 X177.869 Y173.202
M204 S1000
G1 F1200 X126.796 Y122.13 E1898.26348
M204 S10000
G0 F9600 X126.372 Y122.13
M204 S1000
G1 F1200 X177.869 Y173.627 E1900.08018
M204 S10000
G0 F9600 X177.869 Y174.051
M204 S1000
G1 F1200 X125.948 Y122.13 E1901.91183
M204 S10000
G0 F9600 X125.524 Y122.13
M204 S1000
G1 F1200 X177.869 Y174.475 E1903.75844
M204 S10000
G0 F9600 X177.869 Y174.9
M204 S1000
G1 F1200 X125.099 Y122.13 E1905.62004
M204 S10000
G0 F9600 X124.675 Y122.13
M204 S1000
G1 F1200 X177.869 Y175.324 E1907.49661
M204 S10000
G0 F9600 X177.869 Y175.748
M204 S1000
G1 F1200 X124.251 Y122.13 E1909.38813
M204 S10000
G0 F9600 X123.827 Y122.13
M204 S1000
G1 F1200 X177.869 Y176.172 E1911.2946
M204 S10000
G0 F9600 X177.869 Y176.597
M204 S1000
G1 F1200 X123.402 Y122.13 E1913.21607
M204 S10000
G0 F9600 X122.978 Y122.13
M204 S1000
G1 F1200 X177.869 Y177.021 E1915.1525
M204 S10000
G0 F9600 X177.869 Y177.445
M204 S1000
G1 F1200 X122.554 Y122.13 E1917.10389
M204 S10000
G0 F9600 X122.129 Y122.129
M204 S1000
G1 F1200 X177.869 Y177.869 E1919.07027
M204 S10000
G0 F9600 X177.445 Y177.869
M204 S1000
G1 F1200 X122.129 Y122.553 E1921.02169
M204 S10000
G0 F9600 X122.129 Y122.977
M204 S1000
G1 F1200 X177.021 Y177.869 E1922.95815
M204 S10000
G0 F9600 X176.597 Y177.869
M204 S1000
G1 F1200 X122.129 Y123.402 E1924.87964
M204 S10000
G0 F9600 X122.129 Y123.826
M204 S1000
G1 F1200 X176.172 Y177.869 E1926.78615
M204 S10000
G0 F9600 X175.748 Y177.869
M204 S1000
G1 F1200 X122.129 Y124.25 E1928.67771
M204 S10000
G0 F9600 X122.129 Y124.674
M204 S1000
G1 F1200 X175.324 Y177.869 E1930.55431
M204 S10000
G0 F9600 X174.9 Y177.869
M204 S1000
G1 F1200 X122.129 Y125.099 E1932.41593
M204 S10000
G0 F9600 X122.129 Y125.523
M204 S1000
G1 F1200 X174.475 Y177.869 E1934.26257
M204 S10000
G0 F9600 X174.051 Y177.869
M204 S1000
G1 F1200 X122.129 Y125.947 E1936.09426
M204 S10000
G0 F9600 X122.129 Y126.372
M204 S1000
G1 F1200 X173.627 Y177.869 E1937.91098
M204 S10000
G0 F9600 X173.202 Y177.869
M204 S1000
G1 F1200 X122.129 Y126.796 E1939.71271
M204 S10000
G0 F9600 X122.129 Y127.22
M204 S1000
G1 F1200 X172.778 Y177.869 E1941.49949
M204 S10000
G0 F9600 X172.354 Y177.869
M204 S1000
G1 F1200 X122.129 Y127.644 E1943.27132
M204 S10000
G0 F9600 X122.129 Y128.069
M204 S1000
G1 F1200 X171.93 Y177.869 E1945.02816
M204 S10000
G0 F9600 X171.505 Y177.869
M204 S1000
G1 F1200 X122.129 Y128.493 E1946.77004
M204 S10000
G0 F9600 X122.129 Y128.917
M204 S1000
G1 F1200 X171.081 Y177.869 E1948.49695
M204 S10000
G0 F9600 X170.657 Y177.869
M204 S1000
G1 F1200 X122.129 Y129.341 E1950.20891
M204 S10000
G0 F9600 X122.129 Y129.766
M204 S1000
G1 F1200 X170.233 Y177.869 E1951.90589
M204 S10000
G0 F9600 X169.808 Y177.869
M204 S1000
G1 F1200 X122.129 Y130.19 E1953.58789
M204 S10000
G0 F9600 X122.129 Y130.614
M204 S1000
G1 F1200 X169.384 Y177.869 E1955.25494
M204 S10000
G0 F9600 X168.96 Y177.869
M204 S1000
G1 F1200 X122.129 Y131.038 E1956.90703
M204 S10000
G0 F9600 X122.129 Y131.463
M204 S1000
G1 F1200 X168.536 Y177.869 E1958.54415
M204 S10000
G0 F9600 X168.111 Y177.869
M204 S1000
G1 F1200 X122.129 Y131.887 E1960.16628
M204 S10000
G0 F9600 X122.129 Y132.311
M204 S1000
G1 F1200 X167.687 Y177.869 E1961.77347
M204 S10000
G0 F9600 X167.263 Y177.869
M204 S1000
G1 F1200 X122.129 Y132.735 E1963.36569
M204 S10000
G0 F9600 X122.129 Y133.16
M204 S1000
G1 F1200 X166.839 Y177.869 E1964.94294
M204 S10000
G0 F9600 X166.414 Y177.869
M204 S1000
G1 F1200 X122.129 Y133.584 E1966.50521
M204 S10000
G0 F9600 X122.129 Y134.008
M204 S1000
G1 F1200 X165.99 Y177.869 E1968.05253
M204 S10000
G0 F9600 X165.566 Y177.869
M204 S1000
G1 F1200 X122.129 Y134.433 E1969.58487
M204 S10000
G0 F9600 X122.129 Y134.857
M204 S1000
G1 F1200 X165.141 Y177.869 E1971.10223
M204 S10000
G0 F9600 X164.717 Y177.869
M204 S1000
G1 F1200 X122.129 Y135.281 E1972.60464
M204 S10000
G0 F9600 X122.129 Y135.705
M204 S1000
G1 F1200 X164.293 Y177.869 E1974.09209
M204 S10000
G0 F9600 X163.869 Y177.869
M204 S1000
G1 F1200 X122.129 Y136.13 E1975.56456
M204 S10000
G0 F9600 X122.129 Y136.554
M204 S1000
G1 F1200 X163.444 Y177.869 E1977.02206
M204 S10000
G0 F9600 X163.02 Y177.869
M204 S1000
G1 F1200 X122.129 Y136.978 E1978.4646
M204 S10000
G0 F9600 X122.129 Y137.402
M204 S1000
G1 F1200 X162.596 Y177.869 E1979.89218
M204 S10000
G0 F9600 X162.172 Y177.869
M204 S1000
G1 F1200 X122.129 Y137.827 E1981.30479
M204 S10000
G0 F9600 X122.129 Y138.251
M204 S1000
G1 F1200 X161.747 Y177.869 E1982.70242
M204 S10000
G0 F9600 X161.323 Y177.869
M204 S1000
G1 F1200 X122.129 Y138.675 E1984.08509
M204 S10000
G0 F9600 X122.129 Y139.099
M204 S1000
G1 F1200 X160.899 Y177.869 E1985.45281
M204 S10000
G0 F9600 X160.475 Y177.869
M204 S1000
G1 F1200 X122.129 Y139.524 E1986.80555
M204 S10000
G0 F9600 X122.129 Y139.948
M204 S1000
G1 F1200 X160.05 Y177.869 E1988.14332
M204 S10000
G0 F9600 X159.626 Y177.869
M204 S1000
G1 F1200 X122.129 Y140.372 E1989.46613
M204 S10000
G0 F9600 X122.129 Y140.796
M204 S1000
G1 F1200 X159.202 Y177.869 E1990.77398
M204 S10000
G0 F9600 X158.777 Y177.869
M204 S1000
G1 F1200 X122.129 Y141.221 E1992.06683
M204 S10000
G0 F9600 X122.129 Y141.645
M204 S1000
G1 F1200 X158.353 Y177.869 E1993.34473
M204 S10000
G0 F9600 X157.929 Y177.869
M204 S1000
G1 F1200 X122.129 Y142.069 E1994.60767
M204 S10000
G0 F9600 X122.129 Y142.494
M204 S1000
G1 F1200 X157.505 Y177.869 E1995.85564
M204 S10000
G0 F9600 X157.08 Y177.869
M204 S1000
G1 F1200 X122.129 Y142.918 E1997.08863
M204 S10000
G0 F9600 X122.129 Y143.342
M204 S1000
G1 F1200 X156.656 Y177.869 E1998.30666
M204 S10000
G0 F9600 X156.232 Y177.869
M204 S1000
G1 F1200 X122.129 Y143.766 E1999.50974
M204 S10000
G0 F9600 X122.129 Y144.191
M204 S1000
G1 F1200 X155.808 Y177.869 E2000.69784
M204 S10000
G0 F9600 X155.383 Y177.869
M204 S1000
G1 F1200 X122.129 Y144.615 E2001.87096
M204 S10000
G0 F9600 X122.129 Y145.039
M204 S1000
G1 F1200 X154.959 Y177.869 E2003.02913
M204 S10000
G0 F9600 X154.535 Y177.869
M204 S1000
G1 F1200 X122.129 Y145.463 E2004.17234
M204 S10000
G0 F9600 X122.129 Y145.888
M204 S1000
G1 F1200 X154.111 Y177.869 E2005.30057
M204 S10000
G0 F9600 X153.686 Y177.869
M204 S1000
G1 F1200 X122.129 Y146.312 E2006.41383
M204 S10000
G0 F9600 X122.129 Y146.736
M204 S1000
G1 F1200 X153.262 Y177.869 E2007.51213
M204 S10000
G0 F9600 X152.838 Y177.869
M204 S1000
G1 F1200 X122.129 Y147.16 E2008.59548
M204 S10000
G0 F9600 X122.129 Y147.585
M204 S1000
G1 F1200 X152.414 Y177.869 E2009.66384
M204 S10000
G0 F9600 X151.989 Y177.869
M204 S1000
G1 F1200 X122.129 Y148.009 E2010.71724
M204 S10000
G0 F9600 X122.129 Y148.433
M204 S1000
G1 F1200 X151.565 Y177.869 E2011.75567
M204 S10000
G0 F9600 X151.141 Y177.869
M204 S1000
G1 F1200 X122.129 Y148.857 E2012.77915
M204 S10000
G0 F9600 X122.129 Y149.282
M204 S1000
G1 F1200 X150.716 Y177.869 E2013.78763
M204 S10000
G0 F9600 X150.292 Y177.869
M204 S1000
G1 F1200 X122.129 Y149.706 E2014.78116
M204 S10000
G0 F9600 X122.129 Y150.13
M204 S1000
G1 F1200 X149.868 Y177.869 E2015.75972
M204 S10000
G0 F9600 X149.444 Y177.869
M204 S1000
G1 F1200 X122.129 Y150.555 E2016.72332
M204 S10000
G0 F9600 X122.129 Y150.979
M204 S1000
G1 F1200 X149.019 Y177.869 E2017.67193
M204 S10000
G0 F9600 X148.595 Y177.869
M204 S1000
G1 F1200 X122.129 Y151.403 E2018.60559
M204 S10000
G0 F9600 X122.129 Y151.827
M204 S1000
G1 F1200 X148.171 Y177.869 E2019.5243
M204 S10000
G0 F9600 X147.747 Y177.869
M204 S1000
G1 F1200 X122.129 Y152.252 E2020.42802
M204 S10000
G0 F9600 X122.129 Y152.676
M204 S1000
G1 F1200 X147.322 Y177.869 E2021.31677
M204 S10000
G0 F9600 X146.898 Y177.869
M204 S1000
G1 F1200 X122.129 Y153.1 E2022.19057
M204 S10000
G0 F9600 X122.129 Y153.524
M204 S1000
G1 F1200 X146.474 Y177.869 E2023.0494
M204 S10000
G0 F9600 X146.05 Y177.869
M204 S1000
G1 F1200 X122.129 Y153.949 E2023.89326
M204 S10000
G0 F9600 X122.129 Y154.373
M204 S1000
G1 F1200 X145.625 Y177.869 E2024.72215
M204 S10000
G0 F9600 X145.201 Y177.869
M204 S1000
G1 F1200 X122.129 Y154.797 E2025.53608
M204 S10000
G0 F9600 X122.129 Y155.221
M204 S1000
G1 F1200 X144.777 Y177.869 E2026.33504
M204 S10000
G0 F9600 X144.353 Y177.869
M204 S1000
G1 F1200 X122.129 Y155.646 E2027.11904
M204 S10000
G0 F9600 X122.129 Y156.07
M204 S1000
G1 F1200 X143.928 Y177.869 E2027.88806
M204 S10000
G0 F9600 X143.504 Y177.869
M204 S1000
G1 F1200 X122.129 Y156.494 E2028.64212
M204 S10000
G0 F9600 X122.129 Y156.919
M204 S1000
G1 F1200 X143.08 Y177.869 E2029.3812
M204 S10000
G0 F9600 X142.655 Y177.869
M204 S1000
G1 F1200 X122.129 Y157.343 E2030.10531
M204 S10000
G0 F9600 X122.129 Y157.767
M204 S1000
G1 F1200 X142.231 Y177.869 E2030.81447
M204 S10000
G0 F9600 X141.807 Y177.869
M204 S1000
G1 F1200 X122.129 Y158.191 E2031.50866
M204 S10000
G0 F9600 X122.129 Y158.616
M204 S1000
G1 F1200 X141.383 Y177.869 E2032.18788
M204 S10000
G0 F9600 X140.958 Y177.869
M204 S1000
G1 F1200 X122.129 Y159.04 E2032.85212
M204 S10000
G0 F9600 X122.129 Y159.464
M204 S1000
G1 F1200 X140.534 Y177.869 E2033.50141
M204 S10000
G0 F9600 X140.11 Y177.869
M204 S1000
G1 F1200 X122.129 Y159.888 E2034.13574
M204 S10000
G0 F9600 X122.129 Y160.313
M204 S1000
G1 F1200 X139.686 Y177.869 E2034.75509
M204 S10000
G0 F9600 X139.261 Y177.869
M204 S1000
G1 F1200 X122.129 Y160.737 E2035.35947
M204 S10000
G0 F9600 X122.129 Y161.161
M204 S1000
G1 F1200 X138.837 Y177.869 E2035.94889
M204 S10000
G0 F9600 X138.413 Y177.869
M204 S1000
G1 F1200 X122.129 Y161.585 E2036.52335
M204 S10000
G0 F9600 X122.129 Y162.01
M204 S1000
G1 F1200 X137.989 Y177.869 E2037.08284
M204 S10000
G0 F9600 X137.564 Y177.869
M204 S1000
G1 F1200 X122.129 Y162.434 E2037.62735
M204 S10000
G0 F9600 X122.129 Y162.858
M204 S1000
G1 F1200 X137.14 Y177.869 E2038.1569
M204 S10000
G0 F9600 X136.716 Y177.869
M204 S1000
G1 F1200 X122.129 Y163.282 E2038.6715
M204 S10000
G0 F9600 X122.129 Y163.707
M204 S1000
G1 F1200 X136.292 Y177.869 E2039.17112
M204 S10000
G0 F9600 X135.867 Y177.869
M204 S1000
G1 F1200 X122.129 Y164.131 E2039.65576
M204 S10000
G0 F9600 X122.129 Y164.555
M204 S1000
G1 F1200 X135.443 Y177.869 E2040.12545
M204 S10000
G0 F9600 X135.019 Y177.869
M204 S1000
G1 F1200 X122.129 Y164.98 E2040.58016
M204 S10000
G0 F9600 X122.129 Y165.404
M204 S1000
G1 F1200 X134.594 Y177.869 E2041.0199
M204 S10000
G0 F9600 X134.17 Y177.869
M204 S1000
G1 F1200 X122.129 Y165.828 E2041.44468
M204 S10000
G0 F9600 X122.129 Y166.252
M204 S1000
G1 F1200 X133.746 Y177.869 E2041.8545
M204 S10000
G0 F9600 X133.322 Y177.869
M204 S1000
G1 F1200 X122.129 Y166.677 E2042.24934
M204 S10000
G0 F9600 X122.129 Y167.101
M204 S1000
G1 F1200 X132.897 Y177.869 E2042.62921
M204 S10000
G0 F9600 X132.473 Y177.869
M204 S1000
G1 F1200 X122.129 Y167.525 E2042.99413
M204 S10000
G0 F9600 X122.129 Y167.949
M204 S1000
G1 F1200 X132.049 Y177.869 E2043.34408
M204 S10000
G0 F9600 X131.625 Y177.869
M204 S1000
G1 F1200 X122.129 Y168.374 E2043.67906
M204 S10000
G0 F9600 X122.129 Y168.798
M204 S1000
G1 F1200 X131.2 Y177.869 E2043.99907
M204 S10000
G0 F9600 X130.776 Y177.869
M204 S1000
G1 F1200 X122.129 Y169.222 E2044.30411
M204 S10000
G0 F9600 X122.129 Y169.646
M204 S1000
G1 F1200 X130.352 Y177.869 E2044.5942
M204 S10000
G0 F9600 X129.928 Y177.869
M204 S1000
G1 F1200 X122.129 Y170.071 E2044.86931
M204 S10000
G0 F9600 X122.129 Y170.495
M204 S1000
G1 F1200 X129.503 Y177.869 E2045.12945
M204 S10000
G0 F9600 X129.079 Y177.869
M204 S1000
G1 F1200 X122.129 Y170.919 E2045.37463
M204 S10000
G0 F9600 X122.129 Y171.343
M204 S1000
G1 F1200 X128.655 Y177.869 E2045.60485
M204 S10000
G0 F9600 X128.23 Y177.869
M204 S1000
G1 F1200 X122.129 Y171.768 E2045.82008
M204 S10000
G0 F9600 X122.129 Y172.192
M204 S1000
G1 F1200 X127.806 Y177.869 E2046.02035
M204 S10000
G0 F9600 X127.382 Y177.869
M204 S1000
G1 F1200 X122.129 Y172.616 E2046.20567
M204 S10000
G0 F9600 X122.129 Y173.041
M204 S1000
G1 F1200 X126.958 Y177.869 E2046.37601
M204 S10000
G0 F9600 X126.533 Y177.869
M204 S1000
G1 F1200 X122.129 Y173.465 E2046.53137
M204 S10000
G0 F9600 X122.129 Y173.889
M204 S1000
G1 F1200 X126.109 Y177.869 E2046.67177
M204 S10000
G0 F9600 X125.685 Y177.869
M204 S1000
G1 F1200 X122.129 Y174.313 E2046.79722
M204 S10000
G0 F9600 X122.129 Y174.738
M204 S1000
G1 F1200 X125.261 Y177.869 E2046.90769
M204 S10000
G0 F9600 X124.836 Y177.869
M204 S1000
G1 F1200 X122.129 Y175.162 E2047.00319
M204 S10000
G0 F9600 X122.129 Y175.586
M204 S1000
G1 F1200 X124.412 Y177.869 E2047.08373
M204 S10000
G0 F9600 X123.988 Y177.869
M204 S1000
G1 F1200 X122.129 Y176.01 E2047.14931
M204 S10000
G0 F9600 X122.129 Y176.435
M204 S1000
G1 F1200 X123.564 Y177.869 E2047.19992
M204 S10000
G0 F9600 X123.139 Y177.869
M204 S1000
G1 F1200 X122.129 Y176.859 E2047.23555
M204 S10000
G0 F9600 X122.129 Y177.283
M204 S1000
G1 F1200 X122.715 Y177.869 E2047.25622
M204 S10000
G0 F9600 X122.291 Y177.869
M204 S1000
G1 F1200 X122.129 Y177.707 E2047.26194
M204 S10000
G0 F9600 X121.71 Y177.707
G1 F3000 E2041.26194
;MESH:NONMESH
G0 F300 X121.71 Y177.707 Z1.56
G0 F9600 X121.832 Y178.168
G0 X178.168 Y178.168
G0 X178.09 Y178.09
;TIME_ELAPSED:4293.114726
;LAYER:7
M204 S1000
;TYPE:WALL-INNER
;MESH:Lid_top_panel.stl
G1 F3000 E2047.26194
G1 F1800 X178.09 Y121.91 E2048.66335
G1 X121.91 Y121.91 E2050.06477
G1 X121.91 Y178.09 E2051.46618
G1 X178.09 Y178.09 E2052.8676
M204 S10000
G0 F9600 X178.39 Y178.39
M204 S1000
G1 F1800 X178.39 Y121.61 E2054.28398
G1 X121.61 Y121.61 E2055.70036
G1 X121.61 Y178.39 E2057.11675
G1 X178.39 Y178.39 E2058.53313
M204 S10000
G0 F9600 X178.69 Y178.69
M204 S1000
G1 F1800 X178.69 Y121.31 E2059.96448
G1 X121.31 Y121.31 E2061.39583
G1 X121.31 Y178.69 E2062.82718
G1 X178.69 Y178.69 E2064.25853
M204 S10000
G0 F9600 X178.94 Y178.94
M204 S1000
;TYPE:WALL-OUTER
G1 F1800 X178.94 Y121.06 E2065.70235
G1 X121.06 Y121.06 E2067.14617
G1 X121.06 Y178.94 E2068.59
G1 X178.94 Y178.94 E2070.03382
M204 S10000
G0 F9600 X178.94 Y178.74
G0 X178.69 Y178.74
G0 X178.04 Y177.82
G0 X177.82 Y177.82
M204 S1000
;TYPE:SKIN
G1 F1200 X122.18 Y177.82 E2071.42176
G1 X122.18 Y122.18 E2072.80971
G1 X177.82 Y122.18 E2074.19766
G1 X177.82 Y177.82 E2075.5856
M204 S10000
G0 F9600 X177.439 Y177.669
M204 S1000
G1 F1200 X177.669 Y177.439 E2075.59371
M204 S10000
G0 F9600 X177.669 Y177.014
M204 S1000
G1 F1200 X177.014 Y177.669 E2075.61682
M204 S10000
G0 F9600 X176.59 Y177.669
M204 S1000
G1 F1200 X177.669 Y176.59 E2075.65489
M204 S10000
G0 F9600 X177.669 Y176.166
M204 S1000
G1 F1200 X176.166 Y177.669 E2075.70791
M204 S10000
G0 F9600 X175.742 Y177.669
M204 S1000
G1 F1200 X177.669 Y175.742 E2075.77589
M204 S10000
G0 F9600 X177.669 Y175.317
M204 S1000
G1 F1200 X175.317 Y177.669 E2075.85886
M204 S10000
G0 F9600 X174.893 Y177.669
M204 S1000
G1 F1200 X177.669 Y174.893 E2075.95679
M204 S10000
G0 F9600 X177.669 Y174.469
M204 S1000
G1 F1200 X174.469 Y177.669 E2076.06968
M204 S10000
G0 F9600 X174.045 Y177.669
M204 S1000
G1 F1200 X177.669 Y174.045 E2076.19753
M204 S10000
G0 F9600 X177.669 Y173.62
M204 S1000
G1 F1200 X173.62 Y177.669 E2076.34037
M204 S10000
G0 F9600 X173.196 Y177.669
M204 S1000
G1 F1200 X177.669 Y173.196 E2076.49816
M204 S10000
G0 F9600 X177.669 Y172.772
M204 S1000
G1 F1200 X172.772 Y177.669 E2076.67092
M204 S10000
G0 F9600 X172.348 Y177.669
M204 S1000
G1 F1200 X177.669 Y172.348 E2076.85863
M204 S10000
G0 F9600 X177.669 Y171.923
M204 S1000
G1 F1200 X171.923 Y177.669 E2077.06134
M204 S10000
G0 F9600 X171.499 Y177.669
M204 S1000
G1 F1200 X177.669 Y171.499 E2077.279
M204 S10000
G0 F9600 X177.669 Y171.075
M204 S1000
G1 F1200 X171.075 Y177.669 E2077.51162
M204 S10000
G0 F9600 X170.651 Y177.669
M204 S1000
G1 F1200 X177.669 Y170.651 E2077.7592
M204 S10000
G0 F9600 X177.669 Y170.226
M204 S1000
G1 F1200 X170.226 Y177.669 E2078.02177
M204 S10000
G0 F9600 X169.802 Y177.669
M204 S1000
G1 F1200 X177.669 Y169.802 E2078.2993
M204 S10000
G0 F9600 X177.669 Y169.378
M204 S1000
G1 F1200 X169.378 Y177.669 E2078.59179
M204 S10000
G0 F9600 X168.953 Y177.669
M204 S1000
G1 F1200 X177.669 Y168.953 E2078.89927
M204 S10000
G0 F9600 X177.669 Y168.529
M204 S1000
G1 F1200 X168.529 Y177.669 E2079.22171
M204 S10000
G0 F9600 X168.105 Y177.669
M204 S1000
G1 F1200 X177.669 Y168.105 E2079.5591
M204 S10000
G0 F9600 X177.669 Y167.681
M204 S1000
G1 F1200 X167.681 Y177.669 E2079.91146
M204 S10000
G0 F9600 X167.256 Y177.669
M204 S1000
G1 F1200 X177.669 Y167.256 E2080.27881
M204 S10000
G0 F9600 X177.669 Y166.832
M204 S1000
G1 F1200 X166.832 Y177.669 E2080.66111
M204 S10000
G0 F9600 X166.408 Y177.669
M204 S1000
G1 F1200 X177.669 Y166.408 E2081.05837
M204 S10000
G0 F9600 X177.669 Y165.984
M204 S1000
G1 F1200 X165.984 Y177.669 E2081.47059
M204 S10000
G0 F9600 X165.559 Y177.669
M204 S1000
G1 F1200 X177.669 Y165.559 E2081.8978
M204 S10000
G0 F9600 X177.669 Y165.135
M204 S1000
G1 F1200 X165.135 Y177.669 E2082.33998
M204 S10000
G0 F9600 X164.711 Y177.669
M204 S1000
G1 F1200 X177.669 Y164.711 E2082.7971
M204 S10000
G0 F9600 X177.669 Y164.287
M204 S1000
G1 F1200 X164.287 Y177.669 E2083.26919
M204 S10000
G0 F9600 X163.862 Y177.669
M204 S1000
G1 F1200 X177.669 Y163.862 E2083.75627
M204 S10000
G0 F9600 X177.669 Y163.438
M204 S1000
G1 F1200 X163.438 Y177.669 E2084.25831
M204 S10000
G0 F9600 X163.014 Y177.669
M204 S1000
G1 F1200 X177.669 Y163.014 E2084.7753
M204 S10000
G0 F9600 X177.669 Y162.59
M204 S1000
G1 F1200 X162.59 Y177.669 E2085.30725
M204 S10000
G0 F9600 X162.165 Y177.669
M204 S1000
G1 F1200 X177.669 Y162.165 E2085.8542
M204 S10000
G0 F9600 X177.669 Y161.741
M204 S1000
G1 F1200 X161.741 Y177.669 E2086.4161
M204 S10000
G0 F9600 X161.317 Y177.669
M204 S1000
G1 F1200 X177.669 Y161.317 E2086.99296
M204 S10000
G0 F9600 X177.669 Y160.892
M204 S1000
G1 F1200 X160.892 Y177.669 E2087.58482
M204 S10000
G0 F9600 X160.468 Y177.669
M204 S1000
G1 F1200 X177.669 Y160.468 E2088.19163
M204 S10000
G0 F9600 X177.669 Y160.044
M204 S1000
G1 F1200 X160.044 Y177.669 E2088.8134
M204 S10000
G0 F9600 X159.62 Y177.669
M204 S1000
G1 F1200 X177.669 Y159.62 E2089.45013
M204 S10000
G0 F9600 X177.669 Y159.195
M204 S1000
G1 F1200 X159.195 Y177.669 E2090.10185
M204 S10000
G0 F9600 X158.771 Y177.669
M204 S1000
G1 F1200 X177.669 Y158.771 E2090.76852
M204 S10000
G0 F9600 X177.669 Y158.347
M204 S1000
G1 F1200 X158.347 Y177.669 E2091.45016
M204 S10000
G0 F9600 X157.923 Y177.669
M204 S1000
G1 F1200 X177.669 Y157.923 E2092.14675
M204 S10000
G0 F9600 X177.669 Y157.498
M204 S1000
G1 F1200 X157.498 Y177.669 E2092.85834
M204 S10000
G0 F9600 X157.074 Y177.669
M204 S1000
G1 F1200 X177.669 Y157.074 E2093.58488
M204 S10000
G0 F9600 X177.669 Y156.65
M204 S1000
G1 F1200 X156.65 Y177.669 E2094.32639
M204 S10000
G0 F9600 X156.226 Y177.669
M204 S1000
G1 F1200 X177.669 Y156.226 E2095.08285
M204 S10000
G0 F9600 X177.669 Y155.801
M204 S1000
G1 F1200 X155.801 Y177.669 E2095.8543
M204 S10000
G0 F9600 X155.377 Y177.669
M204 S1000
G1 F1200 X177.669 Y155.377 E2096.64071
M204 S10000
G0 F9600 X177.669 Y154.953
M204 S1000
G1 F1200 X154.953 Y177.669 E2097.44208
M204 S10000
G0 F9600 X154.528 Y177.669
M204 S1000
G1 F1200 X177.669 Y154.528 E2098.25844
M204 S10000
G0 F9600 X177.669 Y154.104
M204 S1000
G1 F1200 X154.104 Y177.669 E2099.08976
M204 S10000
G0 F9600 X153.68 Y177.669
M204 S1000
G1 F1200 X177.669 Y153.68 E2099.93603
M204 S10000
G0 F9600 X177.669 Y153.256
M204 S1000
G1 F1200 X153.256 Y177.669 E2100.79727
M204 S10000
G0 F9600 X152.831 Y177.669
M204 S1000
G1 F1200 X177.669 Y152.831 E2101.6735
M204 S10000
G0 F9600 X177.669 Y152.407
M204 S1000
G1 F1200 X152.407 Y177.669 E2102.56468
M204 S10000
G0 F9600 X151.983 Y177.669
M204 S1000
G1 F1200 X177.669 Y151.983 E2103.47082
M204 S10000
G0 F9600 X177.669 Y151.559
M204 S1000
G1 F1200 X151.559 Y177.669 E2104.39192
M204 S10000
G0 F9600 X151.134 Y177.669
M204 S1000
G1 F1200 X177.669 Y151.134 E2105.32802
M204 S10000
G0 F9600 X177.669 Y150.71
M204 S1000
G1 F1200 X150.71 Y177.669 E2106.27907
M204 S10000
G0 F9600 X150.286 Y177.669
M204 S1000
G1 F1200 X177.669 Y150.286 E2107.24508
M204 S10000
G0 F9600 X177.669 Y149.862
M204 S1000
G1 F1200 X149.862 Y177.669 E2108.22605
M204 S10000
G0 F9600 X149.437 Y177.669
M204 S1000
G1 F1200 X177.669 Y149.437 E2109.22201
M204 S10000
G0 F9600 X177.669 Y149.013
M204 S1000
G1 F1200 X149.013 Y177.669 E2110.23292
M204 S10000
G0 F9600 X148.589 Y177.669
M204 S1000
G1 F1200 X177.669 Y148.589 E2111.2588
M204 S10000
G0 F9600 X177.669 Y148.165
M204 S1000
G1 F1200 X148.165 Y177.669 E2112.29963
M204 S10000
G0 F9600 X147.74 Y177.669
M204 S1000
G1 F1200 X177.669 Y147.74 E2113.35546
M204 S10000
G0 F9600 X177.669 Y147.316
M204 S1000
G1 F1200 X147.316 Y177.669 E2114.42624
M204 S10000
G0 F9600 X146.892 Y177.669
M204 S1000
G1 F1200 X177.669 Y146.892 E2115.51199
M204 S10000
G0 F9600 X177.669 Y146.467
M204 S1000
G1 F1200 X146.467 Y177.669 E2116.61272
M204 S10000
G0 F9600 X146.043 Y177.669
M204 S1000
G1 F1200 X177.669 Y146.043 E2117.72841
M204 S10000
G0 F9600 X177.669 Y145.619
M204 S1000
G1 F1200 X145.619 Y177.669 E2118.85906
M204 S10000
G0 F9600 X145.195 Y177.669
M204 S1000
G1 F1200 X177.669 Y145.195 E2120.00467
M204 S10000
G0 F9600 X177.669 Y144.77
M204 S1000
G1 F1200 X144.77 Y177.669 E2121.16527
M204 S10000
G0 F9600 X144.346 Y177.669
M204 S1000
G1 F1200 X177.669 Y144.346 E2122.34083
M204 S10000
G0 F9600 X177.669 Y143.922
M204 S1000
G1 F1200 X143.922 Y177.669 E2123.53135
M204 S10000
G0 F9600 X143.498 Y177.669
M204 S1000
G1 F1200 X177.669 Y143.498 E2124.73682
M204 S10000
G0 F9600 X177.669 Y143.073
M204 S1000
G1 F1200 X143.073 Y177.669 E2125.95729
M204 S10000
G0 F9600 X142.649 Y177.669
M204 S1000
G1 F1200 X177.669 Y142.649 E2127.19271
M204 S10000
G0 F9600 X177.669 Y142.225
M204 S1000
G1 F1200 X142.225 Y177.669 E2128.4431
M204 S10000
G0 F9600 X141.801 Y177.669
M204 S1000
G1 F1200 X177.669 Y141.801 E2129.70844
M204 S10000
G0 F9600 X177.669 Y141.376
M204 S1000
G1 F1200 X141.376 Y177.669 E2130.98877
M204 S10000
G0 F9600 X140.952 Y177.669
M204 S1000
G1 F1200 X177.669 Y140.952 E2132.28406
M204 S10000
G0 F9600 X177.669 Y140.528
M204 S1000
G1 F1200 X140.528 Y177.669 E2133.59431
M204 S10000
G0 F9600 X140.104 Y177.669
M204 S1000
G1 F1200 X177.669 Y140.104 E2134.91952
M204 S10000
G0 F9600 X177.669 Y139.679
M204 S1000
G1 F1200 X139.679 Y177.669 E2136.25972
M204 S10000
G0 F9600 X139.255 Y177.669
M204 S1000
G1 F1200 X177.669 Y139.255 E2137.61488
M204 S10000
G0 F9600 X177.669 Y138.831
M204 S1000
G1 F1200 X138.831 Y177.669 E2138.98499
M204 S10000
G0 F9600 X138.406 Y177.669
M204 S1000
G1 F1200 X177.669 Y138.406 E2140.3701
M204 S10000
G0 F9600 X177.669 Y137.982
M204 S1000
G1 F1200 X137.982 Y177.669 E2141.77017
M204 S10000
G0 F9600 X137.558 Y177.669
M204 S1000
G1 F1200 X177.669 Y137.558 E2143.18519
M204 S10000
G0 F9600 X177.669 Y137.134
M204 S1000
G1 F1200 X137.134 Y177.669 E2144.61517
M204 S10000
G0 F9600 X136.709 Y177.669
M204 S1000
G1 F1200 X177.669 Y136.709 E2146.06015
M204 S10000
G0 F9600 X177.669 Y136.285
M204 S1000
G1 F1200 X136.285 Y177.669 E2147.52008
M204 S10000
G0 F9600 X135.861 Y177.669
M204 S1000
G1 F1200 X177.669 Y135.861 E2148.99497
M204 S10000
G0 F9600 X177.669 Y135.437
M204 S1000
G1 F1200 X135.437 Y177.669 E2150.48482
M204 S10000
G0 F9600 X135.012 Y177.669
M204 S1000
G1 F1200 X177.669 Y135.012 E2151.98966
M204 S10000
G0 F9600 X177.669 Y134.588
M204 S1000
G1 F1200 X134.588 Y177.669 E2153.50946
M204 S10000
G0 F9600 X134.164 Y177.669
M204 S1000
G1 F1200 X177.669 Y134.164 E2155.04421
M204 S10000
G0 F9600 X177.669 Y133.74
M204 S1000
G1 F1200 X133.74 Y177.669 E2156.59393
M204 S10000
G0 F9600 X133.315 Y177.669
M204 S1000
G1 F1200 X177.669 Y133.315 E2158.15863
M204 S10000
G0 F9600 X177.669 Y132.891
M204 S1000
G1 F1200 X132.891 Y177.669 E2159.7383
M204 S10000
G0 F9600 X132.467 Y177.669
M204 S1000
G1 F1200 X177.669 Y132.467 E2161.33292
M204 S10000
G0 F9600 X177.669 Y132.042
M204 S1000
G1 F1200 X132.042 Y177.669 E2162.94254
M204 S10000
G0 F9600 X131.618 Y177.669
M204 S1000
G1 F1200 X177.669 Y131.618 E2164.56711
M204 S10000
G0 F9600 X177.669 Y131.194
M204 S1000
G1 F1200 X131.194 Y177.669 E2166.20664
M204 S10000
G0 F9600 X130.77 Y177.669
M204 S1000
G1 F1200 X177.669 Y130.77 E2167.86113
M204 S10000
G0 F9600 X177.669 Y130.345
M204 S1000
G1 F1200 X130.345 Y177.669 E2169.53061
M204 S10000
G0 F9600 X129.921 Y177.669
M204 S1000
G1 F1200 X177.669 Y129.921 E2171.21505
M204 S10000
G0 F9600 X177.669 Y129.497
M204 S1000
G1 F1200 X129.497 Y177.669 E2172.91445
M204 S10000
G0 F9600 X129.073 Y177.669
M204 S1000
G1 F1200 X177.669 Y129.073 E2174.6288
M204 S10000
G0 F9600 X177.669 Y128.648
M204 S1000
G1 F1200 X128.648 Y177.669 E2176.35815
M204 S10000
G0 F9600 X128.224 Y177.669
M204 S1000
G1 F1200 X177.669 Y128.224 E2178.10246
M204 S10000
G0 F9600 X177.669 Y127.8
M204 S1000
G1 F1200 X127.8 Y177.669 E2179.86172
M204 S10000
G0 F9600 X127.376 Y177.669
M204 S1000
G1 F1200 X177.669 Y127.376 E2181.63594
M204 S10000
G0 F9600 X177.669 Y126.951
M204 S1000
G1 F1200 X126.951 Y177.669 E2183.42516
M204 S10000
G0 F9600 X126.527 Y177.669
M204 S1000
G1 F1200 X177.669 Y126.527 E2185.22933
M204 S10000
G0 F9600 X177.669 Y126.103
M204 S1000
G1 F1200 X126.103 Y177.669 E2187.04846
M204 S10000
G0 F9600 X125.679 Y177.669
M204 S1000
G1 F1200 X177.669 Y125.679 E2188.88255
M204 S10000
G0 F9600 X177.669 Y125.254
M204 S1000
G1 F1200 X125.254 Y177.669 E2190.73163
M204 S10000
G0 F9600 X124.83 Y177.669
M204 S1000
G1 F1200 X177.669 Y124.83 E2192.59567
M204 S10000
G0 F9600 X177.669 Y124.406
M204 S1000
G1 F1200 X124.406 Y177.669 E2194.47466
M204 S10000
G0 F9600 X123.981 Y177.669
M204 S1000
G1 F1200 X177.669 Y123.981 E2196.36865
M204 S10000
G0 F9600 X177.669 Y123.557
M204 S1000
G1 F1200 X123.557 Y177.669 E2198.2776
M204 S10000
G0 F9600 X123.133 Y177.669
M204 S1000
G1 F1200 X177.669 Y123.133 E2200.2015
M204 S10000
G0 F9600 X177.669 Y122.709
M204 S1000
G1 F1200 X122.709 Y177.669 E2202.14037
M204 S10000
G0 F9600 X122.33 Y177.624
M204 S1000
G1 F1200 X177.625 Y122.329 E2204.09105
M204 S10000
G0 F9600 X177.2 Y122.329
M204 S1000
G1 F1200 X122.33 Y177.2 E2206.02675
M204 S10000
G0 F9600 X122.33 Y176.775
M204 S1000
G1 F1200 X176.776 Y122.329 E2207.94748
M204 S10000
G0 F9600 X176.352 Y122.329
M204 S1000
G1 F1200 X122.33 Y176.351 E2209.85325
M204 S10000
G0 F9600 X122.33 Y175.927
M204 S1000
G1 F1200 X175.928 Y122.329 E2211.74407
M204 S10000
G0 F9600 X175.503 Y122.329
M204 S1000
G1 F1200 X122.33 Y175.503 E2213.61991
M204 S10000
G0 F9600 X122.33 Y175.078
M204 S1000
G1 F1200 X175.079 Y122.329 E2215.48077
M204 S10000
G0 F9600 X174.655 Y122.329
M204 S1000
G1 F1200 X122.33 Y174.654 E2217.32667
M204 S10000
G0 F9600 X122.33 Y174.23
M204 S1000
G1 F1200 X174.231 Y122.329 E2219.15762
M204 S10000
G0 F9600 X173.806 Y122.329
M204 S1000
G1 F1200 X122.33 Y173.806 E2220.9736
M204 S10000
G0 F9600 X122.33 Y173.381
M204 S1000
G1 F1200 X173.382 Y122.329 E2222.77459
M204 S10000
G0 F9600 X172.958 Y122.329
M204 S1000
G1 F1200 X122.33 Y172.957 E2224.56063
M204 S10000
G0 F9600 X122.33 Y172.533
M204 S1000
G1 F1200 X172.534 Y122.329 E2226.33171
M204 S10000
G0 F9600 X172.109 Y122.329
M204 S1000
G1 F1200 X122.33 Y172.109 E2228.08782
M204 S10000
G0 F9600 X122.33 Y171.684
M204 S1000
G1 F1200 X171.685 Y122.329 E2229.82895
M204 S10000
G0 F9600 X171.261 Y122.329
M204 S1000
G1 F1200 X122.33 Y171.26 E2231.55512
M204 S10000
G0 F9600 X122.33 Y170.836
M204 S1000
G1 F1200 X170.836 Y122.329 E2233.26632
M204 S10000
G0 F9600 X170.412 Y122.329
M204 S1000
G1 F1200 X122.33 Y170.412 E2234.96256
M204 S10000
G0 F9600 X122.33 Y169.987
M204 S1000
G1 F1200 X169.988 Y122.329 E2236.64383
M204 S10000
G0 F9600 X169.564 Y122.329
M204 S1000
G1 F1200 X122.33 Y169.563 E2238.31013
M204 S10000
G0 F9600 X122.33 Y169.139
M204 S1000
G1 F1200 X169.139 Y122.329 E2239.96146
M204 S10000
G0 F9600 X168.715 Y122.329
M204 S1000
G1 F1200 X122.33 Y168.714 E2241.59782
M204 S10000
G0 F9600 X122.33 Y168.29
M204 S1000
G1 F1200 X168.291 Y122.329 E2243.21922
M204 S10000
G0 F9600 X167.867 Y122.329
M204 S1000
G1 F1200 X122.33 Y167.866 E2244.82566
M204 S10000
G0 F9600 X122.33 Y167.442
M204 S1000
G1 F1200 X167.442 Y122.329 E2246.41713
M204 S10000
G0 F9600 X167.018 Y122.329
M204 S1000
G1 F1200 X122.33 Y167.017 E2247.99361
M204 S10000
G0 F9600 X122.33 Y166.593
M204 S1000
G1 F1200 X166.594 Y122.329 E2249.55515
M204 S10000
G0 F9600 X166.17 Y122.329
M204 S1000
G1 F1200 X122.33 Y166.169 E2251.10172
M204 S10000
G0 F9600 X122.33 Y165.745
M204 S1000
G1 F1200 X165.745 Y122.329 E2252.63332
M204 S10000
G0 F9600 X165.321 Y122.329
M204 S1000
G1 F1200 X122.33 Y165.32 E2254.14994
M204 S10000
G0 F9600 X122.33 Y164.896
M204 S1000
G1 F1200 X164.897 Y122.329 E2255.65161
M204 S10000
G0 F9600 X164.473 Y122.329
M204 S1000
G1 F1200 X122.33 Y164.472 E2257.13832
M204 S10000
G0 F9600 X122.33 Y164.048
M204 S1000
G1 F1200 X164.048 Y122.329 E2258.61005
M204 S10000
G0 F9600 X163.624 Y122.329
M204 S1000
G1 F1200 X122.33 Y163.623 E2260.06681
M204 S10000
G0 F9600 X122.33 Y163.199
M204 S1000
G1 F1200 X163.2 Y122.329 E2261.50861
M204 S10000
G0 F9600 X162.775 Y122.329
M204 S1000
G1 F1200 X122.33 Y162.775 E2262.93543
M204 S10000
G0 F9600 X122.33 Y162.351
M204 S1000
G1 F1200 X162.351 Y122.329 E2264.3473
M204 S10000
G0 F9600 X161.927 Y122.329
M204 S1000
G1 F1200 X122.33 Y161.926 E2265.74419
M204 S10000
G0 F9600 X122.33 Y161.502
M204 S1000
G1 F1200 X161.503 Y122.329 E2267.12612
M204 S10000
G0 F9600 X161.078 Y122.329
M204 S1000
G1 F1200 X122.33 Y161.078 E2268.49308
M204 S10000
G0 F9600 X122.33 Y160.653
M204 S1000
G1 F1200 X160.654 Y122.329 E2269.84506
M204 S10000
G0 F9600 X160.23 Y122.329
M204 S1000
G1 F1200 X122.33 Y160.229 E2271.18209
M204 S10000
G0 F9600 X122.33 Y159.805
M204 S1000
G1 F1200 X159.806 Y122.329 E2272.50416
M204 S10000
G0 F9600 X159.381 Y122.329
M204 S1000
G1 F1200 X122.33 Y159.381 E2273.81125
M204 S10000
G0 F9600 X122.33 Y158.956
M204 S1000
G1 F1200 X158.957 Y122.329 E2275.10336
M204 S10000
G0 F9600 X158.533 Y122.329
M204 S1000
G1 F1200 X122.33 Y158.532 E2276.38052
M204 S10000
G0 F9600 X122.33 Y158.108
M204 S1000
G1 F1200 X158.109 Y122.329 E2277.64272
M204 S10000
G0 F9600 X157.684 Y122.329
M204 S1000
G1 F1200 X122.33 Y157.684 E2278.88995
M204 S10000
G0 F9600 X122.33 Y157.259
M204 S1000
G1 F1200 X157.26 Y122.329 E2280.1222
M204 S10000
G0 F9600 X156.836 Y122.329
M204 S1000
G1 F1200 X122.33 Y156.835 E2281.33949
M204 S10000
G0 F9600 X122.33 Y156.411
M204 S1000
G1 F1200 X156.412 Y122.329 E2282.54183
M204 S10000
G0 F9600 X155.987 Y122.329
M204 S1000
G1 F1200 X122.33 Y155.987 E2283.72918
M204 S10000
G0 F9600 X122.33 Y155.562
M204 S1000
G1 F1200 X155.563 Y122.329 E2284.90157
M204 S10000
G0 F9600 X155.139 Y122.329
M204 S1000
G1 F1200 X122.33 Y155.138 E2286.05899
M204 S10000
G0 F9600 X122.33 Y154.714
M204 S1000
G1 F1200 X154.714 Y122.329 E2287.20145
M204 S10000
G0 F9600 X154.29 Y122.329
M204 S1000
G1 F1200 X122.33 Y154.289 E2288.32892
M204 S10000
G0 F9600 X122.33 Y153.865
M204 S1000
G1 F1200 X153.866 Y122.329 E2289.44144
M204 S10000
G0 F9600 X153.442 Y122.329
M204 S1000
G1 F1200 X122.33 Y153.441 E2290.539
M204 S10000
G0 F9600 X122.33 Y153.017
M204 S1000
G1 F1200 X153.017 Y122.329 E2291.62158
M204 S10000
G0 F9600 X152.593 Y122.329
M204 S1000
G1 F1200 X122.33 Y152.592 E2292.68919
M204 S10000
G0 F9600 X122.33 Y152.168
M204 S1000
G1 F1200 X152.169 Y122.329 E2293.74184
M204 S10000
G0 F9600 X151.745 Y122.329
M204 S1000
G1 F1200 X122.33 Y151.744 E2294.77954
M204 S10000
G0 F9600 X122.33 Y151.32
M204 S1000
G1 F1200 X151.32 Y122.329 E2295.80225
M204 S10000
G0 F9600 X150.896 Y122.329
M204 S1000
G1 F1200 X122.33 Y150.895 E2296.81
M204 S10000
G0 F9600 X122.33 Y150.471
M204 S1000
G1 F1200 X150.472 Y122.329 E2297.80278
M204 S10000
G0 F9600 X150.048 Y122.329
M204 S1000
G1 F1200 X122.33 Y150.047 E2298.78061
M204 S10000
G0 F9600 X122.33 Y149.623
M204 S1000
G1 F1200 X149.623 Y122.329 E2299.74346
M204 S10000
G0 F9600 X149.199 Y122.329
M204 S1000
G1 F1200 X122.33 Y149.198 E2300.69134
M204 S10000
G0 F9600 X122.33 Y148.774
M204 S1000
G1 F1200 X148.775 Y122.329 E2301.62426
M204 S10000
G0 F9600 X148.351 Y122.329
M204 S1000
G1 F1200 X122.33 Y148.35 E2302.54222
M204 S10000
G0 F9600 X122.33 Y147.926
M204 S1000
G1 F1200 X147.926 Y122.329 E2303.4452
M204 S10000
G0 F9600 X147.502 Y122.329
M204 S1000
G1 F1200 X122.33 Y147.501 E2304.33321
M204 S10000
G0 F9600 X122.33 Y147.077
M204 S1000
G1 F1200 X147.078 Y122.329 E2305.20627
M204 S10000
G0 F9600 X146.653 Y122.329
M204 S1000
G1 F1200 X122.33 Y146.653 E2306.06434
M204 S10000
G0 F9600 X122.33 Y146.228
M204 S1000
G1 F1200 X146.229 Y122.329 E2306.90745
M204 S10000
G0 F9600 X145.805 Y122.329
M204 S1000
G1 F1200 X122.33 Y145.804 E2307.73559
M204 S10000
G0 F9600 X122.33 Y145.38
M204 S1000
G1 F1200 X145.381 Y122.329 E2308.54878
M204 S10000
G0 F9600 X144.956 Y122.329
M204 S1000
G1 F1200 X122.33 Y144.956 E2309.34699
M204 S10000
G0 F9600 X122.33 Y144.531
M204 S1000
G1 F1200 X144.532 Y122.329 E2310.13022
M204 S10000
G0 F9600 X144.108 Y122.329
M204 S1000
G1 F1200 X122.33 Y144.107 E2310.8985
M204 S10000
G0 F9600 X122.33 Y143.683
M204 S1000
G1 F1200 X143.684 Y122.329 E2311.65182
M204 S10000
G0 F9600 X143.259 Y122.329
M204 S1000
G1 F1200 X122.33 Y143.259 E2312.39016
M204 S10000
G0 F9600 X122.33 Y142.834
M204 S1000
G1 F1200 X142.835 Y122.329 E2313.11353
M204 S10000
G0 F9600 X142.411 Y122.329
M204 S1000
G1 F1200 X122.33 Y142.41 E2313.82195
M204 S10000
G0 F9600 X122.33 Y141.986
M204 S1000
G1 F1200 X141.987 Y122.329 E2314.5154
M204 S10000
G0 F9600 X141.562 Y122.329
M204 S1000
G1 F1200 X122.33 Y141.562 E2315.19388
M204 S10000
G0 F9600 X122.33 Y141.137
M204 S1000
G1 F1200 X141.138 Y122.329 E2315.85738
M204 S10000
G0 F9600 X140.714 Y122.329
M204 S1000
G1 F1200 X122.33 Y140.713 E2316.50593
M204 S10000
G0 F9600 X122.33 Y140.289
M204 S1000
G1 F1200 X140.289 Y122.329 E2317.1395
M204 S10000
G0 F9600 X139.865 Y122.329
M204 S1000
G1 F1200 X122.33 Y139.865 E2317.75811
M204 S10000
G0 F9600 X122.33 Y139.44
M204 S1000
G1 F1200 X139.441 Y122.329 E2318.36174
M204 S10000
G0 F9600 X139.017 Y122.329
M204 S1000
G1 F1200 X122.33 Y139.016 E2318.95042
M204 S10000
G0 F9600 X122.33 Y138.592
M204 S1000
G1 F1200 X138.592 Y122.329 E2319.52413
M204 S10000
G0 F9600 X138.168 Y122.329
M204 S1000
G1 F1200 X122.33 Y138.167 E2320.08286
M204 S10000
G0 F9600 X122.33 Y137.743
M204 S1000
G1 F1200 X137.744 Y122.329 E2320.62663
M204 S10000
G0 F9600 X137.32 Y122.329
M204 S1000
G1 F1200 X122.33 Y137.319 E2321.15544
M204 S10000
G0 F9600 X122.33 Y136.895
M204 S1000
G1 F1200 X136.895 Y122.329 E2321.66928
M204 S10000
G0 F9600 X136.471 Y122.329
M204 S1000
G1 F1200 X122.33 Y136.47 E2322.16814
M204 S10000
G0 F9600 X122.33 Y136.046
M204 S1000
G1 F1200 X136.047 Y122.329 E2322.65204
M204 S10000
G0 F9600 X135.623 Y122.329
M204 S1000
G1 F1200 X122.33 Y135.622 E2323.12099
M204 S10000
G0 F9600 X122.33 Y135.198
M204 S1000
G1 F1200 X135.198 Y122.329 E2323.57496
M204 S10000
G0 F9600 X134.774 Y122.329
M204 S1000
G1 F1200 X122.33 Y134.773 E2324.01396
M204 S10000
G0 F9600 X122.33 Y134.349
M204 S1000
G1 F1200 X134.35 Y122.329 E2324.43799
M204 S10000
G0 F9600 X133.926 Y122.329
M204 S1000
G1 F1200 X122.33 Y133.925 E2324.84707
M204 S10000
G0 F9600 X122.33 Y133.501
M204 S1000
G1 F1200 X133.501 Y122.329 E2325.24118
M204 S10000
G0 F9600 X133.077 Y122.329
M204 S1000
G1 F1200 X122.33 Y133.076 E2325.62031
M204 S10000
G0 F9600 X122.33 Y132.652
M204 S1000
G1 F1200 X132.653 Y122.329 E2325.98448
M204 S10000
G0 F9600 X132.228 Y122.329
M204 S1000
G1 F1200 X122.33 Y132.228 E2326.33368
M204 S10000
G0 F9600 X122.33 Y131.803
M204 S1000
G1 F1200 X131.804 Y122.329 E2326.6679
M204 S10000
G0 F9600 X131.38 Y122.329
M204 S1000
G1 F1200 X122.33 Y131.379 E2326.98716
M204 S10000
G0 F9600 X122.33 Y130.955
M204 S1000
G1 F1200 X130.956 Y122.329 E2327.29147
M204 S10000
G0 F9600 X130.531 Y122.329
M204 S1000
G1 F1200 X122.33 Y130.531 E2327.5808
M204 S10000
G0 F9600 X122.33 Y130.106
M204 S1000
G1 F1200 X130.107 Y122.329 E2327.85515
M204 S10000
G0 F9600 X129.683 Y122.329
M204 S1000
G1 F1200 X122.33 Y129.682 E2328.11455
M204 S10000
G0 F9600 X122.33 Y129.258
M204 S1000
G1 F1200 X129.259 Y122.329 E2328.35899
M204 S10000
G0 F9600 X128.834 Y122.329
M204 S1000
G1 F1200 X122.33 Y128.834 E2328.58845
M204 S10000
G0 F9600 X122.33 Y128.409
M204 S1000
G1 F1200 X128.41 Y122.329 E2328.80294
M204 S10000
G0 F9600 X127.986 Y122.329
M204 S1000
G1 F1200 X122.33 Y127.985 E2329.00247
M204 S10000
G0 F9600 X122.33 Y127.561
M204 S1000
G1 F1200 X127.562 Y122.329 E2329.18704
M204 S10000
G0 F9600 X127.137 Y122.329
M204 S1000
G1 F1200 X122.33 Y127.137 E2329.35664
M204 S10000
G0 F9600 X122.33 Y126.712
M204 S1000
G1 F1200 X126.713 Y122.329 E2329.51126
M204 S10000
G0 F9600 X126.289 Y122.329
M204 S1000
G1 F1200 X122.33 Y126.288 E2329.65093
M204 S10000
G0 F9600 X122.33 Y125.864
M204 S1000
G1 F1200 X125.865 Y122.329 E2329.77563
M204 S10000
G0 F9600 X125.44 Y122.329
M204 S1000
G1 F1200 X122.33 Y125.44 E2329.88536
M204 S10000
G0 F9600 X122.33 Y125.015
M204 S1000
G1 F1200 X125.016 Y122.329 E2329.98012
M204 S10000
G0 F9600 X124.592 Y122.329
M204 S1000
G1 F1200 X122.33 Y124.591 E2330.05992
M204 S10000
G0 F9600 X122.33 Y124.167
M204 S1000
G1 F1200 X124.167 Y122.329 E2330.12474
M204 S10000
G0 F9600 X123.743 Y122.329
M204 S1000
G1 F1200 X122.33 Y123.742 E2330.17459
M204 S10000
G0 F9600 X122.33 Y123.318
M204 S1000
G1 F1200 X123.319 Y122.329 E2330.20948
M204 S10000
G0 F9600 X122.895 Y122.329
M204 S1000
G1 F1200 X122.33 Y122.894 E2330.22941
M204 S10000
G0 F9600 X122.33 Y122.47
M204 S1000
G1 F1200 X122.47 Y122.329 E2330.23437
M204 S10000
G0 F9600 X122.47 Y121.91
;TIME_ELAPSED:4863.127446
G1 F3000 E2324.23437
M140 S0
M204 S500
M107
M104 S0
M140 S0
G92 E0
G1 E-10 F2000
G28 X0 Y0
M`84`
M82 ;absolute extrusion mode
M104 S0
;End of Gcode
;SETTING_3 {"global_quality": "[general]\\nversion = 4\\nname = anet-PLA\\ndefin
;SETTING_3 ition = anet3d_et5_x\\n\\n[metadata]\\ntype = quality_changes\\nquali
;SETTING_3 ty_type = draft\\nsetting_version = 22\\n\\n[values]\\nadhesion_type 
;SETTING_3 = skirt\\njerk_enabled = False\\nlayer_height = 0.2\\nlayer_height_0 
;SETTING_3 = 0.16\\nmaterial_bed_temperature = 60.0\\nretraction_combing = noski
;SETTING_3 n\\nsupport_enable = True\\nsupport_structure = normal\\nsupport_type
;SETTING_3  = buildplate\\ntravel_retract_before_outer_wall = False\\n\\n", "ext
;SETTING_3 ruder_quality": ["[general]\\nversion = 4\\nname = anet-PLA\\ndefinit
;SETTING_3 ion = anet3d_et5_x\\n\\n[metadata]\\ntype = quality_changes\\nquality
;SETTING_3 _type = draft\\nintent_category = default\\nposition = 0\\nsetting_ve
;SETTING_3 rsion = 22\\n\\n[values]\\nacceleration_travel = 10000.0\\nbottom_lay
;SETTING_3 ers = 4\\ncoasting_enable = False\\ncool_fan_speed = 100.0\\ninfill_l
;SETTING_3 ine_distance = =0 if infill_sparse_density == 0 else (infill_line_wid
;SETTING_3 th * 100) / infill_sparse_density * (2 if infill_pattern == 'grid' el
;SETTING_3 se (3 if infill_pattern == 'triangles' or infill_pattern == 'trihexag
;SETTING_3 on' or infill_pattern == 'cubic' or infill_pattern == 'cubicsubdiv' e
;SETTING_3 lse (2 if infill_pattern == 'tetrahedral' or infill_pattern == 'quart
;SETTING_3 er_cubic' else (1 if infill_pattern == 'cross' or infill_pattern == '
;SETTING_3 cross_3d' else (1.6 if infill_pattern == 'lightning' else 1)))))\\nin
;SETTING_3 fill_pattern = grid\\ninfill_sparse_density = 30\\nline_width = 0.3\\
;SETTING_3 nmaterial_print_temperature = 200.0\\nminimum_support_area = 0\\nretr
;SETTING_3 act_at_layer_change = True\\nretraction_amount = 6.0\\nretraction_com
;SETTING_3 bing_max_distance = 2\\nretraction_min_travel = 1\\nretraction_speed 
;SETTING_3 = 50.0\\nskin_line_width = =line_width\\nskirt_brim_line_width = =lin
;SETTING_3 e_width\\nspeed_equalize_flow_width_factor = 100.0\\nspeed_infill = 4
;SETTING_3 0\\nspeed_layer_0 = 20.0\\nspeed_support = 30.0\\nspeed_topbottom = 2
;SETTING_3 0.0\\nspeed_travel = 160.0\\nspeed_travel_layer_0 = 60.0\\nspeed_wall
;SETTING_3  = 30\\nsupport_angle = 60.0\\nsupport_interface_enable = True\\nsupp
;SETTING_3 ort_interface_pattern = lines\\nsupport_tree_branch_diameter = 2.0\\n
;SETTING_3 support_tree_limit_branch_reach = False\\nsupport_tree_max_diameter =
;SETTING_3  5.0\\nsupport_tree_top_rate = =30 if support_roof_enable else 10\\ns
;SETTING_3 upport_use_towers = False\\nsupport_wall_count = 2\\nsupport_xy_dista
;SETTING_3 nce = 1\\nsupport_xy_distance_overhang = 0.4\\nsupport_xy_overrides_z
;SETTING_3  = xy_overrides_z\\nsupport_z_distance = 0.4\\ntop_layers = 4\\ntrave
;SETTING_3 l_avoid_distance = 1\\ntravel_avoid_other_parts = False\\nwall_line_c
;SETTING_3 ount = 4\\nwall_line_width = =line_width\\nwall_thickness = 1\\n\\n"]
;SETTING_3 }
