;FLAVOR:Marlin
;TIME:609
;Filament used: 0.243622m
;Layer height: 0.2
;MINX:141.55
;MINY:137.15
;MINZ:0.16
;MAXX:158.45
;MAXY:162.85
;MAXZ:8.36
;TARGET_MACHINE.NAME:Anet ET5 X
;Generated with Cura_SteamEngine 5.5.0
M140 S60
M105
M190 S60
M104 S200
M105
M109 S200
M82 ;absolute extrusion mode
G92 X0 Y0 Z0
G92 E0
G92 E0
G1 F3000 E-6
;LAYER_COUNT:42
;LAYER:0
M107
M204 S10000
G0 F3600 X142.877 Y138.222 Z0.16
M204 S1000
;TYPE:SKIRT
G1 F3000 E0
G1 F1200 X143.385 Y137.828 E0.01283
G1 X143.949 Y137.518 E0.02567
G1 X144.553 Y137.301 E0.03848
G1 X145.114 Y137.191 E0.04989
G1 X145.497 Y137.16 E0.05756
G1 X145.842 Y137.151 E0.06444
G1 X153.752 Y137.15 E0.2223
G1 X154.52 Y137.163 E0.23763
G1 X155.02 Y137.21 E0.24765
G1 X155.787 Y137.411 E0.26347
G1 X156.37 Y137.678 E0.27627
G1 X156.829 Y137.979 E0.28722
G1 X157.379 Y138.479 E0.30205
G1 X157.748 Y138.948 E0.31396
G1 X158.085 Y139.552 E0.32777
G1 X158.275 Y140.068 E0.33874
G1 X158.4 Y140.645 E0.35052
G1 X158.44 Y141.097 E0.35958
G1 X158.449 Y141.441 E0.36644
G1 X158.45 Y158.115 E0.69919
G1 X158.439 Y158.892 E0.7147
G1 X158.365 Y159.56 E0.72811
G1 X158.193 Y160.18 E0.74095
G1 X157.928 Y160.761 E0.75369
G1 X157.658 Y161.183 E0.76369
G1 X157.127 Y161.773 E0.77953
G1 X156.623 Y162.168 E0.79231
G1 X156.101 Y162.46 E0.80425
G1 X155.451 Y162.698 E0.81806
G1 X154.926 Y162.804 E0.82875
G1 X154.503 Y162.84 E0.83722
G1 X154.158 Y162.849 E0.84411
G1 X146.254 Y162.85 E1.00184
G1 X145.532 Y162.84 E1.01625
G1 X144.844 Y162.767 E1.03006
G1 X144.358 Y162.642 E1.04007
G1 X143.768 Y162.396 E1.05283
G1 X143.097 Y161.965 E1.06874
G1 X142.691 Y161.596 E1.07969
G1 X142.231 Y161.021 E1.09439
G1 X141.94 Y160.5 E1.1063
G1 X141.702 Y159.85 E1.12011
G1 X141.596 Y159.324 E1.13082
G1 X141.56 Y158.9 E1.13931
G1 X141.551 Y158.543 E1.14644
G1 X141.55 Y141.819 E1.48018
G1 X141.56 Y141.13 E1.49393
G1 X141.636 Y140.436 E1.50787
G1 X141.809 Y139.815 E1.52073
G1 X142.079 Y139.229 E1.53361
G1 X142.437 Y138.695 E1.54644
G1 X142.877 Y138.222 E1.55933
M204 S10000
G0 F3600 X143.062 Y138.458
M204 S1000
G1 F1200 X143.531 Y138.09 E1.57122
G1 X144.052 Y137.8 E1.58312
G1 X144.612 Y137.595 E1.59502
G1 X145.139 Y137.49 E1.60575
G1 X145.505 Y137.46 E1.61308
G1 X145.842 Y137.451 E1.6198
G1 X153.747 Y137.45 E1.77756
G1 X154.492 Y137.462 E1.79243
G1 X154.992 Y137.509 E1.80245
G1 X155.663 Y137.684 E1.81629
G1 X156.207 Y137.93 E1.8282
G1 X156.628 Y138.202 E1.8382
G1 X157.143 Y138.665 E1.85202
G1 X157.512 Y139.134 E1.86393
G1 X157.803 Y139.656 E1.87586
G1 X157.993 Y140.172 E1.88683
G1 X158.106 Y140.707 E1.89774
G1 X158.14 Y141.105 E1.90572
G1 X158.149 Y141.441 E1.91242
G1 X158.15 Y158.111 E2.24509
G1 X158.139 Y158.888 E2.2606
G1 X158.076 Y159.481 E2.2725
G1 X157.919 Y160.057 E2.28441
G1 X157.675 Y160.599 E2.29627
G1 X157.405 Y161.021 E2.30627
G1 X156.941 Y161.538 E2.32014
G1 X156.475 Y161.907 E2.332
G1 X155.996 Y162.179 E2.34299
G1 X155.391 Y162.404 E2.35587
G1 X154.9 Y162.505 E2.36587
G1 X154.495 Y162.54 E2.37399
G1 X154.158 Y162.549 E2.38071
G1 X146.258 Y162.55 E2.53837
G1 X145.536 Y162.54 E2.55278
G1 X144.919 Y162.476 E2.56516
G1 X144.433 Y162.351 E2.57517
G1 X143.885 Y162.12 E2.58704
G1 X143.299 Y161.743 E2.60094
G1 X142.893 Y161.374 E2.61189
G1 X142.492 Y160.873 E2.6247
G1 X142.221 Y160.395 E2.63566
G1 X141.996 Y159.79 E2.64855
G1 X141.895 Y159.298 E2.65857
G1 X141.86 Y158.892 E2.6667
G1 X141.851 Y158.543 E2.67367
G1 X141.85 Y141.823 E3.00733
G1 X141.86 Y141.134 E3.02108
G1 X141.925 Y140.515 E3.03351
G1 X142.082 Y139.939 E3.04542
G1 X142.329 Y139.395 E3.05734
G1 X142.658 Y138.898 E3.06924
G1 X143.062 Y138.458 E3.08116
M204 S10000
G0 F3600 X143.249 Y138.693
M204 S1000
G1 F1200 X143.679 Y138.351 E3.09212
G1 X144.157 Y138.081 E3.10308
G1 X144.672 Y137.889 E3.11405
G1 X145.164 Y137.789 E3.12406
G1 X145.513 Y137.76 E3.13105
G1 X145.842 Y137.751 E3.13762
G1 X153.742 Y137.75 E3.29527
G1 X154.464 Y137.761 E3.30968
G1 X154.964 Y137.808 E3.31971
G1 X155.541 Y137.958 E3.3316
G1 X156.044 Y138.182 E3.34259
G1 X156.465 Y138.454 E3.35259
G1 X156.908 Y138.852 E3.36448
G1 X157.251 Y139.282 E3.37546
G1 X157.521 Y139.76 E3.38641
G1 X157.711 Y140.276 E3.39738
G1 X157.812 Y140.767 E3.40739
G1 X157.84 Y141.113 E3.41432
G1 X157.849 Y141.441 E3.42086
G1 X157.85 Y158.107 E3.75345
G1 X157.84 Y158.858 E3.76844
G1 X157.786 Y159.404 E3.77939
G1 X157.645 Y159.935 E3.79035
G1 X157.422 Y160.437 E3.80131
G1 X157.152 Y160.859 E3.81131
G1 X156.753 Y161.304 E3.82324
G1 X156.325 Y161.647 E3.83419
G1 X155.89 Y161.898 E3.84421
G1 X155.331 Y162.11 E3.85614
G1 X154.84 Y162.211 E3.86614
G1 X154.487 Y162.24 E3.87321
G1 X154.158 Y162.249 E3.87978
G1 X146.262 Y162.25 E4.03735
G1 X145.54 Y162.24 E4.05176
G1 X144.994 Y162.185 E4.06271
G1 X144.508 Y162.06 E4.07273
G1 X144.003 Y161.844 E4.08369
G1 X143.501 Y161.521 E4.0956
G1 X143.095 Y161.152 E4.10655
G1 X142.752 Y160.723 E4.11751
G1 X142.502 Y160.289 E4.1275
G1 X142.29 Y159.73 E4.13944
G1 X142.189 Y159.238 E4.14946
G1 X142.16 Y158.884 E4.15655
G1 X142.151 Y158.543 E4.16335
G1 X142.15 Y141.827 E4.49694
G1 X142.16 Y141.138 E4.51069
G1 X142.215 Y140.592 E4.52164
G1 X142.356 Y140.061 E4.53261
G1 X142.58 Y139.559 E4.54358
G1 X142.88 Y139.1 E4.55452
G1 X143.249 Y138.693 E4.56548
M204 S10000
G0 F3600 X143.438 Y138.926
M204 S1000
G1 F1200 X143.828 Y138.611 E4.57549
G1 X144.263 Y138.361 E4.5855
G1 X144.732 Y138.183 E4.59551
G1 X145.224 Y138.083 E4.60553
G1 X145.521 Y138.06 E4.61147
G1 X145.842 Y138.051 E4.61788
G1 X153.738 Y138.05 E4.77546
G1 X154.436 Y138.06 E4.78939
G1 X154.936 Y138.107 E4.79941
G1 X155.421 Y138.233 E4.80941
G1 X155.881 Y138.434 E4.81943
G1 X156.302 Y138.706 E4.82943
G1 X156.675 Y139.041 E4.83943
G1 X156.991 Y139.431 E4.84945
G1 X157.24 Y139.866 E4.85945
G1 X157.417 Y140.336 E4.86948
G1 X157.518 Y140.827 E4.87948
G1 X157.54 Y141.121 E4.88536
G1 X157.549 Y141.441 E4.89175
G1 X157.55 Y158.103 E5.22426
G1 X157.541 Y158.83 E5.23877
G1 X157.495 Y159.329 E5.24877
G1 X157.37 Y159.815 E5.25878
G1 X157.169 Y160.275 E5.2688
G1 X156.899 Y160.697 E5.2788
G1 X156.564 Y161.071 E5.28882
G1 X156.175 Y161.387 E5.29882
G1 X155.74 Y161.638 E5.30884
G1 X155.271 Y161.816 E5.31885
G1 X154.78 Y161.917 E5.32886
G1 X154.479 Y161.94 E5.33488
G1 X154.158 Y161.949 E5.34129
G1 X146.266 Y161.95 E5.49878
G1 X145.568 Y161.941 E5.51271
G1 X145.069 Y161.894 E5.52272
G1 X144.583 Y161.769 E5.53273
G1 X144.123 Y161.569 E5.54274
G1 X143.701 Y161.298 E5.55275
G1 X143.328 Y160.963 E5.56275
G1 X143.012 Y160.573 E5.57277
G1 X142.762 Y160.139 E5.58277
G1 X142.584 Y159.67 E5.59278
G1 X142.483 Y159.178 E5.6028
G1 X142.46 Y158.876 E5.60884
G1 X142.451 Y158.543 E5.61549
G1 X142.45 Y141.831 E5.949
G1 X142.459 Y141.166 E5.96227
G1 X142.506 Y140.667 E5.97227
G1 X142.631 Y140.181 E5.98229
G1 X142.832 Y139.722 E5.99229
G1 X143.104 Y139.3 E6.0023
G1 X143.438 Y138.926 E6.01231
M204 S10000
G1 F3000 E0.01231
;MESH:Lock.stl
G0 F3600 X145.964 Y141.564
G0 X146.772 Y157.628
G0 X153.35 Y157.75
M204 S1000
;TYPE:WALL-INNER
G1 F3000 E6.01231
G1 F1200 X153.35 Y142.25 E6.32163
G1 X146.65 Y142.25 E6.45534
G1 X146.65 Y157.75 E6.76466
G1 X153.35 Y157.75 E6.89836
M204 S10000
G0 F3600 X153.65 Y158.05
M204 S1000
G1 F1200 X153.65 Y141.95 E7.21965
G1 X146.35 Y141.95 E7.36533
G1 X146.35 Y158.05 E7.68663
G1 X153.65 Y158.05 E7.83231
M204 S10000
G0 F3600 X153.95 Y158.35
M204 S1000
G1 F1200 X153.95 Y141.65 E8.16557
G1 X146.05 Y141.65 E8.32323
G1 X146.05 Y158.35 E8.65649
G1 X153.95 Y158.35 E8.81415
M204 S10000
G0 F3600 X154.2 Y158.6
M204 S1000
;TYPE:WALL-OUTER
G1 F1200 X154.2 Y141.4 E9.15739
G1 X145.8 Y141.4 E9.32502
G1 X145.8 Y158.6 E9.66827
G1 X154.2 Y158.6 E9.8359
M204 S10000
G0 F3600 X154.2 Y158.4
G0 X153.95 Y158.4
G0 X153.3 Y157.48
G0 X153.08 Y157.48
M204 S1000
;TYPE:SKIN
G1 F1200 X146.92 Y157.48 E9.95883
G1 X146.92 Y142.52 E10.25737
G1 X153.08 Y142.52 E10.3803
G1 X153.08 Y157.48 E10.67884
M204 S10000
G1 F3000 E4.67884
G0 F3600 X153.3 Y157.48
G0 X147.146 Y157.7
G0 X147.146 Y157.329
M204 S1000
G1 F3000 E10.67884
G1 F1200 X147.069 Y157.252 E10.68101
M204 S10000
G0 F3600 X147.069 Y156.827
M204 S1000
G1 F1200 X147.571 Y157.329 E10.69518
M204 S10000
G0 F3600 X147.995 Y157.329
M204 S1000
G1 F1200 X147.069 Y156.403 E10.72132
M204 S10000
G0 F3600 X147.069 Y155.979
M204 S1000
G1 F1200 X148.419 Y157.329 E10.75942
M204 S10000
G0 F3600 X148.843 Y157.329
M204 S1000
G1 F1200 X147.069 Y155.555 E10.80948
M204 S10000
G0 F3600 X147.069 Y155.13
M204 S1000
G1 F1200 X149.268 Y157.329 E10.87154
M204 S10000
G0 F3600 X149.692 Y157.329
M204 S1000
G1 F1200 X147.069 Y154.706 E10.94557
M204 S10000
G0 F3600 X147.069 Y154.282
M204 S1000
G1 F1200 X150.116 Y157.329 E11.03156
M204 S10000
G0 F3600 X150.54 Y157.329
M204 S1000
G1 F1200 X147.069 Y153.857 E11.12954
M204 S10000
G0 F3600 X147.069 Y153.433
M204 S1000
G1 F1200 X150.965 Y157.329 E11.23949
M204 S10000
G0 F3600 X151.389 Y157.329
M204 S1000
G1 F1200 X147.069 Y153.009 E11.36141
M204 S10000
G0 F3600 X147.069 Y152.585
M204 S1000
G1 F1200 X151.813 Y157.329 E11.49529
M204 S10000
G0 F3600 X152.237 Y157.329
M204 S1000
G1 F1200 X147.069 Y152.16 E11.64116
M204 S10000
G0 F3600 X147.069 Y151.736
M204 S1000
G1 F1200 X152.662 Y157.329 E11.79901
M204 S10000
G0 F3600 X152.929 Y157.172
M204 S1000
G1 F1200 X147.069 Y151.312 E11.96439
M204 S10000
G0 F3600 X147.069 Y150.888
M204 S1000
G1 F1200 X152.929 Y156.747 E12.12976
M204 S10000
G0 F3600 X152.929 Y156.323
M204 S1000
G1 F1200 X147.069 Y150.463 E12.29514
M204 S10000
G0 F3600 X147.069 Y150.039
M204 S1000
G1 F1200 X152.929 Y155.899 E12.46052
M204 S10000
G0 F3600 X152.929 Y155.475
M204 S1000
G1 F1200 X147.069 Y149.615 E12.6259
M204 S10000
G0 F3600 X147.069 Y149.191
M204 S1000
G1 F1200 X152.929 Y155.05 E12.79127
M204 S10000
G0 F3600 X152.929 Y154.626
M204 S1000
G1 F1200 X147.069 Y148.766 E12.95665
M204 S10000
G0 F3600 X147.069 Y148.342
M204 S1000
G1 F1200 X152.929 Y154.202 E13.12203
M204 S10000
G0 F3600 X152.929 Y153.778
M204 S1000
G1 F1200 X147.069 Y147.918 E13.28742
M204 S10000
G0 F3600 X147.069 Y147.493
M204 S1000
G1 F1200 X152.929 Y153.353 E13.4528
M204 S10000
G0 F3600 X152.929 Y152.929
M204 S1000
G1 F1200 X147.069 Y147.069 E13.61818
M204 S10000
G0 F3600 X147.069 Y146.645
M204 S1000
G1 F1200 X152.929 Y152.505 E13.78356
M204 S10000
G0 F3600 X152.929 Y152.08
M204 S1000
G1 F1200 X147.069 Y146.221 E13.94893
M204 S10000
G0 F3600 X147.069 Y145.796
M204 S1000
G1 F1200 X152.929 Y151.656 E14.11431
M204 S10000
G0 F3600 X152.929 Y151.232
M204 S1000
G1 F1200 X147.069 Y145.372 E14.27969
M204 S10000
G0 F3600 X147.069 Y144.948
M204 S1000
G1 F1200 X152.929 Y150.808 E14.44507
M204 S10000
G0 F3600 X152.929 Y150.383
M204 S1000
G1 F1200 X147.069 Y144.524 E14.61044
M204 S10000
G0 F3600 X147.069 Y144.099
M204 S1000
G1 F1200 X152.929 Y149.959 E14.77582
M204 S10000
G0 F3600 X152.929 Y149.535
M204 S1000
G1 F1200 X147.069 Y143.675 E14.94121
M204 S10000
G0 F3600 X147.069 Y143.251
M204 S1000
G1 F1200 X152.929 Y149.111 E15.10659
M204 S10000
G0 F3600 X152.929 Y148.686
M204 S1000
G1 F1200 X147.069 Y142.827 E15.27196
M204 S10000
G0 F3600 X147.337 Y142.67
M204 S1000
G1 F1200 X152.929 Y148.262 E15.42977
M204 S10000
G0 F3600 X152.929 Y147.838
M204 S1000
G1 F1200 X147.761 Y142.67 E15.57563
M204 S10000
G0 F3600 X148.185 Y142.67
M204 S1000
G1 F1200 X152.929 Y147.414 E15.70951
M204 S10000
G0 F3600 X152.929 Y146.989
M204 S1000
G1 F1200 X148.609 Y142.67 E15.83142
M204 S10000
G0 F3600 X149.034 Y142.67
M204 S1000
G1 F1200 X152.929 Y146.565 E15.94134
M204 S10000
G0 F3600 X152.929 Y146.141
M204 S1000
G1 F1200 X149.458 Y142.67 E16.0393
M204 S10000
G0 F3600 X149.882 Y142.67
M204 S1000
G1 F1200 X152.929 Y145.717 E16.1253
M204 S10000
G0 F3600 X152.929 Y145.292
M204 S1000
G1 F1200 X150.306 Y142.67 E16.19931
M204 S10000
G0 F3600 X150.731 Y142.67
M204 S1000
G1 F1200 X152.929 Y144.868 E16.26134
M204 S10000
G0 F3600 X152.929 Y144.444
M204 S1000
G1 F1200 X151.155 Y142.67 E16.31141
M204 S10000
G0 F3600 X151.579 Y142.67
M204 S1000
G1 F1200 X152.929 Y144.019 E16.34949
M204 S10000
G0 F3600 X152.929 Y143.595
M204 S1000
G1 F1200 X152.003 Y142.67 E16.37561
M204 S10000
G0 F3600 X152.428 Y142.67
M204 S1000
G1 F1200 X152.929 Y143.171 E16.38975
M204 S10000
G0 F3600 X152.929 Y142.747
M204 S1000
G1 F1200 X152.852 Y142.67 E16.39192
M204 S10000
G0 F3600 X152.852 Y142.25
G1 F3000 E10.39192
;MESH:NONMESH
G0 F300 X152.852 Y142.25 Z0.36
G0 F3600 X145.964 Y141.564
G0 X143.438 Y138.926
;TIME_ELAPSED:52.391464
;LAYER:1
M106 S85
M204 S1000
;TYPE:SKIRT
G1 F3000 E16.39192
G1 F1200 X143.828 Y138.611 E16.40443
G1 X144.263 Y138.361 E16.41695
G1 X144.732 Y138.183 E16.42946
G1 X145.224 Y138.083 E16.44198
G1 X145.521 Y138.06 E16.44941
G1 X145.842 Y138.051 E16.45742
G1 X153.738 Y138.05 E16.65439
G1 X154.436 Y138.06 E16.6718
G1 X154.936 Y138.107 E16.68433
G1 X155.421 Y138.233 E16.69683
G1 X155.881 Y138.434 E16.70935
G1 X156.302 Y138.706 E16.72186
G1 X156.675 Y139.041 E16.73436
G1 X156.991 Y139.431 E16.74688
G1 X157.24 Y139.866 E16.75939
G1 X157.417 Y140.336 E16.77192
G1 X157.518 Y140.827 E16.78442
G1 X157.54 Y141.121 E16.79177
G1 X157.549 Y141.441 E16.79976
G1 X157.55 Y158.103 E17.2154
G1 X157.541 Y158.83 E17.23353
G1 X157.495 Y159.329 E17.24603
G1 X157.37 Y159.815 E17.25855
G1 X157.169 Y160.275 E17.27107
G1 X156.899 Y160.697 E17.28357
G1 X156.564 Y161.071 E17.29609
G1 X156.175 Y161.387 E17.3086
G1 X155.74 Y161.638 E17.32112
G1 X155.271 Y161.816 E17.33364
G1 X154.78 Y161.917 E17.34614
G1 X154.479 Y161.94 E17.35367
G1 X154.158 Y161.949 E17.36168
G1 X146.266 Y161.95 E17.55855
G1 X145.568 Y161.941 E17.57596
G1 X145.069 Y161.894 E17.58847
G1 X144.583 Y161.769 E17.60098
G1 X144.123 Y161.569 E17.6135
G1 X143.701 Y161.298 E17.62601
G1 X143.328 Y160.963 E17.63851
G1 X143.012 Y160.573 E17.65103
G1 X142.762 Y160.139 E17.66353
G1 X142.584 Y159.67 E17.67604
G1 X142.483 Y159.178 E17.68857
G1 X142.46 Y158.876 E17.69613
G1 X142.451 Y158.543 E17.70444
G1 X142.45 Y141.831 E18.12132
G1 X142.459 Y141.166 E18.13791
G1 X142.506 Y140.667 E18.15041
G1 X142.631 Y140.181 E18.16293
G1 X142.832 Y139.722 E18.17543
G1 X143.104 Y139.3 E18.18795
G1 X143.438 Y138.926 E18.20046
M204 S10000
G1 F3000 E12.20046
;MESH:Lock.stl
G0 F6600 X145.964 Y141.564
G0 X146.772 Y157.628
G0 X153.35 Y157.75
M204 S1000
;TYPE:WALL-INNER
G1 F3000 E18.20046
G1 F1500 X153.35 Y142.25 E18.58711
G1 X146.65 Y142.25 E18.75424
G1 X146.65 Y157.75 E19.14089
G1 X153.35 Y157.75 E19.30802
M204 S10000
G0 F6600 X153.65 Y158.05
M204 S1000
G1 F1500 X153.65 Y141.95 E19.70964
G1 X146.35 Y141.95 E19.89174
G1 X146.35 Y158.05 E20.29335
G1 X153.65 Y158.05 E20.47545
M204 S10000
G0 F6600 X153.95 Y158.35
M204 S1000
G1 F1500 X153.95 Y141.65 E20.89204
G1 X146.05 Y141.65 E21.0891
G1 X146.05 Y158.35 E21.50569
G1 X153.95 Y158.35 E21.70275
M204 S10000
G0 F6600 X154.2 Y158.6
M204 S1000
;TYPE:WALL-OUTER
G1 F1500 X154.2 Y141.4 E22.13181
G1 X145.8 Y141.4 E22.34135
G1 X145.8 Y158.6 E22.7704
G1 X154.2 Y158.6 E22.97994
M204 S10000
G0 F6600 X154.2 Y158.4
G0 X153.95 Y158.4
G0 X153.3 Y157.48
G0 X153.08 Y157.48
M204 S1000
;TYPE:SKIN
G1 F1200 X146.92 Y157.48 E23.1336
G1 X146.92 Y142.52 E23.50678
G1 X153.08 Y142.52 E23.66044
G1 X153.08 Y157.48 E24.03362
M204 S10000
G0 F6600 X152.928 Y157.208
M204 S1000
G1 F1200 X152.807 Y157.329 E24.03789
M204 S10000
G0 F6600 X152.383 Y157.329
M204 S1000
G1 F1200 X152.928 Y156.783 E24.05714
M204 S10000
G0 F6600 X152.928 Y156.359
M204 S1000
G1 F1200 X151.959 Y157.329 E24.09134
M204 S10000
G0 F6600 X151.535 Y157.329
M204 S1000
G1 F1200 X152.928 Y155.935 E24.1405
M204 S10000
G0 F6600 X152.928 Y155.511
M204 S1000
G1 F1200 X151.11 Y157.329 E24.20463
M204 S10000
G0 F6600 X150.686 Y157.329
M204 S1000
G1 F1200 X152.928 Y155.086 E24.28374
M204 S10000
G0 F6600 X152.928 Y154.662
M204 S1000
G1 F1200 X150.262 Y157.329 E24.37781
M204 S10000
G0 F6600 X149.838 Y157.329
M204 S1000
G1 F1200 X152.928 Y154.238 E24.48684
M204 S10000
G0 F6600 X152.928 Y153.814
M204 S1000
G1 F1200 X149.413 Y157.329 E24.61084
M204 S10000
G0 F6600 X148.989 Y157.329
M204 S1000
G1 F1200 X152.928 Y153.389 E24.74981
M204 S10000
G0 F6600 X152.928 Y152.965
M204 S1000
G1 F1200 X148.565 Y157.329 E24.90375
M204 S10000
G0 F6600 X148.14 Y157.329
M204 S1000
G1 F1200 X152.928 Y152.541 E25.07266
M204 S10000
G0 F6600 X152.928 Y152.117
M204 S1000
G1 F1200 X147.716 Y157.329 E25.25652
M204 S10000
G0 F6600 X147.292 Y157.329
M204 S1000
G1 F1200 X152.928 Y151.692 E25.45537
M204 S10000
G0 F6600 X152.928 Y151.268
M204 S1000
G1 F1200 X147.07 Y157.126 E25.66202
M204 S10000
G0 F6600 X147.07 Y156.702
M204 S1000
G1 F1200 X152.928 Y150.844 E25.86868
M204 S10000
G0 F6600 X152.928 Y150.419
M204 S1000
G1 F1200 X147.07 Y156.278 E26.07535
M204 S10000
G0 F6600 X147.07 Y155.854
M204 S1000
G1 F1200 X152.928 Y149.995 E26.28203
M204 S10000
G0 F6600 X152.928 Y149.571
M204 S1000
G1 F1200 X147.07 Y155.429 E26.48869
M204 S10000
G0 F6600 X147.07 Y155.005
M204 S1000
G1 F1200 X152.928 Y149.147 E26.69534
M204 S10000
G0 F6600 X152.928 Y148.722
M204 S1000
G1 F1200 X147.07 Y154.581 E26.90202
M204 S10000
G0 F6600 X147.07 Y154.157
M204 S1000
G1 F1200 X152.928 Y148.298 E27.10869
M204 S10000
G0 F6600 X152.928 Y147.874
M204 S1000
G1 F1200 X147.07 Y153.732 E27.31535
M204 S10000
G0 F6600 X147.07 Y153.308
M204 S1000
G1 F1200 X152.928 Y147.45 E27.52201
M204 S10000
G0 F6600 X152.928 Y147.025
M204 S1000
G1 F1200 X147.07 Y152.884 E27.72868
M204 S10000
G0 F6600 X147.07 Y152.46
M204 S1000
G1 F1200 X152.928 Y146.601 E27.93535
M204 S10000
G0 F6600 X152.928 Y146.177
M204 S1000
G1 F1200 X147.07 Y152.035 E28.14201
M204 S10000
G0 F6600 X147.07 Y151.611
M204 S1000
G1 F1200 X152.928 Y145.753 E28.34867
M204 S10000
G0 F6600 X152.928 Y145.328
M204 S1000
G1 F1200 X147.07 Y151.187 E28.55534
M204 S10000
G0 F6600 X147.07 Y150.762
M204 S1000
G1 F1200 X152.928 Y144.904 E28.762
M204 S10000
G0 F6600 X152.928 Y144.48
M204 S1000
G1 F1200 X147.07 Y150.338 E28.96866
M204 S10000
G0 F6600 X147.07 Y149.914
M204 S1000
G1 F1200 X152.928 Y144.056 E29.17531
M204 S10000
G0 F6600 X152.928 Y143.631
M204 S1000
G1 F1200 X147.07 Y149.49 E29.38199
M204 S10000
G0 F6600 X147.07 Y149.065
M204 S1000
G1 F1200 X152.928 Y143.207 E29.58864
M204 S10000
G0 F6600 X152.928 Y142.783
M204 S1000
G1 F1200 X147.07 Y148.641 E29.7953
M204 S10000
G0 F6600 X147.07 Y148.217
M204 S1000
G1 F1200 X152.617 Y142.67 E29.99099
M204 S10000
G0 F6600 X152.193 Y142.67
M204 S1000
G1 F1200 X147.07 Y147.793 E30.17171
M204 S10000
G0 F6600 X147.07 Y147.368
M204 S1000
G1 F1200 X151.769 Y142.67 E30.33747
M204 S10000
G0 F6600 X151.344 Y142.67
M204 S1000
G1 F1200 X147.07 Y146.944 E30.48824
M204 S10000
G0 F6600 X147.07 Y146.52
M204 S1000
G1 F1200 X150.92 Y142.67 E30.62406
M204 S10000
G0 F6600 X150.496 Y142.67
M204 S1000
G1 F1200 X147.07 Y146.096 E30.74492
M204 S10000
G0 F6600 X147.07 Y145.671
M204 S1000
G1 F1200 X150.072 Y142.67 E30.85081
M204 S10000
G0 F6600 X149.647 Y142.67
M204 S1000
G1 F1200 X147.07 Y145.247 E30.94172
M204 S10000
G0 F6600 X147.07 Y144.823
M204 S1000
G1 F1200 X149.223 Y142.67 E31.01767
M204 S10000
G0 F6600 X148.799 Y142.67
M204 S1000
G1 F1200 X147.07 Y144.398 E31.07865
M204 S10000
G0 F6600 X147.07 Y143.974
M204 S1000
G1 F1200 X148.375 Y142.67 E31.12467
M204 S10000
G0 F6600 X147.95 Y142.67
M204 S1000
G1 F1200 X147.07 Y143.55 E31.15571
M204 S10000
G0 F6600 X147.07 Y143.126
M204 S1000
G1 F1200 X147.526 Y142.67 E31.1718
M204 S10000
G0 F6600 X147.526 Y142.25
G1 F3000 E25.1718
;MESH:NONMESH
G0 F300 X147.526 Y142.25 Z0.56
G0 F6600 X145.964 Y141.564
G0 X143.438 Y138.926
;TIME_ELAPSED:85.416340
;LAYER:2
M106 S170
M204 S1000
;TYPE:SKIRT
G1 F3000 E31.1718
G1 F1200 X143.828 Y138.611 E31.18431
G1 X144.263 Y138.361 E31.19682
G1 X144.732 Y138.183 E31.20934
G1 X145.224 Y138.083 E31.22186
G1 X145.521 Y138.06 E31.22929
G1 X145.842 Y138.051 E31.2373
G1 X153.738 Y138.05 E31.43427
G1 X154.436 Y138.06 E31.45168
G1 X154.936 Y138.107 E31.46421
G1 X155.421 Y138.233 E31.47671
G1 X155.881 Y138.434 E31.48923
G1 X156.302 Y138.706 E31.50173
G1 X156.675 Y139.041 E31.51424
G1 X156.991 Y139.431 E31.52676
G1 X157.24 Y139.866 E31.53926
G1 X157.417 Y140.336 E31.55179
G1 X157.518 Y140.827 E31.5643
G1 X157.54 Y141.121 E31.57165
G1 X157.549 Y141.441 E31.57964
G1 X157.55 Y158.103 E31.99527
G1 X157.541 Y158.83 E32.01341
G1 X157.495 Y159.329 E32.02591
G1 X157.37 Y159.815 E32.03843
G1 X157.169 Y160.275 E32.05095
G1 X156.899 Y160.697 E32.06345
G1 X156.564 Y161.071 E32.07597
G1 X156.175 Y161.387 E32.08847
G1 X155.74 Y161.638 E32.101
G1 X155.271 Y161.816 E32.11351
G1 X154.78 Y161.917 E32.12602
G1 X154.479 Y161.94 E32.13355
G1 X154.158 Y161.949 E32.14156
G1 X146.266 Y161.95 E32.33843
G1 X145.568 Y161.941 E32.35584
G1 X145.069 Y161.894 E32.36834
G1 X144.583 Y161.769 E32.38086
G1 X144.123 Y161.569 E32.39337
G1 X143.701 Y161.298 E32.40588
G1 X143.328 Y160.963 E32.41839
G1 X143.012 Y160.573 E32.43091
G1 X142.762 Y160.139 E32.4434
G1 X142.584 Y159.67 E32.45592
G1 X142.483 Y159.178 E32.46845
G1 X142.46 Y158.876 E32.476
G1 X142.451 Y158.543 E32.48431
G1 X142.45 Y141.831 E32.90119
G1 X142.459 Y141.166 E32.91778
G1 X142.506 Y140.667 E32.93029
G1 X142.631 Y140.181 E32.94281
G1 X142.832 Y139.722 E32.9553
G1 X143.104 Y139.3 E32.96783
G1 X143.438 Y138.926 E32.98034
M204 S10000
G1 F3000 E26.98034
;MESH:Lock.stl
G0 F9600 X145.964 Y141.564
G0 X146.772 Y157.628
G0 X153.35 Y157.75
M204 S1000
;TYPE:WALL-INNER
G1 F3000 E32.98034
G1 F1800 X153.35 Y142.25 E33.36699
G1 X146.65 Y142.25 E33.53412
G1 X146.65 Y157.75 E33.92077
G1 X153.35 Y157.75 E34.0879
M204 S10000
G0 F9600 X153.65 Y158.05
M204 S1000
G1 F1800 X153.65 Y141.95 E34.48952
G1 X146.35 Y141.95 E34.67161
G1 X146.35 Y158.05 E35.07323
G1 X153.65 Y158.05 E35.25533
M204 S10000
G0 F9600 X153.95 Y158.35
M204 S1000
G1 F1800 X153.95 Y141.65 E35.67191
G1 X146.05 Y141.65 E35.86898
G1 X146.05 Y158.35 E36.28556
G1 X153.95 Y158.35 E36.48263
M204 S10000
G0 F9600 X154.2 Y158.6
M204 S1000
;TYPE:WALL-OUTER
G1 F1800 X154.2 Y141.4 E36.91168
G1 X145.8 Y141.4 E37.12122
G1 X145.8 Y158.6 E37.55028
G1 X154.2 Y158.6 E37.75982
M204 S10000
G0 F9600 X154.2 Y158.4
G0 X153.95 Y158.4
G0 X153.3 Y157.48
G0 X153.08 Y157.48
M204 S1000
;TYPE:SKIN
G1 F1200 X146.92 Y157.48 E37.91348
G1 X146.92 Y142.52 E38.28666
G1 X153.08 Y142.52 E38.44032
G1 X153.08 Y157.48 E38.8135
M204 S10000
G1 F3000 E32.8135
G0 F9600 X153.3 Y157.48
G0 X147.146 Y157.7
G0 X147.146 Y157.329
M204 S1000
G1 F3000 E38.8135
G1 F1200 X147.069 Y157.252 E38.81622
M204 S10000
G0 F9600 X147.069 Y156.827
M204 S1000
G1 F1200 X147.571 Y157.329 E38.83393
M204 S10000
G0 F9600 X147.995 Y157.329
M204 S1000
G1 F1200 X147.069 Y156.403 E38.86659
M204 S10000
G0 F9600 X147.069 Y155.979
M204 S1000
G1 F1200 X148.419 Y157.329 E38.91422
M204 S10000
G0 F9600 X148.843 Y157.329
M204 S1000
G1 F1200 X147.069 Y155.555 E38.9768
M204 S10000
G0 F9600 X147.069 Y155.13
M204 S1000
G1 F1200 X149.268 Y157.329 E39.05438
M204 S10000
G0 F9600 X149.692 Y157.329
M204 S1000
G1 F1200 X147.069 Y154.706 E39.14691
M204 S10000
G0 F9600 X147.069 Y154.282
M204 S1000
G1 F1200 X150.116 Y157.329 E39.2544
M204 S10000
G0 F9600 X150.54 Y157.329
M204 S1000
G1 F1200 X147.069 Y153.857 E39.37687
M204 S10000
G0 F9600 X147.069 Y153.433
M204 S1000
G1 F1200 X150.965 Y157.329 E39.51431
M204 S10000
G0 F9600 X151.389 Y157.329
M204 S1000
G1 F1200 X147.069 Y153.009 E39.66671
M204 S10000
G0 F9600 X147.069 Y152.585
M204 S1000
G1 F1200 X151.813 Y157.329 E39.83407
M204 S10000
G0 F9600 X152.237 Y157.329
M204 S1000
G1 F1200 X147.069 Y152.16 E40.0164
M204 S10000
G0 F9600 X147.069 Y151.736
M204 S1000
G1 F1200 X152.662 Y157.329 E40.21371
M204 S10000
G0 F9600 X152.929 Y157.172
M204 S1000
G1 F1200 X147.069 Y151.312 E40.42043
M204 S10000
G0 F9600 X147.069 Y150.888
M204 S1000
G1 F1200 X152.929 Y156.747 E40.62714
M204 S10000
G0 F9600 X152.929 Y156.323
M204 S1000
G1 F1200 X147.069 Y150.463 E40.83387
M204 S10000
G0 F9600 X147.069 Y150.039
M204 S1000
G1 F1200 X152.929 Y155.899 E41.0406
M204 S10000
G0 F9600 X152.929 Y155.475
M204 S1000
G1 F1200 X147.069 Y149.615 E41.24733
M204 S10000
G0 F9600 X147.069 Y149.191
M204 S1000
G1 F1200 X152.929 Y155.05 E41.45404
M204 S10000
G0 F9600 X152.929 Y154.626
M204 S1000
G1 F1200 X147.069 Y148.766 E41.66076
M204 S10000
G0 F9600 X147.069 Y148.342
M204 S1000
G1 F1200 X152.929 Y154.202 E41.86749
M204 S10000
G0 F9600 X152.929 Y153.778
M204 S1000
G1 F1200 X147.069 Y147.918 E42.07422
M204 S10000
G0 F9600 X147.069 Y147.493
M204 S1000
G1 F1200 X152.929 Y153.353 E42.28094
M204 S10000
G0 F9600 X152.929 Y152.929
M204 S1000
G1 F1200 X147.069 Y147.069 E42.48767
M204 S10000
G0 F9600 X147.069 Y146.645
M204 S1000
G1 F1200 X152.929 Y152.505 E42.6944
M204 S10000
G0 F9600 X152.929 Y152.08
M204 S1000
G1 F1200 X147.069 Y146.221 E42.90111
M204 S10000
G0 F9600 X147.069 Y145.796
M204 S1000
G1 F1200 X152.929 Y151.656 E43.10784
M204 S10000
G0 F9600 X152.929 Y151.232
M204 S1000
G1 F1200 X147.069 Y145.372 E43.31456
M204 S10000
G0 F9600 X147.069 Y144.948
M204 S1000
G1 F1200 X152.929 Y150.808 E43.52129
M204 S10000
G0 F9600 X152.929 Y150.383
M204 S1000
G1 F1200 X147.069 Y144.524 E43.728
M204 S10000
G0 F9600 X147.069 Y144.099
M204 S1000
G1 F1200 X152.929 Y149.959 E43.93473
M204 S10000
G0 F9600 X152.929 Y149.535
M204 S1000
G1 F1200 X147.069 Y143.675 E44.14146
M204 S10000
G0 F9600 X147.069 Y143.251
M204 S1000
G1 F1200 X152.929 Y149.111 E44.34818
M204 S10000
G0 F9600 X152.929 Y148.686
M204 S1000
G1 F1200 X147.069 Y142.827 E44.55489
M204 S10000
G0 F9600 X147.337 Y142.67
M204 S1000
G1 F1200 X152.929 Y148.262 E44.75217
M204 S10000
G0 F9600 X152.929 Y147.838
M204 S1000
G1 F1200 X147.761 Y142.67 E44.93448
M204 S10000
G0 F9600 X148.185 Y142.67
M204 S1000
G1 F1200 X152.929 Y147.414 E45.10184
M204 S10000
G0 F9600 X152.929 Y146.989
M204 S1000
G1 F1200 X148.609 Y142.67 E45.25422
M204 S10000
G0 F9600 X149.034 Y142.67
M204 S1000
G1 F1200 X152.929 Y146.565 E45.39163
M204 S10000
G0 F9600 X152.929 Y146.141
M204 S1000
G1 F1200 X149.458 Y142.67 E45.51408
M204 S10000
G0 F9600 X149.882 Y142.67
M204 S1000
G1 F1200 X152.929 Y145.717 E45.62157
M204 S10000
G0 F9600 X152.929 Y145.292
M204 S1000
G1 F1200 X150.306 Y142.67 E45.71408
M204 S10000
G0 F9600 X150.731 Y142.67
M204 S1000
G1 F1200 X152.929 Y144.868 E45.79162
M204 S10000
G0 F9600 X152.929 Y144.444
M204 S1000
G1 F1200 X151.155 Y142.67 E45.85421
M204 S10000
G0 F9600 X151.579 Y142.67
M204 S1000
G1 F1200 X152.929 Y144.019 E45.90181
M204 S10000
G0 F9600 X152.929 Y143.595
M204 S1000
G1 F1200 X152.003 Y142.67 E45.93446
M204 S10000
G0 F9600 X152.428 Y142.67
M204 S1000
G1 F1200 X152.929 Y143.171 E45.95214
M204 S10000
G0 F9600 X152.929 Y142.747
M204 S1000
G1 F1200 X152.852 Y142.67 E45.95485
M204 S10000
G0 F9600 X152.852 Y142.25
G1 F3000 E39.95485
;MESH:NONMESH
G0 F300 X152.852 Y142.25 Z0.76
G0 F9600 X153.228 Y142.372
G0 X153.35 Y157.75
;TIME_ELAPSED:118.151851
;LAYER:3
M106 S255
M204 S1000
;TYPE:WALL-INNER
;MESH:Lock.stl
G1 F3000 E45.95485
G1 F1800 X153.35 Y142.25 E46.3415
G1 X146.65 Y142.25 E46.50863
G1 X146.65 Y157.75 E46.89528
G1 X153.35 Y157.75 E47.06242
M204 S10000
G0 F9600 X153.65 Y158.05
M204 S1000
G1 F1800 X153.65 Y141.95 E47.46403
G1 X146.35 Y141.95 E47.64613
G1 X146.35 Y158.05 E48.04775
G1 X153.65 Y158.05 E48.22985
M204 S10000
G0 F9600 X153.95 Y158.35
M204 S1000
G1 F1800 X153.95 Y141.65 E48.64643
G1 X146.05 Y141.65 E48.8435
G1 X146.05 Y158.35 E49.26008
G1 X153.95 Y158.35 E49.45714
M204 S10000
G0 F9600 X154.2 Y158.6
M204 S1000
;TYPE:WALL-OUTER
G1 F1800 X154.2 Y141.4 E49.8862
G1 X145.8 Y141.4 E50.09574
G1 X145.8 Y158.6 E50.5248
G1 X154.2 Y158.6 E50.73433
M204 S10000
G0 F9600 X154.2 Y158.4
G0 X153.95 Y158.4
G0 X153.3 Y157.48
G0 X153.08 Y157.48
M204 S1000
;TYPE:SKIN
G1 F1200 X146.92 Y157.48 E50.888
G1 X146.92 Y142.52 E51.26117
G1 X153.08 Y142.52 E51.41484
G1 X153.08 Y157.48 E51.78802
M204 S10000
G0 F9600 X152.928 Y157.208
M204 S1000
G1 F1200 X152.807 Y157.329 E51.79228
M204 S10000
G0 F9600 X152.383 Y157.329
M204 S1000
G1 F1200 X152.928 Y156.783 E51.81153
M204 S10000
G0 F9600 X152.928 Y156.359
M204 S1000
G1 F1200 X151.959 Y157.329 E51.84573
M204 S10000
G0 F9600 X151.535 Y157.329
M204 S1000
G1 F1200 X152.928 Y155.935 E51.89489
M204 S10000
G0 F9600 X152.928 Y155.511
M204 S1000
G1 F1200 X151.11 Y157.329 E51.95902
M204 S10000
G0 F9600 X150.686 Y157.329
M204 S1000
G1 F1200 X152.928 Y155.086 E52.03813
M204 S10000
G0 F9600 X152.928 Y154.662
M204 S1000
G1 F1200 X150.262 Y157.329 E52.1322
M204 S10000
G0 F9600 X149.838 Y157.329
M204 S1000
G1 F1200 X152.928 Y154.238 E52.24123
M204 S10000
G0 F9600 X152.928 Y153.814
M204 S1000
G1 F1200 X149.413 Y157.329 E52.36523
M204 S10000
G0 F9600 X148.989 Y157.329
M204 S1000
G1 F1200 X152.928 Y153.389 E52.50421
M204 S10000
G0 F9600 X152.928 Y152.965
M204 S1000
G1 F1200 X148.565 Y157.329 E52.65814
M204 S10000
G0 F9600 X148.14 Y157.329
M204 S1000
G1 F1200 X152.928 Y152.541 E52.82705
M204 S10000
G0 F9600 X152.928 Y152.117
M204 S1000
G1 F1200 X147.716 Y157.329 E53.01092
M204 S10000
G0 F9600 X147.292 Y157.329
M204 S1000
G1 F1200 X152.928 Y151.692 E53.20976
M204 S10000
G0 F9600 X152.928 Y151.268
M204 S1000
G1 F1200 X147.07 Y157.126 E53.41642
M204 S10000
G0 F9600 X147.07 Y156.702
M204 S1000
G1 F1200 X152.928 Y150.844 E53.62307
M204 S10000
G0 F9600 X152.928 Y150.419
M204 S1000
G1 F1200 X147.07 Y156.278 E53.82975
M204 S10000
G0 F9600 X147.07 Y155.854
M204 S1000
G1 F1200 X152.928 Y149.995 E54.03642
M204 S10000
G0 F9600 X152.928 Y149.571
M204 S1000
G1 F1200 X147.07 Y155.429 E54.24308
M204 S10000
G0 F9600 X147.07 Y155.005
M204 S1000
G1 F1200 X152.928 Y149.147 E54.44974
M204 S10000
G0 F9600 X152.928 Y148.722
M204 S1000
G1 F1200 X147.07 Y154.581 E54.65641
M204 S10000
G0 F9600 X147.07 Y154.157
M204 S1000
G1 F1200 X152.928 Y148.298 E54.86308
M204 S10000
G0 F9600 X152.928 Y147.874
M204 S1000
G1 F1200 X147.07 Y153.732 E55.06974
M204 S10000
G0 F9600 X147.07 Y153.308
M204 S1000
G1 F1200 X152.928 Y147.45 E55.2764
M204 S10000
G0 F9600 X152.928 Y147.025
M204 S1000
G1 F1200 X147.07 Y152.884 E55.48307
M204 S10000
G0 F9600 X147.07 Y152.46
M204 S1000
G1 F1200 X152.928 Y146.601 E55.68975
M204 S10000
G0 F9600 X152.928 Y146.177
M204 S1000
G1 F1200 X147.07 Y152.035 E55.8964
M204 S10000
G0 F9600 X147.07 Y151.611
M204 S1000
G1 F1200 X152.928 Y145.753 E56.10306
M204 S10000
G0 F9600 X152.928 Y145.328
M204 S1000
G1 F1200 X147.07 Y151.187 E56.30973
M204 S10000
G0 F9600 X147.07 Y150.762
M204 S1000
G1 F1200 X152.928 Y144.904 E56.51639
M204 S10000
G0 F9600 X152.928 Y144.48
M204 S1000
G1 F1200 X147.07 Y150.338 E56.72305
M204 S10000
G0 F9600 X147.07 Y149.914
M204 S1000
G1 F1200 X152.928 Y144.056 E56.9297
M204 S10000
G0 F9600 X152.928 Y143.631
M204 S1000
G1 F1200 X147.07 Y149.49 E57.13638
M204 S10000
G0 F9600 X147.07 Y149.065
M204 S1000
G1 F1200 X152.928 Y143.207 E57.34304
M204 S10000
G0 F9600 X152.928 Y142.783
M204 S1000
G1 F1200 X147.07 Y148.641 E57.54969
M204 S10000
G0 F9600 X147.07 Y148.217
M204 S1000
G1 F1200 X152.617 Y142.67 E57.74538
M204 S10000
G0 F9600 X152.193 Y142.67
M204 S1000
G1 F1200 X147.07 Y147.793 E57.92611
M204 S10000
G0 F9600 X147.07 Y147.368
M204 S1000
G1 F1200 X151.769 Y142.67 E58.09186
M204 S10000
G0 F9600 X151.344 Y142.67
M204 S1000
G1 F1200 X147.07 Y146.944 E58.24263
M204 S10000
G0 F9600 X147.07 Y146.52
M204 S1000
G1 F1200 X150.92 Y142.67 E58.37845
M204 S10000
G0 F9600 X150.496 Y142.67
M204 S1000
G1 F1200 X147.07 Y146.096 E58.49932
M204 S10000
G0 F9600 X147.07 Y145.671
M204 S1000
G1 F1200 X150.072 Y142.67 E58.6052
M204 S10000
G0 F9600 X149.647 Y142.67
M204 S1000
G1 F1200 X147.07 Y145.247 E58.69611
M204 S10000
G0 F9600 X147.07 Y144.823
M204 S1000
G1 F1200 X149.223 Y142.67 E58.77206
M204 S10000
G0 F9600 X148.799 Y142.67
M204 S1000
G1 F1200 X147.07 Y144.398 E58.83304
M204 S10000
G0 F9600 X147.07 Y143.974
M204 S1000
G1 F1200 X148.375 Y142.67 E58.87906
M204 S10000
G0 F9600 X147.95 Y142.67
M204 S1000
G1 F1200 X147.07 Y143.55 E58.91011
M204 S10000
G0 F9600 X147.07 Y143.126
M204 S1000
G1 F1200 X147.526 Y142.67 E58.92619
M204 S10000
G0 F9600 X147.526 Y142.25
G1 F3000 E52.92619
;MESH:NONMESH
G0 F300 X147.526 Y142.25 Z0.96
G0 F9600 X147.967 Y142.31
;TIME_ELAPSED:145.398409
;LAYER:4
M204 S1000
;TYPE:FILL
;MESH:Lock.stl
G1 F3000 E58.92619
G1 F1826.9 X153.29 Y147.633 E59.11398
M204 S10000
G0 F9600 X153.289 Y146.71
M204 S1000
G1 F1826.9 X146.709 Y153.29 E59.3461
M204 S10000
G0 F9600 X146.709 Y152.366
M204 S1000
G1 F1826.9 X152.032 Y157.689 E59.53389
M204 S10000
G0 F9600 X150.795 Y157.689
M204 S1000
G1 F1826.9 X153.289 Y155.195 E59.62187
M204 S10000
G0 F9600 X153.29 Y156.118
M204 S1000
G1 F1826.9 X146.709 Y149.538 E59.85401
M204 S10000
G0 F9600 X146.709 Y150.461
M204 S1000
G1 F1826.9 X153.289 Y143.882 E60.08612
M204 S10000
G0 F9600 X153.29 Y144.804
M204 S1000
G1 F1826.9 X150.795 Y142.31 E60.17412
M204 S10000
G0 F9600 X152.033 Y142.309
M204 S1000
G1 F1826.9 X146.709 Y147.633 E60.36194
M204 S10000
G0 F9600 X146.709 Y146.709
M204 S1000
G1 F1826.9 X153.29 Y153.29 E60.59411
M204 S10000
G0 F9600 X153.289 Y152.367
M204 S1000
G1 F1826.9 X147.967 Y157.689 E60.78185
M204 S10000
G0 F9600 X149.204 Y157.689
M204 S1000
G1 F1826.9 X146.709 Y155.195 E60.86985
M204 S10000
G0 F9600 X146.709 Y156.118
M204 S1000
G1 F1826.9 X153.289 Y149.538 E61.10198
M204 S10000
G0 F9600 X153.29 Y150.461
M204 S1000
G1 F1826.9 X146.709 Y143.881 E61.33413
M204 S10000
G0 F9600 X146.709 Y144.804
M204 S1000
G1 F1826.9 X149.205 Y142.309 E61.42216
M204 S10000
G1 F3000 E55.42216
G0 F9600 X153.35 Y157.75
M204 S1000
;TYPE:WALL-INNER
G1 F3000 E61.42216
G1 F1800 X153.35 Y142.25 E61.80881
G1 X146.65 Y142.25 E61.97594
G1 X146.65 Y157.75 E62.36259
G1 X153.35 Y157.75 E62.52972
M204 S10000
G0 F9600 X153.65 Y158.05
M204 S1000
G1 F1800 X153.65 Y141.95 E62.93134
G1 X146.35 Y141.95 E63.11344
G1 X146.35 Y158.05 E63.51506
G1 X153.65 Y158.05 E63.69715
M204 S10000
G0 F9600 X153.95 Y158.35
M204 S1000
G1 F1800 X153.95 Y141.65 E64.11374
G1 X146.05 Y141.65 E64.3108
G1 X146.05 Y158.35 E64.72739
G1 X153.95 Y158.35 E64.92445
M204 S10000
G0 F9600 X154.2 Y158.6
M204 S1000
;TYPE:WALL-OUTER
G1 F1800 X154.2 Y141.4 E65.35351
G1 X145.8 Y141.4 E65.56305
G1 X145.8 Y158.6 E65.9921
G1 X154.2 Y158.6 E66.20164
M204 S10000
G0 F9600 X154.2 Y158.4
G0 X153.35 Y157.838
G1 F3000 E60.20164
;MESH:NONMESH
G0 F300 X153.35 Y157.838 Z1.16
G0 F9600 X147.967 Y142.31
;TIME_ELAPSED:158.711694
;LAYER:5
M204 S1000
;TYPE:FILL
;MESH:Lock.stl
G1 F3000 E66.20164
G1 F1893.9 X153.29 Y147.633 E66.38943
M204 S10000
G0 F9600 X153.289 Y146.71
M204 S1000
G1 F1893.9 X146.709 Y153.29 E66.62155
M204 S10000
G0 F9600 X146.709 Y152.366
M204 S1000
G1 F1893.9 X152.032 Y157.689 E66.80934
M204 S10000
G0 F9600 X150.795 Y157.689
M204 S1000
G1 F1893.9 X153.289 Y155.195 E66.89732
M204 S10000
G0 F9600 X153.29 Y156.118
M204 S1000
G1 F1893.9 X146.709 Y149.538 E67.12946
M204 S10000
G0 F9600 X146.709 Y150.461
M204 S1000
G1 F1893.9 X153.289 Y143.882 E67.36157
M204 S10000
G0 F9600 X153.29 Y144.804
M204 S1000
G1 F1893.9 X150.795 Y142.31 E67.44957
M204 S10000
G0 F9600 X152.033 Y142.309
M204 S1000
G1 F1893.9 X146.709 Y147.633 E67.63739
M204 S10000
G0 F9600 X146.709 Y146.709
M204 S1000
G1 F1893.9 X153.29 Y153.29 E67.86955
M204 S10000
G0 F9600 X153.289 Y152.367
M204 S1000
G1 F1893.9 X147.967 Y157.689 E68.0573
M204 S10000
G0 F9600 X149.204 Y157.689
M204 S1000
G1 F1893.9 X146.709 Y155.195 E68.1453
M204 S10000
G0 F9600 X146.709 Y156.118
M204 S1000
G1 F1893.9 X153.289 Y149.538 E68.37743
M204 S10000
G0 F9600 X153.29 Y150.461
M204 S1000
G1 F1893.9 X146.709 Y143.881 E68.60957
M204 S10000
G0 F9600 X146.709 Y144.804
M204 S1000
G1 F1893.9 X149.205 Y142.309 E68.69761
M204 S10000
G1 F3000 E62.69761
G0 F9600 X153.35 Y157.75
M204 S1000
;TYPE:WALL-INNER
G1 F3000 E68.69761
G1 F1800 X153.35 Y142.25 E69.08426
G1 X146.65 Y142.25 E69.25139
G1 X146.65 Y157.75 E69.63804
G1 X153.35 Y157.75 E69.80517
M204 S10000
G0 F9600 X153.65 Y158.05
M204 S1000
G1 F1800 X153.65 Y141.95 E70.20679
G1 X146.35 Y141.95 E70.38889
G1 X146.35 Y158.05 E70.7905
G1 X153.65 Y158.05 E70.9726
M204 S10000
G0 F9600 X153.95 Y158.35
M204 S1000
G1 F1800 X153.95 Y141.65 E71.38919
G1 X146.05 Y141.65 E71.58625
G1 X146.05 Y158.35 E72.00284
G1 X153.95 Y158.35 E72.1999
M204 S10000
G0 F9600 X154.2 Y158.6
M204 S1000
;TYPE:WALL-OUTER
G1 F1800 X154.2 Y141.4 E72.62896
G1 X145.8 Y141.4 E72.8385
G1 X145.8 Y158.6 E73.26755
G1 X154.2 Y158.6 E73.47709
M204 S10000
G0 F9600 X154.2 Y158.4
G0 X153.35 Y157.838
G1 F3000 E67.47709
;MESH:NONMESH
G0 F300 X153.35 Y157.838 Z1.36
G0 F9600 X147.967 Y142.31
;TIME_ELAPSED:171.937344
;LAYER:6
M204 S1000
;TYPE:FILL
;MESH:Lock.stl
G1 F3000 E73.47709
G1 F1893.9 X153.29 Y147.633 E73.66487
M204 S10000
G0 F9600 X153.289 Y146.71
M204 S1000
G1 F1893.9 X146.709 Y153.29 E73.897
M204 S10000
G0 F9600 X146.709 Y152.366
M204 S1000
G1 F1893.9 X152.032 Y157.689 E74.08479
M204 S10000
G0 F9600 X150.795 Y157.689
M204 S1000
G1 F1893.9 X153.289 Y155.195 E74.17277
M204 S10000
G0 F9600 X153.29 Y156.118
M204 S1000
G1 F1893.9 X146.709 Y149.538 E74.40491
M204 S10000
G0 F9600 X146.709 Y150.461
M204 S1000
G1 F1893.9 X153.289 Y143.882 E74.63702
M204 S10000
G0 F9600 X153.29 Y144.804
M204 S1000
G1 F1893.9 X150.795 Y142.31 E74.72502
M204 S10000
G0 F9600 X152.033 Y142.309
M204 S1000
G1 F1893.9 X146.709 Y147.633 E74.91284
M204 S10000
G0 F9600 X146.709 Y146.709
M204 S1000
G1 F1893.9 X153.29 Y153.29 E75.145
M204 S10000
G0 F9600 X153.289 Y152.367
M204 S1000
G1 F1893.9 X147.967 Y157.689 E75.33275
M204 S10000
G0 F9600 X149.204 Y157.689
M204 S1000
G1 F1893.9 X146.709 Y155.195 E75.42075
M204 S10000
G0 F9600 X146.709 Y156.118
M204 S1000
G1 F1893.9 X153.289 Y149.538 E75.65288
M204 S10000
G0 F9600 X153.29 Y150.461
M204 S1000
G1 F1893.9 X146.709 Y143.881 E75.88502
M204 S10000
G0 F9600 X146.709 Y144.804
M204 S1000
G1 F1893.9 X149.205 Y142.309 E75.97306
M204 S10000
G1 F3000 E69.97306
G0 F9600 X153.35 Y157.75
M204 S1000
;TYPE:WALL-INNER
G1 F3000 E75.97306
G1 F1800 X153.35 Y142.25 E76.35971
G1 X146.65 Y142.25 E76.52684
G1 X146.65 Y157.75 E76.91349
G1 X153.35 Y157.75 E77.08062
M204 S10000
G0 F9600 X153.65 Y158.05
M204 S1000
G1 F1800 X153.65 Y141.95 E77.48224
G1 X146.35 Y141.95 E77.66434
G1 X146.35 Y158.05 E78.06595
G1 X153.65 Y158.05 E78.24805
M204 S10000
G0 F9600 X153.95 Y158.35
M204 S1000
G1 F1800 X153.95 Y141.65 E78.66464
G1 X146.05 Y141.65 E78.8617
G1 X146.05 Y158.35 E79.27829
G1 X153.95 Y158.35 E79.47535
M204 S10000
G0 F9600 X154.2 Y158.6
M204 S1000
;TYPE:WALL-OUTER
G1 F1800 X154.2 Y141.4 E79.90441
G1 X145.8 Y141.4 E80.11395
G1 X145.8 Y158.6 E80.543
G1 X154.2 Y158.6 E80.75254
M204 S10000
G0 F9600 X154.2 Y158.4
G0 X153.35 Y157.838
G1 F3000 E74.75254
;MESH:NONMESH
G0 F300 X153.35 Y157.838 Z1.56
G0 F9600 X147.967 Y142.31
;TIME_ELAPSED:185.162994
;LAYER:7
M204 S1000
;TYPE:FILL
;MESH:Lock.stl
G1 F3000 E80.75254
G1 F1893.9 X153.29 Y147.633 E80.94032
M204 S10000
G0 F9600 X153.289 Y146.71
M204 S1000
G1 F1893.9 X146.709 Y153.29 E81.17245
M204 S10000
G0 F9600 X146.709 Y152.366
M204 S1000
G1 F1893.9 X152.032 Y157.689 E81.36023
M204 S10000
G0 F9600 X150.795 Y157.689
M204 S1000
G1 F1893.9 X153.289 Y155.195 E81.44822
M204 S10000
G0 F9600 X153.29 Y156.118
M204 S1000
G1 F1893.9 X146.709 Y149.538 E81.68036
M204 S10000
G0 F9600 X146.709 Y150.461
M204 S1000
G1 F1893.9 X153.289 Y143.882 E81.91247
M204 S10000
G0 F9600 X153.29 Y144.804
M204 S1000
G1 F1893.9 X150.795 Y142.31 E82.00047
M204 S10000
G0 F9600 X152.033 Y142.309
M204 S1000
G1 F1893.9 X146.709 Y147.633 E82.18829
M204 S10000
G0 F9600 X146.709 Y146.709
M204 S1000
G1 F1893.9 X153.29 Y153.29 E82.42045
M204 S10000
G0 F9600 X153.289 Y152.367
M204 S1000
G1 F1893.9 X147.967 Y157.689 E82.6082
M204 S10000
G0 F9600 X149.204 Y157.689
M204 S1000
G1 F1893.9 X146.709 Y155.195 E82.6962
M204 S10000
G0 F9600 X146.709 Y156.118
M204 S1000
G1 F1893.9 X153.289 Y149.538 E82.92833
M204 S10000
G0 F9600 X153.29 Y150.461
M204 S1000
G1 F1893.9 X146.709 Y143.881 E83.16047
M204 S10000
G0 F9600 X146.709 Y144.804
M204 S1000
G1 F1893.9 X149.205 Y142.309 E83.24851
M204 S10000
G1 F3000 E77.24851
G0 F9600 X153.35 Y157.75
M204 S1000
;TYPE:WALL-INNER
G1 F3000 E83.24851
G1 F1800 X153.35 Y142.25 E83.63516
G1 X146.65 Y142.25 E83.80229
G1 X146.65 Y157.75 E84.18894
G1 X153.35 Y157.75 E84.35607
M204 S10000
G0 F9600 X153.65 Y158.05
M204 S1000
G1 F1800 X153.65 Y141.95 E84.75769
G1 X146.35 Y141.95 E84.93979
G1 X146.35 Y158.05 E85.3414
G1 X153.65 Y158.05 E85.5235
M204 S10000
G0 F9600 X153.95 Y158.35
M204 S1000
G1 F1800 X153.95 Y141.65 E85.94009
G1 X146.05 Y141.65 E86.13715
G1 X146.05 Y158.35 E86.55373
G1 X153.95 Y158.35 E86.7508
M204 S10000
G0 F9600 X154.2 Y158.6
M204 S1000
;TYPE:WALL-OUTER
G1 F1800 X154.2 Y141.4 E87.17986
G1 X145.8 Y141.4 E87.3894
G1 X145.8 Y158.6 E87.81845
G1 X154.2 Y158.6 E88.02799
M204 S10000
G0 F9600 X154.2 Y158.4
G0 X153.35 Y157.838
G1 F3000 E82.02799
;MESH:NONMESH
G0 F300 X153.35 Y157.838 Z1.76
G0 F9600 X147.967 Y142.31
;TIME_ELAPSED:198.388645
;LAYER:8
M204 S1000
;TYPE:FILL
;MESH:Lock.stl
G1 F3000 E88.02799
G1 F1893.9 X153.29 Y147.633 E88.21577
M204 S10000
G0 F9600 X153.289 Y146.71
M204 S1000
G1 F1893.9 X146.709 Y153.29 E88.4479
M204 S10000
G0 F9600 X146.709 Y152.366
M204 S1000
G1 F1893.9 X152.032 Y157.689 E88.63568
M204 S10000
G0 F9600 X150.795 Y157.689
M204 S1000
G1 F1893.9 X153.289 Y155.195 E88.72367
M204 S10000
G0 F9600 X153.29 Y156.118
M204 S1000
G1 F1893.9 X146.709 Y149.538 E88.95581
M204 S10000
G0 F9600 X146.709 Y150.461
M204 S1000
G1 F1893.9 X153.289 Y143.882 E89.18792
M204 S10000
G0 F9600 X153.29 Y144.804
M204 S1000
G1 F1893.9 X150.795 Y142.31 E89.27592
M204 S10000
G0 F9600 X152.033 Y142.309
M204 S1000
G1 F1893.9 X146.709 Y147.633 E89.46374
M204 S10000
G0 F9600 X146.709 Y146.709
M204 S1000
G1 F1893.9 X153.29 Y153.29 E89.6959
M204 S10000
G0 F9600 X153.289 Y152.367
M204 S1000
G1 F1893.9 X147.967 Y157.689 E89.88365
M204 S10000
G0 F9600 X149.204 Y157.689
M204 S1000
G1 F1893.9 X146.709 Y155.195 E89.97165
M204 S10000
G0 F9600 X146.709 Y156.118
M204 S1000
G1 F1893.9 X153.289 Y149.538 E90.20378
M204 S10000
G0 F9600 X153.29 Y150.461
M204 S1000
G1 F1893.9 X146.709 Y143.881 E90.43592
M204 S10000
G0 F9600 X146.709 Y144.804
M204 S1000
G1 F1893.9 X149.205 Y142.309 E90.52396
M204 S10000
G1 F3000 E84.52396
G0 F9600 X153.35 Y157.75
M204 S1000
;TYPE:WALL-INNER
G1 F3000 E90.52396
G1 F1800 X153.35 Y142.25 E90.91061
G1 X146.65 Y142.25 E91.07774
G1 X146.65 Y157.75 E91.46439
G1 X153.35 Y157.75 E91.63152
M204 S10000
G0 F9600 X153.65 Y158.05
M204 S1000
G1 F1800 X153.65 Y141.95 E92.03314
G1 X146.35 Y141.95 E92.21524
G1 X146.35 Y158.05 E92.61685
G1 X153.65 Y158.05 E92.79895
M204 S10000
G0 F9600 X153.95 Y158.35
M204 S1000
G1 F1800 X153.95 Y141.65 E93.21553
G1 X146.05 Y141.65 E93.4126
G1 X146.05 Y158.35 E93.82918
G1 X153.95 Y158.35 E94.02625
M204 S10000
G0 F9600 X154.2 Y158.6
M204 S1000
;TYPE:WALL-OUTER
G1 F1800 X154.2 Y141.4 E94.45531
G1 X145.8 Y141.4 E94.66485
G1 X145.8 Y158.6 E95.0939
G1 X154.2 Y158.6 E95.30344
M204 S10000
G0 F9600 X154.2 Y158.4
G0 X153.35 Y157.838
G1 F3000 E89.30344
;MESH:NONMESH
G0 F300 X153.35 Y157.838 Z1.96
G0 F9600 X147.967 Y142.31
;TIME_ELAPSED:211.614295
;LAYER:9
M204 S1000
;TYPE:FILL
;MESH:Lock.stl
G1 F3000 E95.30344
G1 F1893.9 X153.29 Y147.633 E95.49122
M204 S10000
G0 F9600 X153.289 Y146.71
M204 S1000
G1 F1893.9 X146.709 Y153.29 E95.72335
M204 S10000
G0 F9600 X146.709 Y152.366
M204 S1000
G1 F1893.9 X152.032 Y157.689 E95.91113
M204 S10000
G0 F9600 X150.795 Y157.689
M204 S1000
G1 F1893.9 X153.289 Y155.195 E95.99912
M204 S10000
G0 F9600 X153.29 Y156.118
M204 S1000
G1 F1893.9 X146.709 Y149.538 E96.23126
M204 S10000
G0 F9600 X146.709 Y150.461
M204 S1000
G1 F1893.9 X153.289 Y143.882 E96.46337
M204 S10000
G0 F9600 X153.29 Y144.804
M204 S1000
G1 F1893.9 X150.795 Y142.31 E96.55137
M204 S10000
G0 F9600 X152.033 Y142.309
M204 S1000
G1 F1893.9 X146.709 Y147.633 E96.73919
M204 S10000
G0 F9600 X146.709 Y146.709
M204 S1000
G1 F1893.9 X153.29 Y153.29 E96.97135
M204 S10000
G0 F9600 X153.289 Y152.367
M204 S1000
G1 F1893.9 X147.967 Y157.689 E97.1591
M204 S10000
G0 F9600 X149.204 Y157.689
M204 S1000
G1 F1893.9 X146.709 Y155.195 E97.2471
M204 S10000
G0 F9600 X146.709 Y156.118
M204 S1000
G1 F1893.9 X153.289 Y149.538 E97.47923
M204 S10000
G0 F9600 X153.29 Y150.461
M204 S1000
G1 F1893.9 X146.709 Y143.881 E97.71137
M204 S10000
G0 F9600 X146.709 Y144.804
M204 S1000
G1 F1893.9 X149.205 Y142.309 E97.79941
M204 S10000
G1 F3000 E91.79941
G0 F9600 X153.35 Y157.75
M204 S1000
;TYPE:WALL-INNER
G1 F3000 E97.79941
G1 F1800 X153.35 Y142.25 E98.18606
G1 X146.65 Y142.25 E98.35319
G1 X146.65 Y157.75 E98.73984
G1 X153.35 Y157.75 E98.90697
M204 S10000
G0 F9600 X153.65 Y158.05
M204 S1000
G1 F1800 X153.65 Y141.95 E99.30859
G1 X146.35 Y141.95 E99.49069
G1 X146.35 Y158.05 E99.8923
G1 X153.65 Y158.05 E100.0744
M204 S10000
G0 F9600 X153.95 Y158.35
M204 S1000
G1 F1800 X153.95 Y141.65 E100.49098
G1 X146.05 Y141.65 E100.68805
G1 X146.05 Y158.35 E101.10463
G1 X153.95 Y158.35 E101.3017
M204 S10000
G0 F9600 X154.2 Y158.6
M204 S1000
;TYPE:WALL-OUTER
G1 F1800 X154.2 Y141.4 E101.73076
G1 X145.8 Y141.4 E101.94029
G1 X145.8 Y158.6 E102.36935
G1 X154.2 Y158.6 E102.57889
M204 S10000
G0 F9600 X154.2 Y158.4
G0 X153.35 Y157.838
G1 F3000 E96.57889
;MESH:NONMESH
G0 F300 X153.35 Y157.838 Z2.16
G0 F9600 X147.967 Y142.31
;TIME_ELAPSED:224.839945
;LAYER:10
M204 S1000
;TYPE:FILL
;MESH:Lock.stl
G1 F3000 E102.57889
G1 F1893.9 X153.29 Y147.633 E102.76667
M204 S10000
G0 F9600 X153.289 Y146.71
M204 S1000
G1 F1893.9 X146.709 Y153.29 E102.9988
M204 S10000
G0 F9600 X146.709 Y152.366
M204 S1000
G1 F1893.9 X152.032 Y157.689 E103.18658
M204 S10000
G0 F9600 X150.795 Y157.689
M204 S1000
G1 F1893.9 X153.289 Y155.195 E103.27457
M204 S10000
G0 F9600 X153.29 Y156.118
M204 S1000
G1 F1893.9 X146.709 Y149.538 E103.50671
M204 S10000
G0 F9600 X146.709 Y150.461
M204 S1000
G1 F1893.9 X153.289 Y143.882 E103.73882
M204 S10000
G0 F9600 X153.29 Y144.804
M204 S1000
G1 F1893.9 X150.795 Y142.31 E103.82682
M204 S10000
G0 F9600 X152.033 Y142.309
M204 S1000
G1 F1893.9 X146.709 Y147.633 E104.01464
M204 S10000
G0 F9600 X146.709 Y146.709
M204 S1000
G1 F1893.9 X153.29 Y153.29 E104.2468
M204 S10000
G0 F9600 X153.289 Y152.367
M204 S1000
G1 F1893.9 X147.967 Y157.689 E104.43455
M204 S10000
G0 F9600 X149.204 Y157.689
M204 S1000
G1 F1893.9 X146.709 Y155.195 E104.52255
M204 S10000
G0 F9600 X146.709 Y156.118
M204 S1000
G1 F1893.9 X153.289 Y149.538 E104.75468
M204 S10000
G0 F9600 X153.29 Y150.461
M204 S1000
G1 F1893.9 X146.709 Y143.881 E104.98682
M204 S10000
G0 F9600 X146.709 Y144.804
M204 S1000
G1 F1893.9 X149.205 Y142.309 E105.07486
M204 S10000
G1 F3000 E99.07486
G0 F9600 X153.35 Y157.75
M204 S1000
;TYPE:WALL-INNER
G1 F3000 E105.07486
G1 F1800 X153.35 Y142.25 E105.46151
G1 X146.65 Y142.25 E105.62864
G1 X146.65 Y157.75 E106.01529
G1 X153.35 Y157.75 E106.18242
M204 S10000
G0 F9600 X153.65 Y158.05
M204 S1000
G1 F1800 X153.65 Y141.95 E106.58404
G1 X146.35 Y141.95 E106.76613
G1 X146.35 Y158.05 E107.16775
G1 X153.65 Y158.05 E107.34985
M204 S10000
G0 F9600 X153.95 Y158.35
M204 S1000
G1 F1800 X153.95 Y141.65 E107.76643
G1 X146.05 Y141.65 E107.9635
G1 X146.05 Y158.35 E108.38008
G1 X153.95 Y158.35 E108.57715
M204 S10000
G0 F9600 X154.2 Y158.6
M204 S1000
;TYPE:WALL-OUTER
G1 F1800 X154.2 Y141.4 E109.0062
G1 X145.8 Y141.4 E109.21574
G1 X145.8 Y158.6 E109.6448
G1 X154.2 Y158.6 E109.85434
M204 S10000
G0 F9600 X154.2 Y158.4
G0 X153.35 Y157.838
G1 F3000 E103.85434
;MESH:NONMESH
G0 F300 X153.35 Y157.838 Z2.36
G0 F9600 X147.967 Y142.31
;TIME_ELAPSED:238.065596
;LAYER:11
M204 S1000
;TYPE:FILL
;MESH:Lock.stl
G1 F3000 E109.85434
G1 F1893.9 X153.29 Y147.633 E110.04212
M204 S10000
G0 F9600 X153.289 Y146.71
M204 S1000
G1 F1893.9 X146.709 Y153.29 E110.27425
M204 S10000
G0 F9600 X146.709 Y152.366
M204 S1000
G1 F1893.9 X152.032 Y157.689 E110.46203
M204 S10000
G0 F9600 X150.795 Y157.689
M204 S1000
G1 F1893.9 X153.289 Y155.195 E110.55001
M204 S10000
G0 F9600 X153.29 Y156.118
M204 S1000
G1 F1893.9 X146.709 Y149.538 E110.78216
M204 S10000
G0 F9600 X146.709 Y150.461
M204 S1000
G1 F1893.9 X153.289 Y143.882 E111.01427
M204 S10000
G0 F9600 X153.29 Y144.804
M204 S1000
G1 F1893.9 X150.795 Y142.31 E111.10227
M204 S10000
G0 F9600 X152.033 Y142.309
M204 S1000
G1 F1893.9 X146.709 Y147.633 E111.29009
M204 S10000
G0 F9600 X146.709 Y146.709
M204 S1000
G1 F1893.9 X153.29 Y153.29 E111.52225
M204 S10000
G0 F9600 X153.289 Y152.367
M204 S1000
G1 F1893.9 X147.967 Y157.689 E111.71
M204 S10000
G0 F9600 X149.204 Y157.689
M204 S1000
G1 F1893.9 X146.709 Y155.195 E111.798
M204 S10000
G0 F9600 X146.709 Y156.118
M204 S1000
G1 F1893.9 X153.289 Y149.538 E112.03013
M204 S10000
G0 F9600 X153.29 Y150.461
M204 S1000
G1 F1893.9 X146.709 Y143.881 E112.26227
M204 S10000
G0 F9600 X146.709 Y144.804
M204 S1000
G1 F1893.9 X149.205 Y142.309 E112.35031
M204 S10000
G1 F3000 E106.35031
G0 F9600 X153.35 Y157.75
M204 S1000
;TYPE:WALL-INNER
G1 F3000 E112.35031
G1 F1800 X153.35 Y142.25 E112.73696
G1 X146.65 Y142.25 E112.90409
G1 X146.65 Y157.75 E113.29074
G1 X153.35 Y157.75 E113.45787
M204 S10000
G0 F9600 X153.65 Y158.05
M204 S1000
G1 F1800 X153.65 Y141.95 E113.85948
G1 X146.35 Y141.95 E114.04158
G1 X146.35 Y158.05 E114.4432
G1 X153.65 Y158.05 E114.6253
M204 S10000
G0 F9600 X153.95 Y158.35
M204 S1000
G1 F1800 X153.95 Y141.65 E115.04188
G1 X146.05 Y141.65 E115.23895
G1 X146.05 Y158.35 E115.65553
G1 X153.95 Y158.35 E115.8526
M204 S10000
G0 F9600 X154.2 Y158.6
M204 S1000
;TYPE:WALL-OUTER
G1 F1800 X154.2 Y141.4 E116.28165
G1 X145.8 Y141.4 E116.49119
G1 X145.8 Y158.6 E116.92025
G1 X154.2 Y158.6 E117.12979
M204 S10000
G0 F9600 X154.2 Y158.4
G0 X153.35 Y157.838
G1 F3000 E111.12979
;MESH:NONMESH
G0 F300 X153.35 Y157.838 Z2.56
G0 F9600 X147.967 Y142.31
;TIME_ELAPSED:251.291246
;LAYER:12
M204 S1000
;TYPE:FILL
;MESH:Lock.stl
G1 F3000 E117.12979
G1 F1893.9 X153.29 Y147.633 E117.31757
M204 S10000
G0 F9600 X153.289 Y146.71
M204 S1000
G1 F1893.9 X146.709 Y153.29 E117.5497
M204 S10000
G0 F9600 X146.709 Y152.366
M204 S1000
G1 F1893.9 X152.032 Y157.689 E117.73748
M204 S10000
G0 F9600 X150.795 Y157.689
M204 S1000
G1 F1893.9 X153.289 Y155.195 E117.82546
M204 S10000
G0 F9600 X153.29 Y156.118
M204 S1000
G1 F1893.9 X146.709 Y149.538 E118.05761
M204 S10000
G0 F9600 X146.709 Y150.461
M204 S1000
G1 F1893.9 X153.289 Y143.882 E118.28972
M204 S10000
G0 F9600 X153.29 Y144.804
M204 S1000
G1 F1893.9 X150.795 Y142.31 E118.37772
M204 S10000
G0 F9600 X152.033 Y142.309
M204 S1000
G1 F1893.9 X146.709 Y147.633 E118.56554
M204 S10000
G0 F9600 X146.709 Y146.709
M204 S1000
G1 F1893.9 X153.29 Y153.29 E118.7977
M204 S10000
G0 F9600 X153.289 Y152.367
M204 S1000
G1 F1893.9 X147.967 Y157.689 E118.98545
M204 S10000
G0 F9600 X149.204 Y157.689
M204 S1000
G1 F1893.9 X146.709 Y155.195 E119.07345
M204 S10000
G0 F9600 X146.709 Y156.118
M204 S1000
G1 F1893.9 X153.289 Y149.538 E119.30557
M204 S10000
G0 F9600 X153.29 Y150.461
M204 S1000
G1 F1893.9 X146.709 Y143.881 E119.53772
M204 S10000
G0 F9600 X146.709 Y144.804
M204 S1000
G1 F1893.9 X149.205 Y142.309 E119.62576
M204 S10000
G1 F3000 E113.62576
G0 F9600 X153.35 Y157.75
M204 S1000
;TYPE:WALL-INNER
G1 F3000 E119.62576
G1 F1800 X153.35 Y142.25 E120.0124
G1 X146.65 Y142.25 E120.17954
G1 X146.65 Y157.75 E120.56619
G1 X153.35 Y157.75 E120.73332
M204 S10000
G0 F9600 X153.65 Y158.05
M204 S1000
G1 F1800 X153.65 Y141.95 E121.13493
G1 X146.35 Y141.95 E121.31703
G1 X146.35 Y158.05 E121.71865
G1 X153.65 Y158.05 E121.90075
M204 S10000
G0 F9600 X153.95 Y158.35
M204 S1000
G1 F1800 X153.95 Y141.65 E122.31733
G1 X146.05 Y141.65 E122.5144
G1 X146.05 Y158.35 E122.93098
G1 X153.95 Y158.35 E123.12805
M204 S10000
G0 F9600 X154.2 Y158.6
M204 S1000
;TYPE:WALL-OUTER
G1 F1800 X154.2 Y141.4 E123.5571
G1 X145.8 Y141.4 E123.76664
G1 X145.8 Y158.6 E124.1957
G1 X154.2 Y158.6 E124.40524
M204 S10000
G0 F9600 X154.2 Y158.4
G0 X153.35 Y157.838
G1 F3000 E118.40524
;MESH:NONMESH
G0 F300 X153.35 Y157.838 Z2.76
G0 F9600 X147.967 Y142.31
;TIME_ELAPSED:264.516896
;LAYER:13
M204 S1000
;TYPE:FILL
;MESH:Lock.stl
G1 F3000 E124.40524
G1 F1893.9 X153.29 Y147.633 E124.59302
M204 S10000
G0 F9600 X153.289 Y146.71
M204 S1000
G1 F1893.9 X146.709 Y153.29 E124.82515
M204 S10000
G0 F9600 X146.709 Y152.366
M204 S1000
G1 F1893.9 X152.032 Y157.689 E125.01293
M204 S10000
G0 F9600 X150.795 Y157.689
M204 S1000
G1 F1893.9 X153.289 Y155.195 E125.10091
M204 S10000
G0 F9600 X153.29 Y156.118
M204 S1000
G1 F1893.9 X146.709 Y149.538 E125.33306
M204 S10000
G0 F9600 X146.709 Y150.461
M204 S1000
G1 F1893.9 X153.289 Y143.882 E125.56517
M204 S10000
G0 F9600 X153.29 Y144.804
M204 S1000
G1 F1893.9 X150.795 Y142.31 E125.65317
M204 S10000
G0 F9600 X152.033 Y142.309
M204 S1000
G1 F1893.9 X146.709 Y147.633 E125.84099
M204 S10000
G0 F9600 X146.709 Y146.709
M204 S1000
G1 F1893.9 X153.29 Y153.29 E126.07315
M204 S10000
G0 F9600 X153.289 Y152.367
M204 S1000
G1 F1893.9 X147.967 Y157.689 E126.2609
M204 S10000
G0 F9600 X149.204 Y157.689
M204 S1000
G1 F1893.9 X146.709 Y155.195 E126.3489
M204 S10000
G0 F9600 X146.709 Y156.118
M204 S1000
G1 F1893.9 X153.289 Y149.538 E126.58102
M204 S10000
G0 F9600 X153.29 Y150.461
M204 S1000
G1 F1893.9 X146.709 Y143.881 E126.81317
M204 S10000
G0 F9600 X146.709 Y144.804
M204 S1000
G1 F1893.9 X149.205 Y142.309 E126.9012
M204 S10000
G1 F3000 E120.9012
G0 F9600 X153.35 Y157.75
M204 S1000
;TYPE:WALL-INNER
G1 F3000 E126.9012
G1 F1800 X153.35 Y142.25 E127.28785
G1 X146.65 Y142.25 E127.45499
G1 X146.65 Y157.75 E127.84163
G1 X153.35 Y157.75 E128.00877
M204 S10000
G0 F9600 X153.65 Y158.05
M204 S1000
G1 F1800 X153.65 Y141.95 E128.41038
G1 X146.35 Y141.95 E128.59248
G1 X146.35 Y158.05 E128.9941
G1 X153.65 Y158.05 E129.1762
M204 S10000
G0 F9600 X153.95 Y158.35
M204 S1000
G1 F1800 X153.95 Y141.65 E129.59278
G1 X146.05 Y141.65 E129.78985
G1 X146.05 Y158.35 E130.20643
G1 X153.95 Y158.35 E130.4035
M204 S10000
G0 F9600 X154.2 Y158.6
M204 S1000
;TYPE:WALL-OUTER
G1 F1800 X154.2 Y141.4 E130.83255
G1 X145.8 Y141.4 E131.04209
G1 X145.8 Y158.6 E131.47115
G1 X154.2 Y158.6 E131.68069
M204 S10000
G0 F9600 X154.2 Y158.4
G0 X153.35 Y157.838
G1 F3000 E125.68069
;MESH:NONMESH
G0 F300 X153.35 Y157.838 Z2.96
G0 F9600 X147.967 Y142.31
;TIME_ELAPSED:277.742547
;LAYER:14
M204 S1000
;TYPE:FILL
;MESH:Lock.stl
G1 F3000 E131.68069
G1 F1893.9 X153.29 Y147.633 E131.86847
M204 S10000
G0 F9600 X153.289 Y146.71
M204 S1000
G1 F1893.9 X146.709 Y153.29 E132.1006
M204 S10000
G0 F9600 X146.709 Y152.366
M204 S1000
G1 F1893.9 X152.032 Y157.689 E132.28838
M204 S10000
G0 F9600 X150.795 Y157.689
M204 S1000
G1 F1893.9 X153.289 Y155.195 E132.37636
M204 S10000
G0 F9600 X153.29 Y156.118
M204 S1000
G1 F1893.9 X146.709 Y149.538 E132.60851
M204 S10000
G0 F9600 X146.709 Y150.461
M204 S1000
G1 F1893.9 X153.289 Y143.882 E132.84062
M204 S10000
G0 F9600 X153.29 Y144.804
M204 S1000
G1 F1893.9 X150.795 Y142.31 E132.92862
M204 S10000
G0 F9600 X152.033 Y142.309
M204 S1000
G1 F1893.9 X146.709 Y147.633 E133.11644
M204 S10000
G0 F9600 X146.709 Y146.709
M204 S1000
G1 F1893.9 X153.29 Y153.29 E133.3486
M204 S10000
G0 F9600 X153.289 Y152.367
M204 S1000
G1 F1893.9 X147.967 Y157.689 E133.53635
M204 S10000
G0 F9600 X149.204 Y157.689
M204 S1000
G1 F1893.9 X146.709 Y155.195 E133.62435
M204 S10000
G0 F9600 X146.709 Y156.118
M204 S1000
G1 F1893.9 X153.289 Y149.538 E133.85647
M204 S10000
G0 F9600 X153.29 Y150.461
M204 S1000
G1 F1893.9 X146.709 Y143.881 E134.08862
M204 S10000
G0 F9600 X146.709 Y144.804
M204 S1000
G1 F1893.9 X149.205 Y142.309 E134.17665
M204 S10000
G1 F3000 E128.17665
G0 F9600 X153.35 Y157.75
M204 S1000
;TYPE:WALL-INNER
G1 F3000 E134.17665
G1 F1800 X153.35 Y142.25 E134.5633
G1 X146.65 Y142.25 E134.73044
G1 X146.65 Y157.75 E135.11708
G1 X153.35 Y157.75 E135.28422
M204 S10000
G0 F9600 X153.65 Y158.05
M204 S1000
G1 F1800 X153.65 Y141.95 E135.68583
G1 X146.35 Y141.95 E135.86793
G1 X146.35 Y158.05 E136.26955
G1 X153.65 Y158.05 E136.45165
M204 S10000
G0 F9600 X153.95 Y158.35
M204 S1000
G1 F1800 X153.95 Y141.65 E136.86823
G1 X146.05 Y141.65 E137.0653
G1 X146.05 Y158.35 E137.48188
G1 X153.95 Y158.35 E137.67895
M204 S10000
G0 F9600 X154.2 Y158.6
M204 S1000
;TYPE:WALL-OUTER
G1 F1800 X154.2 Y141.4 E138.108
G1 X145.8 Y141.4 E138.31754
G1 X145.8 Y158.6 E138.7466
G1 X154.2 Y158.6 E138.95614
M204 S10000
G0 F9600 X154.2 Y158.4
G0 X153.35 Y157.838
G1 F3000 E132.95614
;MESH:NONMESH
G0 F300 X153.35 Y157.838 Z3.16
G0 F9600 X147.967 Y142.31
;TIME_ELAPSED:290.968197
;LAYER:15
M204 S1000
;TYPE:FILL
;MESH:Lock.stl
G1 F3000 E138.95614
G1 F1893.9 X153.29 Y147.633 E139.14392
M204 S10000
G0 F9600 X153.289 Y146.71
M204 S1000
G1 F1893.9 X146.709 Y153.29 E139.37605
M204 S10000
G0 F9600 X146.709 Y152.366
M204 S1000
G1 F1893.9 X152.032 Y157.689 E139.56383
M204 S10000
G0 F9600 X150.795 Y157.689
M204 S1000
G1 F1893.9 X153.289 Y155.195 E139.65181
M204 S10000
G0 F9600 X153.29 Y156.118
M204 S1000
G1 F1893.9 X146.709 Y149.538 E139.88396
M204 S10000
G0 F9600 X146.709 Y150.461
M204 S1000
G1 F1893.9 X153.289 Y143.882 E140.11607
M204 S10000
G0 F9600 X153.29 Y144.804
M204 S1000
G1 F1893.9 X150.795 Y142.31 E140.20407
M204 S10000
G0 F9600 X152.033 Y142.309
M204 S1000
G1 F1893.9 X146.709 Y147.633 E140.39188
M204 S10000
G0 F9600 X146.709 Y146.709
M204 S1000
G1 F1893.9 X153.29 Y153.29 E140.62405
M204 S10000
G0 F9600 X153.289 Y152.367
M204 S1000
G1 F1893.9 X147.967 Y157.689 E140.8118
M204 S10000
G0 F9600 X149.204 Y157.689
M204 S1000
G1 F1893.9 X146.709 Y155.195 E140.8998
M204 S10000
G0 F9600 X146.709 Y156.118
M204 S1000
G1 F1893.9 X153.289 Y149.538 E141.13192
M204 S10000
G0 F9600 X153.29 Y150.461
M204 S1000
G1 F1893.9 X146.709 Y143.881 E141.36407
M204 S10000
G0 F9600 X146.709 Y144.804
M204 S1000
G1 F1893.9 X149.205 Y142.309 E141.4521
M204 S10000
G1 F3000 E135.4521
G0 F9600 X153.35 Y157.75
M204 S1000
;TYPE:WALL-INNER
G1 F3000 E141.4521
G1 F1800 X153.35 Y142.25 E141.83875
G1 X146.65 Y142.25 E142.00588
G1 X146.65 Y157.75 E142.39253
G1 X153.35 Y157.75 E142.55967
M204 S10000
G0 F9600 X153.65 Y158.05
M204 S1000
G1 F1800 X153.65 Y141.95 E142.96128
G1 X146.35 Y141.95 E143.14338
G1 X146.35 Y158.05 E143.545
G1 X153.65 Y158.05 E143.7271
M204 S10000
G0 F9600 X153.95 Y158.35
M204 S1000
G1 F1800 X153.95 Y141.65 E144.14368
G1 X146.05 Y141.65 E144.34075
G1 X146.05 Y158.35 E144.75733
G1 X153.95 Y158.35 E144.9544
M204 S10000
G0 F9600 X154.2 Y158.6
M204 S1000
;TYPE:WALL-OUTER
G1 F1800 X154.2 Y141.4 E145.38345
G1 X145.8 Y141.4 E145.59299
G1 X145.8 Y158.6 E146.02205
G1 X154.2 Y158.6 E146.23158
M204 S10000
G0 F9600 X154.2 Y158.4
G0 X153.35 Y157.838
G1 F3000 E140.23158
;MESH:NONMESH
G0 F300 X153.35 Y157.838 Z3.36
G0 F9600 X147.967 Y142.31
;TIME_ELAPSED:304.193847
;LAYER:16
M204 S1000
;TYPE:FILL
;MESH:Lock.stl
G1 F3000 E146.23158
G1 F1893.9 X153.29 Y147.633 E146.41937
M204 S10000
G0 F9600 X153.289 Y146.71
M204 S1000
G1 F1893.9 X146.709 Y153.29 E146.6515
M204 S10000
G0 F9600 X146.709 Y152.366
M204 S1000
G1 F1893.9 X152.032 Y157.689 E146.83928
M204 S10000
G0 F9600 X150.795 Y157.689
M204 S1000
G1 F1893.9 X153.289 Y155.195 E146.92726
M204 S10000
G0 F9600 X153.29 Y156.118
M204 S1000
G1 F1893.9 X146.709 Y149.538 E147.15941
M204 S10000
G0 F9600 X146.709 Y150.461
M204 S1000
G1 F1893.9 X153.289 Y143.882 E147.39152
M204 S10000
G0 F9600 X153.29 Y144.804
M204 S1000
G1 F1893.9 X150.795 Y142.31 E147.47952
M204 S10000
G0 F9600 X152.033 Y142.309
M204 S1000
G1 F1893.9 X146.709 Y147.633 E147.66733
M204 S10000
G0 F9600 X146.709 Y146.709
M204 S1000
G1 F1893.9 X153.29 Y153.29 E147.8995
M204 S10000
G0 F9600 X153.289 Y152.367
M204 S1000
G1 F1893.9 X147.967 Y157.689 E148.08724
M204 S10000
G0 F9600 X149.204 Y157.689
M204 S1000
G1 F1893.9 X146.709 Y155.195 E148.17524
M204 S10000
G0 F9600 X146.709 Y156.118
M204 S1000
G1 F1893.9 X153.289 Y149.538 E148.40737
M204 S10000
G0 F9600 X153.29 Y150.461
M204 S1000
G1 F1893.9 X146.709 Y143.881 E148.63952
M204 S10000
G0 F9600 X146.709 Y144.804
M204 S1000
G1 F1893.9 X149.205 Y142.309 E148.72755
M204 S10000
G1 F3000 E142.72755
G0 F9600 X153.35 Y157.75
M204 S1000
;TYPE:WALL-INNER
G1 F3000 E148.72755
G1 F1800 X153.35 Y142.25 E149.1142
G1 X146.65 Y142.25 E149.28133
G1 X146.65 Y157.75 E149.66798
G1 X153.35 Y157.75 E149.83511
M204 S10000
G0 F9600 X153.65 Y158.05
M204 S1000
G1 F1800 X153.65 Y141.95 E150.23673
G1 X146.35 Y141.95 E150.41883
G1 X146.35 Y158.05 E150.82045
G1 X153.65 Y158.05 E151.00255
M204 S10000
G0 F9600 X153.95 Y158.35
M204 S1000
G1 F1800 X153.95 Y141.65 E151.41913
G1 X146.05 Y141.65 E151.6162
G1 X146.05 Y158.35 E152.03278
G1 X153.95 Y158.35 E152.22984
M204 S10000
G0 F9600 X154.2 Y158.6
M204 S1000
;TYPE:WALL-OUTER
G1 F1800 X154.2 Y141.4 E152.6589
G1 X145.8 Y141.4 E152.86844
G1 X145.8 Y158.6 E153.2975
G1 X154.2 Y158.6 E153.50703
M204 S10000
G0 F9600 X154.2 Y158.4
G0 X153.35 Y157.838
G1 F3000 E147.50703
;MESH:NONMESH
G0 F300 X153.35 Y157.838 Z3.56
G0 F9600 X147.967 Y142.31
;TIME_ELAPSED:317.419497
;LAYER:17
M204 S1000
;TYPE:FILL
;MESH:Lock.stl
G1 F3000 E153.50703
G1 F1893.9 X153.29 Y147.633 E153.69482
M204 S10000
G0 F9600 X153.289 Y146.71
M204 S1000
G1 F1893.9 X146.709 Y153.29 E153.92694
M204 S10000
G0 F9600 X146.709 Y152.366
M204 S1000
G1 F1893.9 X152.032 Y157.689 E154.11473
M204 S10000
G0 F9600 X150.795 Y157.689
M204 S1000
G1 F1893.9 X153.289 Y155.195 E154.20271
M204 S10000
G0 F9600 X153.29 Y156.118
M204 S1000
G1 F1893.9 X146.709 Y149.538 E154.43486
M204 S10000
G0 F9600 X146.709 Y150.461
M204 S1000
G1 F1893.9 X153.289 Y143.882 E154.66696
M204 S10000
G0 F9600 X153.29 Y144.804
M204 S1000
G1 F1893.9 X150.795 Y142.31 E154.75496
M204 S10000
G0 F9600 X152.033 Y142.309
M204 S1000
G1 F1893.9 X146.709 Y147.633 E154.94278
M204 S10000
G0 F9600 X146.709 Y146.709
M204 S1000
G1 F1893.9 X153.29 Y153.29 E155.17495
M204 S10000
G0 F9600 X153.289 Y152.367
M204 S1000
G1 F1893.9 X147.967 Y157.689 E155.36269
M204 S10000
G0 F9600 X149.204 Y157.689
M204 S1000
G1 F1893.9 X146.709 Y155.195 E155.45069
M204 S10000
G0 F9600 X146.709 Y156.118
M204 S1000
G1 F1893.9 X153.289 Y149.538 E155.68282
M204 S10000
G0 F9600 X153.29 Y150.461
M204 S1000
G1 F1893.9 X146.709 Y143.881 E155.91497
M204 S10000
G0 F9600 X146.709 Y144.804
M204 S1000
G1 F1893.9 X149.205 Y142.309 E156.003
M204 S10000
G1 F3000 E150.003
G0 F9600 X153.35 Y157.75
M204 S1000
;TYPE:WALL-INNER
G1 F3000 E156.003
G1 F1800 X153.35 Y142.25 E156.38965
G1 X146.65 Y142.25 E156.55678
G1 X146.65 Y157.75 E156.94343
G1 X153.35 Y157.75 E157.11056
M204 S10000
G0 F9600 X153.65 Y158.05
M204 S1000
G1 F1800 X153.65 Y141.95 E157.51218
G1 X146.35 Y141.95 E157.69428
G1 X146.35 Y158.05 E158.0959
G1 X153.65 Y158.05 E158.27799
M204 S10000
G0 F9600 X153.95 Y158.35
M204 S1000
G1 F1800 X153.95 Y141.65 E158.69458
G1 X146.05 Y141.65 E158.89164
G1 X146.05 Y158.35 E159.30823
G1 X153.95 Y158.35 E159.50529
M204 S10000
G0 F9600 X154.2 Y158.6
M204 S1000
;TYPE:WALL-OUTER
G1 F1800 X154.2 Y141.4 E159.93435
G1 X145.8 Y141.4 E160.14389
G1 X145.8 Y158.6 E160.57294
G1 X154.2 Y158.6 E160.78248
M204 S10000
G0 F9600 X154.2 Y158.4
G0 X153.35 Y157.838
G1 F3000 E154.78248
;MESH:NONMESH
G0 F300 X153.35 Y157.838 Z3.76
G0 F9600 X149.966 Y144.309
;TIME_ELAPSED:330.616590
;LAYER:18
M204 S1000
;TYPE:FILL
;MESH:Lock.stl
G1 F3000 E160.78248
G1 F2400 X151.289 Y145.632 E160.82916
M204 S10000
G0 F9600 X151.289 Y145.882
M204 S1000
G1 F2400 X150.481 Y146.69 E160.85766
M204 S10000
G0 F9600 X149.518 Y146.69
M204 S1000
G1 F2400 X148.709 Y145.881 E160.8862
M204 S10000
G0 F9600 X148.709 Y145.633
M204 S1000
G1 F2400 X150.033 Y144.309 E160.93291
M204 S10000
G1 F3000 E154.93291
G0 F9600 X150.033 Y144.41
G0 X151.276 Y146.676
G0 X153.2 Y146.676
G0 X153.35 Y157.75
M204 S1000
;TYPE:WALL-INNER
G1 F3000 E160.93291
G1 F1800 X153.35 Y142.25 E161.31956
G1 X146.65 Y142.25 E161.48669
G1 X146.65 Y157.75 E161.87334
G1 X153.35 Y157.75 E162.04047
M204 S10000
G0 F9600 X153.65 Y158.05
M204 S1000
G1 F1800 X153.65 Y141.95 E162.44209
G1 X146.35 Y141.95 E162.62419
G1 X146.35 Y158.05 E163.0258
G1 X153.65 Y158.05 E163.2079
M204 S10000
G0 F9600 X153.95 Y158.35
M204 S1000
G1 F1800 X153.95 Y141.65 E163.62448
G1 X146.05 Y141.65 E163.82155
G1 X146.05 Y158.35 E164.23813
G1 X153.95 Y158.35 E164.4352
M204 S10000
G0 F9600 X154.2 Y158.6
M204 S1000
;TYPE:WALL-OUTER
G1 F1800 X154.2 Y141.4 E164.86426
G1 X145.8 Y141.4 E165.07379
G1 X145.8 Y158.6 E165.50285
G1 X154.2 Y158.6 E165.71239
M204 S10000
G0 F9600 X154.2 Y158.4
G1 F3000 E159.71239
G0 F9600 X153.95 Y158.4
G0 X153.2 Y146.59
G0 X151.27 Y146.59
G0 X151.214 Y146.72
M204 S1000
;TYPE:SKIN
G1 F3000 E165.71239
G1 F1200 X151.318 Y146.596 E165.71643
G1 X151.32 Y144.43 E165.77046
G1 X151.277 Y144.323 E165.77333
G1 X151.17 Y144.28 E165.77621
G1 X148.804 Y144.282 E165.83523
G1 X148.723 Y144.323 E165.83749
G1 X148.68 Y144.43 E165.84037
G1 X148.682 Y146.596 E165.8944
G1 X148.786 Y146.72 E165.89844
G1 X151.214 Y146.72 E165.95901
M204 S10000
G1 F3000 E159.95901
G0 F9600 X151.19 Y146.59
G0 X153.2 Y146.676
G0 X153.3 Y157.48
G0 X153.08 Y157.48
M204 S1000
G1 F3000 E165.95901
G1 F1200 X146.92 Y157.48 E166.11267
G1 X146.921 Y142.521 E166.48582
G1 X153.08 Y142.52 E166.63946
G1 X153.08 Y157.48 E167.01264
M204 S10000
G1 F3000 E161.01264
G0 F9600 X153.3 Y157.48
G0 X147.146 Y157.7
G0 X147.146 Y157.329
M204 S1000
G1 F3000 E167.01264
G1 F1200 X147.07 Y157.252 E167.01534
M204 S10000
G0 F9600 X147.07 Y156.828
M204 S1000
G1 F1200 X147.571 Y157.329 E167.03301
M204 S10000
G0 F9600 X147.995 Y157.329
M204 S1000
G1 F1200 X147.07 Y156.404 E167.06564
M204 S10000
G0 F9600 X147.07 Y155.979
M204 S1000
G1 F1200 X148.419 Y157.329 E167.11325
M204 S10000
G0 F9600 X148.843 Y157.329
M204 S1000
G1 F1200 X147.07 Y155.555 E167.17581
M204 S10000
G0 F9600 X147.07 Y155.131
M204 S1000
G1 F1200 X149.268 Y157.329 E167.25336
M204 S10000
G0 F9600 X149.692 Y157.329
M204 S1000
G1 F1200 X147.07 Y154.707 E167.34585
M204 S10000
G0 F9600 X147.07 Y154.282
M204 S1000
G1 F1200 X150.116 Y157.329 E167.45333
M204 S10000
G0 F9600 X150.54 Y157.329
M204 S1000
G1 F1200 X147.07 Y153.858 E167.57576
M204 S10000
G0 F9600 X147.07 Y153.434
M204 S1000
G1 F1200 X150.965 Y157.329 E167.71316
M204 S10000
G0 F9600 X151.389 Y157.329
M204 S1000
G1 F1200 X147.07 Y153.01 E167.86553
M204 S10000
G0 F9600 X147.07 Y152.585
M204 S1000
G1 F1200 X151.813 Y157.329 E168.03287
M204 S10000
G0 F9600 X152.237 Y157.329
M204 S1000
G1 F1200 X147.07 Y152.161 E168.21517
M204 S10000
G0 F9600 X147.07 Y151.737
M204 S1000
G1 F1200 X152.662 Y157.329 E168.41244
M204 S10000
G0 F9600 X152.929 Y157.172
M204 S1000
G1 F1200 X147.07 Y151.313 E168.61913
M204 S10000
G0 F9600 X147.07 Y150.888
M204 S1000
G1 F1200 X152.929 Y156.747 E168.82582
M204 S10000
G0 F9600 X152.929 Y156.323
M204 S1000
G1 F1200 X147.07 Y150.464 E169.03252
M204 S10000
G0 F9600 X147.07 Y150.04
M204 S1000
G1 F1200 X152.929 Y155.899 E169.23921
M204 S10000
G0 F9600 X152.929 Y155.475
M204 S1000
G1 F1200 X147.07 Y149.616 E169.4459
M204 S10000
G0 F9600 X147.07 Y149.191
M204 S1000
G1 F1200 X152.929 Y155.05 E169.65259
M204 S10000
G0 F9600 X152.929 Y154.626
M204 S1000
G1 F1200 X147.07 Y148.767 E169.85928
M204 S10000
G0 F9600 X147.07 Y148.343
M204 S1000
G1 F1200 X152.929 Y154.202 E170.06598
M204 S10000
G0 F9600 X152.929 Y153.778
M204 S1000
G1 F1200 X147.07 Y147.918 E170.27269
M204 S10000
G0 F9600 X147.07 Y147.494
M204 S1000
G1 F1200 X152.929 Y153.353 E170.47938
M204 S10000
G0 F9600 X152.929 Y152.929
M204 S1000
G1 F1200 X147.07 Y147.07 E170.68607
M204 S10000
G0 F9600 X147.07 Y146.646
M204 S1000
G1 F1200 X152.929 Y152.505 E170.89276
M204 S10000
G0 F9600 X152.929 Y152.08
M204 S1000
G1 F1200 X147.07 Y146.221 E171.09945
M204 S10000
G0 F9600 X147.07 Y145.797
M204 S1000
G1 F1200 X152.929 Y151.656 E171.30615
M204 S10000
G0 F9600 X152.929 Y151.232
M204 S1000
G1 F1200 X147.07 Y145.373 E171.51284
M204 S10000
G0 F9600 X147.07 Y144.949
M204 S1000
G1 F1200 X148.533 Y146.412 E171.56445
M204 S10000
G0 F9600 X148.532 Y145.987
M204 S1000
G1 F1200 X147.07 Y144.524 E171.61604
M204 S10000
G0 F9600 X147.07 Y144.1
M204 S1000
G1 F1200 X148.532 Y145.562 E171.66762
M204 S10000
G0 F9600 X148.531 Y145.137
M204 S1000
G1 F1200 X147.07 Y143.676 E171.71916
M204 S10000
G0 F9600 X147.07 Y143.252
M204 S1000
G1 F1200 X148.53 Y144.712 E171.77066
M204 S10000
G0 F9600 X148.571 Y144.328
M204 S1000
G1 F1200 X147.07 Y142.827 E171.82362
M204 S10000
G0 F9600 X147.337 Y142.67
M204 S1000
G1 F1200 X148.8 Y144.133 E171.87523
M204 S10000
G0 F9600 X149.224 Y144.133
M204 S1000
G1 F1200 X147.761 Y142.67 E171.92684
M204 S10000
G0 F9600 X148.186 Y142.67
M204 S1000
G1 F1200 X149.647 Y144.132 E171.9784
M204 S10000
G0 F9600 X150.071 Y144.131
M204 S1000
G1 F1200 X148.61 Y142.67 E172.02994
M204 S10000
G0 F9600 X149.034 Y142.67
M204 S1000
G1 F1200 X150.494 Y144.13 E172.08144
M204 S10000
G0 F9600 X150.917 Y144.129
M204 S1000
G1 F1200 X149.459 Y142.67 E172.1329
M204 S10000
G0 F9600 X149.883 Y142.67
M204 S1000
G1 F1200 X152.929 Y145.717 E172.24037
M204 S10000
G0 F9600 X152.929 Y146.141
M204 S1000
G1 F1200 X151.468 Y144.68 E172.29191
M204 S10000
G0 F9600 X151.467 Y145.103
M204 S1000
G1 F1200 X152.929 Y146.565 E172.34349
M204 S10000
G0 F9600 X152.929 Y146.989
M204 S1000
G1 F1200 X151.466 Y145.526 E172.3951
M204 S10000
G0 F9600 X151.465 Y145.95
M204 S1000
G1 F1200 X152.929 Y147.414 E172.44674
M204 S10000
G0 F9600 X152.929 Y147.838
M204 S1000
G1 F1200 X151.465 Y146.373 E172.49841
M204 S10000
G0 F9600 X151.412 Y146.745
M204 S1000
G1 F1200 X152.929 Y148.262 E172.55192
M204 S10000
G0 F9600 X152.929 Y148.686
M204 S1000
G1 F1200 X151.112 Y146.87 E172.61601
M204 S10000
G0 F9600 X150.688 Y146.87
M204 S1000
G1 F1200 X152.929 Y149.111 E172.69506
M204 S10000
G0 F9600 X152.929 Y149.535
M204 S1000
G1 F1200 X150.264 Y146.87 E172.78908
M204 S10000
G0 F9600 X149.84 Y146.87
M204 S1000
G1 F1200 X152.929 Y149.959 E172.89805
M204 S10000
G0 F9600 X152.929 Y150.383
M204 S1000
G1 F1200 X149.415 Y146.87 E173.022
M204 S10000
G0 F9600 X148.991 Y146.87
M204 S1000
G1 F1200 X152.929 Y150.808 E173.16092
M204 S10000
G1 F3000 E167.16092
G0 F9600 X153.3 Y150.808
G0 X153.3 Y145.292
G0 X152.929 Y145.292
M204 S1000
G1 F3000 E173.16092
G1 F1200 X150.307 Y142.67 E173.25342
M204 S10000
G0 F9600 X150.731 Y142.67
M204 S1000
G1 F1200 X152.929 Y144.868 E173.33096
M204 S10000
G0 F9600 X152.929 Y144.444
M204 S1000
G1 F1200 X151.156 Y142.67 E173.39353
M204 S10000
G0 F9600 X151.58 Y142.67
M204 S1000
G1 F1200 X152.929 Y144.019 E173.44112
M204 S10000
G0 F9600 X152.929 Y143.595
M204 S1000
G1 F1200 X152.004 Y142.67 E173.47375
M204 S10000
G0 F9600 X152.428 Y142.67
M204 S1000
G1 F1200 X152.929 Y143.171 E173.49142
M204 S10000
G0 F9600 X152.929 Y142.747
M204 S1000
G1 F1200 X152.853 Y142.67 E173.49412
M204 S10000
G0 F9600 X152.853 Y142.25
G1 F3000 E167.49412
;MESH:NONMESH
G0 F300 X152.853 Y142.25 Z3.96
G0 F9600 X149.966 Y142.4
G0 X149.966 Y144.33
G0 X149.966 Y144.309
;TIME_ELAPSED:361.648216
;LAYER:19
M204 S1000
;TYPE:FILL
;MESH:Lock.stl
G1 F3000 E173.49412
G1 F2400 X151.289 Y145.632 E173.54079
M204 S10000
G0 F9600 X151.289 Y145.882
M204 S1000
G1 F2400 X150.481 Y146.69 E173.5693
M204 S10000
G0 F9600 X149.518 Y146.69
M204 S1000
G1 F2400 X148.709 Y145.881 E173.59784
M204 S10000
G0 F9600 X148.709 Y145.633
M204 S1000
G1 F2400 X150.033 Y144.309 E173.64455
M204 S10000
G1 F3000 E167.64455
G0 F9600 X150.033 Y144.41
G0 X151.276 Y146.676
G0 X153.2 Y146.676
G0 X153.35 Y157.75
M204 S1000
;TYPE:WALL-INNER
G1 F3000 E173.64455
G1 F1800 X153.35 Y142.25 E174.03119
G1 X146.65 Y142.25 E174.19833
G1 X146.65 Y157.75 E174.58498
G1 X153.35 Y157.75 E174.75211
M204 S10000
G0 F9600 X153.65 Y158.05
M204 S1000
G1 F1800 X153.65 Y141.95 E175.15372
G1 X146.35 Y141.95 E175.33582
G1 X146.35 Y158.05 E175.73744
G1 X153.65 Y158.05 E175.91954
M204 S10000
G0 F9600 X153.95 Y158.35
M204 S1000
G1 F1800 X153.95 Y141.65 E176.33612
G1 X146.05 Y141.65 E176.53319
G1 X146.05 Y158.35 E176.94977
G1 X153.95 Y158.35 E177.14684
M204 S10000
G0 F9600 X154.2 Y158.6
M204 S1000
;TYPE:WALL-OUTER
G1 F1800 X154.2 Y141.4 E177.57589
G1 X145.8 Y141.4 E177.78543
G1 X145.8 Y158.6 E178.21449
G1 X154.2 Y158.6 E178.42403
M204 S10000
G0 F9600 X154.2 Y158.4
G1 F3000 E172.42403
G0 F9600 X153.95 Y158.4
G0 X153.2 Y146.59
G0 X151.27 Y146.59
G0 X151.214 Y146.72
M204 S1000
;TYPE:SKIN
G1 F3000 E178.42403
G1 F1200 X151.318 Y146.596 E178.42806
G1 X151.32 Y144.43 E178.4821
G1 X151.277 Y144.323 E178.48497
G1 X151.17 Y144.28 E178.48785
G1 X148.804 Y144.282 E178.54687
G1 X148.723 Y144.323 E178.54913
G1 X148.68 Y144.43 E178.55201
G1 X148.682 Y146.596 E178.60604
G1 X148.786 Y146.72 E178.61008
G1 X151.214 Y146.72 E178.67064
M204 S10000
G1 F3000 E172.67064
G0 F9600 X151.19 Y146.59
G0 X153.2 Y146.676
G0 X153.3 Y157.48
G0 X153.08 Y157.48
M204 S1000
G1 F3000 E178.67064
G1 F1200 X146.92 Y157.48 E178.82431
G1 X146.921 Y142.521 E179.19746
G1 X153.08 Y142.52 E179.3511
G1 X153.08 Y157.48 E179.72428
M204 S10000
G0 F9600 X152.928 Y157.208
M204 S1000
G1 F1200 X152.807 Y157.329 E179.72854
M204 S10000
G0 F9600 X152.383 Y157.329
M204 S1000
G1 F1200 X152.928 Y156.783 E179.74779
M204 S10000
G0 F9600 X152.928 Y156.359
M204 S1000
G1 F1200 X151.959 Y157.329 E179.78199
M204 S10000
G0 F9600 X151.535 Y157.329
M204 S1000
G1 F1200 X152.928 Y155.935 E179.83115
M204 S10000
G0 F9600 X152.928 Y155.511
M204 S1000
G1 F1200 X151.11 Y157.329 E179.89528
M204 S10000
G0 F9600 X150.686 Y157.329
M204 S1000
G1 F1200 X152.928 Y155.086 E179.97439
M204 S10000
G0 F9600 X152.928 Y154.662
M204 S1000
G1 F1200 X150.262 Y157.329 E180.06846
M204 S10000
G0 F9600 X149.838 Y157.329
M204 S1000
G1 F1200 X152.928 Y154.238 E180.17749
M204 S10000
G0 F9600 X152.928 Y153.814
M204 S1000
G1 F1200 X149.413 Y157.329 E180.30149
M204 S10000
G0 F9600 X148.989 Y157.329
M204 S1000
G1 F1200 X152.928 Y153.389 E180.44047
M204 S10000
G0 F9600 X152.928 Y152.965
M204 S1000
G1 F1200 X148.565 Y157.329 E180.5944
M204 S10000
G0 F9600 X148.14 Y157.329
M204 S1000
G1 F1200 X152.928 Y152.541 E180.76331
M204 S10000
G0 F9600 X152.928 Y152.117
M204 S1000
G1 F1200 X147.716 Y157.329 E180.94718
M204 S10000
G0 F9600 X147.292 Y157.329
M204 S1000
G1 F1200 X152.928 Y151.692 E181.14602
M204 S10000
G0 F9600 X152.928 Y151.268
M204 S1000
G1 F1200 X147.07 Y157.126 E181.35268
M204 S10000
G0 F9600 X147.07 Y156.702
M204 S1000
G1 F1200 X152.928 Y150.844 E181.55933
M204 S10000
G0 F9600 X152.928 Y150.419
M204 S1000
G1 F1200 X147.07 Y156.278 E181.76601
M204 S10000
G0 F9600 X147.07 Y155.854
M204 S1000
G1 F1200 X152.928 Y149.995 E181.97268
M204 S10000
G0 F9600 X152.928 Y149.571
M204 S1000
G1 F1200 X147.07 Y155.429 E182.17934
M204 S10000
G0 F9600 X147.07 Y155.005
M204 S1000
G1 F1200 X152.928 Y149.147 E182.386
M204 S10000
G0 F9600 X152.928 Y148.722
M204 S1000
G1 F1200 X147.07 Y154.581 E182.59267
M204 S10000
G0 F9600 X147.07 Y154.157
M204 S1000
G1 F1200 X152.928 Y148.298 E182.79934
M204 S10000
G0 F9600 X152.928 Y147.874
M204 S1000
G1 F1200 X147.07 Y153.732 E183.006
M204 S10000
G0 F9600 X147.07 Y153.308
M204 S1000
G1 F1200 X152.928 Y147.45 E183.21266
M204 S10000
G0 F9600 X152.928 Y147.025
M204 S1000
G1 F1200 X147.07 Y152.884 E183.41933
M204 S10000
G0 F9600 X147.07 Y152.46
M204 S1000
G1 F1200 X152.928 Y146.601 E183.62601
M204 S10000
G0 F9600 X152.928 Y146.177
M204 S1000
G1 F1200 X147.07 Y152.035 E183.83266
M204 S10000
G0 F9600 X147.07 Y151.611
M204 S1000
G1 F1200 X152.928 Y145.753 E184.03932
M204 S10000
G0 F9600 X152.928 Y145.328
M204 S1000
G1 F1200 X147.07 Y151.187 E184.246
M204 S10000
G0 F9600 X147.07 Y150.762
M204 S1000
G1 F1200 X150.963 Y146.87 E184.38331
M204 S10000
G0 F9600 X150.538 Y146.87
M204 S1000
G1 F1200 X147.07 Y150.338 E184.50566
M204 S10000
G0 F9600 X147.07 Y149.914
M204 S1000
G1 F1200 X150.114 Y146.87 E184.61304
M204 S10000
G0 F9600 X149.69 Y146.87
M204 S1000
G1 F1200 X147.07 Y149.49 E184.70547
M204 S10000
G0 F9600 X147.07 Y149.065
M204 S1000
G1 F1200 X149.265 Y146.87 E184.7829
M204 S10000
G0 F9600 X148.841 Y146.87
M204 S1000
G1 F1200 X147.07 Y148.641 E184.84538
M204 S10000
G0 F9600 X147.07 Y148.217
M204 S1000
G1 F1200 X148.573 Y146.714 E184.8984
M204 S10000
G0 F9600 X148.532 Y146.33
M204 S1000
G1 F1200 X147.07 Y147.793 E184.95
M204 S10000
G0 F9600 X147.07 Y147.368
M204 S1000
G1 F1200 X148.532 Y145.907 E185.00156
M204 S10000
G0 F9600 X148.531 Y145.483
M204 S1000
G1 F1200 X147.07 Y146.944 E185.0531
M204 S10000
G0 F9600 X147.07 Y146.52
M204 S1000
G1 F1200 X148.53 Y145.06 E185.1046
M204 S10000
G0 F9600 X148.529 Y144.636
M204 S1000
G1 F1200 X147.07 Y146.096 E185.15609
M204 S10000
G0 F9600 X147.07 Y145.671
M204 S1000
G1 F1200 X150.072 Y142.67 E185.26198
M204 S10000
G0 F9600 X150.496 Y142.67
M204 S1000
G1 F1200 X149.031 Y144.134 E185.31364
M204 S10000
G0 F9600 X149.456 Y144.133
M204 S1000
G1 F1200 X150.92 Y142.67 E185.36527
M204 S10000
G0 F9600 X151.344 Y142.67
M204 S1000
G1 F1200 X149.882 Y144.132 E185.41684
M204 S10000
G0 F9600 X150.307 Y144.131
M204 S1000
G1 F1200 X151.769 Y142.67 E185.4684
M204 S10000
G0 F9600 X152.193 Y142.67
M204 S1000
G1 F1200 X150.732 Y144.13 E185.51993
M204 S10000
G0 F9600 X151.157 Y144.13
M204 S1000
G1 F1200 X152.617 Y142.67 E185.57143
M204 S10000
G0 F9600 X152.928 Y142.783
M204 S1000
G1 F1200 X151.415 Y144.296 E185.62481
M204 S10000
G0 F9600 X151.469 Y144.666
M204 S1000
G1 F1200 X152.928 Y143.207 E185.67628
M204 S10000
G0 F9600 X152.928 Y143.631
M204 S1000
G1 F1200 X151.468 Y145.091 E185.72778
M204 S10000
G0 F9600 X151.467 Y145.516
M204 S1000
G1 F1200 X152.928 Y144.056 E185.77931
M204 S10000
G0 F9600 X152.928 Y144.48
M204 S1000
G1 F1200 X151.466 Y145.942 E185.83088
M204 S10000
G0 F9600 X151.465 Y146.367
M204 S1000
G1 F1200 X152.928 Y144.904 E185.88249
M204 S10000
G1 F3000 E179.88249
G0 F9600 X153.3 Y144.904
G0 X153.228 Y142.372
G0 X149.647 Y142.3
G0 X149.647 Y142.67
M204 S1000
G1 F3000 E185.88249
G1 F1200 X147.07 Y145.247 E185.9734
M204 S10000
G0 F9600 X147.07 Y144.823
M204 S1000
G1 F1200 X149.223 Y142.67 E186.04936
M204 S10000
G0 F9600 X148.799 Y142.67
M204 S1000
G1 F1200 X147.07 Y144.398 E186.11033
M204 S10000
G0 F9600 X147.07 Y143.974
M204 S1000
G1 F1200 X148.375 Y142.67 E186.15635
M204 S10000
G0 F9600 X147.95 Y142.67
M204 S1000
G1 F1200 X147.07 Y143.55 E186.1874
M204 S10000
G0 F9600 X147.07 Y143.126
M204 S1000
G1 F1200 X147.526 Y142.67 E186.20348
M204 S10000
G0 F9600 X147.526 Y142.25
G1 F3000 E180.20348
;MESH:NONMESH
G0 F300 X147.526 Y142.25 Z4.16
G0 F9600 X149.966 Y142.4
G0 X149.966 Y144.33
G0 X149.966 Y144.309
;TIME_ELAPSED:392.185064
;LAYER:20
M204 S1000
;TYPE:FILL
;MESH:Lock.stl
G1 F3000 E186.20348
G1 F2400 X151.289 Y145.632 E186.25016
M204 S10000
G0 F9600 X151.289 Y145.882
M204 S1000
G1 F2400 X150.481 Y146.69 E186.27866
M204 S10000
G0 F9600 X149.518 Y146.69
M204 S1000
G1 F2400 X148.709 Y145.881 E186.3072
M204 S10000
G0 F9600 X148.709 Y145.633
M204 S1000
G1 F2400 X150.033 Y144.309 E186.35391
M204 S10000
G1 F3000 E180.35391
G0 F9600 X150.033 Y144.41
G0 X151.276 Y146.676
G0 X153.2 Y146.676
G0 X153.35 Y157.75
M204 S1000
;TYPE:WALL-INNER
G1 F3000 E186.35391
G1 F1800 X153.35 Y142.25 E186.74056
G1 X146.65 Y142.25 E186.90769
G1 X146.65 Y157.75 E187.29434
G1 X153.35 Y157.75 E187.46147
M204 S10000
G0 F9600 X153.65 Y158.05
M204 S1000
G1 F1800 X153.65 Y141.95 E187.86309
G1 X146.35 Y141.95 E188.04519
G1 X146.35 Y158.05 E188.4468
G1 X153.65 Y158.05 E188.6289
M204 S10000
G0 F9600 X153.95 Y158.35
M204 S1000
G1 F1800 X153.95 Y141.65 E189.04548
G1 X146.05 Y141.65 E189.24255
G1 X146.05 Y158.35 E189.65913
G1 X153.95 Y158.35 E189.8562
M204 S10000
G0 F9600 X154.2 Y158.6
M204 S1000
;TYPE:WALL-OUTER
G1 F1800 X154.2 Y141.4 E190.28526
G1 X145.8 Y141.4 E190.4948
G1 X145.8 Y158.6 E190.92385
G1 X154.2 Y158.6 E191.13339
M204 S10000
G0 F9600 X154.2 Y158.4
G1 F3000 E185.13339
G0 F9600 X153.95 Y158.4
G0 X153.2 Y146.59
G0 X151.27 Y146.59
G0 X151.214 Y146.72
M204 S1000
;TYPE:SKIN
G1 F3000 E191.13339
G1 F1200 X151.318 Y146.596 E191.13743
G1 X151.32 Y144.43 E191.19146
G1 X151.277 Y144.323 E191.19433
G1 X151.17 Y144.28 E191.19721
G1 X148.804 Y144.282 E191.25623
G1 X148.723 Y144.323 E191.2585
G1 X148.68 Y144.43 E191.26137
G1 X148.682 Y146.596 E191.3154
G1 X148.786 Y146.72 E191.31944
G1 X151.214 Y146.72 E191.38001
M204 S10000
G1 F3000 E185.38001
G0 F9600 X151.19 Y146.59
G0 X153.2 Y146.676
G0 X153.3 Y157.48
G0 X153.08 Y157.48
M204 S1000
G1 F3000 E191.38001
G1 F1200 X146.92 Y157.48 E191.53367
G1 X146.921 Y142.521 E191.90682
G1 X153.08 Y142.52 E192.06046
G1 X153.08 Y157.48 E192.43364
M204 S10000
G1 F3000 E186.43364
G0 F9600 X153.3 Y157.48
G0 X147.146 Y157.7
G0 X147.146 Y157.329
M204 S1000
G1 F3000 E192.43364
G1 F1200 X147.07 Y157.252 E192.43634
M204 S10000
G0 F9600 X147.07 Y156.828
M204 S1000
G1 F1200 X147.571 Y157.329 E192.45401
M204 S10000
G0 F9600 X147.995 Y157.329
M204 S1000
G1 F1200 X147.07 Y156.404 E192.48664
M204 S10000
G0 F9600 X147.07 Y155.979
M204 S1000
G1 F1200 X148.419 Y157.329 E192.53425
M204 S10000
G0 F9600 X148.843 Y157.329
M204 S1000
G1 F1200 X147.07 Y155.555 E192.59682
M204 S10000
G0 F9600 X147.07 Y155.131
M204 S1000
G1 F1200 X149.268 Y157.329 E192.67436
M204 S10000
G0 F9600 X149.692 Y157.329
M204 S1000
G1 F1200 X147.07 Y154.707 E192.76685
M204 S10000
G0 F9600 X147.07 Y154.282
M204 S1000
G1 F1200 X150.116 Y157.329 E192.87433
M204 S10000
G0 F9600 X150.54 Y157.329
M204 S1000
G1 F1200 X147.07 Y153.858 E192.99676
M204 S10000
G0 F9600 X147.07 Y153.434
M204 S1000
G1 F1200 X150.965 Y157.329 E193.13417
M204 S10000
G0 F9600 X151.389 Y157.329
M204 S1000
G1 F1200 X147.07 Y153.01 E193.28653
M204 S10000
G0 F9600 X147.07 Y152.585
M204 S1000
G1 F1200 X151.813 Y157.329 E193.45387
M204 S10000
G0 F9600 X152.237 Y157.329
M204 S1000
G1 F1200 X147.07 Y152.161 E193.63617
M204 S10000
G0 F9600 X147.07 Y151.737
M204 S1000
G1 F1200 X152.662 Y157.329 E193.83344
M204 S10000
G0 F9600 X152.929 Y157.172
M204 S1000
G1 F1200 X147.07 Y151.313 E194.04013
M204 S10000
G0 F9600 X147.07 Y150.888
M204 S1000
G1 F1200 X152.929 Y156.747 E194.24682
M204 S10000
G0 F9600 X152.929 Y156.323
M204 S1000
G1 F1200 X147.07 Y150.464 E194.45352
M204 S10000
G0 F9600 X147.07 Y150.04
M204 S1000
G1 F1200 X152.929 Y155.899 E194.66021
M204 S10000
G0 F9600 X152.929 Y155.475
M204 S1000
G1 F1200 X147.07 Y149.616 E194.8669
M204 S10000
G0 F9600 X147.07 Y149.191
M204 S1000
G1 F1200 X152.929 Y155.05 E195.07359
M204 S10000
G0 F9600 X152.929 Y154.626
M204 S1000
G1 F1200 X147.07 Y148.767 E195.28028
M204 S10000
G0 F9600 X147.07 Y148.343
M204 S1000
G1 F1200 X152.929 Y154.202 E195.48698
M204 S10000
G0 F9600 X152.929 Y153.778
M204 S1000
G1 F1200 X147.07 Y147.918 E195.69369
M204 S10000
G0 F9600 X147.07 Y147.494
M204 S1000
G1 F1200 X152.929 Y153.353 E195.90038
M204 S10000
G0 F9600 X152.929 Y152.929
M204 S1000
G1 F1200 X147.07 Y147.07 E196.10707
M204 S10000
G0 F9600 X147.07 Y146.646
M204 S1000
G1 F1200 X152.929 Y152.505 E196.31376
M204 S10000
G0 F9600 X152.929 Y152.08
M204 S1000
G1 F1200 X147.07 Y146.221 E196.52045
M204 S10000
G0 F9600 X147.07 Y145.797
M204 S1000
G1 F1200 X152.929 Y151.656 E196.72715
M204 S10000
G0 F9600 X152.929 Y151.232
M204 S1000
G1 F1200 X147.07 Y145.373 E196.93384
M204 S10000
G0 F9600 X147.07 Y144.949
M204 S1000
G1 F1200 X148.533 Y146.412 E196.98545
M204 S10000
G0 F9600 X148.532 Y145.987
M204 S1000
G1 F1200 X147.07 Y144.524 E197.03704
M204 S10000
G0 F9600 X147.07 Y144.1
M204 S1000
G1 F1200 X148.532 Y145.562 E197.08862
M204 S10000
G0 F9600 X148.531 Y145.137
M204 S1000
G1 F1200 X147.07 Y143.676 E197.14016
M204 S10000
G0 F9600 X147.07 Y143.252
M204 S1000
G1 F1200 X148.53 Y144.712 E197.19167
M204 S10000
G0 F9600 X148.571 Y144.328
M204 S1000
G1 F1200 X147.07 Y142.827 E197.24462
M204 S10000
G0 F9600 X147.337 Y142.67
M204 S1000
G1 F1200 X148.8 Y144.133 E197.29623
M204 S10000
G0 F9600 X149.224 Y144.133
M204 S1000
G1 F1200 X147.761 Y142.67 E197.34784
M204 S10000
G0 F9600 X148.186 Y142.67
M204 S1000
G1 F1200 X149.647 Y144.132 E197.3994
M204 S10000
G0 F9600 X150.071 Y144.131
M204 S1000
G1 F1200 X148.61 Y142.67 E197.45094
M204 S10000
G0 F9600 X149.034 Y142.67
M204 S1000
G1 F1200 X150.494 Y144.13 E197.50244
M204 S10000
G0 F9600 X150.917 Y144.129
M204 S1000
G1 F1200 X149.459 Y142.67 E197.5539
M204 S10000
G0 F9600 X149.883 Y142.67
M204 S1000
G1 F1200 X152.929 Y145.717 E197.66137
M204 S10000
G0 F9600 X152.929 Y146.141
M204 S1000
G1 F1200 X151.468 Y144.68 E197.71291
M204 S10000
G0 F9600 X151.467 Y145.103
M204 S1000
G1 F1200 X152.929 Y146.565 E197.76449
M204 S10000
G0 F9600 X152.929 Y146.989
M204 S1000
G1 F1200 X151.466 Y145.526 E197.8161
M204 S10000
G0 F9600 X151.465 Y145.95
M204 S1000
G1 F1200 X152.929 Y147.414 E197.86775
M204 S10000
G0 F9600 X152.929 Y147.838
M204 S1000
G1 F1200 X151.465 Y146.373 E197.91941
M204 S10000
G0 F9600 X151.412 Y146.745
M204 S1000
G1 F1200 X152.929 Y148.262 E197.97293
M204 S10000
G0 F9600 X152.929 Y148.686
M204 S1000
G1 F1200 X151.112 Y146.87 E198.03701
M204 S10000
G0 F9600 X150.688 Y146.87
M204 S1000
G1 F1200 X152.929 Y149.111 E198.11606
M204 S10000
G0 F9600 X152.929 Y149.535
M204 S1000
G1 F1200 X150.264 Y146.87 E198.21008
M204 S10000
G0 F9600 X149.84 Y146.87
M204 S1000
G1 F1200 X152.929 Y149.959 E198.31905
M204 S10000
G0 F9600 X152.929 Y150.383
M204 S1000
G1 F1200 X149.415 Y146.87 E198.443
M204 S10000
G0 F9600 X148.991 Y146.87
M204 S1000
G1 F1200 X152.929 Y150.808 E198.58192
M204 S10000
G1 F3000 E192.58192
G0 F9600 X153.3 Y150.808
G0 X153.3 Y145.292
G0 X152.929 Y145.292
M204 S1000
G1 F3000 E198.58192
G1 F1200 X150.307 Y142.67 E198.67442
M204 S10000
G0 F9600 X150.731 Y142.67
M204 S1000
G1 F1200 X152.929 Y144.868 E198.75196
M204 S10000
G0 F9600 X152.929 Y144.444
M204 S1000
G1 F1200 X151.156 Y142.67 E198.81453
M204 S10000
G0 F9600 X151.58 Y142.67
M204 S1000
G1 F1200 X152.929 Y144.019 E198.86212
M204 S10000
G0 F9600 X152.929 Y143.595
M204 S1000
G1 F1200 X152.004 Y142.67 E198.89475
M204 S10000
G0 F9600 X152.428 Y142.67
M204 S1000
G1 F1200 X152.929 Y143.171 E198.91242
M204 S10000
G0 F9600 X152.929 Y142.747
M204 S1000
G1 F1200 X152.853 Y142.67 E198.91512
M204 S10000
G0 F9600 X152.853 Y142.25
G1 F3000 E192.91512
;MESH:NONMESH
G0 F300 X152.853 Y142.25 Z4.36
G0 F9600 X149.966 Y142.4
G0 X149.966 Y144.33
G0 X149.966 Y144.309
;TIME_ELAPSED:423.216690
;LAYER:21
M204 S1000
;TYPE:FILL
;MESH:Lock.stl
G1 F3000 E198.91512
G1 F2400 X151.289 Y145.632 E198.96179
M204 S10000
G0 F9600 X151.289 Y145.882
M204 S1000
G1 F2400 X150.481 Y146.69 E198.9903
M204 S10000
G0 F9600 X149.518 Y146.69
M204 S1000
G1 F2400 X148.709 Y145.881 E199.01884
M204 S10000
G0 F9600 X148.709 Y145.633
M204 S1000
G1 F2400 X150.033 Y144.309 E199.06555
M204 S10000
G1 F3000 E193.06555
G0 F9600 X150.033 Y144.41
G0 X151.276 Y146.676
G0 X153.2 Y146.676
G0 X153.35 Y157.75
M204 S1000
;TYPE:WALL-INNER
G1 F3000 E199.06555
G1 F1800 X153.35 Y142.25 E199.4522
G1 X146.65 Y142.25 E199.61933
G1 X146.65 Y157.75 E200.00598
G1 X153.35 Y157.75 E200.17311
M204 S10000
G0 F9600 X153.65 Y158.05
M204 S1000
G1 F1800 X153.65 Y141.95 E200.57473
G1 X146.35 Y141.95 E200.75682
G1 X146.35 Y158.05 E201.15844
G1 X153.65 Y158.05 E201.34054
M204 S10000
G0 F9600 X153.95 Y158.35
M204 S1000
G1 F1800 X153.95 Y141.65 E201.75712
G1 X146.05 Y141.65 E201.95419
G1 X146.05 Y158.35 E202.37077
G1 X153.95 Y158.35 E202.56784
M204 S10000
G0 F9600 X154.2 Y158.6
M204 S1000
;TYPE:WALL-OUTER
G1 F1800 X154.2 Y141.4 E202.99689
G1 X145.8 Y141.4 E203.20643
G1 X145.8 Y158.6 E203.63549
G1 X154.2 Y158.6 E203.84503
M204 S10000
G0 F9600 X154.2 Y158.4
G1 F3000 E197.84503
G0 F9600 X153.95 Y158.4
G0 X153.2 Y146.59
G0 X151.27 Y146.59
G0 X151.214 Y146.72
M204 S1000
;TYPE:SKIN
G1 F3000 E203.84503
G1 F1200 X151.318 Y146.596 E203.84907
G1 X151.32 Y144.43 E203.9031
G1 X151.277 Y144.323 E203.90597
G1 X151.17 Y144.28 E203.90885
G1 X148.804 Y144.282 E203.96787
G1 X148.723 Y144.323 E203.97013
G1 X148.68 Y144.43 E203.97301
G1 X148.682 Y146.596 E204.02704
G1 X148.786 Y146.72 E204.03108
G1 X151.214 Y146.72 E204.09165
M204 S10000
G1 F3000 E198.09165
G0 F9600 X151.19 Y146.59
G0 X153.2 Y146.676
G0 X153.3 Y157.48
G0 X153.08 Y157.48
M204 S1000
G1 F3000 E204.09165
G1 F1200 X146.92 Y157.48 E204.24531
G1 X146.921 Y142.521 E204.61846
G1 X153.08 Y142.52 E204.7721
G1 X153.08 Y157.48 E205.14528
M204 S10000
G0 F9600 X152.928 Y157.208
M204 S1000
G1 F1200 X152.807 Y157.329 E205.14955
M204 S10000
G0 F9600 X152.383 Y157.329
M204 S1000
G1 F1200 X152.928 Y156.783 E205.16879
M204 S10000
G0 F9600 X152.928 Y156.359
M204 S1000
G1 F1200 X151.959 Y157.329 E205.20299
M204 S10000
G0 F9600 X151.535 Y157.329
M204 S1000
G1 F1200 X152.928 Y155.935 E205.25215
M204 S10000
G0 F9600 X152.928 Y155.511
M204 S1000
G1 F1200 X151.11 Y157.329 E205.31629
M204 S10000
G0 F9600 X150.686 Y157.329
M204 S1000
G1 F1200 X152.928 Y155.086 E205.3954
M204 S10000
G0 F9600 X152.928 Y154.662
M204 S1000
G1 F1200 X150.262 Y157.329 E205.48946
M204 S10000
G0 F9600 X149.838 Y157.329
M204 S1000
G1 F1200 X152.928 Y154.238 E205.59849
M204 S10000
G0 F9600 X152.928 Y153.814
M204 S1000
G1 F1200 X149.413 Y157.329 E205.72249
M204 S10000
G0 F9600 X148.989 Y157.329
M204 S1000
G1 F1200 X152.928 Y153.389 E205.86147
M204 S10000
G0 F9600 X152.928 Y152.965
M204 S1000
G1 F1200 X148.565 Y157.329 E206.0154
M204 S10000
G0 F9600 X148.14 Y157.329
M204 S1000
G1 F1200 X152.928 Y152.541 E206.18431
M204 S10000
G0 F9600 X152.928 Y152.117
M204 S1000
G1 F1200 X147.716 Y157.329 E206.36818
M204 S10000
G0 F9600 X147.292 Y157.329
M204 S1000
G1 F1200 X152.928 Y151.692 E206.56702
M204 S10000
G0 F9600 X152.928 Y151.268
M204 S1000
G1 F1200 X147.07 Y157.126 E206.77368
M204 S10000
G0 F9600 X147.07 Y156.702
M204 S1000
G1 F1200 X152.928 Y150.844 E206.98033
M204 S10000
G0 F9600 X152.928 Y150.419
M204 S1000
G1 F1200 X147.07 Y156.278 E207.18701
M204 S10000
G0 F9600 X147.07 Y155.854
M204 S1000
G1 F1200 X152.928 Y149.995 E207.39368
M204 S10000
G0 F9600 X152.928 Y149.571
M204 S1000
G1 F1200 X147.07 Y155.429 E207.60034
M204 S10000
G0 F9600 X147.07 Y155.005
M204 S1000
G1 F1200 X152.928 Y149.147 E207.807
M204 S10000
G0 F9600 X152.928 Y148.722
M204 S1000
G1 F1200 X147.07 Y154.581 E208.01367
M204 S10000
G0 F9600 X147.07 Y154.157
M204 S1000
G1 F1200 X152.928 Y148.298 E208.22035
M204 S10000
G0 F9600 X152.928 Y147.874
M204 S1000
G1 F1200 X147.07 Y153.732 E208.427
M204 S10000
G0 F9600 X147.07 Y153.308
M204 S1000
G1 F1200 X152.928 Y147.45 E208.63366
M204 S10000
G0 F9600 X152.928 Y147.025
M204 S1000
G1 F1200 X147.07 Y152.884 E208.84033
M204 S10000
G0 F9600 X147.07 Y152.46
M204 S1000
G1 F1200 X152.928 Y146.601 E209.04701
M204 S10000
G0 F9600 X152.928 Y146.177
M204 S1000
G1 F1200 X147.07 Y152.035 E209.25367
M204 S10000
G0 F9600 X147.07 Y151.611
M204 S1000
G1 F1200 X152.928 Y145.753 E209.46032
M204 S10000
G0 F9600 X152.928 Y145.328
M204 S1000
G1 F1200 X147.07 Y151.187 E209.667
M204 S10000
G0 F9600 X147.07 Y150.762
M204 S1000
G1 F1200 X150.963 Y146.87 E209.80431
M204 S10000
G0 F9600 X150.538 Y146.87
M204 S1000
G1 F1200 X147.07 Y150.338 E209.92666
M204 S10000
G0 F9600 X147.07 Y149.914
M204 S1000
G1 F1200 X150.114 Y146.87 E210.03404
M204 S10000
G0 F9600 X149.69 Y146.87
M204 S1000
G1 F1200 X147.07 Y149.49 E210.12647
M204 S10000
G0 F9600 X147.07 Y149.065
M204 S1000
G1 F1200 X149.265 Y146.87 E210.20391
M204 S10000
G0 F9600 X148.841 Y146.87
M204 S1000
G1 F1200 X147.07 Y148.641 E210.26638
M204 S10000
G0 F9600 X147.07 Y148.217
M204 S1000
G1 F1200 X148.573 Y146.714 E210.3194
M204 S10000
G0 F9600 X148.532 Y146.33
M204 S1000
G1 F1200 X147.07 Y147.793 E210.371
M204 S10000
G0 F9600 X147.07 Y147.368
M204 S1000
G1 F1200 X148.532 Y145.907 E210.42256
M204 S10000
G0 F9600 X148.531 Y145.483
M204 S1000
G1 F1200 X147.07 Y146.944 E210.4741
M204 S10000
G0 F9600 X147.07 Y146.52
M204 S1000
G1 F1200 X148.53 Y145.06 E210.5256
M204 S10000
G0 F9600 X148.529 Y144.636
M204 S1000
G1 F1200 X147.07 Y146.096 E210.57709
M204 S10000
G0 F9600 X147.07 Y145.671
M204 S1000
G1 F1200 X150.072 Y142.67 E210.68298
M204 S10000
G0 F9600 X150.496 Y142.67
M204 S1000
G1 F1200 X149.031 Y144.134 E210.73464
M204 S10000
G0 F9600 X149.456 Y144.133
M204 S1000
G1 F1200 X150.92 Y142.67 E210.78627
M204 S10000
G0 F9600 X151.344 Y142.67
M204 S1000
G1 F1200 X149.882 Y144.132 E210.83785
M204 S10000
G0 F9600 X150.307 Y144.131
M204 S1000
G1 F1200 X151.769 Y142.67 E210.8894
M204 S10000
G0 F9600 X152.193 Y142.67
M204 S1000
G1 F1200 X150.732 Y144.13 E210.94093
M204 S10000
G0 F9600 X151.157 Y144.13
M204 S1000
G1 F1200 X152.617 Y142.67 E210.99243
M204 S10000
G0 F9600 X152.928 Y142.783
M204 S1000
G1 F1200 X151.415 Y144.296 E211.04581
M204 S10000
G0 F9600 X151.469 Y144.666
M204 S1000
G1 F1200 X152.928 Y143.207 E211.09728
M204 S10000
G0 F9600 X152.928 Y143.631
M204 S1000
G1 F1200 X151.468 Y145.091 E211.14878
M204 S10000
G0 F9600 X151.467 Y145.516
M204 S1000
G1 F1200 X152.928 Y144.056 E211.20031
M204 S10000
G0 F9600 X152.928 Y144.48
M204 S1000
G1 F1200 X151.466 Y145.942 E211.25188
M204 S10000
G0 F9600 X151.465 Y146.367
M204 S1000
G1 F1200 X152.928 Y144.904 E211.30349
M204 S10000
G1 F3000 E205.30349
G0 F9600 X153.3 Y144.904
G0 X153.228 Y142.372
G0 X149.647 Y142.3
G0 X149.647 Y142.67
M204 S1000
G1 F3000 E211.30349
G1 F1200 X147.07 Y145.247 E211.3944
M204 S10000
G0 F9600 X147.07 Y144.823
M204 S1000
G1 F1200 X149.223 Y142.67 E211.47036
M204 S10000
G0 F9600 X148.799 Y142.67
M204 S1000
G1 F1200 X147.07 Y144.398 E211.53133
M204 S10000
G0 F9600 X147.07 Y143.974
M204 S1000
G1 F1200 X148.375 Y142.67 E211.57735
M204 S10000
G0 F9600 X147.95 Y142.67
M204 S1000
G1 F1200 X147.07 Y143.55 E211.6084
M204 S10000
G0 F9600 X147.07 Y143.126
M204 S1000
G1 F1200 X147.526 Y142.67 E211.62449
M204 S10000
G0 F9600 X147.526 Y142.25
G1 F3000 E205.62449
;MESH:NONMESH
G0 F300 X147.526 Y142.25 Z4.56
G0 F9600 X149.966 Y142.4
G0 X149.966 Y144.33
G0 X149.966 Y144.309
;TIME_ELAPSED:453.753539
;LAYER:22
M204 S1000
;TYPE:FILL
;MESH:Lock.stl
G1 F3000 E211.62449
G1 F600 X151.289 Y145.632 E211.67116
M204 S10000
G0 F9600 X151.289 Y145.882
M204 S1000
G1 F600 X150.481 Y146.69 E211.69966
M204 S10000
G0 F9600 X149.518 Y146.69
M204 S1000
G1 F600 X148.709 Y145.881 E211.7282
M204 S10000
G0 F9600 X148.709 Y145.633
M204 S1000
G1 F600 X150.033 Y144.309 E211.77491
M204 S10000
G1 F3000 E205.77491
G0 F9600 X151.35 Y146.75
M204 S1000
;TYPE:WALL-INNER
G1 F3000 E211.77491
G1 F600 X151.35 Y144.25 E211.83727
G1 X148.65 Y144.25 E211.90462
G1 X148.65 Y146.75 E211.96699
G1 X151.35 Y146.75 E212.03434
M204 S10000
G0 F9600 X151.65 Y147.05
M204 S1000
G1 F600 X151.65 Y143.95 E212.11167
G1 X148.35 Y143.95 E212.19399
G1 X148.35 Y147.05 E212.27132
G1 X151.65 Y147.05 E212.35364
M204 S10000
G0 F9600 X151.95 Y147.35
M204 S1000
G1 F600 X151.95 Y143.65 E212.44593
G1 X148.05 Y143.65 E212.54322
G1 X148.05 Y147.35 E212.63552
G1 X151.95 Y147.35 E212.7328
M204 S10000
G0 F9600 X152.2 Y147.6
M204 S1000
;TYPE:WALL-OUTER
G1 F600 X152.2 Y143.4 E212.83757
G1 X147.8 Y143.4 E212.94733
G1 X147.8 Y147.6 E213.0521
G1 X152.2 Y147.6 E213.16186
M204 S10000
G0 F9600 X152.2 Y147.4
G0 X151.35 Y146.838
G1 F3000 E207.16186
;MESH:NONMESH
G0 F300 X151.35 Y146.838 Z4.76
G0 F9600 X149.966 Y144.309
;TIME_ELAPSED:461.271621
;LAYER:23
M204 S1000
;TYPE:FILL
;MESH:Lock.stl
G1 F3000 E213.16186
G1 F600 X151.289 Y145.632 E213.20853
M204 S10000
G0 F9600 X151.289 Y145.882
M204 S1000
G1 F600 X150.481 Y146.69 E213.23703
M204 S10000
G0 F9600 X149.518 Y146.69
M204 S1000
G1 F600 X148.709 Y145.881 E213.26557
M204 S10000
G0 F9600 X148.709 Y145.633
M204 S1000
G1 F600 X150.033 Y144.309 E213.31228
M204 S10000
G1 F3000 E207.31228
G0 F9600 X151.35 Y146.75
M204 S1000
;TYPE:WALL-INNER
G1 F3000 E213.31228
G1 F600 X151.35 Y144.25 E213.37464
G1 X148.65 Y144.25 E213.442
G1 X148.65 Y146.75 E213.50436
G1 X151.35 Y146.75 E213.57171
M204 S10000
G0 F9600 X151.65 Y147.05
M204 S1000
G1 F600 X151.65 Y143.95 E213.64904
G1 X148.35 Y143.95 E213.73136
G1 X148.35 Y147.05 E213.80869
G1 X151.65 Y147.05 E213.89101
M204 S10000
G0 F9600 X151.95 Y147.35
M204 S1000
G1 F600 X151.95 Y143.65 E213.9833
G1 X148.05 Y143.65 E214.08059
G1 X148.05 Y147.35 E214.17289
G1 X151.95 Y147.35 E214.27017
M204 S10000
G0 F9600 X152.2 Y147.6
M204 S1000
;TYPE:WALL-OUTER
G1 F600 X152.2 Y143.4 E214.37494
G1 X147.8 Y143.4 E214.4847
G1 X147.8 Y147.6 E214.58947
G1 X152.2 Y147.6 E214.69923
M204 S10000
G0 F9600 X152.2 Y147.4
G0 X151.35 Y146.838
G1 F3000 E208.69923
;MESH:NONMESH
G0 F300 X151.35 Y146.838 Z4.96
G0 F9600 X149.966 Y144.309
;TIME_ELAPSED:468.789702
;LAYER:24
M204 S1000
;TYPE:FILL
;MESH:Lock.stl
G1 F3000 E214.69923
G1 F600 X151.289 Y145.632 E214.7459
M204 S10000
G0 F9600 X151.289 Y145.882
M204 S1000
G1 F600 X150.481 Y146.69 E214.77441
M204 S10000
G0 F9600 X149.518 Y146.69
M204 S1000
G1 F600 X148.709 Y145.881 E214.80295
M204 S10000
G0 F9600 X148.709 Y145.633
M204 S1000
G1 F600 X150.033 Y144.309 E214.84965
M204 S10000
G1 F3000 E208.84965
G0 F9600 X151.35 Y146.75
M204 S1000
;TYPE:WALL-INNER
G1 F3000 E214.84965
G1 F600 X151.35 Y144.25 E214.91202
G1 X148.65 Y144.25 E214.97937
G1 X148.65 Y146.75 E215.04173
G1 X151.35 Y146.75 E215.10908
M204 S10000
G0 F9600 X151.65 Y147.05
M204 S1000
G1 F600 X151.65 Y143.95 E215.18641
G1 X148.35 Y143.95 E215.26873
G1 X148.35 Y147.05 E215.34606
G1 X151.65 Y147.05 E215.42838
M204 S10000
G0 F9600 X151.95 Y147.35
M204 S1000
G1 F600 X151.95 Y143.65 E215.52068
G1 X148.05 Y143.65 E215.61796
G1 X148.05 Y147.35 E215.71026
G1 X151.95 Y147.35 E215.80754
M204 S10000
G0 F9600 X152.2 Y147.6
M204 S1000
;TYPE:WALL-OUTER
G1 F600 X152.2 Y143.4 E215.91231
G1 X147.8 Y143.4 E216.02207
G1 X147.8 Y147.6 E216.12684
G1 X152.2 Y147.6 E216.2366
M204 S10000
G0 F9600 X152.2 Y147.4
G0 X151.35 Y146.838
G1 F3000 E210.2366
;MESH:NONMESH
G0 F300 X151.35 Y146.838 Z5.16
G0 F9600 X149.966 Y144.309
;TIME_ELAPSED:476.307784
;LAYER:25
M204 S1000
;TYPE:FILL
;MESH:Lock.stl
G1 F3000 E216.2366
G1 F600 X151.289 Y145.632 E216.28327
M204 S10000
G0 F9600 X151.289 Y145.882
M204 S1000
G1 F600 X150.481 Y146.69 E216.31178
M204 S10000
G0 F9600 X149.518 Y146.69
M204 S1000
G1 F600 X148.709 Y145.881 E216.34032
M204 S10000
G0 F9600 X148.709 Y145.633
M204 S1000
G1 F600 X150.033 Y144.309 E216.38702
M204 S10000
G1 F3000 E210.38702
G0 F9600 X151.35 Y146.75
M204 S1000
;TYPE:WALL-INNER
G1 F3000 E216.38702
G1 F600 X151.35 Y144.25 E216.44939
G1 X148.65 Y144.25 E216.51674
G1 X148.65 Y146.75 E216.5791
G1 X151.35 Y146.75 E216.64645
M204 S10000
G0 F9600 X151.65 Y147.05
M204 S1000
G1 F600 X151.65 Y143.95 E216.72378
G1 X148.35 Y143.95 E216.8061
G1 X148.35 Y147.05 E216.88343
G1 X151.65 Y147.05 E216.96575
M204 S10000
G0 F9600 X151.95 Y147.35
M204 S1000
G1 F600 X151.95 Y143.65 E217.05805
G1 X148.05 Y143.65 E217.15533
G1 X148.05 Y147.35 E217.24763
G1 X151.95 Y147.35 E217.34492
M204 S10000
G0 F9600 X152.2 Y147.6
M204 S1000
;TYPE:WALL-OUTER
G1 F600 X152.2 Y143.4 E217.44969
G1 X147.8 Y143.4 E217.55944
G1 X147.8 Y147.6 E217.66421
G1 X152.2 Y147.6 E217.77397
M204 S10000
G0 F9600 X152.2 Y147.4
G0 X151.35 Y146.838
G1 F3000 E211.77397
;MESH:NONMESH
G0 F300 X151.35 Y146.838 Z5.36
G0 F9600 X149.966 Y144.309
;TIME_ELAPSED:483.825866
;LAYER:26
M204 S1000
;TYPE:FILL
;MESH:Lock.stl
G1 F3000 E217.77397
G1 F600 X151.289 Y145.632 E217.82064
M204 S10000
G0 F9600 X151.289 Y145.882
M204 S1000
G1 F600 X150.481 Y146.69 E217.84915
M204 S10000
G0 F9600 X149.518 Y146.69
M204 S1000
G1 F600 X148.709 Y145.881 E217.87769
M204 S10000
G0 F9600 X148.709 Y145.633
M204 S1000
G1 F600 X150.033 Y144.309 E217.9244
M204 S10000
G1 F3000 E211.9244
G0 F9600 X151.35 Y146.75
M204 S1000
;TYPE:WALL-INNER
G1 F3000 E217.9244
G1 F600 X151.35 Y144.25 E217.98676
G1 X148.65 Y144.25 E218.05411
G1 X148.65 Y146.75 E218.11647
G1 X151.35 Y146.75 E218.18383
M204 S10000
G0 F9600 X151.65 Y147.05
M204 S1000
G1 F600 X151.65 Y143.95 E218.26116
G1 X148.35 Y143.95 E218.34347
G1 X148.35 Y147.05 E218.4208
G1 X151.65 Y147.05 E218.50312
M204 S10000
G0 F9600 X151.95 Y147.35
M204 S1000
G1 F600 X151.95 Y143.65 E218.59542
G1 X148.05 Y143.65 E218.69271
G1 X148.05 Y147.35 E218.785
G1 X151.95 Y147.35 E218.88229
M204 S10000
G0 F9600 X152.2 Y147.6
M204 S1000
;TYPE:WALL-OUTER
G1 F600 X152.2 Y143.4 E218.98706
G1 X147.8 Y143.4 E219.09682
G1 X147.8 Y147.6 E219.20159
G1 X152.2 Y147.6 E219.31134
M204 S10000
G0 F9600 X152.2 Y147.4
G0 X151.35 Y146.838
G1 F3000 E213.31134
;MESH:NONMESH
G0 F300 X151.35 Y146.838 Z5.56
G0 F9600 X149.966 Y144.309
;TIME_ELAPSED:491.343947
;LAYER:27
M204 S1000
;TYPE:FILL
;MESH:Lock.stl
G1 F3000 E219.31134
G1 F600 X151.289 Y145.632 E219.35802
M204 S10000
G0 F9600 X151.289 Y145.882
M204 S1000
G1 F600 X150.481 Y146.69 E219.38652
M204 S10000
G0 F9600 X149.518 Y146.69
M204 S1000
G1 F600 X148.709 Y145.881 E219.41506
M204 S10000
G0 F9600 X148.709 Y145.633
M204 S1000
G1 F600 X150.033 Y144.309 E219.46177
M204 S10000
G1 F3000 E213.46177
G0 F9600 X151.35 Y146.75
M204 S1000
;TYPE:WALL-INNER
G1 F3000 E219.46177
G1 F600 X151.35 Y144.25 E219.52413
G1 X148.65 Y144.25 E219.59148
G1 X148.65 Y146.75 E219.65385
G1 X151.35 Y146.75 E219.7212
M204 S10000
G0 F9600 X151.65 Y147.05
M204 S1000
G1 F600 X151.65 Y143.95 E219.79853
G1 X148.35 Y143.95 E219.88085
G1 X148.35 Y147.05 E219.95818
G1 X151.65 Y147.05 E220.04049
M204 S10000
G0 F9600 X151.95 Y147.35
M204 S1000
G1 F600 X151.95 Y143.65 E220.13279
G1 X148.05 Y143.65 E220.23008
G1 X148.05 Y147.35 E220.32237
G1 X151.95 Y147.35 E220.41966
M204 S10000
G0 F9600 X152.2 Y147.6
M204 S1000
;TYPE:WALL-OUTER
G1 F600 X152.2 Y143.4 E220.52443
G1 X147.8 Y143.4 E220.63419
G1 X147.8 Y147.6 E220.73896
G1 X152.2 Y147.6 E220.84872
M204 S10000
G0 F9600 X152.2 Y147.4
G0 X151.35 Y146.838
G1 F3000 E214.84872
;MESH:NONMESH
G0 F300 X151.35 Y146.838 Z5.76
G0 F9600 X149.966 Y144.309
;TIME_ELAPSED:498.862029
;LAYER:28
M204 S1000
;TYPE:FILL
;MESH:Lock.stl
G1 F3000 E220.84872
G1 F600 X151.289 Y145.632 E220.89539
M204 S10000
G0 F9600 X151.289 Y145.882
M204 S1000
G1 F600 X150.481 Y146.69 E220.92389
M204 S10000
G0 F9600 X149.518 Y146.69
M204 S1000
G1 F600 X148.709 Y145.881 E220.95243
M204 S10000
G0 F9600 X148.709 Y145.633
M204 S1000
G1 F600 X150.033 Y144.309 E220.99914
M204 S10000
G1 F3000 E214.99914
G0 F9600 X151.35 Y146.75
M204 S1000
;TYPE:WALL-INNER
G1 F3000 E220.99914
G1 F600 X151.35 Y144.25 E221.0615
G1 X148.65 Y144.25 E221.12885
G1 X148.65 Y146.75 E221.19122
G1 X151.35 Y146.75 E221.25857
M204 S10000
G0 F9600 X151.65 Y147.05
M204 S1000
G1 F600 X151.65 Y143.95 E221.3359
G1 X148.35 Y143.95 E221.41822
G1 X148.35 Y147.05 E221.49555
G1 X151.65 Y147.05 E221.57787
M204 S10000
G0 F9600 X151.95 Y147.35
M204 S1000
G1 F600 X151.95 Y143.65 E221.67016
G1 X148.05 Y143.65 E221.76745
G1 X148.05 Y147.35 E221.85975
G1 X151.95 Y147.35 E221.95703
M204 S10000
G0 F9600 X152.2 Y147.6
M204 S1000
;TYPE:WALL-OUTER
G1 F600 X152.2 Y143.4 E222.0618
G1 X147.8 Y143.4 E222.17156
G1 X147.8 Y147.6 E222.27633
G1 X152.2 Y147.6 E222.38609
M204 S10000
G0 F9600 X152.2 Y147.4
G0 X151.35 Y146.838
G1 F3000 E216.38609
;MESH:NONMESH
G0 F300 X151.35 Y146.838 Z5.96
G0 F9600 X149.966 Y144.309
;TIME_ELAPSED:506.380111
;LAYER:29
M204 S1000
;TYPE:FILL
;MESH:Lock.stl
G1 F3000 E222.38609
G1 F600 X151.289 Y145.632 E222.43276
M204 S10000
G0 F9600 X151.289 Y145.882
M204 S1000
G1 F600 X150.481 Y146.69 E222.46126
M204 S10000
G0 F9600 X149.518 Y146.69
M204 S1000
G1 F600 X148.709 Y145.881 E222.4898
M204 S10000
G0 F9600 X148.709 Y145.633
M204 S1000
G1 F600 X150.033 Y144.309 E222.53651
M204 S10000
G1 F3000 E216.53651
G0 F9600 X151.35 Y146.75
M204 S1000
;TYPE:WALL-INNER
G1 F3000 E222.53651
G1 F600 X151.35 Y144.25 E222.59887
G1 X148.65 Y144.25 E222.66623
G1 X148.65 Y146.75 E222.72859
G1 X151.35 Y146.75 E222.79594
M204 S10000
G0 F9600 X151.65 Y147.05
M204 S1000
G1 F600 X151.65 Y143.95 E222.87327
G1 X148.35 Y143.95 E222.95559
G1 X148.35 Y147.05 E223.03292
G1 X151.65 Y147.05 E223.11524
M204 S10000
G0 F9600 X151.95 Y147.35
M204 S1000
G1 F600 X151.95 Y143.65 E223.20753
G1 X148.05 Y143.65 E223.30482
G1 X148.05 Y147.35 E223.39712
G1 X151.95 Y147.35 E223.4944
M204 S10000
G0 F9600 X152.2 Y147.6
M204 S1000
;TYPE:WALL-OUTER
G1 F600 X152.2 Y143.4 E223.59917
G1 X147.8 Y143.4 E223.70893
G1 X147.8 Y147.6 E223.8137
G1 X152.2 Y147.6 E223.92346
M204 S10000
G0 F9600 X152.2 Y147.4
G0 X151.35 Y146.838
G1 F3000 E217.92346
;MESH:NONMESH
G0 F300 X151.35 Y146.838 Z6.16
G0 F9600 X149.966 Y144.309
;TIME_ELAPSED:513.898192
;LAYER:30
M204 S1000
;TYPE:FILL
;MESH:Lock.stl
G1 F3000 E223.92346
G1 F600 X151.289 Y145.632 E223.97013
M204 S10000
G0 F9600 X151.289 Y145.882
M204 S1000
G1 F600 X150.481 Y146.69 E223.99864
M204 S10000
G0 F9600 X149.518 Y146.69
M204 S1000
G1 F600 X148.709 Y145.881 E224.02718
M204 S10000
G0 F9600 X148.709 Y145.633
M204 S1000
G1 F600 X150.033 Y144.309 E224.07388
M204 S10000
G1 F3000 E218.07388
G0 F9600 X151.35 Y146.75
M204 S1000
;TYPE:WALL-INNER
G1 F3000 E224.07388
G1 F600 X151.35 Y144.25 E224.13625
G1 X148.65 Y144.25 E224.2036
G1 X148.65 Y146.75 E224.26596
G1 X151.35 Y146.75 E224.33331
M204 S10000
G0 F9600 X151.65 Y147.05
M204 S1000
G1 F600 X151.65 Y143.95 E224.41064
G1 X148.35 Y143.95 E224.49296
G1 X148.35 Y147.05 E224.57029
G1 X151.65 Y147.05 E224.65261
M204 S10000
G0 F9600 X151.95 Y147.35
M204 S1000
G1 F600 X151.95 Y143.65 E224.74491
G1 X148.05 Y143.65 E224.84219
G1 X148.05 Y147.35 E224.93449
G1 X151.95 Y147.35 E225.03178
M204 S10000
G0 F9600 X152.2 Y147.6
M204 S1000
;TYPE:WALL-OUTER
G1 F600 X152.2 Y143.4 E225.13654
G1 X147.8 Y143.4 E225.2463
G1 X147.8 Y147.6 E225.35107
G1 X152.2 Y147.6 E225.46083
M204 S10000
G0 F9600 X152.2 Y147.4
G0 X151.35 Y146.838
G1 F3000 E219.46083
;MESH:NONMESH
G0 F300 X151.35 Y146.838 Z6.36
G0 F9600 X149.966 Y144.309
;TIME_ELAPSED:521.416274
;LAYER:31
M204 S1000
;TYPE:FILL
;MESH:Lock.stl
G1 F3000 E225.46083
G1 F600 X151.289 Y145.632 E225.5075
M204 S10000
G0 F9600 X151.289 Y145.882
M204 S1000
G1 F600 X150.481 Y146.69 E225.53601
M204 S10000
G0 F9600 X149.518 Y146.69
M204 S1000
G1 F600 X148.709 Y145.881 E225.56455
M204 S10000
G0 F9600 X148.709 Y145.633
M204 S1000
G1 F600 X150.033 Y144.309 E225.61126
M204 S10000
G1 F3000 E219.61126
G0 F9600 X151.35 Y146.75
M204 S1000
;TYPE:WALL-INNER
G1 F3000 E225.61126
G1 F600 X151.35 Y144.25 E225.67362
G1 X148.65 Y144.25 E225.74097
G1 X148.65 Y146.75 E225.80333
G1 X151.35 Y146.75 E225.87068
M204 S10000
G0 F9600 X151.65 Y147.05
M204 S1000
G1 F600 X151.65 Y143.95 E225.94801
G1 X148.35 Y143.95 E226.03033
G1 X148.35 Y147.05 E226.10766
G1 X151.65 Y147.05 E226.18998
M204 S10000
G0 F9600 X151.95 Y147.35
M204 S1000
G1 F600 X151.95 Y143.65 E226.28228
G1 X148.05 Y143.65 E226.37956
G1 X148.05 Y147.35 E226.47186
G1 X151.95 Y147.35 E226.56915
M204 S10000
G0 F9600 X152.2 Y147.6
M204 S1000
;TYPE:WALL-OUTER
G1 F600 X152.2 Y143.4 E226.67392
G1 X147.8 Y143.4 E226.78367
G1 X147.8 Y147.6 E226.88844
G1 X152.2 Y147.6 E226.9982
M204 S10000
G0 F9600 X152.2 Y147.4
G0 X151.35 Y146.838
G1 F3000 E220.9982
;MESH:NONMESH
G0 F300 X151.35 Y146.838 Z6.56
G0 F9600 X149.966 Y144.309
;TIME_ELAPSED:528.934356
;LAYER:32
M204 S1000
;TYPE:FILL
;MESH:Lock.stl
G1 F3000 E226.9982
G1 F600 X151.289 Y145.632 E227.04488
M204 S10000
G0 F9600 X151.289 Y145.882
M204 S1000
G1 F600 X150.481 Y146.69 E227.07338
M204 S10000
G0 F9600 X149.518 Y146.69
M204 S1000
G1 F600 X148.709 Y145.881 E227.10192
M204 S10000
G0 F9600 X148.709 Y145.633
M204 S1000
G1 F600 X150.033 Y144.309 E227.14863
M204 S10000
G1 F3000 E221.14863
G0 F9600 X151.35 Y146.75
M204 S1000
;TYPE:WALL-INNER
G1 F3000 E227.14863
G1 F600 X151.35 Y144.25 E227.21099
G1 X148.65 Y144.25 E227.27834
G1 X148.65 Y146.75 E227.3407
G1 X151.35 Y146.75 E227.40806
M204 S10000
G0 F9600 X151.65 Y147.05
M204 S1000
G1 F600 X151.65 Y143.95 E227.48539
G1 X148.35 Y143.95 E227.5677
G1 X148.35 Y147.05 E227.64503
G1 X151.65 Y147.05 E227.72735
M204 S10000
G0 F9600 X151.95 Y147.35
M204 S1000
G1 F600 X151.95 Y143.65 E227.81965
G1 X148.05 Y143.65 E227.91694
G1 X148.05 Y147.35 E228.00923
G1 X151.95 Y147.35 E228.10652
M204 S10000
G0 F9600 X152.2 Y147.6
M204 S1000
;TYPE:WALL-OUTER
G1 F600 X152.2 Y143.4 E228.21129
G1 X147.8 Y143.4 E228.32105
G1 X147.8 Y147.6 E228.42582
G1 X152.2 Y147.6 E228.53557
M204 S10000
G0 F9600 X152.2 Y147.4
G0 X151.35 Y146.838
G1 F3000 E222.53557
;MESH:NONMESH
G0 F300 X151.35 Y146.838 Z6.76
G0 F9600 X149.966 Y144.309
;TIME_ELAPSED:536.452438
;LAYER:33
M204 S1000
;TYPE:FILL
;MESH:Lock.stl
G1 F3000 E228.53557
G1 F600 X151.289 Y145.632 E228.58225
M204 S10000
G0 F9600 X151.289 Y145.882
M204 S1000
G1 F600 X150.481 Y146.69 E228.61075
M204 S10000
G0 F9600 X149.518 Y146.69
M204 S1000
G1 F600 X148.709 Y145.881 E228.63929
M204 S10000
G0 F9600 X148.709 Y145.633
M204 S1000
G1 F600 X150.033 Y144.309 E228.686
M204 S10000
G1 F3000 E222.686
G0 F9600 X151.35 Y146.75
M204 S1000
;TYPE:WALL-INNER
G1 F3000 E228.686
G1 F600 X151.35 Y144.25 E228.74836
G1 X148.65 Y144.25 E228.81571
G1 X148.65 Y146.75 E228.87808
G1 X151.35 Y146.75 E228.94543
M204 S10000
G0 F9600 X151.65 Y147.05
M204 S1000
G1 F600 X151.65 Y143.95 E229.02276
G1 X148.35 Y143.95 E229.10508
G1 X148.35 Y147.05 E229.18241
G1 X151.65 Y147.05 E229.26472
M204 S10000
G0 F9600 X151.95 Y147.35
M204 S1000
G1 F600 X151.95 Y143.65 E229.35702
G1 X148.05 Y143.65 E229.45431
G1 X148.05 Y147.35 E229.5466
G1 X151.95 Y147.35 E229.64389
M204 S10000
G0 F9600 X152.2 Y147.6
M204 S1000
;TYPE:WALL-OUTER
G1 F600 X152.2 Y143.4 E229.74866
G1 X147.8 Y143.4 E229.85842
G1 X147.8 Y147.6 E229.96319
G1 X152.2 Y147.6 E230.07295
M204 S10000
G0 F9600 X152.2 Y147.4
G0 X151.35 Y146.838
G1 F3000 E224.07295
;MESH:NONMESH
G0 F300 X151.35 Y146.838 Z6.96
G0 F9600 X149.966 Y144.309
;TIME_ELAPSED:543.970519
;LAYER:34
M204 S1000
;TYPE:FILL
;MESH:Lock.stl
G1 F3000 E230.07295
G1 F600 X151.289 Y145.632 E230.11962
M204 S10000
G0 F9600 X151.289 Y145.882
M204 S1000
G1 F600 X150.481 Y146.69 E230.14812
M204 S10000
G0 F9600 X149.518 Y146.69
M204 S1000
G1 F600 X148.709 Y145.881 E230.17666
M204 S10000
G0 F9600 X148.709 Y145.633
M204 S1000
G1 F600 X150.033 Y144.309 E230.22337
M204 S10000
G1 F3000 E224.22337
G0 F9600 X151.35 Y146.75
M204 S1000
;TYPE:WALL-INNER
G1 F3000 E230.22337
G1 F600 X151.35 Y144.25 E230.28573
G1 X148.65 Y144.25 E230.35308
G1 X148.65 Y146.75 E230.41545
G1 X151.35 Y146.75 E230.4828
M204 S10000
G0 F9600 X151.65 Y147.05
M204 S1000
G1 F600 X151.65 Y143.95 E230.56013
G1 X148.35 Y143.95 E230.64245
G1 X148.35 Y147.05 E230.71978
G1 X151.65 Y147.05 E230.8021
M204 S10000
G0 F9600 X151.95 Y147.35
M204 S1000
G1 F600 X151.95 Y143.65 E230.89439
G1 X148.05 Y143.65 E230.99168
G1 X148.05 Y147.35 E231.08398
G1 X151.95 Y147.35 E231.18126
M204 S10000
G0 F9600 X152.2 Y147.6
M204 S1000
;TYPE:WALL-OUTER
G1 F600 X152.2 Y143.4 E231.28603
G1 X147.8 Y143.4 E231.39579
G1 X147.8 Y147.6 E231.50056
G1 X152.2 Y147.6 E231.61032
M204 S10000
G0 F9600 X152.2 Y147.4
G0 X151.35 Y146.838
G1 F3000 E225.61032
;MESH:NONMESH
G0 F300 X151.35 Y146.838 Z7.16
G0 F9600 X149.966 Y144.309
;TIME_ELAPSED:551.488601
;LAYER:35
M204 S1000
;TYPE:FILL
;MESH:Lock.stl
G1 F3000 E231.61032
G1 F600 X151.289 Y145.632 E231.65699
M204 S10000
G0 F9600 X151.289 Y145.882
M204 S1000
G1 F600 X150.481 Y146.69 E231.68549
M204 S10000
G0 F9600 X149.518 Y146.69
M204 S1000
G1 F600 X148.709 Y145.881 E231.71403
M204 S10000
G0 F9600 X148.709 Y145.633
M204 S1000
G1 F600 X150.033 Y144.309 E231.76074
M204 S10000
G1 F3000 E225.76074
G0 F9600 X151.35 Y146.75
M204 S1000
;TYPE:WALL-INNER
G1 F3000 E231.76074
G1 F600 X151.35 Y144.25 E231.8231
G1 X148.65 Y144.25 E231.89046
G1 X148.65 Y146.75 E231.95282
G1 X151.35 Y146.75 E232.02017
M204 S10000
G0 F9600 X151.65 Y147.05
M204 S1000
G1 F600 X151.65 Y143.95 E232.0975
G1 X148.35 Y143.95 E232.17982
G1 X148.35 Y147.05 E232.25715
G1 X151.65 Y147.05 E232.33947
M204 S10000
G0 F9600 X151.95 Y147.35
M204 S1000
G1 F600 X151.95 Y143.65 E232.43177
G1 X148.05 Y143.65 E232.52905
G1 X148.05 Y147.35 E232.62135
G1 X151.95 Y147.35 E232.71863
M204 S10000
G0 F9600 X152.2 Y147.6
M204 S1000
;TYPE:WALL-OUTER
G1 F600 X152.2 Y143.4 E232.8234
G1 X147.8 Y143.4 E232.93316
G1 X147.8 Y147.6 E233.03793
G1 X152.2 Y147.6 E233.14769
M204 S10000
G0 F9600 X152.2 Y147.4
G0 X151.35 Y146.838
G1 F3000 E227.14769
;MESH:NONMESH
G0 F300 X151.35 Y146.838 Z7.36
G0 F9600 X149.966 Y144.309
;TIME_ELAPSED:559.006683
;LAYER:36
M204 S1000
;TYPE:FILL
;MESH:Lock.stl
G1 F3000 E233.14769
G1 F600 X151.289 Y145.632 E233.19436
M204 S10000
G0 F9600 X151.289 Y145.882
M204 S1000
G1 F600 X150.481 Y146.69 E233.22287
M204 S10000
G0 F9600 X149.518 Y146.69
M204 S1000
G1 F600 X148.709 Y145.881 E233.25141
M204 S10000
G0 F9600 X148.709 Y145.633
M204 S1000
G1 F600 X150.033 Y144.309 E233.29811
M204 S10000
G1 F3000 E227.29811
G0 F9600 X151.35 Y146.75
M204 S1000
;TYPE:WALL-INNER
G1 F3000 E233.29811
G1 F600 X151.35 Y144.25 E233.36048
G1 X148.65 Y144.25 E233.42783
G1 X148.65 Y146.75 E233.49019
G1 X151.35 Y146.75 E233.55754
M204 S10000
G0 F9600 X151.65 Y147.05
M204 S1000
G1 F600 X151.65 Y143.95 E233.63487
G1 X148.35 Y143.95 E233.71719
G1 X148.35 Y147.05 E233.79452
G1 X151.65 Y147.05 E233.87684
M204 S10000
G0 F9600 X151.95 Y147.35
M204 S1000
G1 F600 X151.95 Y143.65 E233.96914
G1 X148.05 Y143.65 E234.06642
G1 X148.05 Y147.35 E234.15872
G1 X151.95 Y147.35 E234.25601
M204 S10000
G0 F9600 X152.2 Y147.6
M204 S1000
;TYPE:WALL-OUTER
G1 F600 X152.2 Y143.4 E234.36078
G1 X147.8 Y143.4 E234.47053
G1 X147.8 Y147.6 E234.5753
G1 X152.2 Y147.6 E234.68506
M204 S10000
G0 F9600 X152.2 Y147.4
G0 X151.35 Y146.838
G1 F3000 E228.68506
;MESH:NONMESH
G0 F300 X151.35 Y146.838 Z7.56
G0 F9600 X149.966 Y144.309
;TIME_ELAPSED:566.524764
;LAYER:37
M204 S1000
;TYPE:FILL
;MESH:Lock.stl
G1 F3000 E234.68506
G1 F600 X151.289 Y145.632 E234.73173
M204 S10000
G0 F9600 X151.289 Y145.882
M204 S1000
G1 F600 X150.481 Y146.69 E234.76024
M204 S10000
G0 F9600 X149.518 Y146.69
M204 S1000
G1 F600 X148.709 Y145.881 E234.78878
M204 S10000
G0 F9600 X148.709 Y145.633
M204 S1000
G1 F600 X150.033 Y144.309 E234.83549
M204 S10000
G1 F3000 E228.83549
G0 F9600 X151.35 Y146.75
M204 S1000
;TYPE:WALL-INNER
G1 F3000 E234.83549
G1 F600 X151.35 Y144.25 E234.89785
G1 X148.65 Y144.25 E234.9652
G1 X148.65 Y146.75 E235.02756
G1 X151.35 Y146.75 E235.09491
M204 S10000
G0 F9600 X151.65 Y147.05
M204 S1000
G1 F600 X151.65 Y143.95 E235.17224
G1 X148.35 Y143.95 E235.25456
G1 X148.35 Y147.05 E235.33189
G1 X151.65 Y147.05 E235.41421
M204 S10000
G0 F9600 X151.95 Y147.35
M204 S1000
G1 F600 X151.95 Y143.65 E235.50651
G1 X148.05 Y143.65 E235.60379
G1 X148.05 Y147.35 E235.69609
G1 X151.95 Y147.35 E235.79338
M204 S10000
G0 F9600 X152.2 Y147.6
M204 S1000
;TYPE:WALL-OUTER
G1 F600 X152.2 Y143.4 E235.89815
G1 X147.8 Y143.4 E236.00791
G1 X147.8 Y147.6 E236.11267
G1 X152.2 Y147.6 E236.22243
M204 S10000
G0 F9600 X152.2 Y147.4
G0 X151.35 Y146.838
G1 F3000 E230.22243
;MESH:NONMESH
G0 F300 X151.35 Y146.838 Z7.76
G0 F9600 X151.35 Y146.75
;TIME_ELAPSED:573.920389
;LAYER:38
M204 S1000
;TYPE:WALL-INNER
;MESH:Lock.stl
G1 F3000 E236.22243
G1 F600 X151.35 Y144.25 E236.2848
G1 X148.65 Y144.25 E236.35215
G1 X148.65 Y146.75 E236.41451
G1 X151.35 Y146.75 E236.48186
M204 S10000
G0 F9600 X151.65 Y147.05
M204 S1000
G1 F600 X151.65 Y143.95 E236.55919
G1 X148.35 Y143.95 E236.64151
G1 X148.35 Y147.05 E236.71884
G1 X151.65 Y147.05 E236.80116
M204 S10000
G0 F9600 X151.95 Y147.35
M204 S1000
G1 F600 X151.95 Y143.65 E236.89346
G1 X148.05 Y143.65 E236.99074
G1 X148.05 Y147.35 E237.08304
G1 X151.95 Y147.35 E237.18033
M204 S10000
G0 F9600 X152.2 Y147.6
M204 S1000
;TYPE:WALL-OUTER
G1 F600 X152.2 Y143.4 E237.28509
G1 X147.8 Y143.4 E237.39485
G1 X147.8 Y147.6 E237.49962
G1 X152.2 Y147.6 E237.60938
M204 S10000
G0 F9600 X152.2 Y147.4
G0 X151.95 Y147.4
G0 X151.3 Y146.48
G0 X151.08 Y146.48
M204 S1000
;TYPE:SKIN
G1 F600 X148.92 Y146.48 E237.66326
G1 X148.92 Y144.52 E237.71215
G1 X151.08 Y144.52 E237.76604
G1 X151.08 Y146.48 E237.81493
M204 S10000
G1 F3000 E231.81493
G0 F9600 X151.3 Y146.48
G0 X151.3 Y144.989
G0 X150.929 Y144.989
M204 S1000
G1 F3000 E237.81493
G1 F600 X150.609 Y144.669 E237.82622
M204 S10000
G0 F9600 X150.185 Y144.669
M204 S1000
G1 F600 X150.929 Y145.413 E237.85246
M204 S10000
G0 F9600 X150.929 Y145.837
M204 S1000
G1 F600 X149.76 Y144.669 E237.89369
M204 S10000
G0 F9600 X149.336 Y144.669
M204 S1000
G1 F600 X150.929 Y146.262 E237.94988
M204 S10000
G0 F9600 X150.572 Y146.33
M204 S1000
G1 F600 X149.069 Y144.826 E238.00292
M204 S10000
G0 F9600 X149.069 Y145.251
M204 S1000
G1 F600 X150.148 Y146.33 E238.04099
M204 S10000
G0 F9600 X149.724 Y146.33
M204 S1000
G1 F600 X149.069 Y145.675 E238.06409
M204 S10000
G0 F9600 X149.069 Y146.099
M204 S1000
G1 F600 X149.299 Y146.33 E238.07223
M204 S10000
G0 F9600 X149.299 Y146.75
G1 F3000 E232.07223
;MESH:NONMESH
G0 F300 X149.299 Y146.75 Z7.96
G0 F9600 X151.35 Y146.75
;TIME_ELAPSED:582.987010
;LAYER:39
M204 S1000
;TYPE:WALL-INNER
;MESH:Lock.stl
G1 F3000 E238.07223
G1 F600 X151.35 Y144.25 E238.13459
G1 X148.65 Y144.25 E238.20194
G1 X148.65 Y146.75 E238.2643
G1 X151.35 Y146.75 E238.33166
M204 S10000
G0 F9600 X151.65 Y147.05
M204 S1000
G1 F600 X151.65 Y143.95 E238.40899
G1 X148.35 Y143.95 E238.4913
G1 X148.35 Y147.05 E238.56863
G1 X151.65 Y147.05 E238.65095
M204 S10000
G0 F9600 X151.95 Y147.35
M204 S1000
G1 F600 X151.95 Y143.65 E238.74325
G1 X148.05 Y143.65 E238.84054
G1 X148.05 Y147.35 E238.93283
G1 X151.95 Y147.35 E239.03012
M204 S10000
G0 F9600 X152.2 Y147.6
M204 S1000
;TYPE:WALL-OUTER
G1 F600 X152.2 Y143.4 E239.13489
G1 X147.8 Y143.4 E239.24465
G1 X147.8 Y147.6 E239.34942
G1 X152.2 Y147.6 E239.45917
M204 S10000
G0 F9600 X152.2 Y147.4
G0 X151.95 Y147.4
G0 X151.3 Y146.48
G0 X151.08 Y146.48
M204 S1000
;TYPE:SKIN
G1 F600 X148.92 Y146.48 E239.51306
G1 X148.92 Y144.52 E239.56195
G1 X151.08 Y144.52 E239.61583
G1 X151.08 Y146.48 E239.66472
M204 S10000
G0 F9600 X150.929 Y146.055
M204 S1000
G1 F600 X150.654 Y146.33 E239.67442
M204 S10000
G0 F9600 X150.23 Y146.33
M204 S1000
G1 F600 X150.929 Y145.631 E239.69908
M204 S10000
G0 F9600 X150.929 Y145.207
M204 S1000
G1 F600 X149.806 Y146.33 E239.7387
M204 S10000
G0 F9600 X149.381 Y146.33
M204 S1000
G1 F600 X150.929 Y144.782 E239.79331
M204 S10000
G0 F9600 X150.617 Y144.669
M204 S1000
G1 F600 X149.069 Y146.218 E239.84794
M204 S10000
G0 F9600 X149.069 Y145.794
M204 S1000
G1 F600 X150.193 Y144.669 E239.88761
M204 S10000
G0 F9600 X149.769 Y144.669
M204 S1000
G1 F600 X149.069 Y145.369 E239.9123
M204 S10000
G0 F9600 X149.069 Y144.945
M204 S1000
G1 F600 X149.345 Y144.669 E239.92204
M204 S10000
G0 F9600 X149.345 Y144.25
G1 F3000 E233.92204
;MESH:NONMESH
G0 F300 X149.345 Y144.25 Z8.16
G0 F9600 X151.228 Y144.372
G0 X151.35 Y146.75
;TIME_ELAPSED:591.765221
;LAYER:40
M204 S1000
;TYPE:WALL-INNER
;MESH:Lock.stl
G1 F3000 E239.92204
G1 F600 X151.35 Y144.25 E239.9844
G1 X148.65 Y144.25 E240.05175
G1 X148.65 Y146.75 E240.11411
G1 X151.35 Y146.75 E240.18147
M204 S10000
G0 F9600 X151.65 Y147.05
M204 S1000
G1 F600 X151.65 Y143.95 E240.2588
G1 X148.35 Y143.95 E240.34111
G1 X148.35 Y147.05 E240.41844
G1 X151.65 Y147.05 E240.50076
M204 S10000
G0 F9600 X151.95 Y147.35
M204 S1000
G1 F600 X151.95 Y143.65 E240.59306
G1 X148.05 Y143.65 E240.69035
G1 X148.05 Y147.35 E240.78264
G1 X151.95 Y147.35 E240.87993
M204 S10000
G0 F9600 X152.2 Y147.6
M204 S1000
;TYPE:WALL-OUTER
G1 F600 X152.2 Y143.4 E240.9847
G1 X147.8 Y143.4 E241.09446
G1 X147.8 Y147.6 E241.19923
G1 X152.2 Y147.6 E241.30898
M204 S10000
G0 F9600 X152.2 Y147.4
G0 X151.95 Y147.4
G0 X151.3 Y146.48
G0 X151.08 Y146.48
M204 S1000
;TYPE:SKIN
G1 F600 X148.92 Y146.48 E241.36287
G1 X148.92 Y144.52 E241.41176
G1 X151.08 Y144.52 E241.46564
G1 X151.08 Y146.48 E241.51453
M204 S10000
G1 F3000 E235.51453
G0 F9600 X151.3 Y146.48
G0 X151.3 Y144.989
G0 X150.929 Y144.989
M204 S1000
G1 F3000 E241.51453
G1 F600 X150.609 Y144.669 E241.52582
M204 S10000
G0 F9600 X150.185 Y144.669
M204 S1000
G1 F600 X150.929 Y145.413 E241.55207
M204 S10000
G0 F9600 X150.929 Y145.837
M204 S1000
G1 F600 X149.76 Y144.669 E241.59329
M204 S10000
G0 F9600 X149.336 Y144.669
M204 S1000
G1 F600 X150.929 Y146.262 E241.64949
M204 S10000
G0 F9600 X150.572 Y146.33
M204 S1000
G1 F600 X149.069 Y144.826 E241.70253
M204 S10000
G0 F9600 X149.069 Y145.251
M204 S1000
G1 F600 X150.148 Y146.33 E241.74059
M204 S10000
G0 F9600 X149.724 Y146.33
M204 S1000
G1 F600 X149.069 Y145.675 E241.7637
M204 S10000
G0 F9600 X149.069 Y146.099
M204 S1000
G1 F600 X149.299 Y146.33 E241.77183
M204 S10000
G0 F9600 X149.299 Y146.75
G1 F3000 E235.77183
;MESH:NONMESH
G0 F300 X149.299 Y146.75 Z8.36
G0 F9600 X151.35 Y146.75
;TIME_ELAPSED:600.831843
;LAYER:41
M204 S1000
;TYPE:WALL-INNER
;MESH:Lock.stl
G1 F3000 E241.77183
G1 F600 X151.35 Y144.25 E241.83419
G1 X148.65 Y144.25 E241.90154
G1 X148.65 Y146.75 E241.96391
G1 X151.35 Y146.75 E242.03126
M204 S10000
G0 F9600 X151.65 Y147.05
M204 S1000
G1 F600 X151.65 Y143.95 E242.10859
G1 X148.35 Y143.95 E242.19091
G1 X148.35 Y147.05 E242.26824
G1 X151.65 Y147.05 E242.35056
M204 S10000
G0 F9600 X151.95 Y147.35
M204 S1000
G1 F600 X151.95 Y143.65 E242.44285
G1 X148.05 Y143.65 E242.54014
G1 X148.05 Y147.35 E242.63244
G1 X151.95 Y147.35 E242.72972
M204 S10000
G0 F9600 X152.2 Y147.6
M204 S1000
;TYPE:WALL-OUTER
G1 F600 X152.2 Y143.4 E242.83449
G1 X147.8 Y143.4 E242.94425
G1 X147.8 Y147.6 E243.04902
G1 X152.2 Y147.6 E243.15878
M204 S10000
G0 F9600 X152.2 Y147.4
G0 X151.95 Y147.4
G0 X151.3 Y146.48
G0 X151.08 Y146.48
M204 S1000
;TYPE:SKIN
G1 F600 X148.92 Y146.48 E243.21266
G1 X148.92 Y144.52 E243.26155
G1 X151.08 Y144.52 E243.31543
G1 X151.08 Y146.48 E243.36433
M204 S10000
G0 F9600 X150.929 Y146.055
M204 S1000
G1 F600 X150.654 Y146.33 E243.37403
M204 S10000
G0 F9600 X150.23 Y146.33
M204 S1000
G1 F600 X150.929 Y145.631 E243.39869
M204 S10000
G0 F9600 X150.929 Y145.207
M204 S1000
G1 F600 X149.806 Y146.33 E243.4383
M204 S10000
G0 F9600 X149.381 Y146.33
M204 S1000
G1 F600 X150.929 Y144.782 E243.49291
M204 S10000
G0 F9600 X150.617 Y144.669
M204 S1000
G1 F600 X149.069 Y146.218 E243.54754
M204 S10000
G0 F9600 X149.069 Y145.794
M204 S1000
G1 F600 X150.193 Y144.669 E243.58721
M204 S10000
G0 F9600 X149.769 Y144.669
M204 S1000
G1 F600 X149.069 Y145.369 E243.6119
M204 S10000
G0 F9600 X149.069 Y144.945
M204 S1000
G1 F600 X149.345 Y144.669 E243.62164
M204 S10000
G0 F9600 X149.345 Y144.25
;TIME_ELAPSED:609.200165
G1 F3000 E237.62164
M140 S0
M204 S500
M107
M104 S0
M140 S0
G92 E0
G1 E-10 F2000
G28 X0 Y0
M`84`
M82 ;absolute extrusion mode
M104 S0
;End of Gcode
;SETTING_3 {"global_quality": "[general]\\nversion = 4\\nname = anet-PLA\\ndefin
;SETTING_3 ition = anet3d_et5_x\\n\\n[metadata]\\ntype = quality_changes\\nquali
;SETTING_3 ty_type = draft\\nsetting_version = 22\\n\\n[values]\\nadhesion_type 
;SETTING_3 = skirt\\njerk_enabled = False\\nlayer_height = 0.2\\nlayer_height_0 
;SETTING_3 = 0.16\\nmaterial_bed_temperature = 60.0\\nretraction_combing = noski
;SETTING_3 n\\nsupport_enable = False\\nsupport_structure = normal\\nsupport_typ
;SETTING_3 e = buildplate\\ntravel_retract_before_outer_wall = False\\n\\n", "ex
;SETTING_3 truder_quality": ["[general]\\nversion = 4\\nname = anet-PLA\\ndefini
;SETTING_3 tion = anet3d_et5_x\\n\\n[metadata]\\ntype = quality_changes\\nqualit
;SETTING_3 y_type = draft\\nintent_category = default\\nposition = 0\\nsetting_v
;SETTING_3 ersion = 22\\n\\n[values]\\nacceleration_travel = 10000.0\\nbottom_la
;SETTING_3 yers = 4\\ncoasting_enable = False\\ncool_fan_speed = 100.0\\ninfill_
;SETTING_3 line_distance = =0 if infill_sparse_density == 0 else (infill_line_wi
;SETTING_3 dth * 100) / infill_sparse_density * (2 if infill_pattern == 'grid' e
;SETTING_3 lse (3 if infill_pattern == 'triangles' or infill_pattern == 'trihexa
;SETTING_3 gon' or infill_pattern == 'cubic' or infill_pattern == 'cubicsubdiv' 
;SETTING_3 else (2 if infill_pattern == 'tetrahedral' or infill_pattern == 'quar
;SETTING_3 ter_cubic' else (1 if infill_pattern == 'cross' or infill_pattern == 
;SETTING_3 'cross_3d' else (1.6 if infill_pattern == 'lightning' else 1)))))\\ni
;SETTING_3 nfill_pattern = grid\\ninfill_sparse_density = 30\\nline_width = 0.3\
;SETTING_3 \nmaterial_print_temperature = 200.0\\nminimum_support_area = 0\\nret
;SETTING_3 ract_at_layer_change = True\\nretraction_amount = 6.0\\nretraction_co
;SETTING_3 mbing_max_distance = 2\\nretraction_min_travel = 1\\nretraction_speed
;SETTING_3  = 50.0\\nskin_line_width = =line_width\\nskirt_brim_line_width = =li
;SETTING_3 ne_width\\nspeed_equalize_flow_width_factor = 100.0\\nspeed_infill = 
;SETTING_3 40\\nspeed_layer_0 = 20.0\\nspeed_support = 30.0\\nspeed_topbottom = 
;SETTING_3 20.0\\nspeed_travel = 160.0\\nspeed_travel_layer_0 = 60.0\\nspeed_wal
;SETTING_3 l = 30\\nsupport_angle = 60.0\\nsupport_interface_enable = True\\nsup
;SETTING_3 port_interface_pattern = lines\\nsupport_tree_branch_diameter = 2.0\\
;SETTING_3 nsupport_tree_limit_branch_reach = False\\nsupport_tree_max_diameter 
;SETTING_3 = 5.0\\nsupport_tree_top_rate = =30 if support_roof_enable else 10\\n
;SETTING_3 support_use_towers = False\\nsupport_wall_count = 2\\nsupport_xy_dist
;SETTING_3 ance = 1\\nsupport_xy_distance_overhang = 0.4\\nsupport_xy_overrides_
;SETTING_3 z = xy_overrides_z\\nsupport_z_distance = 0.4\\ntop_layers = 4\\ntrav
;SETTING_3 el_avoid_distance = 1\\ntravel_avoid_other_parts = False\\nwall_line_
;SETTING_3 count = 4\\nwall_line_width = =line_width\\nwall_thickness = 1\\n\\n"
;SETTING_3 ]}
