;FLAVOR:Marlin
;TIME:12262
;Filament used: 6.10697m
;Layer height: 0.2
;MINX:97.53
;MINY:89.93
;MINZ:0.16
;MAXX:202.495
;MAXY:210.071
;MAXZ:2.16
;TARGET_MACHINE.NAME:Anet ET5 X
;Generated with Cura_SteamEngine 5.5.0
M140 S60
M105
M190 S60
M104 S200
M105
M109 S200
M82 ;absolute extrusion mode
G92 X0 Y0 Z0
G92 E0
G92 E0
G1 F3000 E-6
;LAYER_COUNT:11
;LAYER:0
M107
M204 S10000
G0 F3600 X98.518 Y90.806 Z0.16
M204 S1000
;TYPE:SKIRT
G1 F3000 E0
G1 F1200 X98.908 Y90.491 E0.01
G1 X99.343 Y90.241 E0.02002
G1 X99.812 Y90.063 E0.03003
G1 X100.304 Y89.963 E0.04005
G1 X100.601 Y89.94 E0.04599
G1 X100.922 Y89.931 E0.0524
G1 X161.058 Y89.93 E1.25248
G1 X161.761 Y89.94 E1.26651
G1 X162.26 Y89.987 E1.27651
G1 X162.746 Y90.113 E1.28653
G1 X163.205 Y90.314 E1.29653
G1 X163.627 Y90.586 E1.30655
G1 X164.048 Y90.973 E1.31796
G1 X164.585 Y91.564 E1.3339
G1 X165.326 Y92.407 E1.3563
G1 X167.181 Y94.397 E1.41059
G1 X169.112 Y96.355 E1.46547
G1 X171.096 Y98.257 E1.52031
G1 X173.117 Y100.087 E1.57472
G1 X175.199 Y101.867 E1.62938
G1 X177.329 Y103.587 E1.68402
G1 X179.523 Y105.258 E1.73906
G1 X181.725 Y106.84 E1.79316
G1 X183.992 Y108.373 E1.84778
G1 X186.326 Y109.856 E1.90296
G1 X188.693 Y111.268 E1.95796
G1 X191.052 Y112.587 E2.0119
G1 X193.483 Y113.856 E2.06663
G1 X195.964 Y115.064 E2.12169
G1 X198.502 Y116.211 E2.17727
G1 X199.397 Y116.602 E2.19676
G1 X199.84 Y116.838 E2.20678
G1 X200.239 Y117.142 E2.21679
G1 X200.584 Y117.506 E2.2268
G1 X200.868 Y117.92 E2.23682
G1 X201.082 Y118.373 E2.24682
G1 X201.222 Y118.855 E2.25683
G1 X201.285 Y119.422 E2.26822
G1 X201.358 Y122.889 E2.33742
G1 X201.495 Y125.64 E2.39239
G1 X201.708 Y128.353 E2.4467
G1 X202 Y131.081 E2.50145
G1 X202.272 Y133.145 E2.54299
G1 X202.445 Y134.352 E2.56733
G1 X202.476 Y134.705 E2.5744
G1 X202.486 Y135.041 E2.58111
G1 X202.495 Y155.069 E2.98079
G1 X202.488 Y164.546 E3.16991
G1 X202.477 Y165.248 E3.18392
G1 X202.446 Y165.642 E3.19181
G1 X202.086 Y168.178 E3.24292
G1 X201.778 Y170.861 E3.29682
G1 X201.546 Y173.565 E3.35098
G1 X201.387 Y176.32 E3.40605
G1 X201.304 Y179.202 E3.46358
G1 X201.284 Y180.559 E3.49067
G1 X201.236 Y181.059 E3.50069
G1 X201.11 Y181.544 E3.51069
G1 X200.909 Y182.003 E3.52069
G1 X200.637 Y182.425 E3.53071
G1 X200.301 Y182.798 E3.54073
G1 X199.911 Y183.113 E3.55073
G1 X199.399 Y183.397 E3.56242
G1 X197.183 Y184.369 E3.61071
G1 X194.684 Y185.543 E3.66581
G1 X192.238 Y186.777 E3.72048
G1 X189.873 Y188.057 E3.77414
G1 X187.481 Y189.439 E3.82927
G1 X185.115 Y190.897 E3.88473
G1 X182.841 Y192.387 E3.93899
G1 X180.626 Y193.933 E3.99289
G1 X178.397 Y195.582 E4.04823
G1 X176.241 Y197.275 E4.10293
G1 X174.124 Y199.035 E4.15787
G1 X172.096 Y200.82 E4.21179
G1 X170.085 Y202.695 E4.26665
G1 X168.128 Y204.626 E4.32152
G1 X166.237 Y206.6 E4.37607
G1 X164.054 Y209.021 E4.44113
G1 X163.689 Y209.366 E4.45115
G1 X163.275 Y209.648 E4.46114
G1 X162.821 Y209.861 E4.47115
G1 X162.338 Y210 E4.48118
G1 X161.801 Y210.061 E4.49197
G1 X161.477 Y210.07 E4.49844
G1 X101.346 Y210.071 E5.69842
G1 X100.648 Y210.062 E5.71235
G1 X100.149 Y210.015 E5.72235
G1 X99.663 Y209.89 E5.73236
G1 X99.203 Y209.69 E5.74237
G1 X98.781 Y209.419 E5.75238
G1 X98.408 Y209.084 E5.76239
G1 X98.092 Y208.694 E5.7724
G1 X97.842 Y208.26 E5.7824
G1 X97.664 Y207.791 E5.79241
G1 X97.563 Y207.299 E5.80243
G1 X97.54 Y206.997 E5.80848
G1 X97.531 Y206.664 E5.81512
G1 X97.53 Y93.711 E8.06922
G1 X97.539 Y93.046 E8.08249
G1 X97.586 Y92.547 E8.0925
G1 X97.711 Y92.061 E8.10251
G1 X97.912 Y91.602 E8.11251
G1 X98.184 Y91.18 E8.12253
G1 X98.518 Y90.806 E8.13254
M204 S10000
G1 F3000 E2.13254
;MESH:Bottom_panel_x3.stl(2)
G0 F3600 X101.88 Y94.28
G0 X101.852 Y128.748
G0 X160.67 Y128.87
M204 S1000
;TYPE:WALL-INNER
G1 F3000 E8.13254
G1 F1200 X160.67 Y94.13 E8.82581
G1 X101.73 Y94.13 E10.00202
G1 X101.73 Y128.87 E10.6953
G1 X160.67 Y128.87 E11.87151
M204 S10000
G0 F3600 X160.97 Y129.17
M204 S1000
G1 F1200 X160.97 Y93.83 E12.57676
G1 X101.43 Y93.83 E13.76494
G1 X101.43 Y129.17 E14.47019
G1 X160.97 Y129.17 E15.65837
M204 S10000
G0 F3600 X161.27 Y129.47
M204 S1000
G1 F1200 X161.27 Y93.53 E16.3756
G1 X101.13 Y93.53 E17.57575
G1 X101.13 Y129.47 E18.29298
G1 X161.27 Y129.47 E19.49313
M204 S10000
G0 F3600 X161.52 Y129.72
M204 S1000
;TYPE:WALL-OUTER
G1 F1200 X161.52 Y93.28 E20.22033
G1 X100.88 Y93.28 E21.43047
G1 X100.88 Y129.72 E22.15767
G1 X161.52 Y129.72 E23.36781
M204 S10000
G0 F3600 X161.52 Y129.52
G0 X161.27 Y129.52
G0 X160.62 Y128.6
G0 X160.4 Y128.6
M204 S1000
;TYPE:SKIN
G1 F1200 X102 Y128.6 E24.53324
G1 X102 Y94.4 E25.21574
G1 X160.4 Y94.4 E26.38118
G1 X160.4 Y128.6 E27.06367
M204 S10000
G1 F3000 E21.06367
G0 F3600 X160.62 Y128.6
G0 X160.62 Y94.912
G0 X160.248 Y94.912
M204 S1000
G1 F3000 E27.06367
G1 F1200 X159.886 Y94.55 E27.07389
M204 S10000
G0 F3600 X159.462 Y94.55
M204 S1000
G1 F1200 X160.248 Y95.336 E27.09607
M204 S10000
G0 F3600 X160.248 Y95.76
M204 S1000
G1 F1200 X159.038 Y94.55 E27.13022
M204 S10000
G0 F3600 X158.613 Y94.55
M204 S1000
G1 F1200 X160.248 Y96.184 E27.17635
M204 S10000
G0 F3600 X160.248 Y96.609
M204 S1000
G1 F1200 X158.189 Y94.55 E27.23446
M204 S10000
G0 F3600 X157.765 Y94.55
M204 S1000
G1 F1200 X160.248 Y97.033 E27.30454
M204 S10000
G0 F3600 X160.248 Y97.457
M204 S1000
G1 F1200 X157.341 Y94.55 E27.38658
M204 S10000
G0 F3600 X156.916 Y94.55
M204 S1000
G1 F1200 X160.248 Y97.881 E27.4806
M204 S10000
G0 F3600 X160.248 Y98.306
M204 S1000
G1 F1200 X156.492 Y94.55 E27.5866
M204 S10000
G0 F3600 X156.068 Y94.55
M204 S1000
G1 F1200 X160.248 Y98.73 E27.70457
M204 S10000
G0 F3600 X160.248 Y99.154
M204 S1000
G1 F1200 X155.644 Y94.55 E27.83451
M204 S10000
G0 F3600 X155.219 Y94.55
M204 S1000
G1 F1200 X160.248 Y99.579 E27.97643
M204 S10000
G0 F3600 X160.248 Y100.003
M204 S1000
G1 F1200 X154.795 Y94.55 E28.13033
M204 S10000
G0 F3600 X154.371 Y94.55
M204 S1000
G1 F1200 X160.248 Y100.427 E28.29619
M204 S10000
G0 F3600 X160.248 Y100.851
M204 S1000
G1 F1200 X153.947 Y94.55 E28.47402
M204 S10000
G0 F3600 X153.522 Y94.55
M204 S1000
G1 F1200 X160.248 Y101.276 E28.66384
M204 S10000
G0 F3600 X160.248 Y101.7
M204 S1000
G1 F1200 X153.098 Y94.55 E28.86563
M204 S10000
G0 F3600 X152.674 Y94.55
M204 S1000
G1 F1200 X160.248 Y102.124 E29.07938
M204 S10000
G0 F3600 X160.248 Y102.548
M204 S1000
G1 F1200 X152.249 Y94.55 E29.30512
M204 S10000
G0 F3600 X151.825 Y94.55
M204 S1000
G1 F1200 X160.248 Y102.973 E29.54283
M204 S10000
G0 F3600 X160.248 Y103.397
M204 S1000
G1 F1200 X151.401 Y94.55 E29.79252
M204 S10000
G0 F3600 X150.977 Y94.55
M204 S1000
G1 F1200 X160.248 Y103.821 E30.05416
M204 S10000
G0 F3600 X160.248 Y104.245
M204 S1000
G1 F1200 X150.552 Y94.55 E30.32779
M204 S10000
G0 F3600 X150.128 Y94.55
M204 S1000
G1 F1200 X160.248 Y104.67 E30.6134
M204 S10000
G0 F3600 X160.248 Y105.094
M204 S1000
G1 F1200 X149.704 Y94.55 E30.91097
M204 S10000
G0 F3600 X149.28 Y94.55
M204 S1000
G1 F1200 X160.248 Y105.518 E31.22052
M204 S10000
G0 F3600 X160.248 Y105.942
M204 S1000
G1 F1200 X148.855 Y94.55 E31.54204
M204 S10000
G0 F3600 X148.431 Y94.55
M204 S1000
G1 F1200 X160.248 Y106.367 E31.87554
M204 S10000
G0 F3600 X160.248 Y106.791
M204 S1000
G1 F1200 X148.007 Y94.55 E32.22101
M204 S10000
G0 F3600 X147.583 Y94.55
M204 S1000
G1 F1200 X160.248 Y107.215 E32.57844
M204 S10000
G0 F3600 X160.248 Y107.64
M204 S1000
G1 F1200 X147.158 Y94.55 E32.94787
M204 S10000
G0 F3600 X146.734 Y94.55
M204 S1000
G1 F1200 X160.248 Y108.064 E33.32926
M204 S10000
G0 F3600 X160.248 Y108.488
M204 S1000
G1 F1200 X146.31 Y94.55 E33.72262
M204 S10000
G0 F3600 X145.886 Y94.55
M204 S1000
G1 F1200 X160.248 Y108.912 E34.12795
M204 S10000
G0 F3600 X160.248 Y109.337
M204 S1000
G1 F1200 X145.461 Y94.55 E34.54527
M204 S10000
G0 F3600 X145.037 Y94.55
M204 S1000
G1 F1200 X160.248 Y109.761 E34.97456
M204 S10000
G0 F3600 X160.248 Y110.185
M204 S1000
G1 F1200 X144.613 Y94.55 E35.41581
M204 S10000
G0 F3600 X144.188 Y94.55
M204 S1000
G1 F1200 X160.248 Y110.609 E35.86904
M204 S10000
G0 F3600 X160.248 Y111.034
M204 S1000
G1 F1200 X143.764 Y94.55 E36.33426
M204 S10000
G0 F3600 X143.34 Y94.55
M204 S1000
G1 F1200 X160.248 Y111.458 E36.81144
M204 S10000
G0 F3600 X160.248 Y111.882
M204 S1000
G1 F1200 X142.916 Y94.55 E37.30058
M204 S10000
G0 F3600 X142.491 Y94.55
M204 S1000
G1 F1200 X160.248 Y112.306 E37.80171
M204 S10000
G0 F3600 X160.248 Y112.731
M204 S1000
G1 F1200 X142.067 Y94.55 E38.31482
M204 S10000
G0 F3600 X141.643 Y94.55
M204 S1000
G1 F1200 X160.248 Y113.155 E38.83989
M204 S10000
G0 F3600 X160.248 Y113.579
M204 S1000
G1 F1200 X141.219 Y94.55 E39.37693
M204 S10000
G0 F3600 X140.794 Y94.55
M204 S1000
G1 F1200 X160.248 Y114.003 E39.92595
M204 S10000
G0 F3600 X160.248 Y114.428
M204 S1000
G1 F1200 X140.37 Y94.55 E40.48695
M204 S10000
G0 F3600 X139.946 Y94.55
M204 S1000
G1 F1200 X160.248 Y114.852 E41.05992
M204 S10000
G0 F3600 X160.248 Y115.276
M204 S1000
G1 F1200 X139.522 Y94.55 E41.64485
M204 S10000
G0 F3600 X139.097 Y94.55
M204 S1000
G1 F1200 X160.248 Y115.701 E42.24178
M204 S10000
G0 F3600 X160.248 Y116.125
M204 S1000
G1 F1200 X138.673 Y94.55 E42.85067
M204 S10000
G0 F3600 X138.249 Y94.55
M204 S1000
G1 F1200 X160.248 Y116.549 E43.47153
M204 S10000
G0 F3600 X160.248 Y116.973
M204 S1000
G1 F1200 X137.825 Y94.55 E44.10435
M204 S10000
G0 F3600 X137.4 Y94.55
M204 S1000
G1 F1200 X160.248 Y117.398 E44.74917
M204 S10000
G0 F3600 X160.248 Y117.822
M204 S1000
G1 F1200 X136.976 Y94.55 E45.40596
M204 S10000
G0 F3600 X136.552 Y94.55
M204 S1000
G1 F1200 X160.248 Y118.246 E46.07471
M204 S10000
G0 F3600 X160.248 Y118.67
M204 S1000
G1 F1200 X136.127 Y94.55 E46.75545
M204 S10000
G0 F3600 X135.703 Y94.55
M204 S1000
G1 F1200 X160.248 Y119.095 E47.44816
M204 S10000
G0 F3600 X160.248 Y119.519
M204 S1000
G1 F1200 X135.279 Y94.55 E48.15284
M204 S10000
G0 F3600 X134.855 Y94.55
M204 S1000
G1 F1200 X160.248 Y119.943 E48.86948
M204 S10000
G0 F3600 X160.248 Y120.367
M204 S1000
G1 F1200 X134.43 Y94.55 E49.59811
M204 S10000
G0 F3600 X134.006 Y94.55
M204 S1000
G1 F1200 X160.248 Y120.792 E50.33871
M204 S10000
G0 F3600 X160.248 Y121.216
M204 S1000
G1 F1200 X133.582 Y94.55 E51.09129
M204 S10000
G0 F3600 X133.158 Y94.55
M204 S1000
G1 F1200 X160.248 Y121.64 E51.85583
M204 S10000
G0 F3600 X160.248 Y122.065
M204 S1000
G1 F1200 X132.733 Y94.55 E52.63236
M204 S10000
G0 F3600 X132.309 Y94.55
M204 S1000
G1 F1200 X160.248 Y122.489 E53.42086
M204 S10000
G0 F3600 X160.248 Y122.913
M204 S1000
G1 F1200 X131.885 Y94.55 E54.22132
M204 S10000
G0 F3600 X131.461 Y94.55
M204 S1000
G1 F1200 X160.248 Y123.337 E55.03375
M204 S10000
G0 F3600 X160.248 Y123.762
M204 S1000
G1 F1200 X131.036 Y94.55 E55.85818
M204 S10000
G0 F3600 X130.612 Y94.55
M204 S1000
G1 F1200 X160.248 Y124.186 E56.69457
M204 S10000
G0 F3600 X160.248 Y124.61
M204 S1000
G1 F1200 X130.188 Y94.55 E57.54293
M204 S10000
G0 F3600 X129.763 Y94.55
M204 S1000
G1 F1200 X160.248 Y125.034 E58.40327
M204 S10000
G0 F3600 X160.248 Y125.459
M204 S1000
G1 F1200 X129.339 Y94.55 E59.27559
M204 S10000
G0 F3600 X128.915 Y94.55
M204 S1000
G1 F1200 X160.248 Y125.883 E60.15987
M204 S10000
G0 F3600 X160.248 Y126.307
M204 S1000
G1 F1200 X128.491 Y94.55 E61.05612
M204 S10000
G0 F3600 X128.066 Y94.55
M204 S1000
G1 F1200 X160.248 Y126.731 E61.96435
M204 S10000
G0 F3600 X160.248 Y127.156
M204 S1000
G1 F1200 X127.642 Y94.55 E62.88457
M204 S10000
G0 F3600 X127.218 Y94.55
M204 S1000
G1 F1200 X160.248 Y127.58 E63.81674
M204 S10000
G0 F3600 X160.248 Y128.004
M204 S1000
G1 F1200 X126.794 Y94.55 E64.76089
M204 S10000
G0 F3600 X126.369 Y94.55
M204 S1000
G1 F1200 X160.248 Y128.428 E65.71701
M204 S10000
G0 F3600 X159.845 Y128.449
M204 S1000
G1 F1200 X125.945 Y94.55 E66.67373
M204 S10000
G0 F3600 X125.521 Y94.55
M204 S1000
G1 F1200 X159.42 Y128.449 E67.63043
M204 S10000
G0 F3600 X158.996 Y128.449
M204 S1000
G1 F1200 X125.097 Y94.55 E68.58714
M204 S10000
G0 F3600 X124.672 Y94.55
M204 S1000
G1 F1200 X158.572 Y128.449 E69.54385
M204 S10000
G0 F3600 X158.147 Y128.449
M204 S1000
G1 F1200 X124.248 Y94.55 E70.50056
M204 S10000
G0 F3600 X123.824 Y94.55
M204 S1000
G1 F1200 X157.723 Y128.449 E71.45726
M204 S10000
G0 F3600 X157.299 Y128.449
M204 S1000
G1 F1200 X123.4 Y94.55 E72.41396
M204 S10000
G0 F3600 X122.975 Y94.55
M204 S1000
G1 F1200 X156.875 Y128.449 E73.37068
M204 S10000
G0 F3600 X156.45 Y128.449
M204 S1000
G1 F1200 X122.551 Y94.55 E74.32738
M204 S10000
G0 F3600 X122.127 Y94.55
M204 S1000
G1 F1200 X156.026 Y128.449 E75.28408
M204 S10000
G0 F3600 X155.602 Y128.449
M204 S1000
G1 F1200 X121.702 Y94.55 E76.2408
M204 S10000
G0 F3600 X121.278 Y94.55
M204 S1000
G1 F1200 X155.178 Y128.449 E77.19752
M204 S10000
G0 F3600 X154.753 Y128.449
M204 S1000
G1 F1200 X120.854 Y94.55 E78.15422
M204 S10000
G0 F3600 X120.43 Y94.55
M204 S1000
G1 F1200 X154.329 Y128.449 E79.11093
M204 S10000
G0 F3600 X153.905 Y128.449
M204 S1000
G1 F1200 X120.005 Y94.55 E80.06764
M204 S10000
G0 F3600 X119.581 Y94.55
M204 S1000
G1 F1200 X153.481 Y128.449 E81.02436
M204 S10000
G0 F3600 X153.056 Y128.449
M204 S1000
G1 F1200 X119.157 Y94.55 E81.98106
M204 S10000
G0 F3600 X118.733 Y94.55
M204 S1000
G1 F1200 X152.632 Y128.449 E82.93777
M204 S10000
G0 F3600 X152.208 Y128.449
M204 S1000
G1 F1200 X118.308 Y94.55 E83.89448
M204 S10000
G0 F3600 X117.884 Y94.55
M204 S1000
G1 F1200 X151.784 Y128.449 E84.8512
M204 S10000
G0 F3600 X151.359 Y128.449
M204 S1000
G1 F1200 X117.46 Y94.55 E85.8079
M204 S10000
G0 F3600 X117.036 Y94.55
M204 S1000
G1 F1200 X150.935 Y128.449 E86.76461
M204 S10000
G0 F3600 X150.511 Y128.449
M204 S1000
G1 F1200 X116.611 Y94.55 E87.72132
M204 S10000
G0 F3600 X116.187 Y94.55
M204 S1000
G1 F1200 X150.086 Y128.449 E88.67803
M204 S10000
G0 F3600 X149.662 Y128.449
M204 S1000
G1 F1200 X115.763 Y94.55 E89.63473
M204 S10000
G0 F3600 X115.339 Y94.55
M204 S1000
G1 F1200 X149.238 Y128.449 E90.59143
M204 S10000
G0 F3600 X148.814 Y128.449
M204 S1000
G1 F1200 X114.914 Y94.55 E91.54815
M204 S10000
G0 F3600 X114.49 Y94.55
M204 S1000
G1 F1200 X148.389 Y128.449 E92.50485
M204 S10000
G0 F3600 X147.965 Y128.449
M204 S1000
G1 F1200 X114.066 Y94.55 E93.46156
M204 S10000
G0 F3600 X113.641 Y94.55
M204 S1000
G1 F1200 X147.541 Y128.449 E94.41827
M204 S10000
G0 F3600 X147.117 Y128.449
M204 S1000
G1 F1200 X113.217 Y94.55 E95.37499
M204 S10000
G0 F3600 X112.793 Y94.55
M204 S1000
G1 F1200 X146.692 Y128.449 E96.33169
M204 S10000
G0 F3600 X146.268 Y128.449
M204 S1000
G1 F1200 X112.369 Y94.55 E97.2884
M204 S10000
G0 F3600 X111.944 Y94.55
M204 S1000
G1 F1200 X145.844 Y128.449 E98.24511
M204 S10000
G0 F3600 X145.42 Y128.449
M204 S1000
G1 F1200 X111.52 Y94.55 E99.20183
M204 S10000
G0 F3600 X111.096 Y94.55
M204 S1000
G1 F1200 X144.995 Y128.449 E100.15853
M204 S10000
G0 F3600 X144.571 Y128.449
M204 S1000
G1 F1200 X110.672 Y94.55 E101.11524
M204 S10000
G0 F3600 X110.247 Y94.55
M204 S1000
G1 F1200 X144.147 Y128.449 E102.07195
M204 S10000
G0 F3600 X143.722 Y128.449
M204 S1000
G1 F1200 X109.823 Y94.55 E103.02866
M204 S10000
G0 F3600 X109.399 Y94.55
M204 S1000
G1 F1200 X143.298 Y128.449 E103.98536
M204 S10000
G0 F3600 X142.874 Y128.449
M204 S1000
G1 F1200 X108.975 Y94.55 E104.94206
M204 S10000
G0 F3600 X108.55 Y94.55
M204 S1000
G1 F1200 X142.45 Y128.449 E105.89878
M204 S10000
G0 F3600 X142.025 Y128.449
M204 S1000
G1 F1200 X108.126 Y94.55 E106.85548
M204 S10000
G0 F3600 X107.702 Y94.55
M204 S1000
G1 F1200 X141.601 Y128.449 E107.81218
M204 S10000
G0 F3600 X141.177 Y128.449
M204 S1000
G1 F1200 X107.277 Y94.55 E108.7689
M204 S10000
G0 F3600 X106.853 Y94.55
M204 S1000
G1 F1200 X140.753 Y128.449 E109.72562
M204 S10000
G0 F3600 X140.328 Y128.449
M204 S1000
G1 F1200 X106.429 Y94.55 E110.68232
M204 S10000
G0 F3600 X106.005 Y94.55
M204 S1000
G1 F1200 X139.904 Y128.449 E111.63903
M204 S10000
G0 F3600 X139.48 Y128.449
M204 S1000
G1 F1200 X105.58 Y94.55 E112.59574
M204 S10000
G0 F3600 X105.156 Y94.55
M204 S1000
G1 F1200 X139.056 Y128.449 E113.55246
M204 S10000
G0 F3600 X138.631 Y128.449
M204 S1000
G1 F1200 X104.732 Y94.55 E114.50916
M204 S10000
G0 F3600 X104.308 Y94.55
M204 S1000
G1 F1200 X138.207 Y128.449 E115.46587
M204 S10000
G0 F3600 X137.783 Y128.449
M204 S1000
G1 F1200 X103.883 Y94.55 E116.42258
M204 S10000
G0 F3600 X103.459 Y94.55
M204 S1000
G1 F1200 X137.359 Y128.449 E117.3793
M204 S10000
G0 F3600 X136.934 Y128.449
M204 S1000
G1 F1200 X103.035 Y94.55 E118.336
M204 S10000
G0 F3600 X102.611 Y94.55
M204 S1000
G1 F1200 X136.51 Y128.449 E119.29271
M204 S10000
G0 F3600 X136.086 Y128.449
M204 S1000
G1 F1200 X102.186 Y94.55 E120.24942
M204 S10000
G0 F3600 X102.149 Y94.936
M204 S1000
G1 F1200 X135.661 Y128.449 E121.19522
M204 S10000
G0 F3600 X135.237 Y128.449
M204 S1000
G1 F1200 X102.149 Y95.361 E122.12903
M204 S10000
G0 F3600 X102.149 Y95.785
M204 S1000
G1 F1200 X134.813 Y128.449 E123.05088
M204 S10000
G0 F3600 X134.389 Y128.449
M204 S1000
G1 F1200 X102.149 Y96.209 E123.96076
M204 S10000
G0 F3600 X102.149 Y96.633
M204 S1000
G1 F1200 X133.964 Y128.449 E124.85867
M204 S10000
G0 F3600 X133.54 Y128.449
M204 S1000
G1 F1200 X102.149 Y97.058 E125.74459
M204 S10000
G0 F3600 X102.149 Y97.482
M204 S1000
G1 F1200 X133.116 Y128.449 E126.61854
M204 S10000
G0 F3600 X132.692 Y128.449
M204 S1000
G1 F1200 X102.149 Y97.906 E127.48053
M204 S10000
G0 F3600 X102.149 Y98.33
M204 S1000
G1 F1200 X132.267 Y128.449 E128.33054
M204 S10000
G0 F3600 X131.843 Y128.449
M204 S1000
G1 F1200 X102.149 Y98.755 E129.16857
M204 S10000
G0 F3600 X102.149 Y99.179
M204 S1000
G1 F1200 X131.419 Y128.449 E129.99463
M204 S10000
G0 F3600 X130.994 Y128.448
M204 S1000
G1 F1200 X102.149 Y99.603 E130.8087
M204 S10000
G0 F3600 X102.149 Y100.028
M204 S1000
G1 F1200 X130.57 Y128.448 E131.61079
M204 S10000
G0 F3600 X130.145 Y128.448
M204 S1000
G1 F1200 X102.149 Y100.452 E132.4009
M204 S10000
G0 F3600 X102.149 Y100.876
M204 S1000
G1 F1200 X129.721 Y128.448 E133.17904
M204 S10000
G0 F3600 X129.297 Y128.448
M204 S1000
G1 F1200 X102.149 Y101.3 E133.94521
M204 S10000
G0 F3600 X102.149 Y101.725
M204 S1000
G1 F1200 X128.873 Y128.448 E134.69941
M204 S10000
G0 F3600 X128.448 Y128.448
M204 S1000
G1 F1200 X102.149 Y102.149 E135.44162
M204 S10000
G0 F3600 X102.149 Y102.573
M204 S1000
G1 F1200 X128.024 Y128.448 E136.17187
M204 S10000
G0 F3600 X127.6 Y128.448
M204 S1000
G1 F1200 X102.149 Y102.997 E136.89015
M204 S10000
G0 F3600 X102.149 Y103.422
M204 S1000
G1 F1200 X127.175 Y128.448 E137.59644
M204 S10000
G0 F3600 X126.751 Y128.448
M204 S1000
G1 F1200 X102.149 Y103.846 E138.29076
M204 S10000
G0 F3600 X102.149 Y104.27
M204 S1000
G1 F1200 X126.327 Y128.448 E138.97312
M204 S10000
G0 F3600 X125.903 Y128.448
M204 S1000
G1 F1200 X102.149 Y104.694 E139.64351
M204 S10000
G0 F3600 X102.149 Y105.119
M204 S1000
G1 F1200 X125.478 Y128.448 E140.3019
M204 S10000
G0 F3600 X125.054 Y128.448
M204 S1000
G1 F1200 X102.149 Y105.543 E140.94833
M204 S10000
G0 F3600 X102.149 Y105.967
M204 S1000
G1 F1200 X124.63 Y128.448 E141.58279
M204 S10000
G0 F3600 X124.206 Y128.448
M204 S1000
G1 F1200 X102.149 Y106.391 E142.20529
M204 S10000
G0 F3600 X102.149 Y106.816
M204 S1000
G1 F1200 X123.781 Y128.448 E142.81579
M204 S10000
G0 F3600 X123.357 Y128.448
M204 S1000
G1 F1200 X102.149 Y107.24 E143.41433
M204 S10000
G0 F3600 X102.149 Y107.664
M204 S1000
G1 F1200 X122.933 Y128.448 E144.0009
M204 S10000
G0 F3600 X122.509 Y128.448
M204 S1000
G1 F1200 X102.149 Y108.089 E144.57549
M204 S10000
G0 F3600 X102.149 Y108.513
M204 S1000
G1 F1200 X122.084 Y128.448 E145.13809
M204 S10000
G0 F3600 X121.66 Y128.448
M204 S1000
G1 F1200 X102.149 Y108.937 E145.68874
M204 S10000
G0 F3600 X102.149 Y109.361
M204 S1000
G1 F1200 X121.236 Y128.448 E146.22741
M204 S10000
G0 F3600 X120.812 Y128.448
M204 S1000
G1 F1200 X102.149 Y109.786 E146.75411
M204 S10000
G0 F3600 X102.149 Y110.21
M204 S1000
G1 F1200 X120.387 Y128.448 E147.26883
M204 S10000
G0 F3600 X119.963 Y128.448
M204 S1000
G1 F1200 X102.149 Y110.634 E147.77158
M204 S10000
G0 F3600 X102.149 Y111.058
M204 S1000
G1 F1200 X119.539 Y128.448 E148.26236
M204 S10000
G0 F3600 X119.114 Y128.448
M204 S1000
G1 F1200 X102.149 Y111.483 E148.74115
M204 S10000
G0 F3600 X102.149 Y111.907
M204 S1000
G1 F1200 X118.69 Y128.448 E149.20797
M204 S10000
G0 F3600 X118.266 Y128.448
M204 S1000
G1 F1200 X102.149 Y112.331 E149.66283
M204 S10000
G0 F3600 X102.149 Y112.755
M204 S1000
G1 F1200 X117.842 Y128.448 E150.10572
M204 S10000
G0 F3600 X117.417 Y128.448
M204 S1000
G1 F1200 X102.149 Y113.18 E150.53661
M204 S10000
G0 F3600 X102.149 Y113.604
M204 S1000
G1 F1200 X116.993 Y128.448 E150.95554
M204 S10000
G0 F3600 X116.569 Y128.448
M204 S1000
G1 F1200 X102.149 Y114.028 E151.36251
M204 S10000
G0 F3600 X102.149 Y114.453
M204 S1000
G1 F1200 X116.145 Y128.448 E151.75749
M204 S10000
G0 F3600 X115.72 Y128.448
M204 S1000
G1 F1200 X102.149 Y114.877 E152.14049
M204 S10000
G0 F3600 X102.149 Y115.301
M204 S1000
G1 F1200 X115.296 Y128.448 E152.51153
M204 S10000
G0 F3600 X114.872 Y128.448
M204 S1000
G1 F1200 X102.149 Y115.725 E152.8706
M204 S10000
G0 F3600 X102.149 Y116.15
M204 S1000
G1 F1200 X114.448 Y128.448 E153.21769
M204 S10000
G0 F3600 X114.023 Y128.448
M204 S1000
G1 F1200 X102.149 Y116.574 E153.5528
M204 S10000
G0 F3600 X102.149 Y116.998
M204 S1000
G1 F1200 X113.599 Y128.448 E153.87594
M204 S10000
G0 F3600 X113.175 Y128.448
M204 S1000
G1 F1200 X102.149 Y117.422 E154.18712
M204 S10000
G0 F3600 X102.149 Y117.847
M204 S1000
G1 F1200 X112.751 Y128.448 E154.48632
M204 S10000
G0 F3600 X112.326 Y128.448
M204 S1000
G1 F1200 X102.149 Y118.271 E154.77354
M204 S10000
G0 F3600 X102.149 Y118.695
M204 S1000
G1 F1200 X111.902 Y128.448 E155.04879
M204 S10000
G0 F3600 X111.478 Y128.448
M204 S1000
G1 F1200 X102.149 Y119.119 E155.31207
M204 S10000
G0 F3600 X102.149 Y119.544
M204 S1000
G1 F1200 X111.053 Y128.448 E155.56336
M204 S10000
G0 F3600 X110.629 Y128.448
M204 S1000
G1 F1200 X102.149 Y119.968 E155.80268
M204 S10000
G0 F3600 X102.149 Y120.392
M204 S1000
G1 F1200 X110.205 Y128.448 E156.03004
M204 S10000
G0 F3600 X109.781 Y128.448
M204 S1000
G1 F1200 X102.149 Y120.816 E156.24543
M204 S10000
G0 F3600 X102.149 Y121.241
M204 S1000
G1 F1200 X109.356 Y128.448 E156.44883
M204 S10000
G0 F3600 X108.932 Y128.448
M204 S1000
G1 F1200 X102.149 Y121.665 E156.64026
M204 S10000
G0 F3600 X102.149 Y122.089
M204 S1000
G1 F1200 X108.508 Y128.448 E156.81973
M204 S10000
G0 F3600 X108.084 Y128.448
M204 S1000
G1 F1200 X102.149 Y122.514 E156.98721
M204 S10000
G0 F3600 X102.149 Y122.938
M204 S1000
G1 F1200 X107.659 Y128.448 E157.14272
M204 S10000
G0 F3600 X107.235 Y128.448
M204 S1000
G1 F1200 X102.149 Y123.362 E157.28625
M204 S10000
G0 F3600 X102.149 Y123.786
M204 S1000
G1 F1200 X106.811 Y128.448 E157.41782
M204 S10000
G0 F3600 X106.387 Y128.448
M204 S1000
G1 F1200 X102.149 Y124.211 E157.53742
M204 S10000
G0 F3600 X102.149 Y124.635
M204 S1000
G1 F1200 X105.962 Y128.448 E157.64503
M204 S10000
G0 F3600 X105.538 Y128.448
M204 S1000
G1 F1200 X102.149 Y125.059 E157.74067
M204 S10000
G0 F3600 X102.149 Y125.483
M204 S1000
G1 F1200 X105.114 Y128.448 E157.82435
M204 S10000
G0 F3600 X104.689 Y128.448
M204 S1000
G1 F1200 X102.149 Y125.908 E157.89604
M204 S10000
G0 F3600 X102.149 Y126.332
M204 S1000
G1 F1200 X104.265 Y128.448 E157.95575
M204 S10000
G0 F3600 X103.841 Y128.448
M204 S1000
G1 F1200 X102.149 Y126.756 E158.00351
M204 S10000
G0 F3600 X102.149 Y127.18
M204 S1000
G1 F1200 X103.417 Y128.448 E158.03929
M204 S10000
G0 F3600 X102.992 Y128.448
M204 S1000
G1 F1200 X102.149 Y127.605 E158.06308
M204 S10000
G0 F3600 X102.149 Y128.029
M204 S1000
G1 F1200 X102.568 Y128.448 E158.07491
M204 S10000
G0 F3600 X102.568 Y128.87
G1 F3000 E152.07491
;MESH:Bottom_panel_x3.stl
G0 F3600 X160.67 Y129.55
G0 X160.52 Y132.78
G0 X160.67 Y167.37
M204 S1000
;TYPE:WALL-INNER
G1 F3000 E158.07491
G1 F1200 X160.67 Y132.63 E158.76818
G1 X101.73 Y132.63 E159.94439
G1 X101.73 Y167.37 E160.63767
G1 X160.67 Y167.37 E161.81388
M204 S10000
G0 F3600 X160.97 Y167.67
M204 S1000
G1 F1200 X160.97 Y132.33 E162.51913
G1 X101.43 Y132.33 E163.70731
G1 X101.43 Y167.67 E164.41256
G1 X160.97 Y167.67 E165.60074
M204 S10000
G0 F3600 X161.27 Y167.97
M204 S1000
G1 F1200 X161.27 Y132.03 E166.31797
G1 X101.13 Y132.03 E167.51812
G1 X101.13 Y167.97 E168.23535
G1 X161.27 Y167.97 E169.43551
M204 S10000
G0 F3600 X161.52 Y168.22
M204 S1000
;TYPE:WALL-OUTER
G1 F1200 X161.52 Y131.78 E170.1627
G1 X100.88 Y131.78 E171.37284
G1 X100.88 Y168.22 E172.10004
G1 X161.52 Y168.22 E173.31018
M204 S10000
G0 F3600 X161.52 Y168.02
G0 X161.27 Y168.02
G0 X160.62 Y167.1
G0 X160.4 Y167.1
M204 S1000
;TYPE:SKIN
G1 F1200 X102 Y167.1 E174.47561
G1 X102 Y132.9 E175.15811
G1 X160.4 Y132.9 E176.32355
G1 X160.4 Y167.1 E177.00604
M204 S10000
G1 F3000 E171.00604
G0 F3600 X160.62 Y167.1
G0 X160.62 Y133.097
G0 X160.25 Y133.097
M204 S1000
G1 F3000 E177.00604
G1 F1200 X160.202 Y133.049 E177.0074
M204 S10000
G0 F3600 X159.778 Y133.049
M204 S1000
G1 F1200 X160.25 Y133.521 E177.02072
M204 S10000
G0 F3600 X160.25 Y133.945
M204 S1000
G1 F1200 X159.354 Y133.049 E177.04601
M204 S10000
G0 F3600 X158.93 Y133.049
M204 S1000
G1 F1200 X160.25 Y134.37 E177.08327
M204 S10000
G0 F3600 X160.25 Y134.794
M204 S1000
G1 F1200 X158.505 Y133.049 E177.13252
M204 S10000
G0 F3600 X158.081 Y133.049
M204 S1000
G1 F1200 X160.25 Y135.218 E177.19374
M204 S10000
G0 F3600 X160.25 Y135.642
M204 S1000
G1 F1200 X157.657 Y133.049 E177.26692
M204 S10000
G0 F3600 X157.232 Y133.049
M204 S1000
G1 F1200 X160.25 Y136.067 E177.35209
M204 S10000
G0 F3600 X160.25 Y136.491
M204 S1000
G1 F1200 X156.808 Y133.049 E177.44923
M204 S10000
G0 F3600 X156.384 Y133.049
M204 S1000
G1 F1200 X160.25 Y136.915 E177.55834
M204 S10000
G0 F3600 X160.25 Y137.339
M204 S1000
G1 F1200 X155.96 Y133.049 E177.67941
M204 S10000
G0 F3600 X155.535 Y133.049
M204 S1000
G1 F1200 X160.25 Y137.764 E177.81248
M204 S10000
G0 F3600 X160.25 Y138.188
M204 S1000
G1 F1200 X155.111 Y133.049 E177.95751
M204 S10000
G0 F3600 X154.687 Y133.049
M204 S1000
G1 F1200 X160.25 Y138.612 E178.11451
M204 S10000
G0 F3600 X160.25 Y139.036
M204 S1000
G1 F1200 X154.263 Y133.049 E178.28348
M204 S10000
G0 F3600 X153.838 Y133.049
M204 S1000
G1 F1200 X160.25 Y139.461 E178.46444
M204 S10000
G0 F3600 X160.25 Y139.885
M204 S1000
G1 F1200 X153.414 Y133.049 E178.65736
M204 S10000
G0 F3600 X152.99 Y133.049
M204 S1000
G1 F1200 X160.25 Y140.309 E178.86226
M204 S10000
G0 F3600 X160.25 Y140.734
M204 S1000
G1 F1200 X152.566 Y133.049 E179.07913
M204 S10000
G0 F3600 X152.141 Y133.049
M204 S1000
G1 F1200 X160.25 Y141.158 E179.30798
M204 S10000
G0 F3600 X160.25 Y141.582
M204 S1000
G1 F1200 X151.717 Y133.049 E179.5488
M204 S10000
G0 F3600 X151.293 Y133.049
M204 S1000
G1 F1200 X160.25 Y142.006 E179.80159
M204 S10000
G0 F3600 X160.25 Y142.431
M204 S1000
G1 F1200 X150.869 Y133.049 E180.06636
M204 S10000
G0 F3600 X150.444 Y133.049
M204 S1000
G1 F1200 X160.25 Y142.855 E180.3431
M204 S10000
G0 F3600 X160.25 Y143.279
M204 S1000
G1 F1200 X150.02 Y133.049 E180.63182
M204 S10000
G0 F3600 X149.596 Y133.049
M204 S1000
G1 F1200 X160.25 Y143.703 E180.93249
M204 S10000
G0 F3600 X160.25 Y144.128
M204 S1000
G1 F1200 X149.171 Y133.049 E181.24517
M204 S10000
G0 F3600 X148.747 Y133.049
M204 S1000
G1 F1200 X160.25 Y144.552 E181.56981
M204 S10000
G0 F3600 X160.25 Y144.976
M204 S1000
G1 F1200 X148.323 Y133.049 E181.90641
M204 S10000
G0 F3600 X147.899 Y133.049
M204 S1000
G1 F1200 X160.25 Y145.4 E182.25498
M204 S10000
G0 F3600 X160.25 Y145.825
M204 S1000
G1 F1200 X147.474 Y133.049 E182.61555
M204 S10000
G0 F3600 X147.05 Y133.049
M204 S1000
G1 F1200 X160.25 Y146.249 E182.98808
M204 S10000
G0 F3600 X160.25 Y146.673
M204 S1000
G1 F1200 X146.626 Y133.049 E183.37258
M204 S10000
G0 F3600 X146.202 Y133.049
M204 S1000
G1 F1200 X160.25 Y147.098 E183.76906
M204 S10000
G0 F3600 X160.25 Y147.522
M204 S1000
G1 F1200 X145.777 Y133.049 E184.17752
M204 S10000
G0 F3600 X145.353 Y133.049
M204 S1000
G1 F1200 X160.25 Y147.946 E184.59795
M204 S10000
G0 F3600 X160.25 Y148.37
M204 S1000
G1 F1200 X144.929 Y133.049 E185.03034
M204 S10000
G0 F3600 X144.505 Y133.049
M204 S1000
G1 F1200 X160.25 Y148.795 E185.47471
M204 S10000
G0 F3600 X160.25 Y149.219
M204 S1000
G1 F1200 X144.08 Y133.049 E185.93106
M204 S10000
G0 F3600 X143.656 Y133.049
M204 S1000
G1 F1200 X160.25 Y149.643 E186.39938
M204 S10000
G0 F3600 X160.25 Y150.067
M204 S1000
G1 F1200 X143.232 Y133.049 E186.87967
M204 S10000
G0 F3600 X142.807 Y133.049
M204 S1000
G1 F1200 X160.25 Y150.492 E187.37194
M204 S10000
G0 F3600 X160.25 Y150.916
M204 S1000
G1 F1200 X142.383 Y133.049 E187.87619
M204 S10000
G0 F3600 X141.959 Y133.049
M204 S1000
G1 F1200 X160.25 Y151.34 E188.3924
M204 S10000
G0 F3600 X160.25 Y151.764
M204 S1000
G1 F1200 X141.535 Y133.049 E188.92058
M204 S10000
G0 F3600 X141.11 Y133.049
M204 S1000
G1 F1200 X160.25 Y152.189 E189.46075
M204 S10000
G0 F3600 X160.25 Y152.613
M204 S1000
G1 F1200 X140.686 Y133.049 E190.01289
M204 S10000
G0 F3600 X140.262 Y133.049
M204 S1000
G1 F1200 X160.25 Y153.037 E190.57699
M204 S10000
G0 F3600 X160.25 Y153.461
M204 S1000
G1 F1200 X139.838 Y133.049 E191.15307
M204 S10000
G0 F3600 X139.413 Y133.049
M204 S1000
G1 F1200 X160.25 Y153.886 E191.74113
M204 S10000
G0 F3600 X160.25 Y154.31
M204 S1000
G1 F1200 X138.989 Y133.049 E192.34116
M204 S10000
G0 F3600 X138.565 Y133.049
M204 S1000
G1 F1200 X160.25 Y154.734 E192.95316
M204 S10000
G0 F3600 X160.25 Y155.159
M204 S1000
G1 F1200 X138.141 Y133.049 E193.57714
M204 S10000
G0 F3600 X137.716 Y133.049
M204 S1000
G1 F1200 X160.25 Y155.583 E194.2131
M204 S10000
G0 F3600 X160.25 Y156.007
M204 S1000
G1 F1200 X137.292 Y133.049 E194.86102
M204 S10000
G0 F3600 X136.868 Y133.049
M204 S1000
G1 F1200 X160.25 Y156.431 E195.52091
M204 S10000
G0 F3600 X160.25 Y156.856
M204 S1000
G1 F1200 X136.444 Y133.049 E196.19278
M204 S10000
G0 F3600 X136.019 Y133.049
M204 S1000
G1 F1200 X160.25 Y157.28 E196.87663
M204 S10000
G0 F3600 X160.25 Y157.704
M204 S1000
G1 F1200 X135.595 Y133.049 E197.57245
M204 S10000
G0 F3600 X135.171 Y133.049
M204 S1000
G1 F1200 X160.25 Y158.128 E198.28023
M204 S10000
G0 F3600 X160.25 Y158.553
M204 S1000
G1 F1200 X134.746 Y133.049 E199.00001
M204 S10000
G0 F3600 X134.322 Y133.049
M204 S1000
G1 F1200 X160.25 Y158.977 E199.73176
M204 S10000
G0 F3600 X160.25 Y159.401
M204 S1000
G1 F1200 X133.898 Y133.049 E200.47547
M204 S10000
G0 F3600 X133.474 Y133.049
M204 S1000
G1 F1200 X160.25 Y159.825 E201.23114
M204 S10000
G0 F3600 X160.25 Y160.25
M204 S1000
G1 F1200 X133.049 Y133.049 E201.99881
M204 S10000
G0 F3600 X132.625 Y133.049
M204 S1000
G1 F1200 X160.25 Y160.674 E202.77845
M204 S10000
G0 F3600 X160.25 Y161.098
M204 S1000
G1 F1200 X132.201 Y133.049 E203.57005
M204 S10000
G0 F3600 X131.777 Y133.049
M204 S1000
G1 F1200 X160.25 Y161.522 E204.37362
M204 S10000
G0 F3600 X160.25 Y161.947
M204 S1000
G1 F1200 X131.352 Y133.049 E205.18919
M204 S10000
G0 F3600 X130.928 Y133.049
M204 S1000
G1 F1200 X160.25 Y162.371 E206.01672
M204 S10000
G0 F3600 X160.25 Y162.795
M204 S1000
G1 F1200 X130.504 Y133.049 E206.85621
M204 S10000
G0 F3600 X130.08 Y133.049
M204 S1000
G1 F1200 X160.25 Y163.22 E207.70769
M204 S10000
G0 F3600 X160.25 Y163.644
M204 S1000
G1 F1200 X129.655 Y133.049 E208.57115
M204 S10000
G0 F3600 X129.231 Y133.049
M204 S1000
G1 F1200 X160.25 Y164.068 E209.44657
M204 S10000
G0 F3600 X160.25 Y164.492
M204 S1000
G1 F1200 X128.807 Y133.049 E210.33396
M204 S10000
G0 F3600 X128.383 Y133.049
M204 S1000
G1 F1200 X160.25 Y164.917 E211.23333
M204 S10000
G0 F3600 X160.25 Y165.341
M204 S1000
G1 F1200 X127.958 Y133.049 E212.14468
M204 S10000
G0 F3600 X127.534 Y133.049
M204 S1000
G1 F1200 X160.25 Y165.765 E213.068
M204 S10000
G0 F3600 X160.25 Y166.189
M204 S1000
G1 F1200 X127.11 Y133.049 E214.00328
M204 S10000
G0 F3600 X126.685 Y133.049
M204 S1000
G1 F1200 X160.25 Y166.614 E214.95056
M204 S10000
G0 F3600 X160.161 Y166.949
M204 S1000
G1 F1200 X126.261 Y133.049 E215.90729
M204 S10000
G0 F3600 X125.837 Y133.049
M204 S1000
G1 F1200 X159.736 Y166.949 E216.864
M204 S10000
G0 F3600 X159.312 Y166.949
M204 S1000
G1 F1200 X125.413 Y133.049 E217.82072
M204 S10000
G0 F3600 X124.988 Y133.049
M204 S1000
G1 F1200 X158.888 Y166.949 E218.77745
M204 S10000
G0 F3600 X158.464 Y166.949
M204 S1000
G1 F1200 X124.564 Y133.049 E219.73418
M204 S10000
G0 F3600 X124.14 Y133.049
M204 S1000
G1 F1200 X158.039 Y166.949 E220.6909
M204 S10000
G0 F3600 X157.615 Y166.949
M204 S1000
G1 F1200 X123.716 Y133.049 E221.64762
M204 S10000
G0 F3600 X123.291 Y133.049
M204 S1000
G1 F1200 X157.191 Y166.949 E222.60435
M204 S10000
G0 F3600 X156.766 Y166.949
M204 S1000
G1 F1200 X122.867 Y133.049 E223.56107
M204 S10000
G0 F3600 X122.443 Y133.049
M204 S1000
G1 F1200 X156.342 Y166.949 E224.51778
M204 S10000
G0 F3600 X155.918 Y166.949
M204 S1000
G1 F1200 X122.019 Y133.049 E225.4745
M204 S10000
G0 F3600 X121.594 Y133.049
M204 S1000
G1 F1200 X155.494 Y166.949 E226.43123
M204 S10000
G0 F3600 X155.069 Y166.949
M204 S1000
G1 F1200 X121.17 Y133.049 E227.38795
M204 S10000
G0 F3600 X120.746 Y133.049
M204 S1000
G1 F1200 X154.645 Y166.949 E228.34467
M204 S10000
G0 F3600 X154.221 Y166.949
M204 S1000
G1 F1200 X120.321 Y133.049 E229.3014
M204 S10000
G0 F3600 X119.897 Y133.049
M204 S1000
G1 F1200 X153.797 Y166.949 E230.25813
M204 S10000
G0 F3600 X153.372 Y166.949
M204 S1000
G1 F1200 X119.473 Y133.049 E231.21485
M204 S10000
G0 F3600 X119.049 Y133.049
M204 S1000
G1 F1200 X152.948 Y166.949 E232.17156
M204 S10000
G0 F3600 X152.524 Y166.949
M204 S1000
G1 F1200 X118.624 Y133.049 E233.12829
M204 S10000
G0 F3600 X118.2 Y133.049
M204 S1000
G1 F1200 X152.1 Y166.949 E234.08502
M204 S10000
G0 F3600 X151.675 Y166.949
M204 S1000
G1 F1200 X117.776 Y133.049 E235.04174
M204 S10000
G0 F3600 X117.352 Y133.049
M204 S1000
G1 F1200 X151.251 Y166.949 E235.99846
M204 S10000
G0 F3600 X150.827 Y166.949
M204 S1000
G1 F1200 X116.927 Y133.049 E236.95519
M204 S10000
G0 F3600 X116.503 Y133.049
M204 S1000
G1 F1200 X150.403 Y166.949 E237.91192
M204 S10000
G0 F3600 X149.978 Y166.949
M204 S1000
G1 F1200 X116.079 Y133.049 E238.86864
M204 S10000
G0 F3600 X115.655 Y133.049
M204 S1000
G1 F1200 X149.554 Y166.949 E239.82536
M204 S10000
G0 F3600 X149.13 Y166.949
M204 S1000
G1 F1200 X115.23 Y133.049 E240.78209
M204 S10000
G0 F3600 X114.806 Y133.049
M204 S1000
G1 F1200 X148.705 Y166.949 E241.7388
M204 S10000
G0 F3600 X148.281 Y166.949
M204 S1000
G1 F1200 X114.382 Y133.049 E242.69552
M204 S10000
G0 F3600 X113.958 Y133.049
M204 S1000
G1 F1200 X147.857 Y166.949 E243.65224
M204 S10000
G0 F3600 X147.433 Y166.949
M204 S1000
G1 F1200 X113.533 Y133.049 E244.60897
M204 S10000
G0 F3600 X113.109 Y133.049
M204 S1000
G1 F1200 X147.008 Y166.949 E245.56569
M204 S10000
G0 F3600 X146.584 Y166.949
M204 S1000
G1 F1200 X112.685 Y133.049 E246.5224
M204 S10000
G0 F3600 X112.26 Y133.049
M204 S1000
G1 F1200 X146.16 Y166.949 E247.47914
M204 S10000
G0 F3600 X145.736 Y166.949
M204 S1000
G1 F1200 X111.836 Y133.049 E248.43587
M204 S10000
G0 F3600 X111.412 Y133.049
M204 S1000
G1 F1200 X145.311 Y166.949 E249.39258
M204 S10000
G0 F3600 X144.887 Y166.949
M204 S1000
G1 F1200 X110.988 Y133.049 E250.3493
M204 S10000
G0 F3600 X110.563 Y133.049
M204 S1000
G1 F1200 X144.463 Y166.949 E251.30603
M204 S10000
G0 F3600 X144.039 Y166.949
M204 S1000
G1 F1200 X110.139 Y133.049 E252.26276
M204 S10000
G0 F3600 X109.715 Y133.049
M204 S1000
G1 F1200 X143.614 Y166.949 E253.21948
M204 S10000
G0 F3600 X143.19 Y166.949
M204 S1000
G1 F1200 X109.291 Y133.049 E254.1762
M204 S10000
G0 F3600 X108.866 Y133.049
M204 S1000
G1 F1200 X142.766 Y166.949 E255.13293
M204 S10000
G0 F3600 X142.342 Y166.949
M204 S1000
G1 F1200 X108.442 Y133.049 E256.08966
M204 S10000
G0 F3600 X108.018 Y133.049
M204 S1000
G1 F1200 X141.917 Y166.949 E257.04638
M204 S10000
G0 F3600 X141.493 Y166.949
M204 S1000
G1 F1200 X107.594 Y133.049 E258.00309
M204 S10000
G0 F3600 X107.169 Y133.049
M204 S1000
G1 F1200 X141.069 Y166.949 E258.95983
M204 S10000
G0 F3600 X140.644 Y166.949
M204 S1000
G1 F1200 X106.745 Y133.049 E259.91654
M204 S10000
G0 F3600 X106.321 Y133.049
M204 S1000
G1 F1200 X140.22 Y166.949 E260.87326
M204 S10000
G0 F3600 X139.796 Y166.949
M204 S1000
G1 F1200 X105.897 Y133.049 E261.82998
M204 S10000
G0 F3600 X105.472 Y133.049
M204 S1000
G1 F1200 X139.372 Y166.949 E262.78671
M204 S10000
G0 F3600 X138.947 Y166.949
M204 S1000
G1 F1200 X105.048 Y133.049 E263.74343
M204 S10000
G0 F3600 X104.624 Y133.049
M204 S1000
G1 F1200 X138.523 Y166.949 E264.70014
M204 S10000
G0 F3600 X138.099 Y166.949
M204 S1000
G1 F1200 X104.199 Y133.049 E265.65687
M204 S10000
G0 F3600 X103.775 Y133.049
M204 S1000
G1 F1200 X137.675 Y166.949 E266.6136
M204 S10000
G0 F3600 X137.25 Y166.949
M204 S1000
G1 F1200 X103.351 Y133.049 E267.57032
M204 S10000
G0 F3600 X102.927 Y133.049
M204 S1000
G1 F1200 X136.826 Y166.949 E268.52704
M204 S10000
G0 F3600 X136.402 Y166.949
M204 S1000
G1 F1200 X102.502 Y133.049 E269.48377
M204 S10000
G0 F3600 X102.15 Y133.121
M204 S1000
G1 F1200 X135.978 Y166.949 E270.43847
M204 S10000
G0 F3600 X135.553 Y166.949
M204 S1000
G1 F1200 X102.15 Y133.545 E271.38119
M204 S10000
G0 F3600 X102.15 Y133.969
M204 S1000
G1 F1200 X135.129 Y166.949 E272.31194
M204 S10000
G0 F3600 X134.705 Y166.949
M204 S1000
G1 F1200 X102.15 Y134.394 E273.23071
M204 S10000
G0 F3600 X102.15 Y134.818
M204 S1000
G1 F1200 X134.28 Y166.949 E274.13751
M204 S10000
G0 F3600 X133.856 Y166.949
M204 S1000
G1 F1200 X102.15 Y135.242 E275.03233
M204 S10000
G0 F3600 X102.15 Y135.666
M204 S1000
G1 F1200 X133.432 Y166.949 E275.91519
M204 S10000
G0 F3600 X133.008 Y166.949
M204 S1000
G1 F1200 X102.15 Y136.091 E276.78607
M204 S10000
G0 F3600 X102.15 Y136.515
M204 S1000
G1 F1200 X132.583 Y166.949 E277.64497
M204 S10000
G0 F3600 X132.159 Y166.949
M204 S1000
G1 F1200 X102.15 Y136.939 E278.4919
M204 S10000
G0 F3600 X102.15 Y137.363
M204 S1000
G1 F1200 X131.735 Y166.949 E279.32687
M204 S10000
G0 F3600 X131.311 Y166.949
M204 S1000
G1 F1200 X102.15 Y137.788 E280.14986
M204 S10000
G0 F3600 X102.15 Y138.212
M204 S1000
G1 F1200 X130.886 Y166.949 E280.96086
M204 S10000
G0 F3600 X130.462 Y166.949
M204 S1000
G1 F1200 X102.15 Y138.636 E281.7599
M204 S10000
G0 F3600 X102.15 Y139.061
M204 S1000
G1 F1200 X130.038 Y166.949 E282.54696
M204 S10000
G0 F3600 X129.614 Y166.949
M204 S1000
G1 F1200 X102.15 Y139.485 E283.32206
M204 S10000
G0 F3600 X102.15 Y139.909
M204 S1000
G1 F1200 X129.189 Y166.949 E284.08517
M204 S10000
G0 F3600 X128.765 Y166.949
M204 S1000
G1 F1200 X102.15 Y140.333 E284.83632
M204 S10000
G0 F3600 X102.15 Y140.758
M204 S1000
G1 F1200 X128.341 Y166.949 E285.57548
M204 S10000
G0 F3600 X127.917 Y166.949
M204 S1000
G1 F1200 X102.15 Y141.182 E286.30268
M204 S10000
G0 F3600 X102.15 Y141.606
M204 S1000
G1 F1200 X127.492 Y166.949 E287.0179
M204 S10000
G0 F3600 X127.068 Y166.949
M204 S1000
G1 F1200 X102.15 Y142.03 E287.72116
M204 S10000
G0 F3600 X102.15 Y142.455
M204 S1000
G1 F1200 X126.644 Y166.949 E288.41243
M204 S10000
G0 F3600 X126.219 Y166.949
M204 S1000
G1 F1200 X102.15 Y142.879 E289.09172
M204 S10000
G0 F3600 X102.15 Y143.303
M204 S1000
G1 F1200 X125.795 Y166.949 E289.75905
M204 S10000
G0 F3600 X125.371 Y166.949
M204 S1000
G1 F1200 X102.15 Y143.727 E290.41441
M204 S10000
G0 F3600 X102.15 Y144.152
M204 S1000
G1 F1200 X124.947 Y166.949 E291.05779
M204 S10000
G0 F3600 X124.522 Y166.949
M204 S1000
G1 F1200 X102.15 Y144.576 E291.68919
M204 S10000
G0 F3600 X102.15 Y145
M204 S1000
G1 F1200 X124.098 Y166.949 E292.30863
M204 S10000
G0 F3600 X123.674 Y166.949
M204 S1000
G1 F1200 X102.15 Y145.424 E292.91609
M204 S10000
G0 F3600 X102.15 Y145.849
M204 S1000
G1 F1200 X123.25 Y166.949 E293.51158
M204 S10000
G0 F3600 X122.825 Y166.949
M204 S1000
G1 F1200 X102.15 Y146.273 E294.09509
M204 S10000
G0 F3600 X102.15 Y146.697
M204 S1000
G1 F1200 X122.401 Y166.949 E294.66663
M204 S10000
G0 F3600 X121.977 Y166.949
M204 S1000
G1 F1200 X102.15 Y147.122 E295.22619
M204 S10000
G0 F3600 X102.15 Y147.546
M204 S1000
G1 F1200 X121.553 Y166.949 E295.77379
M204 S10000
G0 F3600 X121.128 Y166.949
M204 S1000
G1 F1200 X102.15 Y147.97 E296.3094
M204 S10000
G0 F3600 X102.15 Y148.394
M204 S1000
G1 F1200 X120.704 Y166.949 E296.83305
M204 S10000
G0 F3600 X120.28 Y166.949
M204 S1000
G1 F1200 X102.15 Y148.819 E297.34472
M204 S10000
G0 F3600 X102.15 Y149.243
M204 S1000
G1 F1200 X119.856 Y166.949 E297.84442
M204 S10000
G0 F3600 X119.431 Y166.949
M204 S1000
G1 F1200 X102.15 Y149.667 E298.33214
M204 S10000
G0 F3600 X102.15 Y150.091
M204 S1000
G1 F1200 X119.007 Y166.949 E298.80789
M204 S10000
G0 F3600 X118.583 Y166.949
M204 S1000
G1 F1200 X102.15 Y150.516 E299.27167
M204 S10000
G0 F3600 X102.15 Y150.94
M204 S1000
G1 F1200 X118.158 Y166.949 E299.72346
M204 S10000
G0 F3600 X117.734 Y166.949
M204 S1000
G1 F1200 X102.15 Y151.364 E300.16329
M204 S10000
G0 F3600 X102.15 Y151.788
M204 S1000
G1 F1200 X117.31 Y166.949 E300.59115
M204 S10000
G0 F3600 X116.886 Y166.949
M204 S1000
G1 F1200 X102.15 Y152.213 E301.00703
M204 S10000
G0 F3600 X102.15 Y152.637
M204 S1000
G1 F1200 X116.461 Y166.949 E301.41094
M204 S10000
G0 F3600 X116.037 Y166.949
M204 S1000
G1 F1200 X102.15 Y153.061 E301.80287
M204 S10000
G0 F3600 X102.15 Y153.486
M204 S1000
G1 F1200 X115.613 Y166.949 E302.18283
M204 S10000
G0 F3600 X115.189 Y166.949
M204 S1000
G1 F1200 X102.15 Y153.91 E302.55081
M204 S10000
G0 F3600 X102.15 Y154.334
M204 S1000
G1 F1200 X114.764 Y166.949 E302.90682
M204 S10000
G0 F3600 X114.34 Y166.949
M204 S1000
G1 F1200 X102.15 Y154.758 E303.25087
M204 S10000
G0 F3600 X102.15 Y155.183
M204 S1000
G1 F1200 X113.916 Y166.949 E303.58293
M204 S10000
G0 F3600 X113.492 Y166.949
M204 S1000
G1 F1200 X102.15 Y155.607 E303.90302
M204 S10000
G0 F3600 X102.15 Y156.031
M204 S1000
G1 F1200 X113.067 Y166.949 E304.21114
M204 S10000
G0 F3600 X112.643 Y166.949
M204 S1000
G1 F1200 X102.15 Y156.455 E304.50729
M204 S10000
G0 F3600 X102.15 Y156.88
M204 S1000
G1 F1200 X112.219 Y166.949 E304.79146
M204 S10000
G0 F3600 X111.794 Y166.949
M204 S1000
G1 F1200 X102.15 Y157.304 E305.06365
M204 S10000
G0 F3600 X102.15 Y157.728
M204 S1000
G1 F1200 X111.37 Y166.949 E305.32387
M204 S10000
G0 F3600 X110.946 Y166.949
M204 S1000
G1 F1200 X102.15 Y158.152 E305.57212
M204 S10000
G0 F3600 X102.15 Y158.577
M204 S1000
G1 F1200 X110.522 Y166.949 E305.8084
M204 S10000
G0 F3600 X110.097 Y166.949
M204 S1000
G1 F1200 X102.15 Y159.001 E306.0327
M204 S10000
G0 F3600 X102.15 Y159.425
M204 S1000
G1 F1200 X109.673 Y166.949 E306.24503
M204 S10000
G0 F3600 X109.249 Y166.949
M204 S1000
G1 F1200 X102.15 Y159.849 E306.44539
M204 S10000
G0 F3600 X102.15 Y160.274
M204 S1000
G1 F1200 X108.825 Y166.949 E306.63377
M204 S10000
G0 F3600 X108.4 Y166.949
M204 S1000
G1 F1200 X102.15 Y160.698 E306.81017
M204 S10000
G0 F3600 X102.15 Y161.122
M204 S1000
G1 F1200 X107.976 Y166.949 E306.97461
M204 S10000
G0 F3600 X107.552 Y166.949
M204 S1000
G1 F1200 X102.15 Y161.547 E307.12707
M204 S10000
G0 F3600 X102.15 Y161.971
M204 S1000
G1 F1200 X107.128 Y166.949 E307.26756
M204 S10000
G0 F3600 X106.703 Y166.949
M204 S1000
G1 F1200 X102.15 Y162.395 E307.39607
M204 S10000
G0 F3600 X102.15 Y162.819
M204 S1000
G1 F1200 X106.279 Y166.949 E307.51261
M204 S10000
G0 F3600 X105.855 Y166.949
M204 S1000
G1 F1200 X102.15 Y163.244 E307.61717
M204 S10000
G0 F3600 X102.15 Y163.668
M204 S1000
G1 F1200 X105.431 Y166.949 E307.70977
M204 S10000
G0 F3600 X105.006 Y166.949
M204 S1000
G1 F1200 X102.15 Y164.092 E307.79039
M204 S10000
G0 F3600 X102.15 Y164.516
M204 S1000
G1 F1200 X104.582 Y166.949 E307.85904
M204 S10000
G0 F3600 X104.158 Y166.949
M204 S1000
G1 F1200 X102.15 Y164.941 E307.91571
M204 S10000
G0 F3600 X102.15 Y165.365
M204 S1000
G1 F1200 X103.733 Y166.949 E307.9604
M204 S10000
G0 F3600 X103.309 Y166.949
M204 S1000
G1 F1200 X102.15 Y165.789 E307.99312
M204 S10000
G0 F3600 X102.15 Y166.213
M204 S1000
G1 F1200 X102.885 Y166.949 E308.01388
M204 S10000
G0 F3600 X102.461 Y166.949
M204 S1000
G1 F1200 X102.15 Y166.638 E308.02265
M204 S10000
G0 F3600 X101.73 Y166.638
G1 F3000 E302.02265
;MESH:Bottom_panel_x3.stl(1)
G0 F3600 X101.852 Y167.248
G0 X160.67 Y168.05
G0 X160.52 Y171.281
G0 X160.67 Y205.871
M204 S1000
;TYPE:WALL-INNER
G1 F3000 E308.02265
G1 F1200 X160.67 Y171.131 E308.71593
G1 X101.73 Y171.131 E309.89214
G1 X101.73 Y205.871 E310.58541
G1 X160.67 Y205.871 E311.76163
M204 S10000
G0 F3600 X160.97 Y206.171
M204 S1000
G1 F1200 X160.97 Y170.831 E312.46687
G1 X101.43 Y170.831 E313.65506
G1 X101.43 Y206.171 E314.36031
G1 X160.97 Y206.171 E315.54849
M204 S10000
G0 F3600 X161.27 Y206.471
M204 S1000
G1 F1200 X161.27 Y170.531 E316.26571
G1 X101.13 Y170.531 E317.46587
G1 X101.13 Y206.471 E318.18309
G1 X161.27 Y206.471 E319.38325
M204 S10000
G0 F3600 X161.52 Y206.721
M204 S1000
;TYPE:WALL-OUTER
G1 F1200 X161.52 Y170.281 E320.11045
G1 X100.88 Y170.281 E321.32059
G1 X100.88 Y206.721 E322.04779
G1 X161.52 Y206.721 E323.25792
M204 S10000
G0 F3600 X161.52 Y206.521
G0 X161.27 Y206.521
G0 X160.62 Y205.601
G0 X160.4 Y205.601
M204 S1000
;TYPE:SKIN
G1 F1200 X102 Y205.601 E324.42336
G1 X102 Y171.401 E325.10586
G1 X160.4 Y171.401 E326.27129
G1 X160.4 Y205.601 E326.95379
M204 S10000
G1 F3000 E320.95379
G0 F3600 X160.62 Y205.601
G0 X160.62 Y171.705
G0 X160.25 Y171.705
M204 S1000
G1 F3000 E326.95379
G1 F1200 X160.095 Y171.55 E326.95817
M204 S10000
G0 F3600 X159.671 Y171.55
M204 S1000
G1 F1200 X160.25 Y172.129 E326.97451
M204 S10000
G0 F3600 X160.25 Y172.553
M204 S1000
G1 F1200 X159.246 Y171.55 E327.00283
M204 S10000
G0 F3600 X158.822 Y171.55
M204 S1000
G1 F1200 X160.25 Y172.978 E327.04313
M204 S10000
G0 F3600 X160.25 Y173.402
M204 S1000
G1 F1200 X158.398 Y171.55 E327.0954
M204 S10000
G0 F3600 X157.974 Y171.55
M204 S1000
G1 F1200 X160.25 Y173.826 E327.15963
M204 S10000
G0 F3600 X160.25 Y174.25
M204 S1000
G1 F1200 X157.549 Y171.55 E327.23584
M204 S10000
G0 F3600 X157.125 Y171.55
M204 S1000
G1 F1200 X160.25 Y174.675 E327.32404
M204 S10000
G0 F3600 X160.25 Y175.099
M204 S1000
G1 F1200 X156.701 Y171.55 E327.4242
M204 S10000
G0 F3600 X156.276 Y171.55
M204 S1000
G1 F1200 X160.25 Y175.523 E327.53634
M204 S10000
G0 F3600 X160.25 Y175.947
M204 S1000
G1 F1200 X155.852 Y171.55 E327.66045
M204 S10000
G0 F3600 X155.428 Y171.55
M204 S1000
G1 F1200 X160.25 Y176.372 E327.79653
M204 S10000
G0 F3600 X160.25 Y176.796
M204 S1000
G1 F1200 X155.004 Y171.55 E327.94459
M204 S10000
G0 F3600 X154.579 Y171.55
M204 S1000
G1 F1200 X160.25 Y177.22 E328.10462
M204 S10000
G0 F3600 X160.25 Y177.645
M204 S1000
G1 F1200 X154.155 Y171.55 E328.27663
M204 S10000
G0 F3600 X153.731 Y171.55
M204 S1000
G1 F1200 X160.25 Y178.069 E328.46061
M204 S10000
G0 F3600 X160.25 Y178.493
M204 S1000
G1 F1200 X153.307 Y171.55 E328.65656
M204 S10000
G0 F3600 X152.882 Y171.55
M204 S1000
G1 F1200 X160.25 Y178.917 E328.86449
M204 S10000
G0 F3600 X160.25 Y179.342
M204 S1000
G1 F1200 X152.458 Y171.55 E329.08439
M204 S10000
G0 F3600 X152.034 Y171.55
M204 S1000
G1 F1200 X160.25 Y179.766 E329.31627
M204 S10000
G0 F3600 X160.25 Y180.19
M204 S1000
G1 F1200 X151.61 Y171.55 E329.56011
M204 S10000
G0 F3600 X151.185 Y171.55
M204 S1000
G1 F1200 X160.25 Y180.614 E329.81593
M204 S10000
G0 F3600 X160.25 Y181.039
M204 S1000
G1 F1200 X150.761 Y171.55 E330.08373
M204 S10000
G0 F3600 X150.337 Y171.55
M204 S1000
G1 F1200 X160.25 Y181.463 E330.36349
M204 S10000
G0 F3600 X160.25 Y181.887
M204 S1000
G1 F1200 X149.913 Y171.55 E330.65523
M204 S10000
G0 F3600 X149.488 Y171.55
M204 S1000
G1 F1200 X160.25 Y182.311 E330.95894
M204 S10000
G0 F3600 X160.25 Y182.736
M204 S1000
G1 F1200 X149.064 Y171.55 E331.27463
M204 S10000
G0 F3600 X148.64 Y171.55
M204 S1000
G1 F1200 X160.25 Y183.16 E331.60229
M204 S10000
G0 F3600 X160.25 Y183.584
M204 S1000
G1 F1200 X148.215 Y171.55 E331.94193
M204 S10000
G0 F3600 X147.791 Y171.55
M204 S1000
G1 F1200 X160.25 Y184.008 E332.29354
M204 S10000
G0 F3600 X160.25 Y184.433
M204 S1000
G1 F1200 X147.367 Y171.55 E332.65712
M204 S10000
G0 F3600 X146.943 Y171.55
M204 S1000
G1 F1200 X160.25 Y184.857 E333.03268
M204 S10000
G0 F3600 X160.25 Y185.281
M204 S1000
G1 F1200 X146.518 Y171.55 E333.42021
M204 S10000
G0 F3600 X146.094 Y171.55
M204 S1000
G1 F1200 X160.25 Y185.706 E333.81972
M204 S10000
G0 F3600 X160.25 Y186.13
M204 S1000
G1 F1200 X145.67 Y171.55 E334.2312
M204 S10000
G0 F3600 X145.246 Y171.55
M204 S1000
G1 F1200 X160.25 Y186.554 E334.65464
M204 S10000
G0 F3600 X160.25 Y186.978
M204 S1000
G1 F1200 X144.821 Y171.55 E335.09007
M204 S10000
G0 F3600 X144.397 Y171.55
M204 S1000
G1 F1200 X160.25 Y187.403 E335.53748
M204 S10000
G0 F3600 X160.25 Y187.827
M204 S1000
G1 F1200 X143.973 Y171.55 E335.99685
M204 S10000
G0 F3600 X143.549 Y171.55
M204 S1000
G1 F1200 X160.25 Y188.251 E336.46819
M204 S10000
G0 F3600 X160.25 Y188.675
M204 S1000
G1 F1200 X143.124 Y171.55 E336.95151
M204 S10000
G0 F3600 X142.7 Y171.55
M204 S1000
G1 F1200 X160.25 Y189.1 E337.4468
M204 S10000
G0 F3600 X160.25 Y189.524
M204 S1000
G1 F1200 X142.276 Y171.55 E337.95407
M204 S10000
G0 F3600 X141.851 Y171.55
M204 S1000
G1 F1200 X160.25 Y189.948 E338.47331
M204 S10000
G0 F3600 X160.25 Y190.372
M204 S1000
G1 F1200 X141.427 Y171.55 E339.00453
M204 S10000
G0 F3600 X141.003 Y171.55
M204 S1000
G1 F1200 X160.25 Y190.797 E339.54772
M204 S10000
G0 F3600 X160.25 Y191.221
M204 S1000
G1 F1200 X140.579 Y171.55 E340.10288
M204 S10000
G0 F3600 X140.154 Y171.55
M204 S1000
G1 F1200 X160.25 Y191.645 E340.67002
M204 S10000
G0 F3600 X160.25 Y192.07
M204 S1000
G1 F1200 X139.73 Y171.55 E341.24913
M204 S10000
G0 F3600 X139.306 Y171.55
M204 S1000
G1 F1200 X160.25 Y192.494 E341.84022
M204 S10000
G0 F3600 X160.25 Y192.918
M204 S1000
G1 F1200 X138.882 Y171.55 E342.44327
M204 S10000
G0 F3600 X138.457 Y171.55
M204 S1000
G1 F1200 X160.25 Y193.342 E343.0583
M204 S10000
G0 F3600 X160.25 Y193.767
M204 S1000
G1 F1200 X138.033 Y171.55 E343.68531
M204 S10000
G0 F3600 X137.609 Y171.55
M204 S1000
G1 F1200 X160.25 Y194.191 E344.32429
M204 S10000
G0 F3600 X160.25 Y194.615
M204 S1000
G1 F1200 X137.185 Y171.55 E344.97524
M204 S10000
G0 F3600 X136.76 Y171.55
M204 S1000
G1 F1200 X160.25 Y195.039 E345.63816
M204 S10000
G0 F3600 X160.25 Y195.464
M204 S1000
G1 F1200 X136.336 Y171.55 E346.31306
M204 S10000
G0 F3600 X135.912 Y171.55
M204 S1000
G1 F1200 X160.25 Y195.888 E346.99994
M204 S10000
G0 F3600 X160.25 Y196.312
M204 S1000
G1 F1200 X135.488 Y171.55 E347.69877
M204 S10000
G0 F3600 X135.063 Y171.55
M204 S1000
G1 F1200 X160.25 Y196.736 E348.40959
M204 S10000
G0 F3600 X160.25 Y197.161
M204 S1000
G1 F1200 X134.639 Y171.55 E349.13239
M204 S10000
G0 F3600 X134.215 Y171.55
M204 S1000
G1 F1200 X160.25 Y197.585 E349.86715
M204 S10000
G0 F3600 X160.25 Y198.009
M204 S1000
G1 F1200 X133.79 Y171.55 E350.6139
M204 S10000
G0 F3600 X133.366 Y171.55
M204 S1000
G1 F1200 X160.25 Y198.433 E351.37261
M204 S10000
G0 F3600 X160.25 Y198.858
M204 S1000
G1 F1200 X132.942 Y171.55 E352.1433
M204 S10000
G0 F3600 X132.518 Y171.55
M204 S1000
G1 F1200 X160.25 Y199.282 E352.92595
M204 S10000
G0 F3600 X160.25 Y199.706
M204 S1000
G1 F1200 X132.093 Y171.55 E353.72059
M204 S10000
G0 F3600 X131.669 Y171.55
M204 S1000
G1 F1200 X160.25 Y200.131 E354.52721
M204 S10000
G0 F3600 X160.25 Y200.555
M204 S1000
G1 F1200 X131.245 Y171.55 E355.34579
M204 S10000
G0 F3600 X130.821 Y171.55
M204 S1000
G1 F1200 X160.25 Y200.979 E356.17634
M204 S10000
G0 F3600 X160.25 Y201.403
M204 S1000
G1 F1200 X130.396 Y171.55 E357.01887
M204 S10000
G0 F3600 X129.972 Y171.55
M204 S1000
G1 F1200 X160.25 Y201.828 E357.87338
M204 S10000
G0 F3600 X160.25 Y202.252
M204 S1000
G1 F1200 X129.548 Y171.55 E358.73986
M204 S10000
G0 F3600 X129.124 Y171.55
M204 S1000
G1 F1200 X160.25 Y202.676 E359.6183
M204 S10000
G0 F3600 X160.25 Y203.1
M204 S1000
G1 F1200 X128.699 Y171.55 E360.50873
M204 S10000
G0 F3600 X128.275 Y171.55
M204 S1000
G1 F1200 X160.25 Y203.525 E361.41113
M204 S10000
G0 F3600 X160.25 Y203.949
M204 S1000
G1 F1200 X127.851 Y171.55 E362.3255
M204 S10000
G0 F3600 X127.427 Y171.55
M204 S1000
G1 F1200 X160.25 Y204.373 E363.25184
M204 S10000
G0 F3600 X160.25 Y204.797
M204 S1000
G1 F1200 X127.002 Y171.55 E364.19015
M204 S10000
G0 F3600 X126.578 Y171.55
M204 S1000
G1 F1200 X160.25 Y205.222 E365.14045
M204 S10000
G0 F3600 X160.053 Y205.449
M204 S1000
G1 F1200 X126.154 Y171.55 E366.09715
M204 S10000
G0 F3600 X125.729 Y171.55
M204 S1000
G1 F1200 X159.629 Y205.449 E367.05387
M204 S10000
G0 F3600 X159.205 Y205.449
M204 S1000
G1 F1200 X125.305 Y171.55 E368.01059
M204 S10000
G0 F3600 X124.881 Y171.55
M204 S1000
G1 F1200 X158.78 Y205.449 E368.96729
M204 S10000
G0 F3600 X158.356 Y205.449
M204 S1000
G1 F1200 X124.457 Y171.55 E369.92399
M204 S10000
G0 F3600 X124.032 Y171.55
M204 S1000
G1 F1200 X157.932 Y205.449 E370.88071
M204 S10000
G0 F3600 X157.508 Y205.449
M204 S1000
G1 F1200 X123.608 Y171.55 E371.83743
M204 S10000
G0 F3600 X123.184 Y171.55
M204 S1000
G1 F1200 X157.083 Y205.449 E372.79413
M204 S10000
G0 F3600 X156.659 Y205.449
M204 S1000
G1 F1200 X122.76 Y171.55 E373.75083
M204 S10000
G0 F3600 X122.335 Y171.55
M204 S1000
G1 F1200 X156.235 Y205.449 E374.70755
M204 S10000
G0 F3600 X155.81 Y205.449
M204 S1000
G1 F1200 X121.911 Y171.55 E375.66425
M204 S10000
G0 F3600 X121.487 Y171.55
M204 S1000
G1 F1200 X155.386 Y205.449 E376.62096
M204 S10000
G0 F3600 X154.962 Y205.449
M204 S1000
G1 F1200 X121.063 Y171.55 E377.57766
M204 S10000
G0 F3600 X120.638 Y171.55
M204 S1000
G1 F1200 X154.538 Y205.449 E378.53438
M204 S10000
G0 F3600 X154.113 Y205.449
M204 S1000
G1 F1200 X120.214 Y171.55 E379.49108
M204 S10000
G0 F3600 X119.79 Y171.55
M204 S1000
G1 F1200 X153.689 Y205.449 E380.44778
M204 S10000
G0 F3600 X153.265 Y205.449
M204 S1000
G1 F1200 X119.365 Y171.55 E381.4045
M204 S10000
G0 F3600 X118.941 Y171.55
M204 S1000
G1 F1200 X152.841 Y205.449 E382.36122
M204 S10000
G0 F3600 X152.416 Y205.449
M204 S1000
G1 F1200 X118.517 Y171.55 E383.31792
M204 S10000
G0 F3600 X118.093 Y171.55
M204 S1000
G1 F1200 X151.992 Y205.449 E384.27462
M204 S10000
G0 F3600 X151.568 Y205.449
M204 S1000
G1 F1200 X117.668 Y171.55 E385.23134
M204 S10000
G0 F3600 X117.244 Y171.55
M204 S1000
G1 F1200 X151.144 Y205.449 E386.18806
M204 S10000
G0 F3600 X150.719 Y205.449
M204 S1000
G1 F1200 X116.82 Y171.55 E387.14476
M204 S10000
G0 F3600 X116.396 Y171.55
M204 S1000
G1 F1200 X150.295 Y205.449 E388.10146
M204 S10000
G0 F3600 X149.871 Y205.449
M204 S1000
G1 F1200 X115.971 Y171.55 E389.05818
M204 S10000
G0 F3600 X115.547 Y171.55
M204 S1000
G1 F1200 X149.447 Y205.449 E390.0149
M204 S10000
G0 F3600 X149.022 Y205.449
M204 S1000
G1 F1200 X115.123 Y171.55 E390.9716
M204 S10000
G0 F3600 X114.699 Y171.55
M204 S1000
G1 F1200 X148.598 Y205.449 E391.9283
M204 S10000
G0 F3600 X148.174 Y205.449
M204 S1000
G1 F1200 X114.274 Y171.55 E392.88502
M204 S10000
G0 F3600 X113.85 Y171.55
M204 S1000
G1 F1200 X147.749 Y205.449 E393.84172
M204 S10000
G0 F3600 X147.325 Y205.449
M204 S1000
G1 F1200 X113.426 Y171.55 E394.79843
M204 S10000
G0 F3600 X113.002 Y171.55
M204 S1000
G1 F1200 X146.901 Y205.449 E395.75513
M204 S10000
G0 F3600 X146.477 Y205.449
M204 S1000
G1 F1200 X112.577 Y171.55 E396.71185
M204 S10000
G0 F3600 X112.153 Y171.55
M204 S1000
G1 F1200 X146.052 Y205.449 E397.66855
M204 S10000
G0 F3600 X145.628 Y205.449
M204 S1000
G1 F1200 X111.729 Y171.55 E398.62525
M204 S10000
G0 F3600 X111.304 Y171.55
M204 S1000
G1 F1200 X145.204 Y205.449 E399.58197
M204 S10000
G0 F3600 X144.78 Y205.449
M204 S1000
G1 F1200 X110.88 Y171.55 E400.53869
M204 S10000
G0 F3600 X110.456 Y171.55
M204 S1000
G1 F1200 X144.355 Y205.449 E401.49539
M204 S10000
G0 F3600 X143.931 Y205.449
M204 S1000
G1 F1200 X110.032 Y171.55 E402.45209
M204 S10000
G0 F3600 X109.607 Y171.55
M204 S1000
G1 F1200 X143.507 Y205.449 E403.40881
M204 S10000
G0 F3600 X143.083 Y205.449
M204 S1000
G1 F1200 X109.183 Y171.55 E404.36553
M204 S10000
G0 F3600 X108.759 Y171.55
M204 S1000
G1 F1200 X142.658 Y205.449 E405.32223
M204 S10000
G0 F3600 X142.234 Y205.449
M204 S1000
G1 F1200 X108.335 Y171.55 E406.27893
M204 S10000
G0 F3600 X107.91 Y171.55
M204 S1000
G1 F1200 X141.81 Y205.449 E407.23565
M204 S10000
G0 F3600 X141.386 Y205.449
M204 S1000
G1 F1200 X107.486 Y171.55 E408.19237
M204 S10000
G0 F3600 X107.062 Y171.55
M204 S1000
G1 F1200 X140.961 Y205.449 E409.14907
M204 S10000
G0 F3600 X140.537 Y205.449
M204 S1000
G1 F1200 X106.638 Y171.55 E410.10577
M204 S10000
G0 F3600 X106.213 Y171.55
M204 S1000
G1 F1200 X140.113 Y205.449 E411.06249
M204 S10000
G0 F3600 X139.688 Y205.449
M204 S1000
G1 F1200 X105.789 Y171.55 E412.01919
M204 S10000
G0 F3600 X105.365 Y171.55
M204 S1000
G1 F1200 X139.264 Y205.449 E412.9759
M204 S10000
G0 F3600 X138.84 Y205.449
M204 S1000
G1 F1200 X104.941 Y171.55 E413.9326
M204 S10000
G0 F3600 X104.516 Y171.55
M204 S1000
G1 F1200 X138.416 Y205.449 E414.88932
M204 S10000
G0 F3600 X137.991 Y205.449
M204 S1000
G1 F1200 X104.092 Y171.55 E415.84602
M204 S10000
G0 F3600 X103.668 Y171.55
M204 S1000
G1 F1200 X137.567 Y205.449 E416.80272
M204 S10000
G0 F3600 X137.143 Y205.449
M204 S1000
G1 F1200 X103.243 Y171.55 E417.75944
M204 S10000
G0 F3600 X102.819 Y171.55
M204 S1000
G1 F1200 X136.719 Y205.449 E418.71616
M204 S10000
G0 F3600 X136.294 Y205.449
M204 S1000
G1 F1200 X102.395 Y171.55 E419.67286
M204 S10000
G0 F3600 X102.15 Y171.729
M204 S1000
G1 F1200 X135.87 Y205.449 E420.62451
M204 S10000
G0 F3600 X135.446 Y205.449
M204 S1000
G1 F1200 X102.15 Y172.153 E421.5642
M204 S10000
G0 F3600 X102.15 Y172.577
M204 S1000
G1 F1200 X135.022 Y205.449 E422.49191
M204 S10000
G0 F3600 X134.597 Y205.449
M204 S1000
G1 F1200 X102.15 Y173.002 E423.40764
M204 S10000
G0 F3600 X102.15 Y173.426
M204 S1000
G1 F1200 X134.173 Y205.449 E424.3114
M204 S10000
G0 F3600 X133.749 Y205.449
M204 S1000
G1 F1200 X102.15 Y173.85 E425.20319
M204 S10000
G0 F3600 X102.15 Y174.274
M204 S1000
G1 F1200 X133.324 Y205.449 E426.083
M204 S10000
G0 F3600 X132.9 Y205.449
M204 S1000
G1 F1200 X102.15 Y174.699 E426.95083
M204 S10000
G0 F3600 X102.15 Y175.123
M204 S1000
G1 F1200 X132.476 Y205.449 E427.8067
M204 S10000
G0 F3600 X132.052 Y205.449
M204 S1000
G1 F1200 X102.15 Y175.547 E428.6506
M204 S10000
G0 F3600 X102.15 Y175.972
M204 S1000
G1 F1200 X131.627 Y205.449 E429.4825
M204 S10000
G0 F3600 X131.203 Y205.449
M204 S1000
G1 F1200 X102.15 Y176.396 E430.30244
M204 S10000
G0 F3600 X102.15 Y176.82
M204 S1000
G1 F1200 X130.779 Y205.449 E431.11041
M204 S10000
G0 F3600 X130.355 Y205.449
M204 S1000
G1 F1200 X102.15 Y177.244 E431.90642
M204 S10000
G0 F3600 X102.15 Y177.669
M204 S1000
G1 F1200 X129.93 Y205.449 E432.69043
M204 S10000
G0 F3600 X129.506 Y205.449
M204 S1000
G1 F1200 X102.15 Y178.093 E433.46247
M204 S10000
G0 F3600 X102.15 Y178.517
M204 S1000
G1 F1200 X129.082 Y205.449 E434.22255
M204 S10000
G0 F3600 X128.658 Y205.449
M204 S1000
G1 F1200 X102.15 Y178.941 E434.97067
M204 S10000
G0 F3600 X102.15 Y179.366
M204 S1000
G1 F1200 X128.233 Y205.449 E435.70679
M204 S10000
G0 F3600 X127.809 Y205.449
M204 S1000
G1 F1200 X102.15 Y179.79 E436.43094
M204 S10000
G0 F3600 X102.15 Y180.214
M204 S1000
G1 F1200 X127.385 Y205.449 E437.14312
M204 S10000
G0 F3600 X126.961 Y205.449
M204 S1000
G1 F1200 X102.15 Y180.638 E437.84334
M204 S10000
G0 F3600 X102.15 Y181.063
M204 S1000
G1 F1200 X126.536 Y205.449 E438.53157
M204 S10000
G0 F3600 X126.112 Y205.449
M204 S1000
G1 F1200 X102.15 Y181.487 E439.20783
M204 S10000
G0 F3600 X102.15 Y181.911
M204 S1000
G1 F1200 X125.688 Y205.449 E439.87212
M204 S10000
G0 F3600 X125.263 Y205.449
M204 S1000
G1 F1200 X102.15 Y182.335 E440.52444
M204 S10000
G0 F3600 X102.15 Y182.76
M204 S1000
G1 F1200 X124.839 Y205.449 E441.16477
M204 S10000
G0 F3600 X124.415 Y205.449
M204 S1000
G1 F1200 X102.15 Y183.184 E441.79313
M204 S10000
G0 F3600 X102.15 Y183.608
M204 S1000
G1 F1200 X123.991 Y205.449 E442.40953
M204 S10000
G0 F3600 X123.566 Y205.449
M204 S1000
G1 F1200 X102.15 Y184.033 E443.01394
M204 S10000
G0 F3600 X102.15 Y184.457
M204 S1000
G1 F1200 X123.142 Y205.449 E443.60638
M204 S10000
G0 F3600 X122.718 Y205.449
M204 S1000
G1 F1200 X102.15 Y184.881 E444.18685
M204 S10000
G0 F3600 X102.15 Y185.305
M204 S1000
G1 F1200 X122.294 Y205.449 E444.75536
M204 S10000
G0 F3600 X121.869 Y205.449
M204 S1000
G1 F1200 X102.15 Y185.73 E445.31187
M204 S10000
G0 F3600 X102.15 Y186.154
M204 S1000
G1 F1200 X121.445 Y205.449 E445.85642
M204 S10000
G0 F3600 X121.021 Y205.449
M204 S1000
G1 F1200 X102.15 Y186.578 E446.389
M204 S10000
G0 F3600 X102.15 Y187.002
M204 S1000
G1 F1200 X120.597 Y205.449 E446.90961
M204 S10000
G0 F3600 X120.172 Y205.449
M204 S1000
G1 F1200 X102.15 Y187.427 E447.41823
M204 S10000
G0 F3600 X102.15 Y187.851
M204 S1000
G1 F1200 X119.748 Y205.449 E447.91489
M204 S10000
G0 F3600 X119.324 Y205.449
M204 S1000
G1 F1200 X102.15 Y188.275 E448.39958
M204 S10000
G0 F3600 X102.15 Y188.699
M204 S1000
G1 F1200 X118.9 Y205.449 E448.8723
M204 S10000
G0 F3600 X118.475 Y205.449
M204 S1000
G1 F1200 X102.15 Y189.124 E449.33302
M204 S10000
G0 F3600 X102.15 Y189.548
M204 S1000
G1 F1200 X118.051 Y205.449 E449.78178
M204 S10000
G0 F3600 X117.627 Y205.449
M204 S1000
G1 F1200 X102.15 Y189.972 E450.21858
M204 S10000
G0 F3600 X102.15 Y190.396
M204 S1000
G1 F1200 X117.202 Y205.449 E450.64339
M204 S10000
G0 F3600 X116.778 Y205.449
M204 S1000
G1 F1200 X102.15 Y190.821 E451.05623
M204 S10000
G0 F3600 X102.15 Y191.245
M204 S1000
G1 F1200 X116.354 Y205.449 E451.45709
M204 S10000
G0 F3600 X115.93 Y205.449
M204 S1000
G1 F1200 X102.15 Y191.669 E451.84599
M204 S10000
G0 F3600 X102.15 Y192.094
M204 S1000
G1 F1200 X115.505 Y205.449 E452.2229
M204 S10000
G0 F3600 X115.081 Y205.449
M204 S1000
G1 F1200 X102.15 Y192.518 E452.58784
M204 S10000
G0 F3600 X102.15 Y192.942
M204 S1000
G1 F1200 X114.657 Y205.449 E452.94082
M204 S10000
G0 F3600 X114.233 Y205.449
M204 S1000
G1 F1200 X102.15 Y193.366 E453.28183
M204 S10000
G0 F3600 X102.15 Y193.791
M204 S1000
G1 F1200 X113.808 Y205.449 E453.61084
M204 S10000
G0 F3600 X113.384 Y205.449
M204 S1000
G1 F1200 X102.15 Y194.215 E453.92789
M204 S10000
G0 F3600 X102.15 Y194.639
M204 S1000
G1 F1200 X112.96 Y205.449 E454.23297
M204 S10000
G0 F3600 X112.536 Y205.449
M204 S1000
G1 F1200 X102.15 Y195.063 E454.52608
M204 S10000
G0 F3600 X102.15 Y195.488
M204 S1000
G1 F1200 X112.111 Y205.449 E454.80721
M204 S10000
G0 F3600 X111.687 Y205.449
M204 S1000
G1 F1200 X102.15 Y195.912 E455.07636
M204 S10000
G0 F3600 X102.15 Y196.336
M204 S1000
G1 F1200 X111.263 Y205.449 E455.33355
M204 S10000
G0 F3600 X110.838 Y205.449
M204 S1000
G1 F1200 X102.15 Y196.76 E455.57876
M204 S10000
G0 F3600 X102.15 Y197.185
M204 S1000
G1 F1200 X110.414 Y205.449 E455.81198
M204 S10000
G0 F3600 X109.99 Y205.449
M204 S1000
G1 F1200 X102.15 Y197.609 E456.03325
M204 S10000
G0 F3600 X102.15 Y198.033
M204 S1000
G1 F1200 X109.566 Y205.449 E456.24254
M204 S10000
G0 F3600 X109.141 Y205.449
M204 S1000
G1 F1200 X102.15 Y198.458 E456.43984
M204 S10000
G0 F3600 X102.15 Y198.882
M204 S1000
G1 F1200 X108.717 Y205.449 E456.62518
M204 S10000
G0 F3600 X108.293 Y205.449
M204 S1000
G1 F1200 X102.15 Y199.306 E456.79855
M204 S10000
G0 F3600 X102.15 Y199.73
M204 S1000
G1 F1200 X107.869 Y205.449 E456.95995
M204 S10000
G0 F3600 X107.444 Y205.449
M204 S1000
G1 F1200 X102.15 Y200.155 E457.10936
M204 S10000
G0 F3600 X102.15 Y200.579
M204 S1000
G1 F1200 X107.02 Y205.449 E457.2468
M204 S10000
G0 F3600 X106.596 Y205.449
M204 S1000
G1 F1200 X102.15 Y201.003 E457.37227
M204 S10000
G0 F3600 X102.15 Y201.427
M204 S1000
G1 F1200 X106.172 Y205.449 E457.48578
M204 S10000
G0 F3600 X105.747 Y205.449
M204 S1000
G1 F1200 X102.15 Y201.852 E457.5873
M204 S10000
G0 F3600 X102.15 Y202.276
M204 S1000
G1 F1200 X105.323 Y205.449 E457.67685
M204 S10000
G0 F3600 X104.899 Y205.449
M204 S1000
G1 F1200 X102.15 Y202.7 E457.75443
M204 S10000
G0 F3600 X102.15 Y203.124
M204 S1000
G1 F1200 X104.475 Y205.449 E457.82005
M204 S10000
G0 F3600 X104.05 Y205.449
M204 S1000
G1 F1200 X102.15 Y203.549 E457.87367
M204 S10000
G0 F3600 X102.15 Y203.973
M204 S1000
G1 F1200 X103.626 Y205.449 E457.91533
M204 S10000
G0 F3600 X103.202 Y205.449
M204 S1000
G1 F1200 X102.15 Y204.397 E457.94502
M204 S10000
G0 F3600 X102.15 Y204.821
M204 S1000
G1 F1200 X102.777 Y205.449 E457.96272
M204 S10000
G0 F3600 X102.353 Y205.449
M204 S1000
G1 F1200 X102.15 Y205.246 E457.96845
M204 S10000
G0 F3600 X101.73 Y205.246
G1 F3000 E451.96845
;MESH:Bottom_back_panel.stl
G0 F3600 X101.852 Y205.749
G0 X160.548 Y205.749
G0 X160.55 Y198.294
G0 X160.52 Y179.469
G0 X163.719 Y179.469
G0 X164.4 Y179.469
M204 S1000
;TYPE:WALL-INNER
G1 F3000 E457.96845
G1 F1200 X197.095 Y179.469 E458.62092
G1 X197.096 Y165.155 E458.90657
G1 X197.184 Y164.778 E458.9143
G1 X197.383 Y164.477 E458.9215
G1 X197.61 Y164.296 E458.92729
G1 X198.233 Y164.126 E458.94018
G1 X198.233 Y135.874 E459.50398
G1 X197.611 Y135.704 E459.51684
G1 X197.383 Y135.523 E459.52265
G1 X197.184 Y135.222 E459.52985
G1 X197.096 Y134.845 E459.53758
G1 X197.096 Y120.53 E459.82325
G1 X164.4 Y120.531 E460.47574
G1 X164.4 Y179.469 E461.65191
M204 S10000
G0 F3600 X164.1 Y179.769
M204 S1000
G1 F1200 X197.395 Y179.769 E462.31634
G1 X197.396 Y165.167 E462.60774
G1 X197.443 Y164.937 E462.61243
G1 X197.601 Y164.684 E462.61838
G1 X197.763 Y164.554 E462.62253
G1 X198.146 Y164.45 E462.63045
G1 X198.533 Y164.45 E462.63817
G1 X198.533 Y135.55 E463.2149
G1 X198.146 Y135.55 E463.22262
G1 X197.763 Y135.446 E463.23054
G1 X197.601 Y135.316 E463.23469
G1 X197.443 Y135.063 E463.24064
G1 X197.396 Y134.833 E463.24532
G1 X197.396 Y120.23 E463.53674
G1 X164.1 Y120.231 E464.2012
G1 X164.1 Y179.769 E465.38935
M204 S10000
G0 F3600 X163.8 Y180.069
M204 S1000
G1 F1200 X197.695 Y180.069 E466.06576
G1 X197.697 Y165.096 E466.36456
G1 X197.819 Y164.89 E466.36934
G1 X197.916 Y164.812 E466.37182
G1 X198.146 Y164.75 E466.37658
G1 X198.833 Y164.75 E466.39029
G1 X198.833 Y135.25 E466.97899
G1 X198.146 Y135.25 E466.9927
G1 X197.916 Y135.188 E466.99745
G1 X197.733 Y134.981 E467.00297
G1 X197.696 Y134.82 E467.00626
G1 X197.696 Y119.93 E467.30341
G1 X163.8 Y119.931 E467.97984
G1 X163.8 Y180.069 E469.17996
M204 S10000
G0 F3600 X163.55 Y180.319
M204 S1000
;TYPE:WALL-OUTER
G1 F1200 X197.945 Y180.319 E469.86635
G1 X197.95 Y165.156 E470.16894
G1 X198.064 Y165 E470.1728
G1 X199.083 Y165 E470.19313
G1 X199.083 Y135 E470.79182
G1 X198.146 Y135 E470.81052
G1 X198 Y134.938 E470.81368
G1 X197.95 Y134.844 E470.81581
G1 X197.946 Y119.68 E471.11842
G1 X163.55 Y119.681 E471.80483
G1 X163.55 Y180.319 E473.01493
M204 S10000
G0 F3600 X163.75 Y180.319
G0 X163.75 Y180.069
G0 X164.45 Y179.199
G0 X164.67 Y179.199
M204 S1000
;TYPE:SKIN
G1 F1200 X164.671 Y120.801 E474.18032
G1 X196.826 Y120.8 E474.82201
G1 X196.829 Y134.971 E475.10481
G1 X196.933 Y135.322 E475.11211
G1 X197.186 Y135.71 E475.12136
G1 X197.476 Y135.942 E475.12877
G1 X197.963 Y136.075 E475.13884
G1 X197.963 Y163.925 E475.69462
G1 X197.478 Y164.058 E475.70465
G1 X197.173 Y164.307 E475.71251
G1 X196.974 Y164.591 E475.71943
G1 X196.833 Y164.954 E475.7272
G1 X196.825 Y179.199 E476.01148
G1 X164.67 Y179.199 E476.65317
M204 S10000
G0 F3600 X165.047 Y179.048
M204 S1000
G1 F1200 X164.82 Y178.82 E476.65959
M204 S10000
G0 F3600 X164.82 Y178.396
M204 S1000
G1 F1200 X165.472 Y179.048 E476.67799
M204 S10000
G0 F3600 X165.896 Y179.048
M204 S1000
G1 F1200 X164.82 Y177.972 E476.70835
M204 S10000
G0 F3600 X164.82 Y177.548
M204 S1000
G1 F1200 X166.32 Y179.048 E476.75069
M204 S10000
G0 F3600 X166.744 Y179.048
M204 S1000
G1 F1200 X164.82 Y177.123 E476.805
M204 S10000
G0 F3600 X164.82 Y176.699
M204 S1000
G1 F1200 X167.169 Y179.048 E476.8713
M204 S10000
G0 F3600 X167.593 Y179.048
M204 S1000
G1 F1200 X164.82 Y176.275 E476.94956
M204 S10000
G0 F3600 X164.82 Y175.851
M204 S1000
G1 F1200 X168.017 Y179.048 E477.03978
M204 S10000
G0 F3600 X168.442 Y179.048
M204 S1000
G1 F1200 X164.82 Y175.426 E477.142
M204 S10000
G0 F3600 X164.82 Y175.002
M204 S1000
G1 F1200 X168.866 Y179.048 E477.25619
M204 S10000
G0 F3600 X169.29 Y179.048
M204 S1000
G1 F1200 X164.82 Y174.578 E477.38234
M204 S10000
G0 F3600 X164.82 Y174.154
M204 S1000
G1 F1200 X169.714 Y179.048 E477.52046
M204 S10000
G0 F3600 X170.139 Y179.048
M204 S1000
G1 F1200 X164.82 Y173.729 E477.67057
M204 S10000
G0 F3600 X164.82 Y173.305
M204 S1000
G1 F1200 X170.563 Y179.048 E477.83265
M204 S10000
G0 F3600 X170.987 Y179.048
M204 S1000
G1 F1200 X164.82 Y172.881 E478.0067
M204 S10000
G0 F3600 X164.82 Y172.456
M204 S1000
G1 F1200 X171.411 Y179.048 E478.19273
M204 S10000
G0 F3600 X171.836 Y179.048
M204 S1000
G1 F1200 X164.82 Y172.032 E478.39073
M204 S10000
G0 F3600 X164.82 Y171.608
M204 S1000
G1 F1200 X172.26 Y179.048 E478.60071
M204 S10000
G0 F3600 X172.684 Y179.048
M204 S1000
G1 F1200 X164.82 Y171.184 E478.82265
M204 S10000
G0 F3600 X164.82 Y170.759
M204 S1000
G1 F1200 X173.108 Y179.048 E479.05657
M204 S10000
G0 F3600 X173.533 Y179.048
M204 S1000
G1 F1200 X164.82 Y170.335 E479.30246
M204 S10000
G0 F3600 X164.82 Y169.911
M204 S1000
G1 F1200 X173.957 Y179.048 E479.56033
M204 S10000
G0 F3600 X174.381 Y179.048
M204 S1000
G1 F1200 X164.82 Y169.487 E479.83016
M204 S10000
G0 F3600 X164.82 Y169.062
M204 S1000
G1 F1200 X174.805 Y179.048 E480.11198
M204 S10000
G0 F3600 X175.23 Y179.048
M204 S1000
G1 F1200 X164.82 Y168.638 E480.40577
M204 S10000
G0 F3600 X164.82 Y168.214
M204 S1000
G1 F1200 X175.654 Y179.048 E480.71153
M204 S10000
G0 F3600 X176.078 Y179.048
M204 S1000
G1 F1200 X164.82 Y167.79 E481.02925
M204 S10000
G0 F3600 X164.82 Y167.365
M204 S1000
G1 F1200 X176.503 Y179.048 E481.35897
M204 S10000
G0 F3600 X176.927 Y179.048
M204 S1000
G1 F1200 X164.82 Y166.941 E481.70066
M204 S10000
G0 F3600 X164.82 Y166.517
M204 S1000
G1 F1200 X177.351 Y179.048 E482.05431
M204 S10000
G0 F3600 X177.775 Y179.048
M204 S1000
G1 F1200 X164.82 Y166.093 E482.41993
M204 S10000
G0 F3600 X164.82 Y165.668
M204 S1000
G1 F1200 X178.2 Y179.048 E482.79754
M204 S10000
G0 F3600 X178.624 Y179.048
M204 S1000
G1 F1200 X164.82 Y165.244 E483.18712
M204 S10000
G0 F3600 X164.82 Y164.82
M204 S1000
G1 F1200 X179.048 Y179.048 E483.58866
M204 S10000
G0 F3600 X179.472 Y179.048
M204 S1000
G1 F1200 X164.82 Y164.395 E484.00219
M204 S10000
G0 F3600 X164.82 Y163.971
M204 S1000
G1 F1200 X179.897 Y179.048 E484.42769
M204 S10000
G0 F3600 X180.321 Y179.048
M204 S1000
G1 F1200 X164.82 Y163.547 E484.86517
M204 S10000
G0 F3600 X164.82 Y163.123
M204 S1000
G1 F1200 X180.745 Y179.048 E485.3146
M204 S10000
G0 F3600 X181.169 Y179.048
M204 S1000
G1 F1200 X164.82 Y162.698 E485.77602
M204 S10000
G0 F3600 X164.82 Y162.274
M204 S1000
G1 F1200 X181.594 Y179.048 E486.24942
M204 S10000
G0 F3600 X182.018 Y179.048
M204 S1000
G1 F1200 X164.82 Y161.85 E486.73478
M204 S10000
G0 F3600 X164.82 Y161.426
M204 S1000
G1 F1200 X182.442 Y179.048 E487.23212
M204 S10000
G0 F3600 X182.867 Y179.048
M204 S1000
G1 F1200 X164.82 Y161.001 E487.74144
M204 S10000
G0 F3600 X164.82 Y160.577
M204 S1000
G1 F1200 X183.291 Y179.048 E488.26273
M204 S10000
G0 F3600 X183.715 Y179.048
M204 S1000
G1 F1200 X164.82 Y160.153 E488.79599
M204 S10000
G0 F3600 X164.82 Y159.729
M204 S1000
G1 F1200 X184.139 Y179.048 E489.34121
M204 S10000
G0 F3600 X184.564 Y179.048
M204 S1000
G1 F1200 X164.82 Y159.304 E489.89843
M204 S10000
G0 F3600 X164.82 Y158.88
M204 S1000
G1 F1200 X184.988 Y179.048 E490.46762
M204 S10000
G0 F3600 X185.412 Y179.048
M204 S1000
G1 F1200 X164.82 Y158.456 E491.04877
M204 S10000
G0 F3600 X164.82 Y158.032
M204 S1000
G1 F1200 X185.836 Y179.048 E491.64188
M204 S10000
G0 F3600 X186.261 Y179.048
M204 S1000
G1 F1200 X164.82 Y157.607 E492.247
M204 S10000
G0 F3600 X164.82 Y157.183
M204 S1000
G1 F1200 X186.685 Y179.048 E492.86407
M204 S10000
G0 F3600 X187.109 Y179.048
M204 S1000
G1 F1200 X164.82 Y156.759 E493.49312
M204 S10000
G0 F3600 X164.82 Y156.334
M204 S1000
G1 F1200 X187.533 Y179.048 E494.13414
M204 S10000
G0 F3600 X187.958 Y179.048
M204 S1000
G1 F1200 X164.82 Y155.91 E494.78715
M204 S10000
G0 F3600 X164.82 Y155.486
M204 S1000
G1 F1200 X188.382 Y179.048 E495.45212
M204 S10000
G0 F3600 X188.806 Y179.048
M204 S1000
G1 F1200 X164.82 Y155.062 E496.12905
M204 S10000
G0 F3600 X164.82 Y154.637
M204 S1000
G1 F1200 X189.23 Y179.048 E496.81797
M204 S10000
G0 F3600 X189.655 Y179.048
M204 S1000
G1 F1200 X164.82 Y154.213 E497.51887
M204 S10000
G0 F3600 X164.82 Y153.789
M204 S1000
G1 F1200 X190.079 Y179.048 E498.23173
M204 S10000
G0 F3600 X190.503 Y179.048
M204 S1000
G1 F1200 X164.82 Y153.365 E498.95656
M204 S10000
G0 F3600 X164.82 Y152.94
M204 S1000
G1 F1200 X190.928 Y179.048 E499.69339
M204 S10000
G0 F3600 X191.352 Y179.048
M204 S1000
G1 F1200 X164.82 Y152.516 E500.44218
M204 S10000
G0 F3600 X164.82 Y152.092
M204 S1000
G1 F1200 X191.776 Y179.048 E501.20293
M204 S10000
G0 F3600 X192.2 Y179.048
M204 S1000
G1 F1200 X164.82 Y151.668 E501.97565
M204 S10000
G0 F3600 X164.82 Y151.243
M204 S1000
G1 F1200 X192.625 Y179.048 E502.76037
M204 S10000
G0 F3600 X193.049 Y179.048
M204 S1000
G1 F1200 X164.82 Y150.819 E503.55706
M204 S10000
G0 F3600 X164.82 Y150.395
M204 S1000
G1 F1200 X193.473 Y179.048 E504.3657
M204 S10000
G0 F3600 X193.897 Y179.048
M204 S1000
G1 F1200 X164.82 Y149.97 E505.18633
M204 S10000
G0 F3600 X164.82 Y149.546
M204 S1000
G1 F1200 X194.322 Y179.048 E506.01894
M204 S10000
G0 F3600 X194.746 Y179.048
M204 S1000
G1 F1200 X164.82 Y149.122 E506.86352
M204 S10000
G0 F3600 X164.82 Y148.698
M204 S1000
G1 F1200 X195.17 Y179.048 E507.72006
M204 S10000
G0 F3600 X195.594 Y179.048
M204 S1000
G1 F1200 X164.82 Y148.273 E508.58859
M204 S10000
G0 F3600 X164.82 Y147.849
M204 S1000
G1 F1200 X196.019 Y179.048 E509.46909
M204 S10000
G0 F3600 X196.443 Y179.048
M204 S1000
G1 F1200 X164.82 Y147.425 E510.36156
M204 S10000
G0 F3600 X164.82 Y147.001
M204 S1000
G1 F1200 X196.674 Y178.855 E511.26055
M204 S10000
G0 F3600 X196.674 Y178.431
M204 S1000
G1 F1200 X164.82 Y146.576 E512.15955
M204 S10000
G0 F3600 X164.82 Y146.152
M204 S1000
G1 F1200 X196.674 Y178.007 E513.05855
M204 S10000
G0 F3600 X196.674 Y177.582
M204 S1000
G1 F1200 X164.82 Y145.728 E513.95754
M204 S10000
G0 F3600 X164.82 Y145.304
M204 S1000
G1 F1200 X196.675 Y177.159 E514.85656
M204 S10000
G0 F3600 X196.675 Y176.734
M204 S1000
G1 F1200 X164.82 Y144.879 E515.75558
M204 S10000
G0 F3600 X164.82 Y144.455
M204 S1000
G1 F1200 X196.675 Y176.31 E516.65459
M204 S10000
G0 F3600 X196.675 Y175.886
M204 S1000
G1 F1200 X164.82 Y144.031 E517.55361
M204 S10000
G0 F3600 X164.82 Y143.607
M204 S1000
G1 F1200 X196.676 Y175.462 E518.45264
M204 S10000
G0 F3600 X196.676 Y175.038
M204 S1000
G1 F1200 X164.82 Y143.182 E519.35169
M204 S10000
G0 F3600 X164.82 Y142.758
M204 S1000
G1 F1200 X196.676 Y174.614 E520.25073
M204 S10000
G0 F3600 X196.676 Y174.19
M204 S1000
G1 F1200 X164.82 Y142.334 E521.14978
M204 S10000
G0 F3600 X164.82 Y141.909
M204 S1000
G1 F1200 X196.676 Y173.765 E522.04882
M204 S10000
G0 F3600 X196.676 Y173.342
M204 S1000
G1 F1200 X164.82 Y141.485 E522.94788
M204 S10000
G0 F3600 X164.82 Y141.061
M204 S1000
G1 F1200 X196.676 Y172.918 E523.84694
M204 S10000
G0 F3600 X196.676 Y172.493
M204 S1000
G1 F1200 X164.82 Y140.637 E524.74599
M204 S10000
G0 F3600 X164.82 Y140.212
M204 S1000
G1 F1200 X196.676 Y172.069 E525.64504
M204 S10000
G0 F3600 X196.677 Y171.645
M204 S1000
G1 F1200 X164.82 Y139.788 E526.54412
M204 S10000
G0 F3600 X164.82 Y139.364
M204 S1000
G1 F1200 X196.677 Y171.221 E527.44319
M204 S10000
G0 F3600 X196.677 Y170.797
M204 S1000
G1 F1200 X164.82 Y138.94 E528.34226
M204 S10000
G0 F3600 X164.82 Y138.515
M204 S1000
G1 F1200 X196.677 Y170.373 E529.24135
M204 S10000
G0 F3600 X196.678 Y169.949
M204 S1000
G1 F1200 X164.82 Y138.091 E530.14045
M204 S10000
G0 F3600 X164.82 Y137.667
M204 S1000
G1 F1200 X196.678 Y169.525 E531.03956
M204 S10000
G0 F3600 X196.678 Y169.101
M204 S1000
G1 F1200 X164.82 Y137.243 E531.93866
M204 S10000
G0 F3600 X164.82 Y136.818
M204 S1000
G1 F1200 X196.678 Y168.676 E532.83776
M204 S10000
G0 F3600 X196.678 Y168.253
M204 S1000
G1 F1200 X164.82 Y136.394 E533.73687
M204 S10000
G0 F3600 X164.82 Y135.97
M204 S1000
G1 F1200 X196.678 Y167.828 E534.63598
M204 S10000
G0 F3600 X196.678 Y167.404
M204 S1000
G1 F1200 X164.82 Y135.546 E535.53508
M204 S10000
G0 F3600 X164.82 Y135.121
M204 S1000
G1 F1200 X196.678 Y166.98 E536.43419
M204 S10000
G0 F3600 X196.679 Y166.556
M204 S1000
G1 F1200 X164.82 Y134.697 E537.33332
M204 S10000
G0 F3600 X164.82 Y134.273
M204 S1000
G1 F1200 X196.679 Y166.132 E538.23245
M204 S10000
G0 F3600 X196.679 Y165.708
M204 S1000
G1 F1200 X164.82 Y133.848 E539.1316
M204 S10000
G0 F3600 X164.82 Y133.424
M204 S1000
G1 F1200 X196.679 Y165.284 E540.03074
M204 S10000
G0 F3600 X196.7 Y164.88
M204 S1000
G1 F1200 X164.82 Y133 E540.93046
M204 S10000
G0 F3600 X164.82 Y132.576
M204 S1000
G1 F1200 X196.819 Y164.575 E541.83354
M204 S10000
G0 F3600 X196.984 Y164.316
M204 S1000
G1 F1200 X164.82 Y132.151 E542.7413
M204 S10000
G0 F3600 X164.82 Y131.727
M204 S1000
G1 F1200 X197.188 Y164.095 E543.65479
M204 S10000
G0 F3600 X197.431 Y163.914
M204 S1000
G1 F1200 X164.82 Y131.303 E544.57514
M204 S10000
G0 F3600 X164.82 Y130.879
M204 S1000
G1 F1200 X197.764 Y163.823 E545.50489
M204 S10000
G0 F3600 X197.812 Y163.447
M204 S1000
G1 F1200 X164.82 Y130.454 E546.43601
M204 S10000
G0 F3600 X164.82 Y130.03
M204 S1000
G1 F1200 X197.812 Y163.022 E547.36712
M204 S10000
G0 F3600 X197.812 Y162.598
M204 S1000
G1 F1200 X164.82 Y129.606 E548.29822
M204 S10000
G0 F3600 X164.82 Y129.182
M204 S1000
G1 F1200 X197.812 Y162.174 E549.22933
M204 S10000
G0 F3600 X197.812 Y161.749
M204 S1000
G1 F1200 X164.82 Y128.757 E550.16044
M204 S10000
G0 F3600 X164.82 Y128.333
M204 S1000
G1 F1200 X197.812 Y161.325 E551.09154
M204 S10000
G0 F3600 X197.812 Y160.901
M204 S1000
G1 F1200 X164.82 Y127.909 E552.02265
M204 S10000
G0 F3600 X164.82 Y127.484
M204 S1000
G1 F1200 X197.812 Y160.477 E552.95377
M204 S10000
G0 F3600 X197.812 Y160.052
M204 S1000
G1 F1200 X164.82 Y127.06 E553.88487
M204 S10000
G0 F3600 X164.82 Y126.636
M204 S1000
G1 F1200 X197.812 Y159.628 E554.81598
M204 S10000
G0 F3600 X197.812 Y159.204
M204 S1000
G1 F1200 X164.82 Y126.212 E555.74708
M204 S10000
G0 F3600 X164.82 Y125.787
M204 S1000
G1 F1200 X197.812 Y158.78 E556.6782
M204 S10000
G0 F3600 X197.812 Y158.355
M204 S1000
G1 F1200 X164.82 Y125.363 E557.60931
M204 S10000
G0 F3600 X164.82 Y124.939
M204 S1000
G1 F1200 X197.812 Y157.931 E558.54041
M204 S10000
G0 F3600 X197.812 Y157.507
M204 S1000
G1 F1200 X164.82 Y124.515 E559.47152
M204 S10000
G0 F3600 X164.82 Y124.09
M204 S1000
G1 F1200 X197.812 Y157.083 E560.40264
M204 S10000
G0 F3600 X197.812 Y156.658
M204 S1000
G1 F1200 X164.82 Y123.666 E561.33374
M204 S10000
G0 F3600 X164.82 Y123.242
M204 S1000
G1 F1200 X197.812 Y156.234 E562.26485
M204 S10000
G0 F3600 X197.812 Y155.81
M204 S1000
G1 F1200 X164.82 Y122.818 E563.19596
M204 S10000
G0 F3600 X164.82 Y122.393
M204 S1000
G1 F1200 X197.812 Y155.386 E564.12707
M204 S10000
G0 F3600 X197.812 Y154.961
M204 S1000
G1 F1200 X164.82 Y121.969 E565.05818
M204 S10000
G0 F3600 X164.82 Y121.545
M204 S1000
G1 F1200 X197.812 Y154.537 E565.98929
M204 S10000
G0 F3600 X197.812 Y154.113
M204 S1000
G1 F1200 X164.82 Y121.121 E566.92039
M204 S10000
G0 F3600 X165.074 Y120.951
M204 S1000
G1 F1200 X197.812 Y153.688 E567.84431
M204 S10000
G0 F3600 X197.812 Y153.264
M204 S1000
G1 F1200 X165.499 Y120.951 E568.75626
M204 S10000
G0 F3600 X165.923 Y120.951
M204 S1000
G1 F1200 X197.812 Y152.84 E569.65623
M204 S10000
G0 F3600 X197.812 Y152.416
M204 S1000
G1 F1200 X166.347 Y120.951 E570.54424
M204 S10000
G0 F3600 X166.771 Y120.951
M204 S1000
G1 F1200 X197.812 Y151.991 E571.42027
M204 S10000
G0 F3600 X197.812 Y151.567
M204 S1000
G1 F1200 X167.196 Y120.951 E572.28432
M204 S10000
G0 F3600 X167.62 Y120.951
M204 S1000
G1 F1200 X197.812 Y151.143 E573.13641
M204 S10000
G0 F3600 X197.812 Y150.719
M204 S1000
G1 F1200 X168.044 Y120.951 E573.97652
M204 S10000
G0 F3600 X168.468 Y120.951
M204 S1000
G1 F1200 X197.812 Y150.294 E574.80466
M204 S10000
G0 F3600 X197.812 Y149.87
M204 S1000
G1 F1200 X168.893 Y120.951 E575.62082
M204 S10000
G0 F3600 X169.317 Y120.951
M204 S1000
G1 F1200 X197.812 Y149.446 E576.42501
M204 S10000
G0 F3600 X197.812 Y149.022
M204 S1000
G1 F1200 X169.741 Y120.951 E577.21723
M204 S10000
G0 F3600 X170.165 Y120.951
M204 S1000
G1 F1200 X197.812 Y148.597 E577.99748
M204 S10000
G0 F3600 X197.812 Y148.173
M204 S1000
G1 F1200 X170.59 Y120.951 E578.76574
M204 S10000
G0 F3600 X171.014 Y120.951
M204 S1000
G1 F1200 X197.812 Y147.749 E579.52204
M204 S10000
G0 F3600 X197.812 Y147.324
M204 S1000
G1 F1200 X171.438 Y120.951 E580.26635
M204 S10000
G0 F3600 X171.863 Y120.951
M204 S1000
G1 F1200 X197.812 Y146.9 E580.99869
M204 S10000
G0 F3600 X197.812 Y146.476
M204 S1000
G1 F1200 X172.287 Y120.951 E581.71906
M204 S10000
G0 F3600 X172.711 Y120.951
M204 S1000
G1 F1200 X197.812 Y146.052 E582.42747
M204 S10000
G0 F3600 X197.812 Y145.627
M204 S1000
G1 F1200 X173.135 Y120.951 E583.12389
M204 S10000
G0 F3600 X173.56 Y120.951
M204 S1000
G1 F1200 X197.812 Y145.203 E583.80833
M204 S10000
G0 F3600 X197.812 Y144.779
M204 S1000
G1 F1200 X173.984 Y120.951 E584.48081
M204 S10000
G0 F3600 X174.408 Y120.951
M204 S1000
G1 F1200 X197.812 Y144.355 E585.14132
M204 S10000
G0 F3600 X197.812 Y143.93
M204 S1000
G1 F1200 X174.832 Y120.951 E585.78986
M204 S10000
G0 F3600 X175.257 Y120.951
M204 S1000
G1 F1200 X197.812 Y143.506 E586.42641
M204 S10000
G0 F3600 X197.812 Y143.082
M204 S1000
G1 F1200 X175.681 Y120.951 E587.05099
M204 S10000
G0 F3600 X176.105 Y120.951
M204 S1000
G1 F1200 X197.812 Y142.658 E587.66361
M204 S10000
G0 F3600 X197.812 Y142.233
M204 S1000
G1 F1200 X176.529 Y120.951 E588.26425
M204 S10000
G0 F3600 X176.954 Y120.951
M204 S1000
G1 F1200 X197.812 Y141.809 E588.8529
M204 S10000
G0 F3600 X197.812 Y141.385
M204 S1000
G1 F1200 X177.378 Y120.951 E589.4296
M204 S10000
G0 F3600 X177.802 Y120.951
M204 S1000
G1 F1200 X197.812 Y140.961 E589.99432
M204 S10000
G0 F3600 X197.812 Y140.536
M204 S1000
G1 F1200 X178.226 Y120.951 E590.54707
M204 S10000
G0 F3600 X178.651 Y120.951
M204 S1000
G1 F1200 X197.812 Y140.112 E591.08783
M204 S10000
G0 F3600 X197.812 Y139.688
M204 S1000
G1 F1200 X179.075 Y120.951 E591.61663
M204 S10000
G0 F3600 X179.499 Y120.951
M204 S1000
G1 F1200 X197.812 Y139.263 E592.13345
M204 S10000
G0 F3600 X197.812 Y138.839
M204 S1000
G1 F1200 X179.924 Y120.951 E592.63829
M204 S10000
G0 F3600 X180.348 Y120.951
M204 S1000
G1 F1200 X197.812 Y138.415 E593.13116
M204 S10000
G0 F3600 X197.812 Y137.991
M204 S1000
G1 F1200 X180.771 Y120.95 E593.61209
M204 S10000
G0 F3600 X181.196 Y120.95
M204 S1000
G1 F1200 X197.812 Y137.566 E594.08103
M204 S10000
G0 F3600 X197.812 Y137.142
M204 S1000
G1 F1200 X181.62 Y120.95 E594.53801
M204 S10000
G0 F3600 X182.044 Y120.95
M204 S1000
G1 F1200 X197.812 Y136.718 E594.98301
M204 S10000
G0 F3600 X197.812 Y136.294
M204 S1000
G1 F1200 X197.668 Y136.15 E594.98708
M204 S10000
G0 F3600 X197.766 Y135.794
G0 X197.104 Y135.128
G0 X196.751 Y135.232
M204 S1000
G1 F1200 X182.468 Y120.95 E595.39016
M204 S10000
G0 F3600 X182.893 Y120.95
M204 S1000
G1 F1200 X196.68 Y134.737 E595.77926
M204 S10000
G0 F3600 X196.68 Y134.313
M204 S1000
G1 F1200 X183.317 Y120.95 E596.15639
M204 S10000
G0 F3600 X183.741 Y120.95
M204 S1000
G1 F1200 X196.68 Y133.889 E596.52156
M204 S10000
G0 F3600 X196.68 Y133.464
M204 S1000
G1 F1200 X184.165 Y120.95 E596.87474
M204 S10000
G0 F3600 X184.59 Y120.95
M204 S1000
G1 F1200 X196.68 Y133.04 E597.21595
M204 S10000
G0 F3600 X196.679 Y132.615
M204 S1000
G1 F1200 X185.014 Y120.95 E597.54516
M204 S10000
G0 F3600 X185.438 Y120.95
M204 S1000
G1 F1200 X196.679 Y132.191 E597.86241
M204 S10000
G0 F3600 X196.679 Y131.767
M204 S1000
G1 F1200 X185.863 Y120.95 E598.16767
M204 S10000
G0 F3600 X186.287 Y120.95
M204 S1000
G1 F1200 X196.679 Y131.342 E598.46096
M204 S10000
G0 F3600 X196.678 Y130.917
M204 S1000
G1 F1200 X186.711 Y120.95 E598.74225
M204 S10000
G0 F3600 X187.135 Y120.95
M204 S1000
G1 F1200 X196.678 Y130.493 E599.01157
M204 S10000
G0 F3600 X196.678 Y130.069
M204 S1000
G1 F1200 X187.56 Y120.95 E599.26891
M204 S10000
G0 F3600 X187.984 Y120.95
M204 S1000
G1 F1200 X196.678 Y129.645 E599.51429
M204 S10000
G0 F3600 X196.678 Y129.22
M204 S1000
G1 F1200 X188.408 Y120.95 E599.74769
M204 S10000
G0 F3600 X188.832 Y120.95
M204 S1000
G1 F1200 X196.678 Y128.795 E599.96911
M204 S10000
G0 F3600 X196.678 Y128.371
M204 S1000
G1 F1200 X189.257 Y120.95 E600.17854
M204 S10000
G0 F3600 X189.681 Y120.95
M204 S1000
G1 F1200 X196.678 Y127.947 E600.37601
M204 S10000
G0 F3600 X196.678 Y127.523
M204 S1000
G1 F1200 X190.105 Y120.95 E600.56152
M204 S10000
G0 F3600 X190.529 Y120.95
M204 S1000
G1 F1200 X196.678 Y127.098 E600.73504
M204 S10000
G0 F3600 X196.677 Y126.673
M204 S1000
G1 F1200 X190.954 Y120.95 E600.89656
M204 S10000
G0 F3600 X191.378 Y120.95
M204 S1000
G1 F1200 X196.677 Y126.249 E601.04611
M204 S10000
G0 F3600 X196.677 Y125.825
M204 S1000
G1 F1200 X191.802 Y120.95 E601.18369
M204 S10000
G0 F3600 X192.226 Y120.95
M204 S1000
G1 F1200 X196.677 Y125.401 E601.30931
M204 S10000
G0 F3600 X196.677 Y124.976
M204 S1000
G1 F1200 X192.651 Y120.95 E601.42293
M204 S10000
G0 F3600 X193.075 Y120.95
M204 S1000
G1 F1200 X196.676 Y124.551 E601.52456
M204 S10000
G0 F3600 X196.676 Y124.127
M204 S1000
G1 F1200 X193.499 Y120.95 E601.61422
M204 S10000
G0 F3600 X193.924 Y120.95
M204 S1000
G1 F1200 X196.676 Y123.703 E601.6919
M204 S10000
G0 F3600 X196.676 Y123.279
M204 S1000
G1 F1200 X194.348 Y120.95 E601.75761
M204 S10000
G0 F3600 X194.772 Y120.95
M204 S1000
G1 F1200 X196.676 Y122.854 E601.81135
M204 S10000
G0 F3600 X196.676 Y122.429
M204 S1000
G1 F1200 X195.196 Y120.95 E601.8531
M204 S10000
G0 F3600 X195.621 Y120.95
M204 S1000
G1 F1200 X196.676 Y122.005 E601.88288
M204 S10000
G0 F3600 X196.676 Y121.581
M204 S1000
G1 F1200 X196.045 Y120.95 E601.90069
M204 S10000
G0 F3600 X196.469 Y120.95
M204 S1000
G1 F1200 X196.676 Y121.157 E601.90653
M204 S10000
G0 F3600 X197.096 Y121.157
G1 F3000 E595.90653
;MESH:NONMESH
G0 F300 X197.096 Y121.157 Z0.36
G0 F3600 X196.974 Y120.652
G0 X163.713 Y119.844
G0 X98.518 Y90.806
;TIME_ELAPSED:1578.615502
;LAYER:1
M106 S85
M204 S1000
;TYPE:SKIRT
G1 F3000 E601.90653
G1 F1200 X98.908 Y90.491 E601.91903
G1 X99.343 Y90.241 E601.93155
G1 X99.812 Y90.063 E601.94406
G1 X100.304 Y89.963 E601.95659
G1 X100.601 Y89.94 E601.96402
G1 X100.922 Y89.931 E601.97203
G1 X161.058 Y89.93 E603.47213
G1 X161.761 Y89.94 E603.48967
G1 X162.26 Y89.987 E603.50217
G1 X162.746 Y90.113 E603.51469
G1 X163.205 Y90.314 E603.52719
G1 X163.627 Y90.586 E603.53972
G1 X164.048 Y90.973 E603.55398
G1 X164.585 Y91.564 E603.5739
G1 X165.326 Y92.407 E603.6019
G1 X167.181 Y94.397 E603.66976
G1 X169.112 Y96.355 E603.73836
G1 X171.096 Y98.257 E603.80692
G1 X173.117 Y100.087 E603.87493
G1 X175.199 Y101.867 E603.94326
G1 X177.329 Y103.587 E604.01155
G1 X179.523 Y105.258 E604.08035
G1 X181.725 Y106.84 E604.14798
G1 X183.992 Y108.373 E604.21625
G1 X186.326 Y109.856 E604.28523
G1 X188.693 Y111.268 E604.35398
G1 X191.052 Y112.587 E604.4214
G1 X193.483 Y113.856 E604.48981
G1 X195.964 Y115.064 E604.55865
G1 X198.502 Y116.211 E604.62812
G1 X199.397 Y116.602 E604.65248
G1 X199.84 Y116.838 E604.66501
G1 X200.239 Y117.142 E604.67752
G1 X200.584 Y117.506 E604.69003
G1 X200.868 Y117.92 E604.70255
G1 X201.082 Y118.373 E604.71505
G1 X201.222 Y118.855 E604.72757
G1 X201.285 Y119.422 E604.7418
G1 X201.358 Y122.889 E604.82831
G1 X201.495 Y125.64 E604.89701
G1 X201.708 Y128.353 E604.9649
G1 X202 Y131.081 E605.03334
G1 X202.272 Y133.145 E605.08527
G1 X202.445 Y134.352 E605.11569
G1 X202.476 Y134.705 E605.12453
G1 X202.486 Y135.041 E605.13291
G1 X202.495 Y155.069 E605.63251
G1 X202.488 Y164.546 E605.86892
G1 X202.477 Y165.248 E605.88643
G1 X202.446 Y165.642 E605.89629
G1 X202.086 Y168.178 E605.96018
G1 X201.778 Y170.861 E606.02755
G1 X201.546 Y173.565 E606.09525
G1 X201.387 Y176.32 E606.16409
G1 X201.304 Y179.202 E606.23601
G1 X201.284 Y180.559 E606.26986
G1 X201.236 Y181.059 E606.28239
G1 X201.11 Y181.544 E606.29489
G1 X200.909 Y182.003 E606.30739
G1 X200.637 Y182.425 E606.31992
G1 X200.301 Y182.798 E606.33244
G1 X199.911 Y183.113 E606.34495
G1 X199.399 Y183.397 E606.35955
G1 X197.183 Y184.369 E606.41991
G1 X194.684 Y185.543 E606.48879
G1 X192.238 Y186.777 E606.55713
G1 X189.873 Y188.057 E606.62421
G1 X187.481 Y189.439 E606.69312
G1 X185.115 Y190.897 E606.76245
G1 X182.841 Y192.387 E606.83027
G1 X180.626 Y193.933 E606.89765
G1 X178.397 Y195.582 E606.96681
G1 X176.241 Y197.275 E607.03519
G1 X174.124 Y199.035 E607.10387
G1 X172.096 Y200.82 E607.17126
G1 X170.085 Y202.695 E607.23985
G1 X168.128 Y204.626 E607.30843
G1 X166.237 Y206.6 E607.37662
G1 X164.054 Y209.021 E607.45794
G1 X163.689 Y209.366 E607.47046
G1 X163.275 Y209.648 E607.48296
G1 X162.821 Y209.861 E607.49547
G1 X162.338 Y210 E607.50801
G1 X161.801 Y210.061 E607.52149
G1 X161.477 Y210.07 E607.52957
G1 X101.346 Y210.071 E609.02955
G1 X100.648 Y210.062 E609.04696
G1 X100.149 Y210.015 E609.05946
G1 X99.663 Y209.89 E609.07198
G1 X99.203 Y209.69 E609.08449
G1 X98.781 Y209.419 E609.097
G1 X98.408 Y209.084 E609.10951
G1 X98.092 Y208.694 E609.12203
G1 X97.842 Y208.26 E609.13453
G1 X97.664 Y207.791 E609.14704
G1 X97.563 Y207.299 E609.15957
G1 X97.54 Y206.997 E609.16712
G1 X97.531 Y206.664 E609.17543
G1 X97.53 Y93.711 E611.99306
G1 X97.539 Y93.046 E612.00965
G1 X97.586 Y92.547 E612.02215
G1 X97.711 Y92.061 E612.03467
G1 X97.912 Y91.602 E612.04717
G1 X98.184 Y91.18 E612.05969
G1 X98.518 Y90.806 E612.0722
M204 S10000
G1 F3000 E606.0722
;MESH:Bottom_panel_x3.stl(2)
G0 F6600 X102.06 Y94.46
G0 X102.032 Y128.568
G0 X160.49 Y128.69
M204 S1000
;TYPE:WALL-INNER
G1 F3000 E612.0722
G1 F1500 X160.49 Y94.31 E612.92981
G1 X101.91 Y94.31 E614.3911
G1 X101.91 Y128.69 E615.24871
G1 X160.49 Y128.69 E616.70999
M204 S10000
G0 F6600 X160.79 Y128.99
M204 S1000
G1 F1500 X160.79 Y94.01 E617.58257
G1 X101.61 Y94.01 E619.05882
G1 X101.61 Y128.99 E619.9314
G1 X160.79 Y128.99 E621.40765
M204 S10000
G0 F6600 X161.09 Y129.29
M204 S1000
G1 F1500 X161.09 Y93.71 E622.2952
G1 X101.31 Y93.71 E623.78642
G1 X101.31 Y129.29 E624.67397
G1 X161.09 Y129.29 E626.16518
M204 S10000
G0 F6600 X161.34 Y129.54
M204 S1000
;TYPE:WALL-OUTER
G1 F1500 X161.34 Y93.46 E627.0652
G1 X101.06 Y93.46 E628.56889
G1 X101.06 Y129.54 E629.46891
G1 X161.34 Y129.54 E630.9726
M204 S10000
G0 F6600 X161.34 Y129.34
G0 X161.09 Y129.34
G0 X160.44 Y128.42
G0 X160.22 Y128.42
M204 S1000
;TYPE:SKIN
G1 F1200 X102.18 Y128.42 E632.42042
G1 X102.18 Y94.58 E633.26456
G1 X160.22 Y94.58 E634.71237
G1 X160.22 Y128.42 E635.55652
M204 S10000
G0 F6600 X160.069 Y128.006
M204 S1000
G1 F1200 X159.804 Y128.27 E635.56585
M204 S10000
G0 F6600 X159.38 Y128.27
M204 S1000
G1 F1200 X160.069 Y127.581 E635.59015
M204 S10000
G0 F6600 X160.069 Y127.157
M204 S1000
G1 F1200 X158.956 Y128.27 E635.62942
M204 S10000
G0 F6600 X158.531 Y128.27
M204 S1000
G1 F1200 X160.069 Y126.733 E635.68366
M204 S10000
G0 F6600 X160.069 Y126.309
M204 S1000
G1 F1200 X158.107 Y128.27 E635.75285
M204 S10000
G0 F6600 X157.683 Y128.27
M204 S1000
G1 F1200 X160.069 Y125.884 E635.83703
M204 S10000
G0 F6600 X160.069 Y125.46
M204 S1000
G1 F1200 X157.259 Y128.27 E635.93616
M204 S10000
G0 F6600 X156.834 Y128.27
M204 S1000
G1 F1200 X160.069 Y125.036 E636.05026
M204 S10000
G0 F6600 X160.069 Y124.612
M204 S1000
G1 F1200 X156.41 Y128.27 E636.17933
M204 S10000
G0 F6600 X155.986 Y128.27
M204 S1000
G1 F1200 X160.069 Y124.187 E636.32336
M204 S10000
G0 F6600 X160.069 Y123.763
M204 S1000
G1 F1200 X155.562 Y128.27 E636.48236
M204 S10000
G0 F6600 X155.137 Y128.27
M204 S1000
G1 F1200 X160.069 Y123.339 E636.65633
M204 S10000
G0 F6600 X160.069 Y122.914
M204 S1000
G1 F1200 X154.713 Y128.27 E636.84528
M204 S10000
G0 F6600 X154.289 Y128.27
M204 S1000
G1 F1200 X160.069 Y122.49 E637.04919
M204 S10000
G0 F6600 X160.069 Y122.066
M204 S1000
G1 F1200 X153.865 Y128.27 E637.26805
M204 S10000
G0 F6600 X153.44 Y128.27
M204 S1000
G1 F1200 X160.069 Y121.642 E637.50189
M204 S10000
G0 F6600 X160.069 Y121.217
M204 S1000
G1 F1200 X153.016 Y128.27 E637.7507
M204 S10000
G0 F6600 X152.592 Y128.27
M204 S1000
G1 F1200 X160.069 Y120.793 E638.01447
M204 S10000
G0 F6600 X160.069 Y120.369
M204 S1000
G1 F1200 X152.167 Y128.27 E638.29322
M204 S10000
G0 F6600 X151.743 Y128.27
M204 S1000
G1 F1200 X160.069 Y119.945 E638.58692
M204 S10000
G0 F6600 X160.069 Y119.52
M204 S1000
G1 F1200 X151.319 Y128.27 E638.8956
M204 S10000
G0 F6600 X150.895 Y128.27
M204 S1000
G1 F1200 X160.069 Y119.096 E639.21924
M204 S10000
G0 F6600 X160.069 Y118.672
M204 S1000
G1 F1200 X150.47 Y128.27 E639.55785
M204 S10000
G0 F6600 X150.046 Y128.27
M204 S1000
G1 F1200 X160.069 Y118.248 E639.91142
M204 S10000
G0 F6600 X160.069 Y117.823
M204 S1000
G1 F1200 X149.622 Y128.27 E640.27997
M204 S10000
G0 F6600 X149.198 Y128.27
M204 S1000
G1 F1200 X160.069 Y117.399 E640.66347
M204 S10000
G0 F6600 X160.069 Y116.975
M204 S1000
G1 F1200 X148.773 Y128.27 E641.06195
M204 S10000
G0 F6600 X148.349 Y128.27
M204 S1000
G1 F1200 X160.069 Y116.55 E641.47541
M204 S10000
G0 F6600 X160.069 Y116.126
M204 S1000
G1 F1200 X147.925 Y128.27 E641.90382
M204 S10000
G0 F6600 X147.501 Y128.27
M204 S1000
G1 F1200 X160.069 Y115.702 E642.34719
M204 S10000
G0 F6600 X160.069 Y115.278
M204 S1000
G1 F1200 X147.076 Y128.27 E642.80554
M204 S10000
G0 F6600 X146.652 Y128.27
M204 S1000
G1 F1200 X160.069 Y114.853 E643.27886
M204 S10000
G0 F6600 X160.069 Y114.429
M204 S1000
G1 F1200 X146.228 Y128.27 E643.76714
M204 S10000
G0 F6600 X145.804 Y128.27
M204 S1000
G1 F1200 X160.069 Y114.005 E644.27037
M204 S10000
G0 F6600 X160.069 Y113.581
M204 S1000
G1 F1200 X145.379 Y128.27 E644.78858
M204 S10000
G0 F6600 X144.955 Y128.27
M204 S1000
G1 F1200 X160.069 Y113.156 E645.32177
M204 S10000
G0 F6600 X160.069 Y112.732
M204 S1000
G1 F1200 X144.531 Y128.27 E645.86992
M204 S10000
G0 F6600 X144.106 Y128.27
M204 S1000
G1 F1200 X160.069 Y112.308 E646.43304
M204 S10000
G0 F6600 X160.069 Y111.884
M204 S1000
G1 F1200 X143.682 Y128.27 E647.01111
M204 S10000
G0 F6600 X143.258 Y128.27
M204 S1000
G1 F1200 X160.069 Y111.459 E647.60417
M204 S10000
G0 F6600 X160.069 Y111.035
M204 S1000
G1 F1200 X142.834 Y128.27 E648.21218
M204 S10000
G0 F6600 X142.409 Y128.27
M204 S1000
G1 F1200 X160.069 Y110.611 E648.83517
M204 S10000
G0 F6600 X160.069 Y110.187
M204 S1000
G1 F1200 X141.985 Y128.27 E649.47311
M204 S10000
G0 F6600 X141.561 Y128.27
M204 S1000
G1 F1200 X160.069 Y109.762 E650.12603
M204 S10000
G0 F6600 X160.069 Y109.338
M204 S1000
G1 F1200 X141.137 Y128.27 E650.79391
M204 S10000
G0 F6600 X140.712 Y128.27
M204 S1000
G1 F1200 X160.069 Y108.914 E651.47676
M204 S10000
G0 F6600 X160.069 Y108.489
M204 S1000
G1 F1200 X140.288 Y128.27 E652.17459
M204 S10000
G0 F6600 X139.864 Y128.27
M204 S1000
G1 F1200 X160.069 Y108.065 E652.88737
M204 S10000
G0 F6600 X160.069 Y107.641
M204 S1000
G1 F1200 X139.44 Y128.27 E653.61512
M204 S10000
G0 F6600 X139.015 Y128.27
M204 S1000
G1 F1200 X160.069 Y107.217 E654.35784
M204 S10000
G0 F6600 X160.069 Y106.792
M204 S1000
G1 F1200 X138.591 Y128.27 E655.11553
M204 S10000
G0 F6600 X138.167 Y128.27
M204 S1000
G1 F1200 X160.069 Y106.368 E655.88818
M204 S10000
G0 F6600 X160.069 Y105.944
M204 S1000
G1 F1200 X137.742 Y128.27 E656.67581
M204 S10000
G0 F6600 X137.318 Y128.27
M204 S1000
G1 F1200 X160.069 Y105.52 E657.4784
M204 S10000
G0 F6600 X160.069 Y105.095
M204 S1000
G1 F1200 X136.894 Y128.27 E658.29596
M204 S10000
G0 F6600 X136.47 Y128.27
M204 S1000
G1 F1200 X160.069 Y104.671 E659.12848
M204 S10000
G0 F6600 X160.069 Y104.247
M204 S1000
G1 F1200 X136.045 Y128.27 E659.97597
M204 S10000
G0 F6600 X135.621 Y128.27
M204 S1000
G1 F1200 X160.069 Y103.823 E660.83842
M204 S10000
G0 F6600 X160.069 Y103.398
M204 S1000
G1 F1200 X135.197 Y128.27 E661.71585
M204 S10000
G0 F6600 X134.773 Y128.27
M204 S1000
G1 F1200 X160.069 Y102.974 E662.60823
M204 S10000
G0 F6600 X160.069 Y102.55
M204 S1000
G1 F1200 X134.348 Y128.27 E663.51559
M204 S10000
G0 F6600 X133.924 Y128.27
M204 S1000
G1 F1200 X160.069 Y102.126 E664.43791
M204 S10000
G0 F6600 X160.069 Y101.701
M204 S1000
G1 F1200 X133.5 Y128.27 E665.3752
M204 S10000
G0 F6600 X133.076 Y128.27
M204 S1000
G1 F1200 X160.069 Y101.277 E666.32745
M204 S10000
G0 F6600 X160.069 Y100.853
M204 S1000
G1 F1200 X132.651 Y128.27 E667.29468
M204 S10000
G0 F6600 X132.227 Y128.27
M204 S1000
G1 F1200 X160.069 Y100.428 E668.27688
M204 S10000
G0 F6600 X160.069 Y100.004
M204 S1000
G1 F1200 X131.803 Y128.27 E669.27404
M204 S10000
G0 F6600 X131.379 Y128.27
M204 S1000
G1 F1200 X160.069 Y99.58 E670.28616
M204 S10000
G0 F6600 X160.069 Y99.156
M204 S1000
G1 F1200 X130.955 Y128.269 E671.31322
M204 S10000
G0 F6600 X130.531 Y128.269
M204 S1000
G1 F1200 X160.069 Y98.731 E672.35525
M204 S10000
G0 F6600 X160.069 Y98.307
M204 S1000
G1 F1200 X130.106 Y128.269 E673.41226
M204 S10000
G0 F6600 X129.682 Y128.269
M204 S1000
G1 F1200 X160.069 Y97.883 E674.48422
M204 S10000
G0 F6600 X160.069 Y97.459
M204 S1000
G1 F1200 X129.258 Y128.269 E675.57115
M204 S10000
G0 F6600 X128.834 Y128.269
M204 S1000
G1 F1200 X160.069 Y97.034 E676.67305
M204 S10000
G0 F6600 X160.069 Y96.61
M204 S1000
G1 F1200 X128.409 Y128.269 E677.78992
M204 S10000
G0 F6600 X127.985 Y128.269
M204 S1000
G1 F1200 X160.069 Y96.186 E678.92175
M204 S10000
G0 F6600 X160.069 Y95.762
M204 S1000
G1 F1200 X127.561 Y128.269 E680.06854
M204 S10000
G0 F6600 X127.137 Y128.269
M204 S1000
G1 F1200 X160.069 Y95.337 E681.23031
M204 S10000
G0 F6600 X160.069 Y94.913
M204 S1000
G1 F1200 X126.712 Y128.269 E682.40705
M204 S10000
G0 F6600 X126.288 Y128.269
M204 S1000
G1 F1200 X159.828 Y94.729 E683.59026
M204 S10000
G0 F6600 X159.404 Y94.729
M204 S1000
G1 F1200 X125.864 Y128.269 E684.77348
M204 S10000
G0 F6600 X125.44 Y128.269
M204 S1000
G1 F1200 X158.98 Y94.729 E685.95669
M204 S10000
G0 F6600 X158.555 Y94.729
M204 S1000
G1 F1200 X125.015 Y128.269 E687.1399
M204 S10000
G0 F6600 X124.591 Y128.269
M204 S1000
G1 F1200 X158.131 Y94.729 E688.32312
M204 S10000
G0 F6600 X157.707 Y94.729
M204 S1000
G1 F1200 X124.167 Y128.269 E689.50633
M204 S10000
G0 F6600 X123.742 Y128.269
M204 S1000
G1 F1200 X157.283 Y94.729 E690.68956
M204 S10000
G0 F6600 X156.858 Y94.729
M204 S1000
G1 F1200 X123.318 Y128.269 E691.87278
M204 S10000
G0 F6600 X122.894 Y128.269
M204 S1000
G1 F1200 X156.434 Y94.729 E693.05599
M204 S10000
G0 F6600 X156.01 Y94.729
M204 S1000
G1 F1200 X122.47 Y128.269 E694.23921
M204 S10000
G0 F6600 X122.045 Y128.269
M204 S1000
G1 F1200 X155.586 Y94.729 E695.42244
M204 S10000
G0 F6600 X155.161 Y94.729
M204 S1000
G1 F1200 X121.621 Y128.269 E696.60565
M204 S10000
G0 F6600 X121.197 Y128.269
M204 S1000
G1 F1200 X154.737 Y94.729 E697.78887
M204 S10000
G0 F6600 X154.313 Y94.729
M204 S1000
G1 F1200 X120.773 Y128.269 E698.97208
M204 S10000
G0 F6600 X120.348 Y128.269
M204 S1000
G1 F1200 X153.889 Y94.729 E700.15531
M204 S10000
G0 F6600 X153.464 Y94.729
M204 S1000
G1 F1200 X119.924 Y128.269 E701.33853
M204 S10000
G0 F6600 X119.5 Y128.269
M204 S1000
G1 F1200 X153.04 Y94.729 E702.52174
M204 S10000
G0 F6600 X152.616 Y94.729
M204 S1000
G1 F1200 X119.076 Y128.269 E703.70495
M204 S10000
G0 F6600 X118.651 Y128.269
M204 S1000
G1 F1200 X152.192 Y94.729 E704.88819
M204 S10000
G0 F6600 X151.767 Y94.729
M204 S1000
G1 F1200 X118.227 Y128.269 E706.0714
M204 S10000
G0 F6600 X117.803 Y128.269
M204 S1000
G1 F1200 X151.343 Y94.729 E707.25461
M204 S10000
G0 F6600 X150.919 Y94.729
M204 S1000
G1 F1200 X117.379 Y128.269 E708.43783
M204 S10000
G0 F6600 X116.954 Y128.269
M204 S1000
G1 F1200 X150.494 Y94.729 E709.62104
M204 S10000
G0 F6600 X150.07 Y94.729
M204 S1000
G1 F1200 X116.53 Y128.269 E710.80426
M204 S10000
G0 F6600 X116.106 Y128.269
M204 S1000
G1 F1200 X149.646 Y94.729 E711.98747
M204 S10000
G0 F6600 X149.222 Y94.729
M204 S1000
G1 F1200 X115.681 Y128.269 E713.1707
M204 S10000
G0 F6600 X115.257 Y128.269
M204 S1000
G1 F1200 X148.797 Y94.729 E714.35392
M204 S10000
G0 F6600 X148.373 Y94.729
M204 S1000
G1 F1200 X114.833 Y128.269 E715.53713
M204 S10000
G0 F6600 X114.409 Y128.269
M204 S1000
G1 F1200 X147.949 Y94.729 E716.72034
M204 S10000
G0 F6600 X147.525 Y94.729
M204 S1000
G1 F1200 X113.984 Y128.269 E717.90358
M204 S10000
G0 F6600 X113.56 Y128.269
M204 S1000
G1 F1200 X147.1 Y94.729 E719.08679
M204 S10000
G0 F6600 X146.676 Y94.729
M204 S1000
G1 F1200 X113.136 Y128.269 E720.27
M204 S10000
G0 F6600 X112.712 Y128.269
M204 S1000
G1 F1200 X146.252 Y94.729 E721.45322
M204 S10000
G0 F6600 X145.828 Y94.729
M204 S1000
G1 F1200 X112.287 Y128.269 E722.63645
M204 S10000
G0 F6600 X111.863 Y128.269
M204 S1000
G1 F1200 X145.403 Y94.729 E723.81966
M204 S10000
G0 F6600 X144.979 Y94.729
M204 S1000
G1 F1200 X111.439 Y128.269 E725.00288
M204 S10000
G0 F6600 X111.015 Y128.269
M204 S1000
G1 F1200 X144.555 Y94.729 E726.18609
M204 S10000
G0 F6600 X144.13 Y94.729
M204 S1000
G1 F1200 X110.59 Y128.269 E727.36931
M204 S10000
G0 F6600 X110.166 Y128.269
M204 S1000
G1 F1200 X143.706 Y94.729 E728.55252
M204 S10000
G0 F6600 X143.282 Y94.729
M204 S1000
G1 F1200 X109.742 Y128.269 E729.73573
M204 S10000
G0 F6600 X109.318 Y128.269
M204 S1000
G1 F1200 X142.858 Y94.729 E730.91895
M204 S10000
G0 F6600 X142.433 Y94.729
M204 S1000
G1 F1200 X108.893 Y128.269 E732.10216
M204 S10000
G0 F6600 X108.469 Y128.269
M204 S1000
G1 F1200 X142.009 Y94.729 E733.28538
M204 S10000
G0 F6600 X141.585 Y94.729
M204 S1000
G1 F1200 X108.045 Y128.269 E734.46859
M204 S10000
G0 F6600 X107.62 Y128.269
M204 S1000
G1 F1200 X141.161 Y94.729 E735.65182
M204 S10000
G0 F6600 X140.736 Y94.729
M204 S1000
G1 F1200 X107.196 Y128.269 E736.83504
M204 S10000
G0 F6600 X106.772 Y128.269
M204 S1000
G1 F1200 X140.312 Y94.729 E738.01825
M204 S10000
G0 F6600 X139.888 Y94.729
M204 S1000
G1 F1200 X106.348 Y128.269 E739.20147
M204 S10000
G0 F6600 X105.923 Y128.269
M204 S1000
G1 F1200 X139.464 Y94.729 E740.3847
M204 S10000
G0 F6600 X139.039 Y94.729
M204 S1000
G1 F1200 X105.499 Y128.269 E741.56791
M204 S10000
G0 F6600 X105.075 Y128.269
M204 S1000
G1 F1200 X138.615 Y94.729 E742.75113
M204 S10000
G0 F6600 X138.191 Y94.729
M204 S1000
G1 F1200 X104.651 Y128.269 E743.93434
M204 S10000
G0 F6600 X104.226 Y128.269
M204 S1000
G1 F1200 X137.767 Y94.729 E745.11757
M204 S10000
G0 F6600 X137.342 Y94.729
M204 S1000
G1 F1200 X103.802 Y128.269 E746.30078
M204 S10000
G0 F6600 X103.378 Y128.269
M204 S1000
G1 F1200 X136.918 Y94.729 E747.484
M204 S10000
G0 F6600 X136.494 Y94.729
M204 S1000
G1 F1200 X102.954 Y128.269 E748.66721
M204 S10000
G0 F6600 X102.529 Y128.269
M204 S1000
G1 F1200 X136.069 Y94.729 E749.85043
M204 S10000
G0 F6600 X135.645 Y94.729
M204 S1000
G1 F1200 X102.329 Y128.045 E751.02574
M204 S10000
G0 F6600 X102.329 Y127.621
M204 S1000
G1 F1200 X135.221 Y94.729 E752.18609
M204 S10000
G0 F6600 X134.797 Y94.729
M204 S1000
G1 F1200 X102.329 Y127.197 E753.33149
M204 S10000
G0 F6600 X102.329 Y126.772
M204 S1000
G1 F1200 X134.372 Y94.729 E754.46189
M204 S10000
G0 F6600 X133.948 Y94.729
M204 S1000
G1 F1200 X102.329 Y126.348 E755.57734
M204 S10000
G0 F6600 X102.329 Y125.924
M204 S1000
G1 F1200 X133.524 Y94.729 E756.67783
M204 S10000
G0 F6600 X133.1 Y94.729
M204 S1000
G1 F1200 X102.329 Y125.5 E757.76336
M204 S10000
G0 F6600 X102.329 Y125.075
M204 S1000
G1 F1200 X132.675 Y94.729 E758.83389
M204 S10000
G0 F6600 X132.251 Y94.729
M204 S1000
G1 F1200 X102.329 Y124.651 E759.88947
M204 S10000
G0 F6600 X102.329 Y124.227
M204 S1000
G1 F1200 X131.827 Y94.729 E760.93009
M204 S10000
G0 F6600 X131.403 Y94.729
M204 S1000
G1 F1200 X102.329 Y123.803 E761.95576
M204 S10000
G0 F6600 X102.329 Y123.378
M204 S1000
G1 F1200 X130.978 Y94.729 E762.96643
M204 S10000
G0 F6600 X130.554 Y94.729
M204 S1000
G1 F1200 X102.329 Y122.954 E763.96214
M204 S10000
G0 F6600 X102.329 Y122.53
M204 S1000
G1 F1200 X130.13 Y94.729 E764.9429
M204 S10000
G0 F6600 X129.706 Y94.729
M204 S1000
G1 F1200 X102.329 Y122.106 E765.9087
M204 S10000
G0 F6600 X102.329 Y121.681
M204 S1000
G1 F1200 X129.281 Y94.729 E766.8595
M204 S10000
G0 F6600 X128.857 Y94.729
M204 S1000
G1 F1200 X102.329 Y121.257 E767.79535
M204 S10000
G0 F6600 X102.329 Y120.833
M204 S1000
G1 F1200 X128.433 Y94.729 E768.71624
M204 S10000
G0 F6600 X128.008 Y94.729
M204 S1000
G1 F1200 X102.329 Y120.408 E769.62213
M204 S10000
G0 F6600 X102.329 Y119.984
M204 S1000
G1 F1200 X127.584 Y94.729 E770.51307
M204 S10000
G0 F6600 X127.16 Y94.729
M204 S1000
G1 F1200 X102.329 Y119.56 E771.38905
M204 S10000
G0 F6600 X102.329 Y119.136
M204 S1000
G1 F1200 X126.736 Y94.729 E772.25007
M204 S10000
G0 F6600 X126.311 Y94.729
M204 S1000
G1 F1200 X102.329 Y118.711 E773.0961
M204 S10000
G0 F6600 X102.329 Y118.287
M204 S1000
G1 F1200 X125.887 Y94.729 E773.92718
M204 S10000
G0 F6600 X125.463 Y94.729
M204 S1000
G1 F1200 X102.329 Y117.863 E774.74329
M204 S10000
G0 F6600 X102.329 Y117.439
M204 S1000
G1 F1200 X125.039 Y94.729 E775.54445
M204 S10000
G0 F6600 X124.614 Y94.729
M204 S1000
G1 F1200 X102.329 Y117.014 E776.33061
M204 S10000
G0 F6600 X102.329 Y116.59
M204 S1000
G1 F1200 X124.19 Y94.729 E777.10182
M204 S10000
G0 F6600 X123.766 Y94.729
M204 S1000
G1 F1200 X102.329 Y116.166 E777.85806
M204 S10000
G0 F6600 X102.329 Y115.742
M204 S1000
G1 F1200 X123.342 Y94.729 E778.59935
M204 S10000
G0 F6600 X122.917 Y94.729
M204 S1000
G1 F1200 X102.329 Y115.317 E779.32565
M204 S10000
G0 F6600 X102.329 Y114.893
M204 S1000
G1 F1200 X122.493 Y94.729 E780.03699
M204 S10000
G0 F6600 X122.069 Y94.729
M204 S1000
G1 F1200 X102.329 Y114.469 E780.73337
M204 S10000
G0 F6600 X102.329 Y114.045
M204 S1000
G1 F1200 X121.644 Y94.729 E781.41478
M204 S10000
G0 F6600 X121.22 Y94.729
M204 S1000
G1 F1200 X102.329 Y113.62 E782.08121
M204 S10000
G0 F6600 X102.329 Y113.196
M204 S1000
G1 F1200 X120.796 Y94.729 E782.73268
M204 S10000
G0 F6600 X120.372 Y94.729
M204 S1000
G1 F1200 X102.329 Y112.772 E783.3692
M204 S10000
G0 F6600 X102.329 Y112.347
M204 S1000
G1 F1200 X119.947 Y94.729 E783.99072
M204 S10000
G0 F6600 X119.523 Y94.729
M204 S1000
G1 F1200 X102.329 Y111.923 E784.59729
M204 S10000
G0 F6600 X102.329 Y111.499
M204 S1000
G1 F1200 X119.099 Y94.729 E785.18889
M204 S10000
G0 F6600 X118.675 Y94.729
M204 S1000
G1 F1200 X102.329 Y111.075 E785.76554
M204 S10000
G0 F6600 X102.329 Y110.65
M204 S1000
G1 F1200 X118.25 Y94.729 E786.3272
M204 S10000
G0 F6600 X117.826 Y94.729
M204 S1000
G1 F1200 X102.329 Y110.226 E786.8739
M204 S10000
G0 F6600 X102.329 Y109.802
M204 S1000
G1 F1200 X117.402 Y94.729 E787.40564
M204 S10000
G0 F6600 X116.978 Y94.729
M204 S1000
G1 F1200 X102.329 Y109.378 E787.92242
M204 S10000
G0 F6600 X102.329 Y108.953
M204 S1000
G1 F1200 X116.553 Y94.729 E788.42421
M204 S10000
G0 F6600 X116.129 Y94.729
M204 S1000
G1 F1200 X102.329 Y108.529 E788.91104
M204 S10000
G0 F6600 X102.329 Y108.105
M204 S1000
G1 F1200 X115.705 Y94.729 E789.38292
M204 S10000
G0 F6600 X115.281 Y94.729
M204 S1000
G1 F1200 X102.329 Y107.681 E789.83984
M204 S10000
G0 F6600 X102.329 Y107.256
M204 S1000
G1 F1200 X114.856 Y94.729 E790.28176
M204 S10000
G0 F6600 X114.432 Y94.729
M204 S1000
G1 F1200 X102.329 Y106.832 E790.70872
M204 S10000
G0 F6600 X102.329 Y106.408
M204 S1000
G1 F1200 X114.008 Y94.729 E791.12073
M204 S10000
G0 F6600 X113.583 Y94.729
M204 S1000
G1 F1200 X102.329 Y105.983 E791.51775
M204 S10000
G0 F6600 X102.329 Y105.559
M204 S1000
G1 F1200 X113.159 Y94.729 E791.89981
M204 S10000
G0 F6600 X112.735 Y94.729
M204 S1000
G1 F1200 X102.329 Y105.135 E792.26691
M204 S10000
G0 F6600 X102.329 Y104.711
M204 S1000
G1 F1200 X112.311 Y94.729 E792.61905
M204 S10000
G0 F6600 X111.886 Y94.729
M204 S1000
G1 F1200 X102.329 Y104.286 E792.9562
M204 S10000
G0 F6600 X102.329 Y103.862
M204 S1000
G1 F1200 X111.462 Y94.729 E793.27839
M204 S10000
G0 F6600 X111.038 Y94.729
M204 S1000
G1 F1200 X102.329 Y103.438 E793.58562
M204 S10000
G0 F6600 X102.329 Y103.014
M204 S1000
G1 F1200 X110.614 Y94.729 E793.8779
M204 S10000
G0 F6600 X110.189 Y94.729
M204 S1000
G1 F1200 X102.329 Y102.589 E794.15518
M204 S10000
G0 F6600 X102.329 Y102.165
M204 S1000
G1 F1200 X109.765 Y94.729 E794.4175
M204 S10000
G0 F6600 X109.341 Y94.729
M204 S1000
G1 F1200 X102.329 Y101.741 E794.66487
M204 S10000
G0 F6600 X102.329 Y101.317
M204 S1000
G1 F1200 X108.917 Y94.729 E794.89728
M204 S10000
G0 F6600 X108.492 Y94.729
M204 S1000
G1 F1200 X102.329 Y100.892 E795.1147
M204 S10000
G0 F6600 X102.329 Y100.468
M204 S1000
G1 F1200 X108.068 Y94.729 E795.31716
M204 S10000
G0 F6600 X107.644 Y94.729
M204 S1000
G1 F1200 X102.329 Y100.044 E795.50466
M204 S10000
G0 F6600 X102.329 Y99.62
M204 S1000
G1 F1200 X107.22 Y94.729 E795.6772
M204 S10000
G0 F6600 X106.795 Y94.729
M204 S1000
G1 F1200 X102.329 Y99.195 E795.83475
M204 S10000
G0 F6600 X102.329 Y98.771
M204 S1000
G1 F1200 X106.371 Y94.729 E795.97734
M204 S10000
G0 F6600 X105.947 Y94.729
M204 S1000
G1 F1200 X102.329 Y98.347 E796.10498
M204 S10000
G0 F6600 X102.329 Y97.922
M204 S1000
G1 F1200 X105.522 Y94.729 E796.21762
M204 S10000
G0 F6600 X105.098 Y94.729
M204 S1000
G1 F1200 X102.329 Y97.498 E796.3153
M204 S10000
G0 F6600 X102.329 Y97.074
M204 S1000
G1 F1200 X104.674 Y94.729 E796.39803
M204 S10000
G0 F6600 X104.25 Y94.729
M204 S1000
G1 F1200 X102.329 Y96.65 E796.4658
M204 S10000
G0 F6600 X102.329 Y96.225
M204 S1000
G1 F1200 X103.825 Y94.729 E796.51857
M204 S10000
G0 F6600 X103.401 Y94.729
M204 S1000
G1 F1200 X102.329 Y95.801 E796.55639
M204 S10000
G0 F6600 X102.329 Y95.377
M204 S1000
G1 F1200 X102.977 Y94.729 E796.57925
M204 S10000
G0 F6600 X102.553 Y94.729
M204 S1000
G1 F1200 X102.329 Y94.953 E796.58715
M204 S10000
G0 F6600 X101.91 Y94.953
G1 F3000 E790.58715
;MESH:Bottom_panel_x3.stl
G0 F6600 X102.032 Y128.568
G0 X160.49 Y129.37
G0 X160.34 Y132.96
G0 X160.49 Y167.19
M204 S1000
;TYPE:WALL-INNER
G1 F3000 E796.58715
G1 F1500 X160.49 Y132.81 E797.44477
G1 X101.91 Y132.81 E798.90605
G1 X101.91 Y167.19 E799.76366
G1 X160.49 Y167.19 E801.22495
M204 S10000
G0 F6600 X160.79 Y167.49
M204 S1000
G1 F1500 X160.79 Y132.51 E802.09753
G1 X101.61 Y132.51 E803.57378
G1 X101.61 Y167.49 E804.44636
G1 X160.79 Y167.49 E805.92261
M204 S10000
G0 F6600 X161.09 Y167.79
M204 S1000
G1 F1500 X161.09 Y132.21 E806.81016
G1 X101.31 Y132.21 E808.30137
G1 X101.31 Y167.79 E809.18892
G1 X161.09 Y167.79 E810.68014
M204 S10000
G0 F6600 X161.34 Y168.04
M204 S1000
;TYPE:WALL-OUTER
G1 F1500 X161.34 Y131.96 E811.58016
G1 X101.06 Y131.96 E813.08385
G1 X101.06 Y168.04 E813.98387
G1 X161.34 Y168.04 E815.48756
M204 S10000
G0 F6600 X161.34 Y167.84
G0 X161.09 Y167.84
G0 X160.44 Y166.92
G0 X160.22 Y166.92
M204 S1000
;TYPE:SKIN
G1 F1200 X102.18 Y166.92 E816.93537
G1 X102.18 Y133.08 E817.77951
G1 X160.22 Y133.08 E819.22733
G1 X160.22 Y166.92 E820.07147
M204 S10000
G0 F6600 X159.914 Y166.769
M204 S1000
G1 F1200 X160.069 Y166.614 E820.07694
M204 S10000
G0 F6600 X160.069 Y166.189
M204 S1000
G1 F1200 X159.49 Y166.769 E820.09738
M204 S10000
G0 F6600 X159.065 Y166.769
M204 S1000
G1 F1200 X160.069 Y165.765 E820.1328
M204 S10000
G0 F6600 X160.069 Y165.341
M204 S1000
G1 F1200 X158.641 Y166.769 E820.18318
M204 S10000
G0 F6600 X158.217 Y166.769
M204 S1000
G1 F1200 X160.069 Y164.917 E820.24851
M204 S10000
G0 F6600 X160.069 Y164.492
M204 S1000
G1 F1200 X157.792 Y166.769 E820.32884
M204 S10000
G0 F6600 X157.368 Y166.769
M204 S1000
G1 F1200 X160.069 Y164.068 E820.42412
M204 S10000
G0 F6600 X160.069 Y163.644
M204 S1000
G1 F1200 X156.944 Y166.769 E820.53437
M204 S10000
G0 F6600 X156.52 Y166.769
M204 S1000
G1 F1200 X160.069 Y163.22 E820.65957
M204 S10000
G0 F6600 X160.069 Y162.795
M204 S1000
G1 F1200 X156.095 Y166.769 E820.79976
M204 S10000
G0 F6600 X155.671 Y166.769
M204 S1000
G1 F1200 X160.069 Y162.371 E820.95491
M204 S10000
G0 F6600 X160.069 Y161.947
M204 S1000
G1 F1200 X155.247 Y166.769 E821.12502
M204 S10000
G0 F6600 X154.823 Y166.769
M204 S1000
G1 F1200 X160.069 Y161.522 E821.31011
M204 S10000
G0 F6600 X160.069 Y161.098
M204 S1000
G1 F1200 X154.398 Y166.769 E821.51017
M204 S10000
G0 F6600 X153.974 Y166.769
M204 S1000
G1 F1200 X160.069 Y160.674 E821.72518
M204 S10000
G0 F6600 X160.069 Y160.25
M204 S1000
G1 F1200 X153.55 Y166.769 E821.95516
M204 S10000
G0 F6600 X153.126 Y166.769
M204 S1000
G1 F1200 X160.069 Y159.825 E822.20011
M204 S10000
G0 F6600 X160.069 Y159.401
M204 S1000
G1 F1200 X152.701 Y166.769 E822.46003
M204 S10000
G0 F6600 X152.277 Y166.769
M204 S1000
G1 F1200 X160.069 Y158.977 E822.73492
M204 S10000
G0 F6600 X160.069 Y158.553
M204 S1000
G1 F1200 X151.853 Y166.769 E823.02476
M204 S10000
G0 F6600 X151.429 Y166.769
M204 S1000
G1 F1200 X160.069 Y158.128 E823.32958
M204 S10000
G0 F6600 X160.069 Y157.704
M204 S1000
G1 F1200 X151.004 Y166.769 E823.64937
M204 S10000
G0 F6600 X150.58 Y166.769
M204 S1000
G1 F1200 X160.069 Y157.28 E823.98412
M204 S10000
G0 F6600 X160.069 Y156.856
M204 S1000
G1 F1200 X150.156 Y166.769 E824.33383
M204 S10000
G0 F6600 X149.731 Y166.769
M204 S1000
G1 F1200 X160.069 Y156.431 E824.69853
M204 S10000
G0 F6600 X160.069 Y156.007
M204 S1000
G1 F1200 X149.307 Y166.769 E825.07819
M204 S10000
G0 F6600 X148.883 Y166.769
M204 S1000
G1 F1200 X160.069 Y155.583 E825.4728
M204 S10000
G0 F6600 X160.069 Y155.159
M204 S1000
G1 F1200 X148.459 Y166.769 E825.88238
M204 S10000
G0 F6600 X148.034 Y166.769
M204 S1000
G1 F1200 X160.069 Y154.734 E826.30694
M204 S10000
G0 F6600 X160.069 Y154.31
M204 S1000
G1 F1200 X147.61 Y166.769 E826.74647
M204 S10000
G0 F6600 X147.186 Y166.769
M204 S1000
G1 F1200 X160.069 Y153.886 E827.20095
M204 S10000
G0 F6600 X160.069 Y153.461
M204 S1000
G1 F1200 X146.762 Y166.769 E827.67041
M204 S10000
G0 F6600 X146.337 Y166.769
M204 S1000
G1 F1200 X160.069 Y153.037 E828.15484
M204 S10000
G0 F6600 X160.069 Y152.613
M204 S1000
G1 F1200 X145.913 Y166.769 E828.65423
M204 S10000
G0 F6600 X145.489 Y166.769
M204 S1000
G1 F1200 X160.069 Y152.189 E829.16858
M204 S10000
G0 F6600 X160.069 Y151.764
M204 S1000
G1 F1200 X145.065 Y166.769 E829.69791
M204 S10000
G0 F6600 X144.64 Y166.769
M204 S1000
G1 F1200 X160.069 Y151.34 E830.24221
M204 S10000
G0 F6600 X160.069 Y150.916
M204 S1000
G1 F1200 X144.216 Y166.769 E830.80146
M204 S10000
G0 F6600 X143.792 Y166.769
M204 S1000
G1 F1200 X160.069 Y150.492 E831.37568
M204 S10000
G0 F6600 X160.069 Y150.067
M204 S1000
G1 F1200 X143.368 Y166.769 E831.96487
M204 S10000
G0 F6600 X142.943 Y166.769
M204 S1000
G1 F1200 X160.069 Y149.643 E832.56904
M204 S10000
G0 F6600 X160.069 Y149.219
M204 S1000
G1 F1200 X142.519 Y166.769 E833.18816
M204 S10000
G0 F6600 X142.095 Y166.769
M204 S1000
G1 F1200 X160.069 Y148.795 E833.82224
M204 S10000
G0 F6600 X160.069 Y148.37
M204 S1000
G1 F1200 X141.67 Y166.769 E834.47132
M204 S10000
G0 F6600 X141.246 Y166.769
M204 S1000
G1 F1200 X160.069 Y147.946 E835.13535
M204 S10000
G0 F6600 X160.069 Y147.522
M204 S1000
G1 F1200 X140.822 Y166.769 E835.81434
M204 S10000
G0 F6600 X140.398 Y166.769
M204 S1000
G1 F1200 X160.069 Y147.098 E836.50829
M204 S10000
G0 F6600 X160.069 Y146.673
M204 S1000
G1 F1200 X139.973 Y166.769 E837.21723
M204 S10000
G0 F6600 X139.549 Y166.769
M204 S1000
G1 F1200 X160.069 Y146.249 E837.94112
M204 S10000
G0 F6600 X160.069 Y145.825
M204 S1000
G1 F1200 X139.125 Y166.769 E838.67998
M204 S10000
G0 F6600 X138.701 Y166.769
M204 S1000
G1 F1200 X160.069 Y145.4 E839.43381
M204 S10000
G0 F6600 X160.069 Y144.976
M204 S1000
G1 F1200 X138.276 Y166.769 E840.20262
M204 S10000
G0 F6600 X137.852 Y166.769
M204 S1000
G1 F1200 X160.069 Y144.552 E840.98638
M204 S10000
G0 F6600 X160.069 Y144.128
M204 S1000
G1 F1200 X137.428 Y166.769 E841.78511
M204 S10000
G0 F6600 X137.004 Y166.769
M204 S1000
G1 F1200 X160.069 Y143.703 E842.5988
M204 S10000
G0 F6600 X160.069 Y143.279
M204 S1000
G1 F1200 X136.579 Y166.769 E843.42748
M204 S10000
G0 F6600 X136.155 Y166.769
M204 S1000
G1 F1200 X160.069 Y142.855 E844.27111
M204 S10000
G0 F6600 X160.069 Y142.431
M204 S1000
G1 F1200 X135.731 Y166.769 E845.1297
M204 S10000
G0 F6600 X135.307 Y166.769
M204 S1000
G1 F1200 X160.069 Y142.006 E846.00326
M204 S10000
G0 F6600 X160.069 Y141.582
M204 S1000
G1 F1200 X134.882 Y166.769 E846.8918
M204 S10000
G0 F6600 X134.458 Y166.769
M204 S1000
G1 F1200 X160.069 Y141.158 E847.7953
M204 S10000
G0 F6600 X160.069 Y140.734
M204 S1000
G1 F1200 X134.034 Y166.769 E848.71375
M204 S10000
G0 F6600 X133.609 Y166.769
M204 S1000
G1 F1200 X160.069 Y140.309 E849.6472
M204 S10000
G0 F6600 X160.069 Y139.885
M204 S1000
G1 F1200 X133.185 Y166.769 E850.59561
M204 S10000
G0 F6600 X132.761 Y166.769
M204 S1000
G1 F1200 X160.069 Y139.461 E851.55897
M204 S10000
G0 F6600 X160.069 Y139.036
M204 S1000
G1 F1200 X132.337 Y166.769 E852.53731
M204 S10000
G0 F6600 X131.912 Y166.769
M204 S1000
G1 F1200 X160.069 Y138.612 E853.53062
M204 S10000
G0 F6600 X160.069 Y138.188
M204 S1000
G1 F1200 X131.488 Y166.769 E854.53889
M204 S10000
G0 F6600 X131.064 Y166.769
M204 S1000
G1 F1200 X160.069 Y137.764 E855.56212
M204 S10000
G0 F6600 X160.069 Y137.339
M204 S1000
G1 F1200 X130.64 Y166.769 E856.60033
M204 S10000
G0 F6600 X130.215 Y166.769
M204 S1000
G1 F1200 X160.069 Y136.915 E857.65351
M204 S10000
G0 F6600 X160.069 Y136.491
M204 S1000
G1 F1200 X129.791 Y166.769 E858.72165
M204 S10000
G0 F6600 X129.367 Y166.769
M204 S1000
G1 F1200 X160.069 Y136.067 E859.80474
M204 S10000
G0 F6600 X160.069 Y135.642
M204 S1000
G1 F1200 X128.943 Y166.769 E860.90282
M204 S10000
G0 F6600 X128.518 Y166.769
M204 S1000
G1 F1200 X160.069 Y135.218 E862.01586
M204 S10000
G0 F6600 X160.069 Y134.794
M204 S1000
G1 F1200 X128.094 Y166.769 E863.14387
M204 S10000
G0 F6600 X127.67 Y166.769
M204 S1000
G1 F1200 X160.069 Y134.37 E864.28683
M204 S10000
G0 F6600 X160.069 Y133.945
M204 S1000
G1 F1200 X127.245 Y166.769 E865.44478
M204 S10000
G0 F6600 X126.821 Y166.769
M204 S1000
G1 F1200 X160.069 Y133.521 E866.6177
M204 S10000
G0 F6600 X159.936 Y133.229
M204 S1000
G1 F1200 X126.397 Y166.769 E867.80089
M204 S10000
G0 F6600 X125.973 Y166.769
M204 S1000
G1 F1200 X159.512 Y133.229 E868.98409
M204 S10000
G0 F6600 X159.088 Y133.229
M204 S1000
G1 F1200 X125.548 Y166.769 E870.1673
M204 S10000
G0 F6600 X125.124 Y166.769
M204 S1000
G1 F1200 X158.664 Y133.229 E871.35052
M204 S10000
G0 F6600 X158.239 Y133.229
M204 S1000
G1 F1200 X124.7 Y166.769 E872.53371
M204 S10000
G0 F6600 X124.276 Y166.769
M204 S1000
G1 F1200 X157.815 Y133.229 E873.71691
M204 S10000
G0 F6600 X157.391 Y133.229
M204 S1000
G1 F1200 X123.851 Y166.769 E874.90013
M204 S10000
G0 F6600 X123.427 Y166.769
M204 S1000
G1 F1200 X156.967 Y133.229 E876.08334
M204 S10000
G0 F6600 X156.542 Y133.229
M204 S1000
G1 F1200 X123.003 Y166.769 E877.26654
M204 S10000
G0 F6600 X122.579 Y166.769
M204 S1000
G1 F1200 X156.118 Y133.229 E878.44973
M204 S10000
G0 F6600 X155.694 Y133.229
M204 S1000
G1 F1200 X122.154 Y166.769 E879.63295
M204 S10000
G0 F6600 X121.73 Y166.769
M204 S1000
G1 F1200 X155.27 Y133.229 E880.81616
M204 S10000
G0 F6600 X154.845 Y133.229
M204 S1000
G1 F1200 X121.306 Y166.769 E881.99936
M204 S10000
G0 F6600 X120.882 Y166.769
M204 S1000
G1 F1200 X154.421 Y133.229 E883.18255
M204 S10000
G0 F6600 X153.997 Y133.229
M204 S1000
G1 F1200 X120.457 Y166.769 E884.36577
M204 S10000
G0 F6600 X120.033 Y166.769
M204 S1000
G1 F1200 X153.572 Y133.229 E885.54896
M204 S10000
G0 F6600 X153.148 Y133.229
M204 S1000
G1 F1200 X119.609 Y166.769 E886.73216
M204 S10000
G0 F6600 X119.184 Y166.769
M204 S1000
G1 F1200 X152.724 Y133.229 E887.91537
M204 S10000
G0 F6600 X152.3 Y133.229
M204 S1000
G1 F1200 X118.76 Y166.769 E889.09859
M204 S10000
G0 F6600 X118.336 Y166.769
M204 S1000
G1 F1200 X151.875 Y133.229 E890.28178
M204 S10000
G0 F6600 X151.451 Y133.229
M204 S1000
G1 F1200 X117.912 Y166.769 E891.46498
M204 S10000
G0 F6600 X117.487 Y166.769
M204 S1000
G1 F1200 X151.027 Y133.229 E892.6482
M204 S10000
G0 F6600 X150.603 Y133.229
M204 S1000
G1 F1200 X117.063 Y166.769 E893.83141
M204 S10000
G0 F6600 X116.639 Y166.769
M204 S1000
G1 F1200 X150.178 Y133.229 E895.01461
M204 S10000
G0 F6600 X149.754 Y133.229
M204 S1000
G1 F1200 X116.215 Y166.769 E896.1978
M204 S10000
G0 F6600 X115.79 Y166.769
M204 S1000
G1 F1200 X149.33 Y133.229 E897.38102
M204 S10000
G0 F6600 X148.906 Y133.229
M204 S1000
G1 F1200 X115.366 Y166.769 E898.56423
M204 S10000
G0 F6600 X114.942 Y166.769
M204 S1000
G1 F1200 X148.481 Y133.229 E899.74743
M204 S10000
G0 F6600 X148.057 Y133.229
M204 S1000
G1 F1200 X114.518 Y166.769 E900.93062
M204 S10000
G0 F6600 X114.093 Y166.769
M204 S1000
G1 F1200 X147.633 Y133.229 E902.11384
M204 S10000
G0 F6600 X147.209 Y133.229
M204 S1000
G1 F1200 X113.669 Y166.769 E903.29705
M204 S10000
G0 F6600 X113.245 Y166.769
M204 S1000
G1 F1200 X146.784 Y133.229 E904.48025
M204 S10000
G0 F6600 X146.36 Y133.229
M204 S1000
G1 F1200 X112.821 Y166.769 E905.66344
M204 S10000
G0 F6600 X112.396 Y166.769
M204 S1000
G1 F1200 X145.936 Y133.229 E906.84666
M204 S10000
G0 F6600 X145.511 Y133.229
M204 S1000
G1 F1200 X111.972 Y166.769 E908.02985
M204 S10000
G0 F6600 X111.548 Y166.769
M204 S1000
G1 F1200 X145.087 Y133.229 E909.21305
M204 S10000
G0 F6600 X144.663 Y133.229
M204 S1000
G1 F1200 X111.123 Y166.769 E910.39627
M204 S10000
G0 F6600 X110.699 Y166.769
M204 S1000
G1 F1200 X144.239 Y133.229 E911.57948
M204 S10000
G0 F6600 X143.814 Y133.229
M204 S1000
G1 F1200 X110.275 Y166.769 E912.76268
M204 S10000
G0 F6600 X109.851 Y166.769
M204 S1000
G1 F1200 X143.39 Y133.229 E913.94587
M204 S10000
G0 F6600 X142.966 Y133.229
M204 S1000
G1 F1200 X109.426 Y166.769 E915.12909
M204 S10000
G0 F6600 X109.002 Y166.769
M204 S1000
G1 F1200 X142.542 Y133.229 E916.3123
M204 S10000
G0 F6600 X142.117 Y133.229
M204 S1000
G1 F1200 X108.578 Y166.769 E917.4955
M204 S10000
G0 F6600 X108.154 Y166.769
M204 S1000
G1 F1200 X141.693 Y133.229 E918.67869
M204 S10000
G0 F6600 X141.269 Y133.229
M204 S1000
G1 F1200 X107.729 Y166.769 E919.86191
M204 S10000
G0 F6600 X107.305 Y166.769
M204 S1000
G1 F1200 X140.845 Y133.229 E921.04512
M204 S10000
G0 F6600 X140.42 Y133.229
M204 S1000
G1 F1200 X106.881 Y166.769 E922.22832
M204 S10000
G0 F6600 X106.457 Y166.769
M204 S1000
G1 F1200 X139.996 Y133.229 E923.41151
M204 S10000
G0 F6600 X139.572 Y133.229
M204 S1000
G1 F1200 X106.032 Y166.769 E924.59473
M204 S10000
G0 F6600 X105.608 Y166.769
M204 S1000
G1 F1200 X139.148 Y133.229 E925.77794
M204 S10000
G0 F6600 X138.723 Y133.229
M204 S1000
G1 F1200 X105.184 Y166.769 E926.96114
M204 S10000
G0 F6600 X104.759 Y166.769
M204 S1000
G1 F1200 X138.299 Y133.229 E928.14435
M204 S10000
G0 F6600 X137.875 Y133.229
M204 S1000
G1 F1200 X104.335 Y166.769 E929.32757
M204 S10000
G0 F6600 X103.911 Y166.769
M204 S1000
G1 F1200 X137.45 Y133.229 E930.51076
M204 S10000
G0 F6600 X137.026 Y133.229
M204 S1000
G1 F1200 X103.487 Y166.769 E931.69396
M204 S10000
G0 F6600 X103.062 Y166.769
M204 S1000
G1 F1200 X136.602 Y133.229 E932.87717
M204 S10000
G0 F6600 X136.178 Y133.229
M204 S1000
G1 F1200 X102.638 Y166.769 E934.06039
M204 S10000
G0 F6600 X102.33 Y166.653
M204 S1000
G1 F1200 X135.753 Y133.229 E935.23949
M204 S10000
G0 F6600 X135.329 Y133.229
M204 S1000
G1 F1200 X102.33 Y166.228 E936.40362
M204 S10000
G0 F6600 X102.33 Y165.804
M204 S1000
G1 F1200 X134.905 Y133.229 E937.55279
M204 S10000
G0 F6600 X134.481 Y133.229
M204 S1000
G1 F1200 X102.33 Y165.38 E938.68701
M204 S10000
G0 F6600 X102.33 Y164.955
M204 S1000
G1 F1200 X134.056 Y133.229 E939.80623
M204 S10000
G0 F6600 X133.632 Y133.229
M204 S1000
G1 F1200 X102.33 Y164.531 E940.91049
M204 S10000
G0 F6600 X102.33 Y164.107
M204 S1000
G1 F1200 X133.208 Y133.229 E941.99979
M204 S10000
G0 F6600 X132.784 Y133.229
M204 S1000
G1 F1200 X102.33 Y163.683 E943.07414
M204 S10000
G0 F6600 X102.33 Y163.258
M204 S1000
G1 F1200 X132.359 Y133.229 E944.13349
M204 S10000
G0 F6600 X131.935 Y133.229
M204 S1000
G1 F1200 X102.33 Y162.834 E945.17789
M204 S10000
G0 F6600 X102.33 Y162.41
M204 S1000
G1 F1200 X131.511 Y133.229 E946.20733
M204 S10000
G0 F6600 X131.086 Y133.229
M204 S1000
G1 F1200 X102.33 Y161.986 E947.22179
M204 S10000
G0 F6600 X102.33 Y161.561
M204 S1000
G1 F1200 X130.662 Y133.229 E948.22128
M204 S10000
G0 F6600 X130.238 Y133.229
M204 S1000
G1 F1200 X102.33 Y161.137 E949.20581
M204 S10000
G0 F6600 X102.33 Y160.713
M204 S1000
G1 F1200 X129.814 Y133.229 E950.17538
M204 S10000
G0 F6600 X129.389 Y133.229
M204 S1000
G1 F1200 X102.33 Y160.289 E951.12998
M204 S10000
G0 F6600 X102.33 Y159.864
M204 S1000
G1 F1200 X128.965 Y133.229 E952.0696
M204 S10000
G0 F6600 X128.541 Y133.229
M204 S1000
G1 F1200 X102.33 Y159.44 E952.99427
M204 S10000
G0 F6600 X102.33 Y159.016
M204 S1000
G1 F1200 X128.117 Y133.229 E953.90397
M204 S10000
G0 F6600 X127.692 Y133.229
M204 S1000
G1 F1200 X102.33 Y158.592 E954.7987
M204 S10000
G0 F6600 X102.33 Y158.167
M204 S1000
G1 F1200 X127.268 Y133.229 E955.67846
M204 S10000
G0 F6600 X126.844 Y133.229
M204 S1000
G1 F1200 X102.33 Y157.743 E956.54325
M204 S10000
G0 F6600 X102.33 Y157.319
M204 S1000
G1 F1200 X126.42 Y133.229 E957.39309
M204 S10000
G0 F6600 X125.995 Y133.229
M204 S1000
G1 F1200 X102.33 Y156.894 E958.22794
M204 S10000
G0 F6600 X102.33 Y156.47
M204 S1000
G1 F1200 X125.571 Y133.229 E959.04783
M204 S10000
G0 F6600 X125.147 Y133.229
M204 S1000
G1 F1200 X102.33 Y156.046 E959.85276
M204 S10000
G0 F6600 X102.33 Y155.622
M204 S1000
G1 F1200 X124.723 Y133.229 E960.64274
M204 S10000
G0 F6600 X124.298 Y133.229
M204 S1000
G1 F1200 X102.33 Y155.197 E961.41772
M204 S10000
G0 F6600 X102.33 Y154.773
M204 S1000
G1 F1200 X123.874 Y133.229 E962.17774
M204 S10000
G0 F6600 X123.45 Y133.229
M204 S1000
G1 F1200 X102.33 Y154.349 E962.9228
M204 S10000
G0 F6600 X102.33 Y153.925
M204 S1000
G1 F1200 X123.025 Y133.229 E963.65289
M204 S10000
G0 F6600 X122.601 Y133.229
M204 S1000
G1 F1200 X102.33 Y153.5 E964.36801
M204 S10000
G0 F6600 X102.33 Y153.076
M204 S1000
G1 F1200 X122.177 Y133.229 E965.06816
M204 S10000
G0 F6600 X121.753 Y133.229
M204 S1000
G1 F1200 X102.33 Y152.652 E965.75336
M204 S10000
G0 F6600 X102.33 Y152.228
M204 S1000
G1 F1200 X121.328 Y133.229 E966.42359
M204 S10000
G0 F6600 X120.904 Y133.229
M204 S1000
G1 F1200 X102.33 Y151.803 E967.07883
M204 S10000
G0 F6600 X102.33 Y151.379
M204 S1000
G1 F1200 X120.48 Y133.229 E967.71912
M204 S10000
G0 F6600 X120.056 Y133.229
M204 S1000
G1 F1200 X102.33 Y150.955 E968.34446
M204 S10000
G0 F6600 X102.33 Y150.531
M204 S1000
G1 F1200 X119.631 Y133.229 E968.95481
M204 S10000
G0 F6600 X119.207 Y133.229
M204 S1000
G1 F1200 X102.33 Y150.106 E969.5502
M204 S10000
G0 F6600 X102.33 Y149.682
M204 S1000
G1 F1200 X118.783 Y133.229 E970.13062
M204 S10000
G0 F6600 X118.359 Y133.229
M204 S1000
G1 F1200 X102.33 Y149.258 E970.69609
M204 S10000
G0 F6600 X102.33 Y148.833
M204 S1000
G1 F1200 X117.934 Y133.229 E971.24656
M204 S10000
G0 F6600 X117.51 Y133.229
M204 S1000
G1 F1200 X102.33 Y148.409 E971.78207
M204 S10000
G0 F6600 X102.33 Y147.985
M204 S1000
G1 F1200 X117.086 Y133.229 E972.30263
M204 S10000
G0 F6600 X116.662 Y133.229
M204 S1000
G1 F1200 X102.33 Y147.561 E972.80823
M204 S10000
G0 F6600 X102.33 Y147.136
M204 S1000
G1 F1200 X116.237 Y133.229 E973.29884
M204 S10000
G0 F6600 X115.813 Y133.229
M204 S1000
G1 F1200 X102.33 Y146.712 E973.77449
M204 S10000
G0 F6600 X102.33 Y146.288
M204 S1000
G1 F1200 X115.389 Y133.229 E974.23518
M204 S10000
G0 F6600 X114.964 Y133.229
M204 S1000
G1 F1200 X102.33 Y145.864 E974.6809
M204 S10000
G0 F6600 X102.33 Y145.439
M204 S1000
G1 F1200 X114.54 Y133.229 E975.11164
M204 S10000
G0 F6600 X114.116 Y133.229
M204 S1000
G1 F1200 X102.33 Y145.015 E975.52742
M204 S10000
G0 F6600 X102.33 Y144.591
M204 S1000
G1 F1200 X113.692 Y133.229 E975.92825
M204 S10000
G0 F6600 X113.267 Y133.229
M204 S1000
G1 F1200 X102.33 Y144.167 E976.3141
M204 S10000
G0 F6600 X102.33 Y143.742
M204 S1000
G1 F1200 X112.843 Y133.229 E976.68497
M204 S10000
G0 F6600 X112.419 Y133.229
M204 S1000
G1 F1200 X102.33 Y143.318 E977.04089
M204 S10000
G0 F6600 X102.33 Y142.894
M204 S1000
G1 F1200 X111.995 Y133.229 E977.38185
M204 S10000
G0 F6600 X111.57 Y133.229
M204 S1000
G1 F1200 X102.33 Y142.469 E977.70781
M204 S10000
G0 F6600 X102.33 Y142.045
M204 S1000
G1 F1200 X111.146 Y133.229 E978.01882
M204 S10000
G0 F6600 X110.722 Y133.229
M204 S1000
G1 F1200 X102.33 Y141.621 E978.31487
M204 S10000
G0 F6600 X102.33 Y141.197
M204 S1000
G1 F1200 X110.298 Y133.229 E978.59596
M204 S10000
G0 F6600 X109.873 Y133.229
M204 S1000
G1 F1200 X102.33 Y140.772 E978.86206
M204 S10000
G0 F6600 X102.33 Y140.348
M204 S1000
G1 F1200 X109.449 Y133.229 E979.1132
M204 S10000
G0 F6600 X109.025 Y133.229
M204 S1000
G1 F1200 X102.33 Y139.924 E979.34939
M204 S10000
G0 F6600 X102.33 Y139.5
M204 S1000
G1 F1200 X108.6 Y133.229 E979.5706
M204 S10000
G0 F6600 X108.176 Y133.229
M204 S1000
G1 F1200 X102.33 Y139.075 E979.77683
M204 S10000
G0 F6600 X102.33 Y138.651
M204 S1000
G1 F1200 X107.752 Y133.229 E979.96811
M204 S10000
G0 F6600 X107.328 Y133.229
M204 S1000
G1 F1200 X102.33 Y138.227 E980.14442
M204 S10000
G0 F6600 X102.33 Y137.803
M204 S1000
G1 F1200 X106.903 Y133.229 E980.30577
M204 S10000
G0 F6600 X106.479 Y133.229
M204 S1000
G1 F1200 X102.33 Y137.378 E980.45213
M204 S10000
G0 F6600 X102.33 Y136.954
M204 S1000
G1 F1200 X106.055 Y133.229 E980.58354
M204 S10000
G0 F6600 X105.631 Y133.229
M204 S1000
G1 F1200 X102.33 Y136.53 E980.7
M204 S10000
G0 F6600 X102.33 Y136.106
M204 S1000
G1 F1200 X105.206 Y133.229 E980.80147
M204 S10000
G0 F6600 X104.782 Y133.229
M204 S1000
G1 F1200 X102.33 Y135.681 E980.88797
M204 S10000
G0 F6600 X102.33 Y135.257
M204 S1000
G1 F1200 X104.358 Y133.229 E980.95952
M204 S10000
G0 F6600 X103.934 Y133.229
M204 S1000
G1 F1200 X102.33 Y134.833 E981.0161
M204 S10000
G0 F6600 X102.33 Y134.408
M204 S1000
G1 F1200 X103.509 Y133.229 E981.05769
M204 S10000
G0 F6600 X103.085 Y133.229
M204 S1000
G1 F1200 X102.33 Y133.984 E981.08433
M204 S10000
G0 F6600 X102.33 Y133.56
M204 S1000
G1 F1200 X102.661 Y133.229 E981.09601
M204 S10000
G0 F6600 X102.661 Y132.81
G1 F3000 E975.09601
;MESH:Bottom_panel_x3.stl(1)
G0 F6600 X102.032 Y132.932
G0 X102.032 Y167.068
G0 X160.49 Y167.87
G0 X160.34 Y171.461
G0 X160.49 Y205.691
M204 S1000
;TYPE:WALL-INNER
G1 F3000 E981.09601
G1 F1500 X160.49 Y171.311 E981.95362
G1 X101.91 Y171.311 E983.4149
G1 X101.91 Y205.691 E984.27251
G1 X160.49 Y205.691 E985.7338
M204 S10000
G0 F6600 X160.79 Y205.991
M204 S1000
G1 F1500 X160.79 Y171.011 E986.60638
G1 X101.61 Y171.011 E988.08263
G1 X101.61 Y205.991 E988.95521
G1 X160.79 Y205.991 E990.43146
M204 S10000
G0 F6600 X161.09 Y206.291
M204 S1000
G1 F1500 X161.09 Y170.711 E991.31901
G1 X101.31 Y170.711 E992.81022
G1 X101.31 Y206.291 E993.69777
G1 X161.09 Y206.291 E995.18899
M204 S10000
G0 F6600 X161.34 Y206.541
M204 S1000
;TYPE:WALL-OUTER
G1 F1500 X161.34 Y170.461 E996.08901
G1 X101.06 Y170.461 E997.5927
G1 X101.06 Y206.541 E998.49272
G1 X161.34 Y206.541 E999.99641
M204 S10000
G0 F6600 X161.34 Y206.341
G0 X161.09 Y206.341
G0 X160.44 Y205.421
G0 X160.22 Y205.421
M204 S1000
;TYPE:SKIN
G1 F1200 X102.18 Y205.421 E1001.44422
G1 X102.18 Y171.581 E1002.28837
G1 X160.22 Y171.581 E1003.73618
G1 X160.22 Y205.421 E1004.58032
M204 S10000
G0 F6600 X160.021 Y205.27
M204 S1000
G1 F1200 X160.069 Y205.221 E1004.58203
M204 S10000
G0 F6600 X160.069 Y204.797
M204 S1000
G1 F1200 X159.596 Y205.27 E1004.59872
M204 S10000
G0 F6600 X159.172 Y205.27
M204 S1000
G1 F1200 X160.069 Y204.372 E1004.63038
M204 S10000
G0 F6600 X160.069 Y203.948
M204 S1000
G1 F1200 X158.748 Y205.27 E1004.677
M204 S10000
G0 F6600 X158.324 Y205.27
M204 S1000
G1 F1200 X160.069 Y203.524 E1004.73858
M204 S10000
G0 F6600 X160.069 Y203.1
M204 S1000
G1 F1200 X157.899 Y205.27 E1004.81513
M204 S10000
G0 F6600 X157.475 Y205.27
M204 S1000
G1 F1200 X160.069 Y202.675 E1004.90666
M204 S10000
G0 F6600 X160.069 Y202.251
M204 S1000
G1 F1200 X157.051 Y205.27 E1005.01314
M204 S10000
G0 F6600 X156.626 Y205.27
M204 S1000
G1 F1200 X160.069 Y201.827 E1005.1346
M204 S10000
G0 F6600 X160.069 Y201.403
M204 S1000
G1 F1200 X156.202 Y205.27 E1005.27102
M204 S10000
G0 F6600 X155.778 Y205.27
M204 S1000
G1 F1200 X160.069 Y200.978 E1005.42242
M204 S10000
G0 F6600 X160.069 Y200.554
M204 S1000
G1 F1200 X155.354 Y205.27 E1005.58877
M204 S10000
G0 F6600 X154.929 Y205.27
M204 S1000
G1 F1200 X160.069 Y200.13 E1005.7701
M204 S10000
G0 F6600 X160.069 Y199.706
M204 S1000
G1 F1200 X154.505 Y205.27 E1005.96638
M204 S10000
G0 F6600 X154.081 Y205.27
M204 S1000
G1 F1200 X160.069 Y199.281 E1006.17764
M204 S10000
G0 F6600 X160.069 Y198.857
M204 S1000
G1 F1200 X153.657 Y205.27 E1006.40386
M204 S10000
G0 F6600 X153.232 Y205.27
M204 S1000
G1 F1200 X160.069 Y198.433 E1006.64505
M204 S10000
G0 F6600 X160.069 Y198.008
M204 S1000
G1 F1200 X152.808 Y205.27 E1006.90122
M204 S10000
G0 F6600 X152.384 Y205.27
M204 S1000
G1 F1200 X160.069 Y197.584 E1007.17235
M204 S10000
G0 F6600 X160.069 Y197.16
M204 S1000
G1 F1200 X151.96 Y205.27 E1007.45843
M204 S10000
G0 F6600 X151.535 Y205.27
M204 S1000
G1 F1200 X160.069 Y196.736 E1007.75949
M204 S10000
G0 F6600 X160.069 Y196.311
M204 S1000
G1 F1200 X151.111 Y205.27 E1008.07553
M204 S10000
G0 F6600 X150.687 Y205.27
M204 S1000
G1 F1200 X160.069 Y195.887 E1008.40652
M204 S10000
G0 F6600 X160.069 Y195.463
M204 S1000
G1 F1200 X150.263 Y205.27 E1008.75247
M204 S10000
G0 F6600 X149.838 Y205.27
M204 S1000
G1 F1200 X160.069 Y195.039 E1009.1134
M204 S10000
G0 F6600 X160.069 Y194.614
M204 S1000
G1 F1200 X149.414 Y205.27 E1009.4893
M204 S10000
G0 F6600 X148.99 Y205.27
M204 S1000
G1 F1200 X160.069 Y194.19 E1009.88016
M204 S10000
G0 F6600 X160.069 Y193.766
M204 S1000
G1 F1200 X148.565 Y205.27 E1010.286
M204 S10000
G0 F6600 X148.141 Y205.27
M204 S1000
G1 F1200 X160.069 Y193.342 E1010.70679
M204 S10000
G0 F6600 X160.069 Y192.917
M204 S1000
G1 F1200 X147.717 Y205.27 E1011.14256
M204 S10000
G0 F6600 X147.293 Y205.27
M204 S1000
G1 F1200 X160.069 Y192.493 E1011.59328
M204 S10000
G0 F6600 X160.069 Y192.069
M204 S1000
G1 F1200 X146.868 Y205.27 E1012.05898
M204 S10000
G0 F6600 X146.444 Y205.27
M204 S1000
G1 F1200 X160.069 Y191.645 E1012.53964
M204 S10000
G0 F6600 X160.069 Y191.22
M204 S1000
G1 F1200 X146.02 Y205.27 E1013.03527
M204 S10000
G0 F6600 X145.596 Y205.27
M204 S1000
G1 F1200 X160.069 Y190.796 E1013.54587
M204 S10000
G0 F6600 X160.069 Y190.372
M204 S1000
G1 F1200 X145.171 Y205.27 E1014.07143
M204 S10000
G0 F6600 X144.747 Y205.27
M204 S1000
G1 F1200 X160.069 Y189.947 E1014.61198
M204 S10000
G0 F6600 X160.069 Y189.523
M204 S1000
G1 F1200 X144.323 Y205.27 E1015.16748
M204 S10000
G0 F6600 X143.899 Y205.27
M204 S1000
G1 F1200 X160.069 Y189.099 E1015.73793
M204 S10000
G0 F6600 X160.069 Y188.675
M204 S1000
G1 F1200 X143.474 Y205.27 E1016.32337
M204 S10000
G0 F6600 X143.05 Y205.27
M204 S1000
G1 F1200 X160.069 Y188.25 E1016.92378
M204 S10000
G0 F6600 X160.069 Y187.826
M204 S1000
G1 F1200 X142.626 Y205.27 E1017.53914
M204 S10000
G0 F6600 X142.202 Y205.27
M204 S1000
G1 F1200 X160.069 Y187.402 E1018.16947
M204 S10000
G0 F6600 X160.069 Y186.978
M204 S1000
G1 F1200 X141.777 Y205.27 E1018.81477
M204 S10000
G0 F6600 X141.353 Y205.27
M204 S1000
G1 F1200 X160.069 Y186.553 E1019.47504
M204 S10000
G0 F6600 X160.069 Y186.129
M204 S1000
G1 F1200 X140.929 Y205.27 E1020.15028
M204 S10000
G0 F6600 X140.504 Y205.27
M204 S1000
G1 F1200 X160.069 Y185.705 E1020.84048
M204 S10000
G0 F6600 X160.069 Y185.281
M204 S1000
G1 F1200 X140.08 Y205.27 E1021.54565
M204 S10000
G0 F6600 X139.656 Y205.27
M204 S1000
G1 F1200 X160.069 Y184.856 E1022.26579
M204 S10000
G0 F6600 X160.069 Y184.432
M204 S1000
G1 F1200 X139.232 Y205.27 E1023.00089
M204 S10000
G0 F6600 X138.807 Y205.27
M204 S1000
G1 F1200 X160.069 Y184.008 E1023.75096
M204 S10000
G0 F6600 X160.069 Y183.584
M204 S1000
G1 F1200 X138.383 Y205.27 E1024.516
M204 S10000
G0 F6600 X137.959 Y205.27
M204 S1000
G1 F1200 X160.069 Y183.159 E1025.296
M204 S10000
G0 F6600 X160.069 Y182.735
M204 S1000
G1 F1200 X137.535 Y205.27 E1026.09097
M204 S10000
G0 F6600 X137.11 Y205.27
M204 S1000
G1 F1200 X160.069 Y182.311 E1026.90091
M204 S10000
G0 F6600 X160.069 Y181.886
M204 S1000
G1 F1200 X136.686 Y205.27 E1027.72583
M204 S10000
G0 F6600 X136.262 Y205.27
M204 S1000
G1 F1200 X160.069 Y181.462 E1028.5657
M204 S10000
G0 F6600 X160.069 Y181.038
M204 S1000
G1 F1200 X135.838 Y205.27 E1029.42053
M204 S10000
G0 F6600 X135.413 Y205.27
M204 S1000
G1 F1200 X160.069 Y180.614 E1030.29034
M204 S10000
G0 F6600 X160.069 Y180.189
M204 S1000
G1 F1200 X134.989 Y205.27 E1031.17512
M204 S10000
G0 F6600 X134.565 Y205.27
M204 S1000
G1 F1200 X160.069 Y179.765 E1032.07486
M204 S10000
G0 F6600 X160.069 Y179.341
M204 S1000
G1 F1200 X134.14 Y205.27 E1032.98958
M204 S10000
G0 F6600 X133.716 Y205.27
M204 S1000
G1 F1200 X160.069 Y178.917 E1033.91925
M204 S10000
G0 F6600 X160.069 Y178.492
M204 S1000
G1 F1200 X133.292 Y205.27 E1034.8639
M204 S10000
G0 F6600 X132.868 Y205.27
M204 S1000
G1 F1200 X160.069 Y178.068 E1035.82351
M204 S10000
G0 F6600 X160.069 Y177.644
M204 S1000
G1 F1200 X132.443 Y205.27 E1036.79809
M204 S10000
G0 F6600 X132.019 Y205.27
M204 S1000
G1 F1200 X160.069 Y177.22 E1037.78763
M204 S10000
G0 F6600 X160.069 Y176.795
M204 S1000
G1 F1200 X131.595 Y205.27 E1038.79214
M204 S10000
G0 F6600 X131.171 Y205.27
M204 S1000
G1 F1200 X160.069 Y176.371 E1039.81161
M204 S10000
G0 F6600 X160.069 Y175.947
M204 S1000
G1 F1200 X130.746 Y205.27 E1040.84606
M204 S10000
G0 F6600 X130.322 Y205.27
M204 S1000
G1 F1200 X160.069 Y175.522 E1041.89549
M204 S10000
G0 F6600 X160.069 Y175.098
M204 S1000
G1 F1200 X129.898 Y205.27 E1042.95987
M204 S10000
G0 F6600 X129.474 Y205.27
M204 S1000
G1 F1200 X160.069 Y174.674 E1044.03921
M204 S10000
G0 F6600 X160.069 Y174.25
M204 S1000
G1 F1200 X129.049 Y205.27 E1045.13352
M204 S10000
G0 F6600 X128.625 Y205.27
M204 S1000
G1 F1200 X160.069 Y173.825 E1046.24281
M204 S10000
G0 F6600 X160.069 Y173.401
M204 S1000
G1 F1200 X128.201 Y205.27 E1047.36706
M204 S10000
G0 F6600 X127.777 Y205.27
M204 S1000
G1 F1200 X160.069 Y172.977 E1048.50626
M204 S10000
G0 F6600 X160.069 Y172.553
M204 S1000
G1 F1200 X127.352 Y205.27 E1049.66044
M204 S10000
G0 F6600 X126.928 Y205.27
M204 S1000
G1 F1200 X160.069 Y172.128 E1050.8296
M204 S10000
G0 F6600 X160.044 Y171.73
M204 S1000
G1 F1200 X126.504 Y205.27 E1052.01281
M204 S10000
G0 F6600 X126.079 Y205.27
M204 S1000
G1 F1200 X159.62 Y171.73 E1053.19604
M204 S10000
G0 F6600 X159.195 Y171.73
M204 S1000
G1 F1200 X125.655 Y205.27 E1054.37926
M204 S10000
G0 F6600 X125.231 Y205.27
M204 S1000
G1 F1200 X158.771 Y171.73 E1055.56247
M204 S10000
G0 F6600 X158.347 Y171.73
M204 S1000
G1 F1200 X124.807 Y205.27 E1056.74569
M204 S10000
G0 F6600 X124.382 Y205.27
M204 S1000
G1 F1200 X157.923 Y171.73 E1057.92892
M204 S10000
G0 F6600 X157.498 Y171.73
M204 S1000
G1 F1200 X123.958 Y205.27 E1059.11213
M204 S10000
G0 F6600 X123.534 Y205.27
M204 S1000
G1 F1200 X157.074 Y171.73 E1060.29535
M204 S10000
G0 F6600 X156.65 Y171.73
M204 S1000
G1 F1200 X123.11 Y205.27 E1061.47856
M204 S10000
G0 F6600 X122.685 Y205.27
M204 S1000
G1 F1200 X156.226 Y171.73 E1062.66179
M204 S10000
G0 F6600 X155.801 Y171.73
M204 S1000
G1 F1200 X122.261 Y205.27 E1063.84501
M204 S10000
G0 F6600 X121.837 Y205.27
M204 S1000
G1 F1200 X155.377 Y171.73 E1065.02822
M204 S10000
G0 F6600 X154.953 Y171.73
M204 S1000
G1 F1200 X121.413 Y205.27 E1066.21143
M204 S10000
G0 F6600 X120.988 Y205.27
M204 S1000
G1 F1200 X154.528 Y171.73 E1067.39465
M204 S10000
G0 F6600 X154.104 Y171.73
M204 S1000
G1 F1200 X120.564 Y205.27 E1068.57786
M204 S10000
G0 F6600 X120.14 Y205.27
M204 S1000
G1 F1200 X153.68 Y171.73 E1069.76108
M204 S10000
G0 F6600 X153.256 Y171.73
M204 S1000
G1 F1200 X119.716 Y205.27 E1070.94429
M204 S10000
G0 F6600 X119.291 Y205.27
M204 S1000
G1 F1200 X152.831 Y171.73 E1072.1275
M204 S10000
G0 F6600 X152.407 Y171.73
M204 S1000
G1 F1200 X118.867 Y205.27 E1073.31072
M204 S10000
G0 F6600 X118.443 Y205.27
M204 S1000
G1 F1200 X151.983 Y171.73 E1074.49393
M204 S10000
G0 F6600 X151.559 Y171.73
M204 S1000
G1 F1200 X118.018 Y205.27 E1075.67716
M204 S10000
G0 F6600 X117.594 Y205.27
M204 S1000
G1 F1200 X151.134 Y171.73 E1076.86038
M204 S10000
G0 F6600 X150.71 Y171.73
M204 S1000
G1 F1200 X117.17 Y205.27 E1078.04359
M204 S10000
G0 F6600 X116.746 Y205.27
M204 S1000
G1 F1200 X150.286 Y171.73 E1079.22681
M204 S10000
G0 F6600 X149.862 Y171.73
M204 S1000
G1 F1200 X116.321 Y205.27 E1080.41004
M204 S10000
G0 F6600 X115.897 Y205.27
M204 S1000
G1 F1200 X149.437 Y171.73 E1081.59325
M204 S10000
G0 F6600 X149.013 Y171.73
M204 S1000
G1 F1200 X115.473 Y205.27 E1082.77647
M204 S10000
G0 F6600 X115.049 Y205.27
M204 S1000
G1 F1200 X148.589 Y171.73 E1083.95968
M204 S10000
G0 F6600 X148.165 Y171.73
M204 S1000
G1 F1200 X114.624 Y205.27 E1085.14291
M204 S10000
G0 F6600 X114.2 Y205.27
M204 S1000
G1 F1200 X147.74 Y171.73 E1086.32613
M204 S10000
G0 F6600 X147.316 Y171.73
M204 S1000
G1 F1200 X113.776 Y205.27 E1087.50934
M204 S10000
G0 F6600 X113.352 Y205.27
M204 S1000
G1 F1200 X146.892 Y171.73 E1088.69255
M204 S10000
G0 F6600 X146.467 Y171.73
M204 S1000
G1 F1200 X112.927 Y205.27 E1089.87577
M204 S10000
G0 F6600 X112.503 Y205.27
M204 S1000
G1 F1200 X146.043 Y171.73 E1091.05898
M204 S10000
G0 F6600 X145.619 Y171.73
M204 S1000
G1 F1200 X112.079 Y205.27 E1092.2422
M204 S10000
G0 F6600 X111.654 Y205.27
M204 S1000
G1 F1200 X145.195 Y171.73 E1093.42543
M204 S10000
G0 F6600 X144.77 Y171.73
M204 S1000
G1 F1200 X111.23 Y205.27 E1094.60864
M204 S10000
G0 F6600 X110.806 Y205.27
M204 S1000
G1 F1200 X144.346 Y171.73 E1095.79186
M204 S10000
G0 F6600 X143.922 Y171.73
M204 S1000
G1 F1200 X110.382 Y205.27 E1096.97507
M204 S10000
G0 F6600 X109.957 Y205.27
M204 S1000
G1 F1200 X143.498 Y171.73 E1098.1583
M204 S10000
G0 F6600 X143.073 Y171.73
M204 S1000
G1 F1200 X109.533 Y205.27 E1099.34152
M204 S10000
G0 F6600 X109.109 Y205.27
M204 S1000
G1 F1200 X142.649 Y171.73 E1100.52473
M204 S10000
G0 F6600 X142.225 Y171.73
M204 S1000
G1 F1200 X108.685 Y205.27 E1101.70794
M204 S10000
G0 F6600 X108.26 Y205.27
M204 S1000
G1 F1200 X141.801 Y171.73 E1102.89118
M204 S10000
G0 F6600 X141.376 Y171.73
M204 S1000
G1 F1200 X107.836 Y205.27 E1104.07439
M204 S10000
G0 F6600 X107.412 Y205.27
M204 S1000
G1 F1200 X140.952 Y171.73 E1105.2576
M204 S10000
G0 F6600 X140.528 Y171.73
M204 S1000
G1 F1200 X106.988 Y205.27 E1106.44082
M204 S10000
G0 F6600 X106.563 Y205.27
M204 S1000
G1 F1200 X140.104 Y171.73 E1107.62405
M204 S10000
G0 F6600 X139.679 Y171.73
M204 S1000
G1 F1200 X106.139 Y205.27 E1108.80726
M204 S10000
G0 F6600 X105.715 Y205.27
M204 S1000
G1 F1200 X139.255 Y171.73 E1109.99048
M204 S10000
G0 F6600 X138.831 Y171.73
M204 S1000
G1 F1200 X105.291 Y205.27 E1111.17369
M204 S10000
G0 F6600 X104.866 Y205.27
M204 S1000
G1 F1200 X138.406 Y171.73 E1112.35691
M204 S10000
G0 F6600 X137.982 Y171.73
M204 S1000
G1 F1200 X104.442 Y205.27 E1113.54012
M204 S10000
G0 F6600 X104.018 Y205.27
M204 S1000
G1 F1200 X137.558 Y171.73 E1114.72333
M204 S10000
G0 F6600 X137.134 Y171.73
M204 S1000
G1 F1200 X103.593 Y205.27 E1115.90657
M204 S10000
G0 F6600 X103.169 Y205.27
M204 S1000
G1 F1200 X136.709 Y171.73 E1117.08978
M204 S10000
G0 F6600 X136.285 Y171.73
M204 S1000
G1 F1200 X102.745 Y205.27 E1118.27299
M204 S10000
G0 F6600 X102.33 Y205.261
M204 S1000
G1 F1200 X135.861 Y171.73 E1119.45589
M204 S10000
G0 F6600 X135.437 Y171.73
M204 S1000
G1 F1200 X102.33 Y204.836 E1120.62381
M204 S10000
G0 F6600 X102.33 Y204.412
M204 S1000
G1 F1200 X135.012 Y171.73 E1121.77676
M204 S10000
G0 F6600 X134.588 Y171.73
M204 S1000
G1 F1200 X102.33 Y203.988 E1122.91475
M204 S10000
G0 F6600 X102.33 Y203.564
M204 S1000
G1 F1200 X134.164 Y171.73 E1124.03778
M204 S10000
G0 F6600 X133.74 Y171.73
M204 S1000
G1 F1200 X102.33 Y203.139 E1125.14583
M204 S10000
G0 F6600 X102.33 Y202.715
M204 S1000
G1 F1200 X133.315 Y171.73 E1126.23891
M204 S10000
G0 F6600 X132.891 Y171.73
M204 S1000
G1 F1200 X102.33 Y202.291 E1127.31703
M204 S10000
G0 F6600 X102.33 Y201.866
M204 S1000
G1 F1200 X132.467 Y171.73 E1128.38018
M204 S10000
G0 F6600 X132.042 Y171.73
M204 S1000
G1 F1200 X102.33 Y201.442 E1129.42835
M204 S10000
G0 F6600 X102.33 Y201.018
M204 S1000
G1 F1200 X131.618 Y171.73 E1130.46156
M204 S10000
G0 F6600 X131.194 Y171.73
M204 S1000
G1 F1200 X102.33 Y200.594 E1131.47982
M204 S10000
G0 F6600 X102.33 Y200.169
M204 S1000
G1 F1200 X130.77 Y171.73 E1132.4831
M204 S10000
G0 F6600 X130.345 Y171.73
M204 S1000
G1 F1200 X102.33 Y199.745 E1133.4714
M204 S10000
G0 F6600 X102.33 Y199.321
M204 S1000
G1 F1200 X129.921 Y171.73 E1134.44475
M204 S10000
G0 F6600 X129.497 Y171.73
M204 S1000
G1 F1200 X102.33 Y198.897 E1135.40314
M204 S10000
G0 F6600 X102.33 Y198.472
M204 S1000
G1 F1200 X129.073 Y171.73 E1136.34655
M204 S10000
G0 F6600 X128.648 Y171.73
M204 S1000
G1 F1200 X102.33 Y198.048 E1137.27499
M204 S10000
G0 F6600 X102.33 Y197.624
M204 S1000
G1 F1200 X128.224 Y171.73 E1138.18847
M204 S10000
G0 F6600 X127.8 Y171.73
M204 S1000
G1 F1200 X102.33 Y197.2 E1139.087
M204 S10000
G0 F6600 X102.33 Y196.775
M204 S1000
G1 F1200 X127.376 Y171.73 E1139.97054
M204 S10000
G0 F6600 X126.951 Y171.73
M204 S1000
G1 F1200 X102.33 Y196.351 E1140.83912
M204 S10000
G0 F6600 X102.33 Y195.927
M204 S1000
G1 F1200 X126.527 Y171.73 E1141.69273
M204 S10000
G0 F6600 X126.103 Y171.73
M204 S1000
G1 F1200 X102.33 Y195.503 E1142.53139
M204 S10000
G0 F6600 X102.33 Y195.078
M204 S1000
G1 F1200 X125.679 Y171.73 E1143.35507
M204 S10000
G0 F6600 X125.254 Y171.73
M204 S1000
G1 F1200 X102.33 Y194.654 E1144.16378
M204 S10000
G0 F6600 X102.33 Y194.23
M204 S1000
G1 F1200 X124.83 Y171.73 E1144.95752
M204 S10000
G0 F6600 X124.406 Y171.73
M204 S1000
G1 F1200 X102.33 Y193.805 E1145.7363
M204 S10000
G0 F6600 X102.33 Y193.381
M204 S1000
G1 F1200 X123.981 Y171.73 E1146.50009
M204 S10000
G0 F6600 X123.557 Y171.73
M204 S1000
G1 F1200 X102.33 Y192.957 E1147.24893
M204 S10000
G0 F6600 X102.33 Y192.533
M204 S1000
G1 F1200 X123.133 Y171.73 E1147.98282
M204 S10000
G0 F6600 X122.709 Y171.73
M204 S1000
G1 F1200 X102.33 Y192.108 E1148.70172
M204 S10000
G0 F6600 X102.33 Y191.684
M204 S1000
G1 F1200 X122.284 Y171.73 E1149.40565
M204 S10000
G0 F6600 X121.86 Y171.73
M204 S1000
G1 F1200 X102.33 Y191.26 E1150.09463
M204 S10000
G0 F6600 X102.33 Y190.836
M204 S1000
G1 F1200 X121.436 Y171.73 E1150.76864
M204 S10000
G0 F6600 X121.012 Y171.73
M204 S1000
G1 F1200 X102.33 Y190.411 E1151.42768
M204 S10000
G0 F6600 X102.33 Y189.987
M204 S1000
G1 F1200 X120.587 Y171.73 E1152.07175
M204 S10000
G0 F6600 X120.163 Y171.73
M204 S1000
G1 F1200 X102.33 Y189.563 E1152.70086
M204 S10000
G0 F6600 X102.33 Y189.139
M204 S1000
G1 F1200 X119.739 Y171.73 E1153.31501
M204 S10000
G0 F6600 X119.315 Y171.73
M204 S1000
G1 F1200 X102.33 Y188.714 E1153.91418
M204 S10000
G0 F6600 X102.33 Y188.29
M204 S1000
G1 F1200 X118.89 Y171.73 E1154.49838
M204 S10000
G0 F6600 X118.466 Y171.73
M204 S1000
G1 F1200 X102.33 Y187.866 E1155.06762
M204 S10000
G0 F6600 X102.33 Y187.441
M204 S1000
G1 F1200 X118.042 Y171.73 E1155.62188
M204 S10000
G0 F6600 X117.618 Y171.73
M204 S1000
G1 F1200 X102.33 Y187.017 E1156.16119
M204 S10000
G0 F6600 X102.33 Y186.593
M204 S1000
G1 F1200 X117.193 Y171.73 E1156.68552
M204 S10000
G0 F6600 X116.769 Y171.73
M204 S1000
G1 F1200 X102.33 Y186.169 E1157.1949
M204 S10000
G0 F6600 X102.33 Y185.744
M204 S1000
G1 F1200 X116.345 Y171.73 E1157.6893
M204 S10000
G0 F6600 X115.92 Y171.73
M204 S1000
G1 F1200 X102.33 Y185.32 E1158.16872
M204 S10000
G0 F6600 X102.33 Y184.896
M204 S1000
G1 F1200 X115.496 Y171.73 E1158.63319
M204 S10000
G0 F6600 X115.072 Y171.73
M204 S1000
G1 F1200 X102.33 Y184.472 E1159.0827
M204 S10000
G0 F6600 X102.33 Y184.047
M204 S1000
G1 F1200 X114.648 Y171.73 E1159.51723
M204 S10000
G0 F6600 X114.223 Y171.73
M204 S1000
G1 F1200 X102.33 Y183.623 E1159.93679
M204 S10000
G0 F6600 X102.33 Y183.199
M204 S1000
G1 F1200 X113.799 Y171.73 E1160.34139
M204 S10000
G0 F6600 X113.375 Y171.73
M204 S1000
G1 F1200 X102.33 Y182.775 E1160.73103
M204 S10000
G0 F6600 X102.33 Y182.35
M204 S1000
G1 F1200 X112.951 Y171.73 E1161.1057
M204 S10000
G0 F6600 X112.526 Y171.73
M204 S1000
G1 F1200 X102.33 Y181.926 E1161.46539
M204 S10000
G0 F6600 X102.33 Y181.502
M204 S1000
G1 F1200 X112.102 Y171.73 E1161.81012
M204 S10000
G0 F6600 X111.678 Y171.73
M204 S1000
G1 F1200 X102.33 Y181.078 E1162.1399
M204 S10000
G0 F6600 X102.33 Y180.653
M204 S1000
G1 F1200 X111.254 Y171.73 E1162.4547
M204 S10000
G0 F6600 X110.829 Y171.73
M204 S1000
G1 F1200 X102.33 Y180.229 E1162.75452
M204 S10000
G0 F6600 X102.33 Y179.805
M204 S1000
G1 F1200 X110.405 Y171.73 E1163.03939
M204 S10000
G0 F6600 X109.981 Y171.73
M204 S1000
G1 F1200 X102.33 Y179.38 E1163.30928
M204 S10000
G0 F6600 X102.33 Y178.956
M204 S1000
G1 F1200 X109.557 Y171.73 E1163.56422
M204 S10000
G0 F6600 X109.132 Y171.73
M204 S1000
G1 F1200 X102.33 Y178.532 E1163.80418
M204 S10000
G0 F6600 X102.33 Y178.108
M204 S1000
G1 F1200 X108.708 Y171.73 E1164.02918
M204 S10000
G0 F6600 X108.284 Y171.73
M204 S1000
G1 F1200 X102.33 Y177.683 E1164.2392
M204 S10000
G0 F6600 X102.33 Y177.259
M204 S1000
G1 F1200 X107.859 Y171.73 E1164.43425
M204 S10000
G0 F6600 X107.435 Y171.73
M204 S1000
G1 F1200 X102.33 Y176.835 E1164.61435
M204 S10000
G0 F6600 X102.33 Y176.411
M204 S1000
G1 F1200 X107.011 Y171.73 E1164.77948
M204 S10000
G0 F6600 X106.587 Y171.73
M204 S1000
G1 F1200 X102.33 Y175.986 E1164.92964
M204 S10000
G0 F6600 X102.33 Y175.562
M204 S1000
G1 F1200 X106.162 Y171.73 E1165.06483
M204 S10000
G0 F6600 X105.738 Y171.73
M204 S1000
G1 F1200 X102.33 Y175.138 E1165.18505
M204 S10000
G0 F6600 X102.33 Y174.714
M204 S1000
G1 F1200 X105.314 Y171.73 E1165.29032
M204 S10000
G0 F6600 X104.89 Y171.73
M204 S1000
G1 F1200 X102.33 Y174.289 E1165.38061
M204 S10000
G0 F6600 X102.33 Y173.865
M204 S1000
G1 F1200 X104.465 Y171.73 E1165.45593
M204 S10000
G0 F6600 X104.041 Y171.73
M204 S1000
G1 F1200 X102.33 Y173.441 E1165.51629
M204 S10000
G0 F6600 X102.33 Y173.017
M204 S1000
G1 F1200 X103.617 Y171.73 E1165.56169
M204 S10000
G0 F6600 X103.193 Y171.73
M204 S1000
G1 F1200 X102.33 Y172.592 E1165.59212
M204 S10000
G0 F6600 X102.33 Y172.168
M204 S1000
G1 F1200 X102.768 Y171.73 E1165.60757
M204 S10000
G0 F6600 X102.768 Y171.311
G1 F3000 E1159.60757
;MESH:Bottom_back_panel.stl
G0 F6600 X160.368 Y171.433
G0 X160.379 Y179.294
G0 X163.899 Y179.289
G0 X164.579 Y179.289
M204 S1000
;TYPE:WALL-INNER
G1 F3000 E1165.60757
G1 F1500 X196.915 Y179.289 E1166.4142
G1 X196.916 Y165.154 E1166.7668
G1 X196.976 Y164.813 E1166.77543
G1 X197.21 Y164.448 E1166.78625
G1 X197.515 Y164.251 E1166.79531
G1 X197.966 Y164.15 E1166.80684
G1 X198.251 Y164.15 E1166.81394
G1 X198.251 Y135.85 E1167.51989
G1 X197.966 Y135.85 E1167.527
G1 X197.515 Y135.749 E1167.53853
G1 X197.202 Y135.546 E1167.54784
G1 X196.977 Y135.156 E1167.55907
G1 X196.916 Y134.846 E1167.56695
G1 X196.916 Y120.71 E1167.91957
G1 X164.579 Y120.71 E1168.72622
G1 X164.579 Y179.289 E1170.18748
M204 S10000
G0 F6600 X164.279 Y179.589
M204 S1000
G1 F1500 X197.215 Y179.589 E1171.00907
G1 X197.221 Y165.106 E1171.37035
G1 X197.271 Y164.915 E1171.37528
G1 X197.391 Y164.717 E1171.38105
G1 X197.644 Y164.522 E1171.38902
G1 X197.966 Y164.45 E1171.39725
G1 X198.551 Y164.45 E1171.41184
G1 X198.551 Y135.55 E1172.13276
G1 X197.966 Y135.55 E1172.14735
G1 X197.644 Y135.478 E1172.15558
G1 X197.391 Y135.283 E1172.16355
G1 X197.271 Y135.085 E1172.16933
G1 X197.216 Y134.892 E1172.17433
G1 X197.216 Y120.41 E1172.53559
G1 X164.279 Y120.41 E1173.3572
G1 X164.279 Y179.589 E1174.83343
M204 S10000
G0 F6600 X163.979 Y179.889
M204 S1000
G1 F1500 X197.515 Y179.889 E1175.66999
G1 X197.517 Y165.161 E1176.03738
G1 X197.621 Y164.91 E1176.04416
G1 X197.772 Y164.793 E1176.04892
G1 X197.966 Y164.75 E1176.05388
G1 X198.851 Y164.75 E1176.07596
G1 X198.851 Y135.25 E1176.81184
G1 X197.966 Y135.25 E1176.83391
G1 X197.773 Y135.207 E1176.83884
G1 X197.621 Y135.09 E1176.84363
G1 X197.517 Y134.839 E1176.85041
G1 X197.516 Y120.11 E1177.21782
G1 X163.979 Y120.11 E1178.05441
G1 X163.979 Y179.889 E1179.5456
M204 S10000
G0 F6600 X163.729 Y180.139
M204 S1000
;TYPE:WALL-OUTER
G1 F1500 X197.765 Y180.139 E1180.39463
G1 X197.768 Y165.165 E1180.76816
G1 X197.812 Y165.071 E1180.77075
G1 X197.905 Y165 E1180.77367
G1 X199.101 Y165 E1180.8035
G1 X199.101 Y135 E1181.55186
G1 X197.905 Y135 E1181.58169
G1 X197.812 Y134.929 E1181.58461
G1 X197.768 Y134.834 E1181.58722
G1 X197.766 Y119.86 E1181.96075
G1 X163.729 Y119.86 E1182.8098
G1 X163.729 Y180.139 E1184.31347
M204 S10000
G0 F6600 X163.929 Y180.139
G0 X163.929 Y179.889
G0 X164.629 Y179.019
G0 X164.849 Y179.019
M204 S1000
;TYPE:SKIN
G1 F1200 X164.849 Y120.98 E1185.76126
G1 X196.646 Y120.98 E1186.55444
G1 X196.647 Y134.863 E1186.90075
G1 X196.727 Y135.261 E1186.91088
G1 X197.008 Y135.741 E1186.92475
G1 X197.403 Y135.999 E1186.93652
G1 X197.981 Y136.127 E1186.95129
G1 X197.981 Y163.873 E1187.64342
G1 X197.402 Y164.001 E1187.65821
G1 X197.124 Y164.183 E1187.6665
G1 X196.861 Y164.473 E1187.67626
G1 X196.721 Y164.752 E1187.68405
G1 X196.649 Y165.119 E1187.69338
G1 X196.645 Y179.019 E1188.04011
G1 X164.849 Y179.019 E1188.83327
M204 S10000
G1 F3000 E1182.83327
G0 F6600 X164.629 Y179.019
G0 X196.793 Y179.167
G0 X196.865 Y178.556
G0 X196.494 Y178.555
M204 S1000
G1 F3000 E1188.83327
G1 F1200 X196.18 Y178.869 E1188.84435
M204 S10000
G0 F6600 X195.756 Y178.869
M204 S1000
G1 F1200 X196.494 Y178.13 E1188.8704
M204 S10000
G0 F6600 X196.494 Y177.706
M204 S1000
G1 F1200 X195.331 Y178.869 E1188.91143
M204 S10000
G0 F6600 X194.907 Y178.869
M204 S1000
G1 F1200 X196.494 Y177.282 E1188.96741
M204 S10000
G0 F6600 X196.494 Y176.858
M204 S1000
G1 F1200 X194.483 Y178.869 E1189.03836
M204 S10000
G0 F6600 X194.059 Y178.869
M204 S1000
G1 F1200 X196.494 Y176.433 E1189.12428
M204 S10000
G0 F6600 X196.494 Y176.009
M204 S1000
G1 F1200 X193.634 Y178.869 E1189.22517
M204 S10000
G0 F6600 X193.21 Y178.869
M204 S1000
G1 F1200 X196.494 Y175.585 E1189.34102
M204 S10000
G0 F6600 X196.494 Y175.16
M204 S1000
G1 F1200 X192.786 Y178.869 E1189.47185
M204 S10000
G0 F6600 X192.362 Y178.869
M204 S1000
G1 F1200 X196.494 Y174.736 E1189.61763
M204 S10000
G0 F6600 X196.494 Y174.312
M204 S1000
G1 F1200 X191.937 Y178.869 E1189.77839
M204 S10000
G0 F6600 X191.513 Y178.869
M204 S1000
G1 F1200 X196.495 Y173.887 E1189.95415
M204 S10000
G0 F6600 X196.495 Y173.463
M204 S1000
G1 F1200 X191.089 Y178.869 E1190.14486
M204 S10000
G0 F6600 X190.664 Y178.869
M204 S1000
G1 F1200 X196.495 Y173.038 E1190.35056
M204 S10000
G0 F6600 X196.495 Y172.614
M204 S1000
G1 F1200 X190.24 Y178.869 E1190.57123
M204 S10000
G0 F6600 X189.816 Y178.869
M204 S1000
G1 F1200 X196.495 Y172.19 E1190.80685
M204 S10000
G0 F6600 X196.495 Y171.766
M204 S1000
G1 F1200 X189.392 Y178.869 E1191.05742
M204 S10000
G0 F6600 X188.967 Y178.869
M204 S1000
G1 F1200 X196.495 Y171.341 E1191.32299
M204 S10000
G0 F6600 X196.495 Y170.917
M204 S1000
G1 F1200 X188.543 Y178.869 E1191.60352
M204 S10000
G0 F6600 X188.119 Y178.869
M204 S1000
G1 F1200 X196.495 Y170.493 E1191.89901
M204 S10000
G0 F6600 X196.495 Y170.069
M204 S1000
G1 F1200 X187.695 Y178.869 E1192.20945
M204 S10000
G0 F6600 X187.27 Y178.869
M204 S1000
G1 F1200 X196.495 Y169.644 E1192.53489
M204 S10000
G0 F6600 X196.495 Y169.219
M204 S1000
G1 F1200 X186.846 Y178.869 E1192.8753
M204 S10000
G0 F6600 X186.422 Y178.869
M204 S1000
G1 F1200 X196.495 Y168.795 E1193.23067
M204 S10000
G0 F6600 X196.495 Y168.371
M204 S1000
G1 F1200 X185.998 Y178.869 E1193.601
M204 S10000
G0 F6600 X185.573 Y178.869
M204 S1000
G1 F1200 X196.495 Y167.947 E1193.9863
M204 S10000
G0 F6600 X196.495 Y167.522
M204 S1000
G1 F1200 X185.149 Y178.869 E1194.38658
M204 S10000
G0 F6600 X184.725 Y178.869
M204 S1000
G1 F1200 X196.495 Y167.098 E1194.80182
M204 S10000
G0 F6600 X196.495 Y166.674
M204 S1000
G1 F1200 X184.301 Y178.869 E1195.23201
M204 S10000
G0 F6600 X183.876 Y178.869
M204 S1000
G1 F1200 X196.495 Y166.249 E1195.6772
M204 S10000
G0 F6600 X196.495 Y165.825
M204 S1000
G1 F1200 X183.452 Y178.869 E1196.13734
M204 S10000
G0 F6600 X183.028 Y178.869
M204 S1000
G1 F1200 X196.495 Y165.401 E1196.61244
M204 S10000
G0 F6600 X196.533 Y164.939
M204 S1000
G1 F1200 X182.603 Y178.869 E1197.10386
M204 S10000
G0 F6600 X182.179 Y178.869
M204 S1000
G1 F1200 X197.83 Y163.218 E1197.65599
M204 S10000
G0 F6600 X197.83 Y163.642
M204 S1000
G1 F1200 X197.688 Y163.784 E1197.661
M204 S10000
G1 F3000 E1191.661
G0 F6600 X197.768 Y164.146
G0 X198.129 Y164.028
G0 X198.201 Y162.794
G0 X197.83 Y162.794
M204 S1000
G1 F3000 E1197.661
G1 F1200 X181.755 Y178.869 E1198.22809
M204 S10000
G0 F6600 X181.331 Y178.869
M204 S1000
G1 F1200 X197.83 Y162.37 E1198.81014
M204 S10000
G0 F6600 X197.83 Y161.945
M204 S1000
G1 F1200 X180.906 Y178.869 E1199.40718
M204 S10000
G0 F6600 X180.482 Y178.869
M204 S1000
G1 F1200 X197.83 Y161.521 E1200.01918
M204 S10000
G0 F6600 X197.83 Y161.097
M204 S1000
G1 F1200 X180.058 Y178.869 E1200.64613
M204 S10000
G0 F6600 X179.634 Y178.869
M204 S1000
G1 F1200 X197.83 Y160.673 E1201.28804
M204 S10000
G0 F6600 X197.83 Y160.248
M204 S1000
G1 F1200 X179.209 Y178.869 E1201.94495
M204 S10000
G0 F6600 X178.785 Y178.869
M204 S1000
G1 F1200 X197.83 Y159.824 E1202.61681
M204 S10000
G0 F6600 X197.83 Y159.4
M204 S1000
G1 F1200 X178.361 Y178.869 E1203.30364
M204 S10000
G0 F6600 X177.937 Y178.869
M204 S1000
G1 F1200 X197.83 Y158.975 E1204.00543
M204 S10000
G0 F6600 X197.83 Y158.551
M204 S1000
G1 F1200 X177.512 Y178.869 E1204.7222
M204 S10000
G0 F6600 X177.088 Y178.869
M204 S1000
G1 F1200 X197.83 Y158.127 E1205.45393
M204 S10000
G0 F6600 X197.83 Y157.703
M204 S1000
G1 F1200 X176.664 Y178.869 E1206.20062
M204 S10000
G0 F6600 X176.24 Y178.869
M204 S1000
G1 F1200 X197.83 Y157.278 E1206.96229
M204 S10000
G0 F6600 X197.83 Y156.854
M204 S1000
G1 F1200 X175.815 Y178.869 E1207.73892
M204 S10000
G0 F6600 X175.391 Y178.869
M204 S1000
G1 F1200 X197.83 Y156.43 E1208.53052
M204 S10000
G0 F6600 X197.83 Y156.006
M204 S1000
G1 F1200 X174.967 Y178.869 E1209.33707
M204 S10000
G0 F6600 X174.542 Y178.869
M204 S1000
G1 F1200 X197.83 Y155.581 E1210.15862
M204 S10000
G0 F6600 X197.83 Y155.157
M204 S1000
G1 F1200 X174.118 Y178.869 E1210.99513
M204 S10000
G0 F6600 X173.694 Y178.869
M204 S1000
G1 F1200 X197.83 Y154.733 E1211.84659
M204 S10000
G0 F6600 X197.83 Y154.309
M204 S1000
G1 F1200 X173.27 Y178.869 E1212.71301
M204 S10000
G0 F6600 X172.845 Y178.869
M204 S1000
G1 F1200 X197.83 Y153.884 E1213.59442
M204 S10000
G0 F6600 X197.83 Y153.46
M204 S1000
G1 F1200 X172.421 Y178.869 E1214.49079
M204 S10000
G0 F6600 X171.997 Y178.869
M204 S1000
G1 F1200 X197.83 Y153.036 E1215.40212
M204 S10000
G0 F6600 X197.83 Y152.612
M204 S1000
G1 F1200 X171.573 Y178.869 E1216.32841
M204 S10000
G0 F6600 X171.148 Y178.869
M204 S1000
G1 F1200 X197.83 Y152.187 E1217.26969
M204 S10000
G0 F6600 X197.83 Y151.763
M204 S1000
G1 F1200 X170.724 Y178.869 E1218.22593
M204 S10000
G0 F6600 X170.3 Y178.869
M204 S1000
G1 F1200 X197.83 Y151.339 E1219.19712
M204 S10000
G0 F6600 X197.83 Y150.914
M204 S1000
G1 F1200 X169.876 Y178.869 E1220.18329
M204 S10000
G0 F6600 X169.451 Y178.869
M204 S1000
G1 F1200 X197.83 Y150.49 E1221.18444
M204 S10000
G0 F6600 X197.83 Y150.066
M204 S1000
G1 F1200 X169.027 Y178.869 E1222.20054
M204 S10000
G0 F6600 X168.603 Y178.869
M204 S1000
G1 F1200 X197.83 Y149.642 E1223.2316
M204 S10000
G0 F6600 X197.83 Y149.217
M204 S1000
G1 F1200 X168.178 Y178.869 E1224.27766
M204 S10000
G0 F6600 X167.754 Y178.869
M204 S1000
G1 F1200 X197.83 Y148.793 E1225.33867
M204 S10000
G0 F6600 X197.83 Y148.369
M204 S1000
G1 F1200 X167.33 Y178.869 E1226.41464
M204 S10000
G0 F6600 X166.906 Y178.869
M204 S1000
G1 F1200 X197.83 Y147.945 E1227.50557
M204 S10000
G0 F6600 X197.83 Y147.52
M204 S1000
G1 F1200 X166.481 Y178.869 E1228.61149
M204 S10000
G0 F6600 X166.057 Y178.869
M204 S1000
G1 F1200 X197.83 Y147.096 E1229.73237
M204 S10000
G0 F6600 X197.83 Y146.672
M204 S1000
G1 F1200 X165.633 Y178.869 E1230.8682
M204 S10000
G0 F6600 X165.209 Y178.869
M204 S1000
G1 F1200 X197.83 Y146.248 E1232.019
M204 S10000
G0 F6600 X197.83 Y145.823
M204 S1000
G1 F1200 X164.999 Y178.654 E1233.1772
M204 S10000
G0 F6600 X164.999 Y178.23
M204 S1000
G1 F1200 X197.83 Y145.399 E1234.3354
M204 S10000
G0 F6600 X197.83 Y144.975
M204 S1000
G1 F1200 X164.999 Y177.806 E1235.4936
M204 S10000
G0 F6600 X164.999 Y177.381
M204 S1000
G1 F1200 X197.83 Y144.551 E1236.65179
M204 S10000
G0 F6600 X197.83 Y144.126
M204 S1000
G1 F1200 X164.999 Y176.957 E1237.80999
M204 S10000
G0 F6600 X164.999 Y176.533
M204 S1000
G1 F1200 X197.83 Y143.702 E1238.96819
M204 S10000
G0 F6600 X197.83 Y143.278
M204 S1000
G1 F1200 X164.999 Y176.109 E1240.12639
M204 S10000
G0 F6600 X164.999 Y175.684
M204 S1000
G1 F1200 X197.83 Y142.853 E1241.2846
M204 S10000
G0 F6600 X197.83 Y142.429
M204 S1000
G1 F1200 X164.999 Y175.26 E1242.4428
M204 S10000
G0 F6600 X164.999 Y174.836
M204 S1000
G1 F1200 X197.83 Y142.005 E1243.601
M204 S10000
G0 F6600 X197.83 Y141.581
M204 S1000
G1 F1200 X164.999 Y174.412 E1244.7592
M204 S10000
G0 F6600 X164.999 Y173.987
M204 S1000
G1 F1200 X197.83 Y141.156 E1245.9174
M204 S10000
G0 F6600 X197.83 Y140.732
M204 S1000
G1 F1200 X164.999 Y173.563 E1247.07561
M204 S10000
G0 F6600 X164.999 Y173.139
M204 S1000
G1 F1200 X197.83 Y140.308 E1248.23381
M204 S10000
G0 F6600 X197.83 Y139.884
M204 S1000
G1 F1200 X164.999 Y172.715 E1249.39201
M204 S10000
G0 F6600 X164.999 Y172.29
M204 S1000
G1 F1200 X197.83 Y139.459 E1250.55021
M204 S10000
G0 F6600 X197.83 Y139.035
M204 S1000
G1 F1200 X164.999 Y171.866 E1251.70842
M204 S10000
G0 F6600 X164.999 Y171.442
M204 S1000
G1 F1200 X197.83 Y138.611 E1252.86662
M204 S10000
G0 F6600 X197.83 Y138.187
M204 S1000
G1 F1200 X164.999 Y171.018 E1254.02482
M204 S10000
G0 F6600 X164.999 Y170.593
M204 S1000
G1 F1200 X197.83 Y137.762 E1255.18302
M204 S10000
G0 F6600 X197.83 Y137.338
M204 S1000
G1 F1200 X164.999 Y170.169 E1256.34122
M204 S10000
G0 F6600 X164.999 Y169.745
M204 S1000
G1 F1200 X197.83 Y136.914 E1257.49943
M204 S10000
G0 F6600 X197.83 Y136.489
M204 S1000
G1 F1200 X164.999 Y169.32 E1258.65763
M204 S10000
G0 F6600 X164.999 Y168.896
M204 S1000
G1 F1200 X197.68 Y136.214 E1259.81056
M204 S10000
G0 F6600 X197.335 Y136.135
M204 S1000
G1 F1200 X164.999 Y168.472 E1260.95131
M204 S10000
G0 F6600 X164.999 Y168.048
M204 S1000
G1 F1200 X197.079 Y135.968 E1262.08302
M204 S10000
G0 F6600 X196.852 Y135.77
M204 S1000
G1 F1200 X164.999 Y167.623 E1263.20672
M204 S10000
G0 F6600 X164.999 Y167.199
M204 S1000
G1 F1200 X196.694 Y135.504 E1264.32485
M204 S10000
G0 F6600 X196.56 Y135.214
M204 S1000
G1 F1200 X164.999 Y166.775 E1265.43825
M204 S10000
G0 F6600 X164.999 Y166.351
M204 S1000
G1 F1200 X196.495 Y134.854 E1266.54937
M204 S10000
G0 F6600 X196.495 Y134.43
M204 S1000
G1 F1200 X164.999 Y165.926 E1267.66048
M204 S10000
G0 F6600 X164.999 Y165.502
M204 S1000
G1 F1200 X196.495 Y134.005 E1268.7716
M204 S10000
G0 F6600 X196.495 Y133.581
M204 S1000
G1 F1200 X164.999 Y165.078 E1269.88273
M204 S10000
G0 F6600 X164.999 Y164.654
M204 S1000
G1 F1200 X196.495 Y133.157 E1270.99385
M204 S10000
G0 F6600 X196.495 Y132.733
M204 S1000
G1 F1200 X164.999 Y164.229 E1272.10496
M204 S10000
G0 F6600 X164.999 Y163.805
M204 S1000
G1 F1200 X196.495 Y132.308 E1273.21608
M204 S10000
G0 F6600 X196.495 Y131.884
M204 S1000
G1 F1200 X164.999 Y163.381 E1274.32721
M204 S10000
G0 F6600 X164.999 Y162.957
M204 S1000
G1 F1200 X196.495 Y131.46 E1275.43833
M204 S10000
G0 F6600 X196.495 Y131.036
M204 S1000
G1 F1200 X164.999 Y162.532 E1276.54944
M204 S10000
G0 F6600 X164.999 Y162.108
M204 S1000
G1 F1200 X196.495 Y130.611 E1277.66056
M204 S10000
G0 F6600 X196.495 Y130.187
M204 S1000
G1 F1200 X164.999 Y161.684 E1278.77169
M204 S10000
G0 F6600 X164.999 Y161.259
M204 S1000
G1 F1200 X196.495 Y129.763 E1279.88279
M204 S10000
G0 F6600 X196.495 Y129.339
M204 S1000
G1 F1200 X164.999 Y160.835 E1280.9939
M204 S10000
G0 F6600 X164.999 Y160.411
M204 S1000
G1 F1200 X196.495 Y128.914 E1282.10502
M204 S10000
G0 F6600 X196.495 Y128.49
M204 S1000
G1 F1200 X164.999 Y159.987 E1283.21615
M204 S10000
G0 F6600 X164.999 Y159.562
M204 S1000
G1 F1200 X196.495 Y128.066 E1284.32725
M204 S10000
G0 F6600 X196.495 Y127.642
M204 S1000
G1 F1200 X164.999 Y159.138 E1285.43836
M204 S10000
G0 F6600 X164.999 Y158.714
M204 S1000
G1 F1200 X196.495 Y127.218 E1286.54947
M204 S10000
G0 F6600 X196.495 Y126.794
M204 S1000
G1 F1200 X164.999 Y158.29 E1287.66057
M204 S10000
G0 F6600 X164.999 Y157.865
M204 S1000
G1 F1200 X196.495 Y126.369 E1288.77168
M204 S10000
G0 F6600 X196.495 Y125.945
M204 S1000
G1 F1200 X164.999 Y157.441 E1289.88279
M204 S10000
G0 F6600 X164.999 Y157.017
M204 S1000
G1 F1200 X196.495 Y125.521 E1290.99389
M204 S10000
G0 F6600 X196.495 Y125.097
M204 S1000
G1 F1200 X164.999 Y156.593 E1292.105
M204 S10000
G0 F6600 X164.999 Y156.168
M204 S1000
G1 F1200 X196.495 Y124.672 E1293.2161
M204 S10000
G0 F6600 X196.495 Y124.248
M204 S1000
G1 F1200 X164.999 Y155.744 E1294.32721
M204 S10000
G0 F6600 X164.999 Y155.32
M204 S1000
G1 F1200 X196.495 Y123.824 E1295.43832
M204 S10000
G0 F6600 X196.495 Y123.4
M204 S1000
G1 F1200 X164.999 Y154.895 E1296.54941
M204 S10000
G0 F6600 X164.999 Y154.471
M204 S1000
G1 F1200 X196.495 Y122.975 E1297.66051
M204 S10000
G0 F6600 X196.495 Y122.551
M204 S1000
G1 F1200 X164.999 Y154.047 E1298.77162
M204 S10000
G0 F6600 X164.999 Y153.623
M204 S1000
G1 F1200 X196.495 Y122.127 E1299.88273
M204 S10000
G0 F6600 X196.495 Y121.702
M204 S1000
G1 F1200 X164.999 Y153.198 E1300.99383
M204 S10000
G0 F6600 X164.999 Y152.774
M204 S1000
G1 F1200 X196.495 Y121.278 E1302.10494
M204 S10000
G0 F6600 X196.22 Y121.129
M204 S1000
G1 F1200 X164.999 Y152.35 E1303.20634
M204 S10000
G0 F6600 X164.999 Y151.926
M204 S1000
G1 F1200 X195.795 Y121.129 E1304.29277
M204 S10000
G0 F6600 X195.371 Y121.129
M204 S1000
G1 F1200 X164.999 Y151.501 E1305.36423
M204 S10000
G0 F6600 X164.999 Y151.077
M204 S1000
G1 F1200 X194.947 Y121.129 E1306.42072
M204 S10000
G0 F6600 X194.522 Y121.129
M204 S1000
G1 F1200 X164.999 Y150.653 E1307.46225
M204 S10000
G0 F6600 X164.999 Y150.229
M204 S1000
G1 F1200 X194.098 Y121.129 E1308.48881
M204 S10000
G0 F6600 X193.674 Y121.129
M204 S1000
G1 F1200 X164.999 Y149.804 E1309.5004
M204 S10000
G0 F6600 X164.999 Y149.38
M204 S1000
G1 F1200 X193.25 Y121.129 E1310.49703
M204 S10000
G0 F6600 X192.825 Y121.129
M204 S1000
G1 F1200 X164.999 Y148.956 E1311.47868
M204 S10000
G0 F6600 X164.999 Y148.532
M204 S1000
G1 F1200 X192.401 Y121.129 E1312.44538
M204 S10000
G0 F6600 X191.977 Y121.129
M204 S1000
G1 F1200 X164.999 Y148.107 E1313.3971
M204 S10000
G0 F6600 X164.999 Y147.683
M204 S1000
G1 F1200 X191.553 Y121.129 E1314.33387
M204 S10000
G0 F6600 X191.128 Y121.129
M204 S1000
G1 F1200 X164.999 Y147.259 E1315.25565
M204 S10000
G0 F6600 X164.999 Y146.834
M204 S1000
G1 F1200 X190.704 Y121.129 E1316.16247
M204 S10000
G0 F6600 X190.28 Y121.129
M204 S1000
G1 F1200 X164.999 Y146.41 E1317.05432
M204 S10000
G0 F6600 X164.999 Y145.986
M204 S1000
G1 F1200 X189.856 Y121.129 E1317.93122
M204 S10000
G0 F6600 X189.431 Y121.129
M204 S1000
G1 F1200 X164.999 Y145.562 E1318.79314
M204 S10000
G0 F6600 X164.999 Y145.137
M204 S1000
G1 F1200 X189.007 Y121.129 E1319.64009
M204 S10000
G0 F6600 X188.583 Y121.129
M204 S1000
G1 F1200 X164.999 Y144.713 E1320.47208
M204 S10000
G0 F6600 X164.999 Y144.289
M204 S1000
G1 F1200 X188.158 Y121.129 E1321.28909
M204 S10000
G0 F6600 X187.734 Y121.129
M204 S1000
G1 F1200 X164.999 Y143.865 E1322.09115
M204 S10000
G0 F6600 X164.999 Y143.44
M204 S1000
G1 F1200 X187.31 Y121.129 E1322.87823
M204 S10000
G0 F6600 X186.886 Y121.129
M204 S1000
G1 F1200 X164.999 Y143.016 E1323.65035
M204 S10000
G0 F6600 X164.999 Y142.592
M204 S1000
G1 F1200 X186.461 Y121.129 E1324.4075
M204 S10000
G0 F6600 X186.037 Y121.129
M204 S1000
G1 F1200 X164.999 Y142.168 E1325.14969
M204 S10000
G0 F6600 X164.999 Y141.743
M204 S1000
G1 F1200 X185.613 Y121.129 E1325.87691
M204 S10000
G0 F6600 X185.189 Y121.129
M204 S1000
G1 F1200 X164.999 Y141.319 E1326.58916
M204 S10000
G0 F6600 X164.999 Y140.895
M204 S1000
G1 F1200 X184.764 Y121.129 E1327.28644
M204 S10000
G0 F6600 X184.34 Y121.129
M204 S1000
G1 F1200 X164.999 Y140.471 E1327.96877
M204 S10000
G0 F6600 X164.999 Y140.046
M204 S1000
G1 F1200 X183.916 Y121.129 E1328.63612
M204 S10000
G0 F6600 X183.492 Y121.129
M204 S1000
G1 F1200 X164.999 Y139.622 E1329.28851
M204 S10000
G0 F6600 X164.999 Y139.198
M204 S1000
G1 F1200 X183.067 Y121.129 E1329.92592
M204 S10000
G0 F6600 X182.643 Y121.129
M204 S1000
G1 F1200 X164.999 Y138.773 E1330.54836
M204 S10000
G0 F6600 X164.999 Y138.349
M204 S1000
G1 F1200 X182.219 Y121.129 E1331.15584
M204 S10000
G0 F6600 X181.795 Y121.129
M204 S1000
G1 F1200 X164.999 Y137.925 E1331.74837
M204 S10000
G0 F6600 X164.999 Y137.501
M204 S1000
G1 F1200 X181.37 Y121.129 E1332.32592
M204 S10000
G0 F6600 X180.946 Y121.129
M204 S1000
G1 F1200 X164.999 Y137.076 E1332.88849
M204 S10000
G0 F6600 X164.999 Y136.652
M204 S1000
G1 F1200 X180.522 Y121.129 E1333.43611
M204 S10000
G0 F6600 X180.097 Y121.129
M204 S1000
G1 F1200 X164.999 Y136.228 E1333.96875
M204 S10000
G0 F6600 X164.999 Y135.804
M204 S1000
G1 F1200 X179.673 Y121.129 E1334.48643
M204 S10000
G0 F6600 X179.249 Y121.129
M204 S1000
G1 F1200 X164.999 Y135.379 E1334.98914
M204 S10000
G0 F6600 X164.999 Y134.955
M204 S1000
G1 F1200 X178.825 Y121.129 E1335.47688
M204 S10000
G0 F6600 X178.4 Y121.129
M204 S1000
G1 F1200 X164.999 Y134.531 E1335.94966
M204 S10000
G0 F6600 X164.999 Y134.107
M204 S1000
G1 F1200 X177.976 Y121.129 E1336.40748
M204 S10000
G0 F6600 X177.552 Y121.129
M204 S1000
G1 F1200 X164.999 Y133.682 E1336.85032
M204 S10000
G0 F6600 X164.999 Y133.258
M204 S1000
G1 F1200 X177.128 Y121.129 E1337.2782
M204 S10000
G0 F6600 X176.703 Y121.129
M204 S1000
G1 F1200 X164.999 Y132.834 E1337.69111
M204 S10000
G0 F6600 X164.999 Y132.409
M204 S1000
G1 F1200 X176.279 Y121.129 E1338.08904
M204 S10000
G0 F6600 X175.855 Y121.129
M204 S1000
G1 F1200 X164.999 Y131.985 E1338.47201
M204 S10000
G0 F6600 X164.999 Y131.561
M204 S1000
G1 F1200 X175.431 Y121.129 E1338.84003
M204 S10000
G0 F6600 X175.006 Y121.129
M204 S1000
G1 F1200 X164.999 Y131.137 E1339.19307
M204 S10000
G0 F6600 X164.999 Y130.712
M204 S1000
G1 F1200 X174.582 Y121.129 E1339.53114
M204 S10000
G0 F6600 X174.158 Y121.129
M204 S1000
G1 F1200 X164.999 Y130.288 E1339.85425
M204 S10000
G0 F6600 X164.999 Y129.864
M204 S1000
G1 F1200 X173.734 Y121.129 E1340.1624
M204 S10000
G0 F6600 X173.309 Y121.129
M204 S1000
G1 F1200 X164.999 Y129.44 E1340.45557
M204 S10000
G0 F6600 X164.999 Y129.015
M204 S1000
G1 F1200 X172.885 Y121.129 E1340.73377
M204 S10000
G0 F6600 X172.461 Y121.129
M204 S1000
G1 F1200 X164.999 Y128.591 E1340.99702
M204 S10000
G0 F6600 X164.999 Y128.167
M204 S1000
G1 F1200 X172.036 Y121.129 E1341.24528
M204 S10000
G0 F6600 X171.612 Y121.129
M204 S1000
G1 F1200 X164.999 Y127.743 E1341.47859
M204 S10000
G0 F6600 X164.999 Y127.318
M204 S1000
G1 F1200 X171.188 Y121.129 E1341.69693
M204 S10000
G0 F6600 X170.764 Y121.129
M204 S1000
G1 F1200 X164.999 Y126.894 E1341.9003
M204 S10000
G0 F6600 X164.999 Y126.47
M204 S1000
G1 F1200 X170.339 Y121.129 E1342.0887
M204 S10000
G0 F6600 X169.915 Y121.129
M204 S1000
G1 F1200 X164.999 Y126.046 E1342.26215
M204 S10000
G0 F6600 X164.999 Y125.621
M204 S1000
G1 F1200 X169.491 Y121.129 E1342.42061
M204 S10000
G0 F6600 X169.067 Y121.129
M204 S1000
G1 F1200 X164.999 Y125.197 E1342.56412
M204 S10000
G0 F6600 X164.999 Y124.773
M204 S1000
G1 F1200 X168.642 Y121.129 E1342.69266
M204 S10000
G0 F6600 X168.218 Y121.129
M204 S1000
G1 F1200 X164.999 Y124.348 E1342.80622
M204 S10000
G0 F6600 X164.999 Y123.924
M204 S1000
G1 F1200 X167.794 Y121.129 E1342.90482
M204 S10000
G0 F6600 X167.37 Y121.129
M204 S1000
G1 F1200 X164.999 Y123.5 E1342.98846
M204 S10000
G0 F6600 X164.999 Y123.076
M204 S1000
G1 F1200 X166.945 Y121.129 E1343.05713
M204 S10000
G0 F6600 X166.521 Y121.129
M204 S1000
G1 F1200 X164.999 Y122.651 E1343.11082
M204 S10000
G0 F6600 X164.999 Y122.227
M204 S1000
G1 F1200 X166.097 Y121.129 E1343.14956
M204 S10000
G0 F6600 X165.672 Y121.129
M204 S1000
G1 F1200 X164.999 Y121.803 E1343.17332
M204 S10000
G0 F6600 X164.999 Y121.379
M204 S1000
G1 F1200 X165.248 Y121.129 E1343.18212
M204 S10000
G0 F6600 X165.248 Y120.71
G1 F3000 E1337.18212
;MESH:NONMESH
G0 F300 X165.248 Y120.71 Z0.56
G0 F6600 X163.893 Y120.024
G0 X98.518 Y90.806
;TIME_ELAPSED:3101.001583
;LAYER:2
M106 S170
M204 S1000
;TYPE:SKIRT
G1 F3000 E1343.18212
G1 F1200 X98.908 Y90.491 E1343.19462
G1 X99.343 Y90.241 E1343.20714
G1 X99.812 Y90.063 E1343.21965
G1 X100.304 Y89.963 E1343.23218
G1 X100.601 Y89.94 E1343.23961
G1 X100.922 Y89.931 E1343.24762
G1 X161.058 Y89.93 E1344.74772
G1 X161.761 Y89.94 E1344.76525
G1 X162.26 Y89.987 E1344.77776
G1 X162.746 Y90.113 E1344.79028
G1 X163.205 Y90.314 E1344.80278
G1 X163.627 Y90.586 E1344.8153
G1 X164.048 Y90.973 E1344.82957
G1 X164.585 Y91.564 E1344.84949
G1 X165.326 Y92.407 E1344.87749
G1 X167.181 Y94.397 E1344.94535
G1 X169.112 Y96.355 E1345.01395
G1 X171.096 Y98.257 E1345.08251
G1 X173.117 Y100.087 E1345.15052
G1 X175.199 Y101.867 E1345.21885
G1 X177.329 Y103.587 E1345.28714
G1 X179.523 Y105.258 E1345.35594
G1 X181.725 Y106.84 E1345.42357
G1 X183.992 Y108.373 E1345.49184
G1 X186.326 Y109.856 E1345.56082
G1 X188.693 Y111.268 E1345.62957
G1 X191.052 Y112.587 E1345.69699
G1 X193.483 Y113.856 E1345.7654
G1 X195.964 Y115.064 E1345.83423
G1 X198.502 Y116.211 E1345.90371
G1 X199.397 Y116.602 E1345.92807
G1 X199.84 Y116.838 E1345.94059
G1 X200.239 Y117.142 E1345.95311
G1 X200.584 Y117.506 E1345.96562
G1 X200.868 Y117.92 E1345.97814
G1 X201.082 Y118.373 E1345.99064
G1 X201.222 Y118.855 E1346.00316
G1 X201.285 Y119.422 E1346.01739
G1 X201.358 Y122.889 E1346.10389
G1 X201.495 Y125.64 E1346.1726
G1 X201.708 Y128.353 E1346.24049
G1 X202 Y131.081 E1346.30893
G1 X202.272 Y133.145 E1346.36086
G1 X202.445 Y134.352 E1346.39127
G1 X202.476 Y134.705 E1346.40011
G1 X202.486 Y135.041 E1346.4085
G1 X202.495 Y155.069 E1346.9081
G1 X202.488 Y164.546 E1347.1445
G1 X202.477 Y165.248 E1347.16202
G1 X202.446 Y165.642 E1347.17188
G1 X202.086 Y168.178 E1347.23577
G1 X201.778 Y170.861 E1347.30314
G1 X201.546 Y173.565 E1347.37084
G1 X201.387 Y176.32 E1347.43968
G1 X201.304 Y179.202 E1347.5116
G1 X201.284 Y180.559 E1347.54545
G1 X201.236 Y181.059 E1347.55798
G1 X201.11 Y181.544 E1347.57048
G1 X200.909 Y182.003 E1347.58298
G1 X200.637 Y182.425 E1347.59551
G1 X200.301 Y182.798 E1347.60803
G1 X199.911 Y183.113 E1347.62053
G1 X199.399 Y183.397 E1347.63514
G1 X197.183 Y184.369 E1347.6955
G1 X194.684 Y185.543 E1347.76438
G1 X192.238 Y186.777 E1347.83272
G1 X189.873 Y188.057 E1347.8998
G1 X187.481 Y189.439 E1347.96871
G1 X185.115 Y190.897 E1348.03804
G1 X182.841 Y192.387 E1348.10585
G1 X180.626 Y193.933 E1348.17323
G1 X178.397 Y195.582 E1348.2424
G1 X176.241 Y197.275 E1348.31078
G1 X174.124 Y199.035 E1348.37945
G1 X172.096 Y200.82 E1348.44685
G1 X170.085 Y202.695 E1348.51543
G1 X168.128 Y204.626 E1348.58402
G1 X166.237 Y206.6 E1348.65221
G1 X164.054 Y209.021 E1348.73352
G1 X163.689 Y209.366 E1348.74605
G1 X163.275 Y209.648 E1348.75855
G1 X162.821 Y209.861 E1348.77106
G1 X162.338 Y210 E1348.78359
G1 X161.801 Y210.061 E1348.79708
G1 X161.477 Y210.07 E1348.80516
G1 X101.346 Y210.071 E1350.30514
G1 X100.648 Y210.062 E1350.32255
G1 X100.149 Y210.015 E1350.33505
G1 X99.663 Y209.89 E1350.34757
G1 X99.203 Y209.69 E1350.36008
G1 X98.781 Y209.419 E1350.37259
G1 X98.408 Y209.084 E1350.3851
G1 X98.092 Y208.694 E1350.39762
G1 X97.842 Y208.26 E1350.41011
G1 X97.664 Y207.791 E1350.42263
G1 X97.563 Y207.299 E1350.43516
G1 X97.54 Y206.997 E1350.44271
G1 X97.531 Y206.664 E1350.45102
G1 X97.53 Y93.711 E1353.26865
G1 X97.539 Y93.046 E1353.28524
G1 X97.586 Y92.547 E1353.29774
G1 X97.711 Y92.061 E1353.31026
G1 X97.912 Y91.602 E1353.32276
G1 X98.184 Y91.18 E1353.33528
G1 X98.518 Y90.806 E1353.34779
M204 S10000
G1 F3000 E1347.34779
;MESH:Bottom_panel_x3.stl(2)
G0 F9600 X102.26 Y94.66
G0 X102.232 Y128.368
G0 X160.29 Y128.49
M204 S1000
;TYPE:WALL-INNER
G1 F3000 E1353.34779
G1 F1800 X160.29 Y94.51 E1354.19542
G1 X102.11 Y94.51 E1355.64673
G1 X102.11 Y128.49 E1356.49436
G1 X160.29 Y128.49 E1357.94567
M204 S10000
G0 F9600 X160.59 Y128.79
M204 S1000
G1 F1800 X160.59 Y94.21 E1358.80827
G1 X101.81 Y94.21 E1360.27454
G1 X101.81 Y128.79 E1361.13714
G1 X160.59 Y128.79 E1362.60342
M204 S10000
G0 F9600 X160.89 Y129.09
M204 S1000
G1 F1800 X160.89 Y93.91 E1363.48099
G1 X101.51 Y93.91 E1364.96223
G1 X101.51 Y129.09 E1365.8398
G1 X160.89 Y129.09 E1367.32104
M204 S10000
G0 F9600 X161.14 Y129.34
M204 S1000
;TYPE:WALL-OUTER
G1 F1800 X161.14 Y93.66 E1368.21108
G1 X101.26 Y93.66 E1369.70479
G1 X101.26 Y129.34 E1370.59483
G1 X161.14 Y129.34 E1372.08854
M204 S10000
G0 F9600 X161.14 Y129.14
G0 X160.89 Y129.14
G0 X160.24 Y128.22
G0 X160.02 Y128.22
M204 S1000
;TYPE:SKIN
G1 F1200 X102.38 Y128.22 E1373.52638
G1 X102.38 Y94.78 E1374.36054
G1 X160.02 Y94.78 E1375.79838
G1 X160.02 Y128.22 E1376.63254
M204 S10000
G1 F3000 E1370.63254
G0 F9600 X160.24 Y128.22
G0 X160.24 Y95.38
G0 X159.869 Y95.38
M204 S1000
G1 F3000 E1376.63254
G1 F1200 X159.417 Y94.929 E1376.64847
M204 S10000
G0 F9600 X158.993 Y94.929
M204 S1000
G1 F1200 X159.869 Y95.805 E1376.67937
M204 S10000
G0 F9600 X159.869 Y96.229
M204 S1000
G1 F1200 X158.569 Y94.929 E1376.72524
M204 S10000
G0 F9600 X158.145 Y94.929
M204 S1000
G1 F1200 X159.869 Y96.653 E1376.78605
M204 S10000
G0 F9600 X159.869 Y97.077
M204 S1000
G1 F1200 X157.72 Y94.929 E1376.86185
M204 S10000
G0 F9600 X157.296 Y94.929
M204 S1000
G1 F1200 X159.869 Y97.502 E1376.95262
M204 S10000
G0 F9600 X159.869 Y97.926
M204 S1000
G1 F1200 X156.872 Y94.929 E1377.05834
M204 S10000
G0 F9600 X156.448 Y94.929
M204 S1000
G1 F1200 X159.869 Y98.35 E1377.17903
M204 S10000
G0 F9600 X159.869 Y98.775
M204 S1000
G1 F1200 X156.023 Y94.929 E1377.31471
M204 S10000
G0 F9600 X155.599 Y94.929
M204 S1000
G1 F1200 X159.869 Y99.199 E1377.46534
M204 S10000
G0 F9600 X159.869 Y99.623
M204 S1000
G1 F1200 X155.175 Y94.929 E1377.63094
M204 S10000
G0 F9600 X154.751 Y94.929
M204 S1000
G1 F1200 X159.869 Y100.047 E1377.81149
M204 S10000
G0 F9600 X159.869 Y100.472
M204 S1000
G1 F1200 X154.326 Y94.929 E1378.00703
M204 S10000
G0 F9600 X153.902 Y94.929
M204 S1000
G1 F1200 X159.869 Y100.896 E1378.21753
M204 S10000
G0 F9600 X159.869 Y101.32
M204 S1000
G1 F1200 X153.478 Y94.929 E1378.44299
M204 S10000
G0 F9600 X153.053 Y94.929
M204 S1000
G1 F1200 X159.869 Y101.744 E1378.68343
M204 S10000
G0 F9600 X159.869 Y102.169
M204 S1000
G1 F1200 X152.629 Y94.929 E1378.93884
M204 S10000
G0 F9600 X152.205 Y94.929
M204 S1000
G1 F1200 X159.869 Y102.593 E1379.20921
M204 S10000
G0 F9600 X159.869 Y103.017
M204 S1000
G1 F1200 X151.781 Y94.929 E1379.49453
M204 S10000
G0 F9600 X151.356 Y94.929
M204 S1000
G1 F1200 X159.869 Y103.441 E1379.79484
M204 S10000
G0 F9600 X159.869 Y103.866
M204 S1000
G1 F1200 X150.932 Y94.929 E1380.11011
M204 S10000
G0 F9600 X150.508 Y94.929
M204 S1000
G1 F1200 X159.869 Y104.29 E1380.44035
M204 S10000
G0 F9600 X159.869 Y104.714
M204 S1000
G1 F1200 X150.084 Y94.929 E1380.78554
M204 S10000
G0 F9600 X149.659 Y94.929
M204 S1000
G1 F1200 X159.869 Y105.139 E1381.14573
M204 S10000
G0 F9600 X159.869 Y105.563
M204 S1000
G1 F1200 X149.235 Y94.929 E1381.52087
M204 S10000
G0 F9600 X148.811 Y94.929
M204 S1000
G1 F1200 X159.869 Y105.987 E1381.91097
M204 S10000
G0 F9600 X159.869 Y106.411
M204 S1000
G1 F1200 X148.387 Y94.929 E1382.31603
M204 S10000
G0 F9600 X147.962 Y94.929
M204 S1000
G1 F1200 X159.869 Y106.836 E1382.73608
M204 S10000
G0 F9600 X159.869 Y107.26
M204 S1000
G1 F1200 X147.538 Y94.929 E1383.17109
M204 S10000
G0 F9600 X147.114 Y94.929
M204 S1000
G1 F1200 X159.869 Y107.684 E1383.62106
M204 S10000
G0 F9600 X159.869 Y108.108
M204 S1000
G1 F1200 X146.69 Y94.929 E1384.08598
M204 S10000
G0 F9600 X146.265 Y94.929
M204 S1000
G1 F1200 X159.869 Y108.533 E1384.5659
M204 S10000
G0 F9600 X159.869 Y108.957
M204 S1000
G1 F1200 X145.841 Y94.929 E1385.06077
M204 S10000
G0 F9600 X145.417 Y94.929
M204 S1000
G1 F1200 X159.869 Y109.381 E1385.57061
M204 S10000
G0 F9600 X159.869 Y109.805
M204 S1000
G1 F1200 X144.992 Y94.929 E1386.09542
M204 S10000
G0 F9600 X144.568 Y94.929
M204 S1000
G1 F1200 X159.869 Y110.23 E1386.6352
M204 S10000
G0 F9600 X159.869 Y110.654
M204 S1000
G1 F1200 X144.144 Y94.929 E1387.18994
M204 S10000
G0 F9600 X143.72 Y94.929
M204 S1000
G1 F1200 X159.869 Y111.078 E1387.75964
M204 S10000
G0 F9600 X159.869 Y111.502
M204 S1000
G1 F1200 X143.295 Y94.929 E1388.34432
M204 S10000
G0 F9600 X142.871 Y94.929
M204 S1000
G1 F1200 X159.869 Y111.927 E1388.94397
M204 S10000
G0 F9600 X159.869 Y112.351
M204 S1000
G1 F1200 X142.447 Y94.929 E1389.55857
M204 S10000
G0 F9600 X142.023 Y94.929
M204 S1000
G1 F1200 X159.869 Y112.775 E1390.18814
M204 S10000
G0 F9600 X159.869 Y113.2
M204 S1000
G1 F1200 X141.598 Y94.929 E1390.8327
M204 S10000
G0 F9600 X141.174 Y94.929
M204 S1000
G1 F1200 X159.869 Y113.624 E1391.49222
M204 S10000
G0 F9600 X159.869 Y114.048
M204 S1000
G1 F1200 X140.75 Y94.929 E1392.16669
M204 S10000
G0 F9600 X140.326 Y94.929
M204 S1000
G1 F1200 X159.869 Y114.472 E1392.85612
M204 S10000
G0 F9600 X159.869 Y114.897
M204 S1000
G1 F1200 X139.901 Y94.929 E1393.56055
M204 S10000
G0 F9600 X139.477 Y94.929
M204 S1000
G1 F1200 X159.869 Y115.321 E1394.27993
M204 S10000
G0 F9600 X159.869 Y115.745
M204 S1000
G1 F1200 X139.053 Y94.929 E1395.01427
M204 S10000
G0 F9600 X138.628 Y94.929
M204 S1000
G1 F1200 X159.869 Y116.169 E1395.76359
M204 S10000
G0 F9600 X159.869 Y116.594
M204 S1000
G1 F1200 X138.204 Y94.929 E1396.52788
M204 S10000
G0 F9600 X137.78 Y94.929
M204 S1000
G1 F1200 X159.869 Y117.018 E1397.30713
M204 S10000
G0 F9600 X159.869 Y117.442
M204 S1000
G1 F1200 X137.356 Y94.929 E1398.10133
M204 S10000
G0 F9600 X136.931 Y94.929
M204 S1000
G1 F1200 X159.869 Y117.866 E1398.91052
M204 S10000
G0 F9600 X159.869 Y118.291
M204 S1000
G1 F1200 X136.507 Y94.929 E1399.73467
M204 S10000
G0 F9600 X136.083 Y94.929
M204 S1000
G1 F1200 X159.869 Y118.715 E1400.57379
M204 S10000
G0 F9600 X159.869 Y119.139
M204 S1000
G1 F1200 X135.659 Y94.929 E1401.42786
M204 S10000
G0 F9600 X135.234 Y94.929
M204 S1000
G1 F1200 X159.869 Y119.563 E1402.29691
M204 S10000
G0 F9600 X159.869 Y119.988
M204 S1000
G1 F1200 X134.81 Y94.929 E1403.18094
M204 S10000
G0 F9600 X134.386 Y94.929
M204 S1000
G1 F1200 X159.869 Y120.412 E1404.07992
M204 S10000
G0 F9600 X159.869 Y120.836
M204 S1000
G1 F1200 X133.962 Y94.929 E1404.99386
M204 S10000
G0 F9600 X133.537 Y94.929
M204 S1000
G1 F1200 X159.869 Y121.261 E1405.92279
M204 S10000
G0 F9600 X159.869 Y121.685
M204 S1000
G1 F1200 X133.113 Y94.929 E1406.86668
M204 S10000
G0 F9600 X132.689 Y94.929
M204 S1000
G1 F1200 X159.869 Y122.109 E1407.82553
M204 S10000
G0 F9600 X159.869 Y122.533
M204 S1000
G1 F1200 X132.265 Y94.929 E1408.79933
M204 S10000
G0 F9600 X131.84 Y94.929
M204 S1000
G1 F1200 X159.869 Y122.958 E1409.78813
M204 S10000
G0 F9600 X159.869 Y123.382
M204 S1000
G1 F1200 X131.416 Y94.929 E1410.79189
M204 S10000
G0 F9600 X130.992 Y94.929
M204 S1000
G1 F1200 X159.869 Y123.806 E1411.8106
M204 S10000
G0 F9600 X159.869 Y124.23
M204 S1000
G1 F1200 X130.567 Y94.929 E1412.84429
M204 S10000
G0 F9600 X130.143 Y94.929
M204 S1000
G1 F1200 X159.869 Y124.655 E1413.89296
M204 S10000
G0 F9600 X159.869 Y125.079
M204 S1000
G1 F1200 X129.719 Y94.929 E1414.95658
M204 S10000
G0 F9600 X129.295 Y94.929
M204 S1000
G1 F1200 X159.869 Y125.503 E1416.03516
M204 S10000
G0 F9600 X159.869 Y125.927
M204 S1000
G1 F1200 X128.87 Y94.929 E1417.12872
M204 S10000
G0 F9600 X128.446 Y94.929
M204 S1000
G1 F1200 X159.869 Y126.352 E1418.23725
M204 S10000
G0 F9600 X159.869 Y126.776
M204 S1000
G1 F1200 X128.022 Y94.929 E1419.36074
M204 S10000
G0 F9600 X127.598 Y94.929
M204 S1000
G1 F1200 X159.869 Y127.2 E1420.49918
M204 S10000
G0 F9600 X159.869 Y127.624
M204 S1000
G1 F1200 X127.173 Y94.929 E1421.6526
M204 S10000
G0 F9600 X126.749 Y94.929
M204 S1000
G1 F1200 X159.869 Y128.049 E1422.821
M204 S10000
G0 F9600 X159.465 Y128.069
M204 S1000
G1 F1200 X126.325 Y94.929 E1423.9901
M204 S10000
G0 F9600 X125.901 Y94.929
M204 S1000
G1 F1200 X159.041 Y128.069 E1425.15921
M204 S10000
G0 F9600 X158.616 Y128.069
M204 S1000
G1 F1200 X125.476 Y94.929 E1426.32831
M204 S10000
G0 F9600 X125.052 Y94.929
M204 S1000
G1 F1200 X158.192 Y128.069 E1427.49741
M204 S10000
G0 F9600 X157.768 Y128.069
M204 S1000
G1 F1200 X124.628 Y94.929 E1428.66652
M204 S10000
G0 F9600 X124.204 Y94.929
M204 S1000
G1 F1200 X157.343 Y128.069 E1429.8356
M204 S10000
G0 F9600 X156.919 Y128.069
M204 S1000
G1 F1200 X123.779 Y94.929 E1431.0047
M204 S10000
G0 F9600 X123.355 Y94.929
M204 S1000
G1 F1200 X156.495 Y128.069 E1432.17381
M204 S10000
G0 F9600 X156.071 Y128.069
M204 S1000
G1 F1200 X122.931 Y94.929 E1433.34291
M204 S10000
G0 F9600 X122.506 Y94.929
M204 S1000
G1 F1200 X155.646 Y128.069 E1434.51201
M204 S10000
G0 F9600 X155.222 Y128.069
M204 S1000
G1 F1200 X122.082 Y94.929 E1435.68112
M204 S10000
G0 F9600 X121.658 Y94.929
M204 S1000
G1 F1200 X154.798 Y128.069 E1436.85022
M204 S10000
G0 F9600 X154.374 Y128.069
M204 S1000
G1 F1200 X121.234 Y94.929 E1438.01932
M204 S10000
G0 F9600 X120.809 Y94.929
M204 S1000
G1 F1200 X153.949 Y128.069 E1439.18843
M204 S10000
G0 F9600 X153.525 Y128.069
M204 S1000
G1 F1200 X120.385 Y94.929 E1440.35753
M204 S10000
G0 F9600 X119.961 Y94.929
M204 S1000
G1 F1200 X153.101 Y128.069 E1441.52663
M204 S10000
G0 F9600 X152.677 Y128.069
M204 S1000
G1 F1200 X119.537 Y94.929 E1442.69573
M204 S10000
G0 F9600 X119.112 Y94.929
M204 S1000
G1 F1200 X152.252 Y128.069 E1443.86484
M204 S10000
G0 F9600 X151.828 Y128.069
M204 S1000
G1 F1200 X118.688 Y94.929 E1445.03394
M204 S10000
G0 F9600 X118.264 Y94.929
M204 S1000
G1 F1200 X151.404 Y128.069 E1446.20304
M204 S10000
G0 F9600 X150.98 Y128.069
M204 S1000
G1 F1200 X117.84 Y94.929 E1447.37215
M204 S10000
G0 F9600 X117.415 Y94.929
M204 S1000
G1 F1200 X150.555 Y128.069 E1448.54125
M204 S10000
G0 F9600 X150.131 Y128.069
M204 S1000
G1 F1200 X116.991 Y94.929 E1449.71035
M204 S10000
G0 F9600 X116.567 Y94.929
M204 S1000
G1 F1200 X149.707 Y128.069 E1450.87946
M204 S10000
G0 F9600 X149.282 Y128.069
M204 S1000
G1 F1200 X116.142 Y94.929 E1452.04856
M204 S10000
G0 F9600 X115.718 Y94.929
M204 S1000
G1 F1200 X148.858 Y128.069 E1453.21766
M204 S10000
G0 F9600 X148.434 Y128.069
M204 S1000
G1 F1200 X115.294 Y94.929 E1454.38676
M204 S10000
G0 F9600 X114.87 Y94.929
M204 S1000
G1 F1200 X148.01 Y128.069 E1455.55587
M204 S10000
G0 F9600 X147.585 Y128.069
M204 S1000
G1 F1200 X114.445 Y94.929 E1456.72497
M204 S10000
G0 F9600 X114.021 Y94.929
M204 S1000
G1 F1200 X147.161 Y128.069 E1457.89407
M204 S10000
G0 F9600 X146.737 Y128.069
M204 S1000
G1 F1200 X113.597 Y94.929 E1459.06318
M204 S10000
G0 F9600 X113.173 Y94.929
M204 S1000
G1 F1200 X146.313 Y128.069 E1460.23228
M204 S10000
G0 F9600 X145.888 Y128.069
M204 S1000
G1 F1200 X112.748 Y94.929 E1461.40138
M204 S10000
G0 F9600 X112.324 Y94.929
M204 S1000
G1 F1200 X145.464 Y128.069 E1462.57049
M204 S10000
G0 F9600 X145.04 Y128.069
M204 S1000
G1 F1200 X111.9 Y94.929 E1463.73959
M204 S10000
G0 F9600 X111.476 Y94.929
M204 S1000
G1 F1200 X144.616 Y128.069 E1464.90869
M204 S10000
G0 F9600 X144.191 Y128.069
M204 S1000
G1 F1200 X111.051 Y94.929 E1466.07779
M204 S10000
G0 F9600 X110.627 Y94.929
M204 S1000
G1 F1200 X143.767 Y128.069 E1467.2469
M204 S10000
G0 F9600 X143.343 Y128.069
M204 S1000
G1 F1200 X110.203 Y94.929 E1468.416
M204 S10000
G0 F9600 X109.779 Y94.929
M204 S1000
G1 F1200 X142.919 Y128.069 E1469.5851
M204 S10000
G0 F9600 X142.494 Y128.069
M204 S1000
G1 F1200 X109.354 Y94.929 E1470.75421
M204 S10000
G0 F9600 X108.93 Y94.929
M204 S1000
G1 F1200 X142.07 Y128.069 E1471.92331
M204 S10000
G0 F9600 X141.646 Y128.069
M204 S1000
G1 F1200 X108.506 Y94.929 E1473.09241
M204 S10000
G0 F9600 X108.081 Y94.929
M204 S1000
G1 F1200 X141.221 Y128.069 E1474.26152
M204 S10000
G0 F9600 X140.797 Y128.069
M204 S1000
G1 F1200 X107.657 Y94.929 E1475.43062
M204 S10000
G0 F9600 X107.233 Y94.929
M204 S1000
G1 F1200 X140.373 Y128.069 E1476.59972
M204 S10000
G0 F9600 X139.949 Y128.069
M204 S1000
G1 F1200 X106.809 Y94.929 E1477.76882
M204 S10000
G0 F9600 X106.384 Y94.929
M204 S1000
G1 F1200 X139.524 Y128.069 E1478.93793
M204 S10000
G0 F9600 X139.1 Y128.069
M204 S1000
G1 F1200 X105.96 Y94.929 E1480.10703
M204 S10000
G0 F9600 X105.536 Y94.929
M204 S1000
G1 F1200 X138.676 Y128.069 E1481.27613
M204 S10000
G0 F9600 X138.252 Y128.069
M204 S1000
G1 F1200 X105.112 Y94.929 E1482.44524
M204 S10000
G0 F9600 X104.687 Y94.929
M204 S1000
G1 F1200 X137.827 Y128.069 E1483.61434
M204 S10000
G0 F9600 X137.403 Y128.069
M204 S1000
G1 F1200 X104.263 Y94.929 E1484.78344
M204 S10000
G0 F9600 X103.839 Y94.929
M204 S1000
G1 F1200 X136.979 Y128.069 E1485.95255
M204 S10000
G0 F9600 X136.555 Y128.069
M204 S1000
G1 F1200 X103.415 Y94.929 E1487.12165
M204 S10000
G0 F9600 X102.99 Y94.929
M204 S1000
G1 F1200 X136.13 Y128.069 E1488.29075
M204 S10000
G0 F9600 X135.706 Y128.069
M204 S1000
G1 F1200 X102.566 Y94.929 E1489.45985
M204 S10000
G0 F9600 X102.529 Y95.317
M204 S1000
G1 F1200 X135.282 Y128.069 E1490.61529
M204 S10000
G0 F9600 X134.857 Y128.069
M204 S1000
G1 F1200 X102.529 Y95.741 E1491.75574
M204 S10000
G0 F9600 X102.529 Y96.165
M204 S1000
G1 F1200 X134.433 Y128.069 E1492.88124
M204 S10000
G0 F9600 X134.009 Y128.069
M204 S1000
G1 F1200 X102.529 Y96.59 E1493.99177
M204 S10000
G0 F9600 X102.529 Y97.014
M204 S1000
G1 F1200 X133.585 Y128.069 E1495.08734
M204 S10000
G0 F9600 X133.16 Y128.069
M204 S1000
G1 F1200 X102.529 Y97.438 E1496.16793
M204 S10000
G0 F9600 X102.529 Y97.862
M204 S1000
G1 F1200 X132.736 Y128.069 E1497.23356
M204 S10000
G0 F9600 X132.312 Y128.069
M204 S1000
G1 F1200 X102.529 Y98.287 E1498.28422
M204 S10000
G0 F9600 X102.529 Y98.711
M204 S1000
G1 F1200 X131.888 Y128.069 E1499.31992
M204 S10000
G0 F9600 X131.463 Y128.069
M204 S1000
G1 F1200 X102.529 Y99.135 E1500.34064
M204 S10000
G0 F9600 X102.529 Y99.559
M204 S1000
G1 F1200 X131.038 Y128.069 E1501.34639
M204 S10000
G0 F9600 X130.614 Y128.069
M204 S1000
G1 F1200 X102.529 Y99.984 E1502.33717
M204 S10000
G0 F9600 X102.529 Y100.408
M204 S1000
G1 F1200 X130.19 Y128.069 E1503.31298
M204 S10000
G0 F9600 X129.766 Y128.069
M204 S1000
G1 F1200 X102.529 Y100.832 E1504.27384
M204 S10000
G0 F9600 X102.529 Y101.256
M204 S1000
G1 F1200 X129.341 Y128.069 E1505.21973
M204 S10000
G0 F9600 X128.917 Y128.069
M204 S1000
G1 F1200 X102.529 Y101.681 E1506.15063
M204 S10000
G0 F9600 X102.529 Y102.105
M204 S1000
G1 F1200 X128.493 Y128.069 E1507.06658
M204 S10000
G0 F9600 X128.069 Y128.069
M204 S1000
G1 F1200 X102.529 Y102.529 E1507.96758
M204 S10000
G0 F9600 X102.529 Y102.954
M204 S1000
G1 F1200 X127.644 Y128.069 E1508.85358
M204 S10000
G0 F9600 X127.22 Y128.069
M204 S1000
G1 F1200 X102.529 Y103.378 E1509.72462
M204 S10000
G0 F9600 X102.529 Y103.802
M204 S1000
G1 F1200 X126.796 Y128.069 E1510.5807
M204 S10000
G0 F9600 X126.372 Y128.069
M204 S1000
G1 F1200 X102.529 Y104.226 E1511.42183
M204 S10000
G0 F9600 X102.529 Y104.651
M204 S1000
G1 F1200 X125.947 Y128.069 E1512.24796
M204 S10000
G0 F9600 X125.523 Y128.069
M204 S1000
G1 F1200 X102.529 Y105.075 E1513.05914
M204 S10000
G0 F9600 X102.529 Y105.499
M204 S1000
G1 F1200 X125.099 Y128.069 E1513.85535
M204 S10000
G0 F9600 X124.674 Y128.069
M204 S1000
G1 F1200 X102.529 Y105.923 E1514.6366
M204 S10000
G0 F9600 X102.529 Y106.348
M204 S1000
G1 F1200 X124.25 Y128.069 E1515.40286
M204 S10000
G0 F9600 X123.826 Y128.069
M204 S1000
G1 F1200 X102.529 Y106.772 E1516.15417
M204 S10000
G0 F9600 X102.529 Y107.196
M204 S1000
G1 F1200 X123.402 Y128.069 E1516.89052
M204 S10000
G0 F9600 X122.977 Y128.069
M204 S1000
G1 F1200 X102.529 Y107.62 E1517.6119
M204 S10000
G0 F9600 X102.529 Y108.045
M204 S1000
G1 F1200 X122.553 Y128.069 E1518.3183
M204 S10000
G0 F9600 X122.129 Y128.069
M204 S1000
G1 F1200 X102.529 Y108.469 E1519.00974
M204 S10000
G0 F9600 X102.529 Y108.893
M204 S1000
G1 F1200 X121.705 Y128.069 E1519.68623
M204 S10000
G0 F9600 X121.28 Y128.069
M204 S1000
G1 F1200 X102.529 Y109.318 E1520.34772
M204 S10000
G0 F9600 X102.529 Y109.742
M204 S1000
G1 F1200 X120.856 Y128.069 E1520.99426
M204 S10000
G0 F9600 X120.432 Y128.069
M204 S1000
G1 F1200 X102.529 Y110.166 E1521.62583
M204 S10000
G0 F9600 X102.529 Y110.59
M204 S1000
G1 F1200 X120.008 Y128.069 E1522.24245
M204 S10000
G0 F9600 X119.583 Y128.069
M204 S1000
G1 F1200 X102.529 Y111.015 E1522.84408
M204 S10000
G0 F9600 X102.529 Y111.439
M204 S1000
G1 F1200 X119.159 Y128.069 E1523.43075
M204 S10000
G0 F9600 X118.735 Y128.069
M204 S1000
G1 F1200 X102.529 Y111.863 E1524.00246
M204 S10000
G0 F9600 X102.529 Y112.287
M204 S1000
G1 F1200 X118.31 Y128.069 E1524.55919
M204 S10000
G0 F9600 X117.886 Y128.069
M204 S1000
G1 F1200 X102.529 Y112.712 E1525.10095
M204 S10000
G0 F9600 X102.529 Y113.136
M204 S1000
G1 F1200 X117.462 Y128.069 E1525.62775
M204 S10000
G0 F9600 X117.038 Y128.069
M204 S1000
G1 F1200 X102.529 Y113.56 E1526.1396
M204 S10000
G0 F9600 X102.529 Y113.984
M204 S1000
G1 F1200 X116.613 Y128.069 E1526.63647
M204 S10000
G0 F9600 X116.189 Y128.069
M204 S1000
G1 F1200 X102.529 Y114.409 E1527.11836
M204 S10000
G0 F9600 X102.529 Y114.833
M204 S1000
G1 F1200 X115.765 Y128.069 E1527.58529
M204 S10000
G0 F9600 X115.341 Y128.069
M204 S1000
G1 F1200 X102.529 Y115.257 E1528.03727
M204 S10000
G0 F9600 X102.529 Y115.681
M204 S1000
G1 F1200 X114.916 Y128.069 E1528.47427
M204 S10000
G0 F9600 X114.492 Y128.069
M204 S1000
G1 F1200 X102.529 Y116.106 E1528.8963
M204 S10000
G0 F9600 X102.529 Y116.53
M204 S1000
G1 F1200 X114.068 Y128.069 E1529.30337
M204 S10000
G0 F9600 X113.644 Y128.069
M204 S1000
G1 F1200 X102.529 Y116.954 E1529.69548
M204 S10000
G0 F9600 X102.529 Y117.379
M204 S1000
G1 F1200 X113.219 Y128.069 E1530.0726
M204 S10000
G0 F9600 X112.795 Y128.069
M204 S1000
G1 F1200 X102.529 Y117.803 E1530.43476
M204 S10000
G0 F9600 X102.529 Y118.227
M204 S1000
G1 F1200 X112.371 Y128.069 E1530.78197
M204 S10000
G0 F9600 X111.947 Y128.069
M204 S1000
G1 F1200 X102.529 Y118.651 E1531.11421
M204 S10000
G0 F9600 X102.529 Y119.076
M204 S1000
G1 F1200 X111.522 Y128.069 E1531.43146
M204 S10000
G0 F9600 X111.098 Y128.069
M204 S1000
G1 F1200 X102.529 Y119.5 E1531.73376
M204 S10000
G0 F9600 X102.529 Y119.924
M204 S1000
G1 F1200 X110.674 Y128.069 E1532.02109
M204 S10000
G0 F9600 X110.249 Y128.069
M204 S1000
G1 F1200 X102.529 Y120.348 E1532.29346
M204 S10000
G0 F9600 X102.529 Y120.773
M204 S1000
G1 F1200 X109.825 Y128.069 E1532.55084
M204 S10000
G0 F9600 X109.401 Y128.069
M204 S1000
G1 F1200 X102.529 Y121.197 E1532.79327
M204 S10000
G0 F9600 X102.529 Y121.621
M204 S1000
G1 F1200 X108.977 Y128.069 E1533.02074
M204 S10000
G0 F9600 X108.552 Y128.069
M204 S1000
G1 F1200 X102.529 Y122.045 E1533.23324
M204 S10000
G0 F9600 X102.529 Y122.47
M204 S1000
G1 F1200 X108.128 Y128.069 E1533.43076
M204 S10000
G0 F9600 X107.704 Y128.069
M204 S1000
G1 F1200 X102.529 Y122.894 E1533.61332
M204 S10000
G0 F9600 X102.529 Y123.318
M204 S1000
G1 F1200 X107.28 Y128.069 E1533.78092
M204 S10000
G0 F9600 X106.855 Y128.069
M204 S1000
G1 F1200 X102.529 Y123.742 E1533.93355
M204 S10000
G0 F9600 X102.529 Y124.167
M204 S1000
G1 F1200 X106.431 Y128.069 E1534.07121
M204 S10000
G0 F9600 X106.007 Y128.069
M204 S1000
G1 F1200 X102.529 Y124.591 E1534.1939
M204 S10000
G0 F9600 X102.529 Y125.015
M204 S1000
G1 F1200 X105.583 Y128.069 E1534.30164
M204 S10000
G0 F9600 X105.158 Y128.069
M204 S1000
G1 F1200 X102.529 Y125.44 E1534.39438
M204 S10000
G0 F9600 X102.529 Y125.864
M204 S1000
G1 F1200 X104.734 Y128.069 E1534.47217
M204 S10000
G0 F9600 X104.31 Y128.069
M204 S1000
G1 F1200 X102.529 Y126.288 E1534.535
M204 S10000
G0 F9600 X102.529 Y126.712
M204 S1000
G1 F1200 X103.886 Y128.069 E1534.58287
M204 S10000
G0 F9600 X103.461 Y128.069
M204 S1000
G1 F1200 X102.529 Y127.137 E1534.61575
M204 S10000
G0 F9600 X102.529 Y127.561
M204 S1000
G1 F1200 X103.037 Y128.069 E1534.63367
M204 S10000
G0 F9600 X102.613 Y128.069
M204 S1000
G1 F1200 X102.529 Y127.985 E1534.63664
M204 S10000
G0 F9600 X102.11 Y127.985
G1 F3000 E1528.63664
;MESH:Bottom_panel_x3.stl
G0 F9600 X102.232 Y128.368
G0 X160.29 Y129.17
G0 X160.29 Y132.33
G0 X160.29 Y166.99
M204 S1000
;TYPE:WALL-INNER
G1 F3000 E1534.63664
G1 F1800 X160.29 Y133.01 E1535.48427
G1 X102.11 Y133.01 E1536.93558
G1 X102.11 Y166.99 E1537.78321
G1 X160.29 Y166.99 E1539.23452
M204 S10000
G0 F9600 X160.59 Y167.29
M204 S1000
G1 F1800 X160.59 Y132.71 E1540.09712
G1 X101.81 Y132.71 E1541.56339
G1 X101.81 Y167.29 E1542.42599
G1 X160.59 Y167.29 E1543.89227
M204 S10000
G0 F9600 X160.89 Y167.59
M204 S1000
G1 F1800 X160.89 Y132.41 E1544.76984
G1 X101.51 Y132.41 E1546.25108
G1 X101.51 Y167.59 E1547.12864
G1 X160.89 Y167.59 E1548.60988
M204 S10000
G0 F9600 X161.14 Y167.84
M204 S1000
;TYPE:WALL-OUTER
G1 F1800 X161.14 Y132.16 E1549.49993
G1 X101.26 Y132.16 E1550.99364
G1 X101.26 Y167.84 E1551.88368
G1 X161.14 Y167.84 E1553.37739
M204 S10000
G0 F9600 X161.14 Y167.64
G0 X160.89 Y167.64
G0 X160.24 Y166.72
G0 X160.02 Y166.72
M204 S1000
;TYPE:SKIN
G1 F1200 X102.38 Y166.72 E1554.81523
G1 X102.38 Y133.28 E1555.64939
G1 X160.02 Y133.28 E1557.08723
G1 X160.02 Y166.72 E1557.92139
M204 S10000
G1 F3000 E1551.92139
G0 F9600 X160.24 Y166.72
G0 X160.24 Y133.565
G0 X159.869 Y133.565
M204 S1000
G1 F3000 E1557.92139
G1 F1200 X159.734 Y133.43 E1557.92615
M204 S10000
G0 F9600 X159.31 Y133.43
M204 S1000
G1 F1200 X159.869 Y133.989 E1557.94587
M204 S10000
G0 F9600 X159.869 Y134.413
M204 S1000
G1 F1200 X158.886 Y133.43 E1557.98055
M204 S10000
G0 F9600 X158.461 Y133.43
M204 S1000
G1 F1200 X159.869 Y134.838 E1558.03022
M204 S10000
G0 F9600 X159.869 Y135.262
M204 S1000
G1 F1200 X158.037 Y133.43 E1558.09485
M204 S10000
G0 F9600 X157.613 Y133.43
M204 S1000
G1 F1200 X159.869 Y135.686 E1558.17444
M204 S10000
G0 F9600 X159.869 Y136.11
M204 S1000
G1 F1200 X157.189 Y133.43 E1558.26898
M204 S10000
G0 F9600 X156.764 Y133.43
M204 S1000
G1 F1200 X159.869 Y136.535 E1558.37852
M204 S10000
G0 F9600 X159.869 Y136.959
M204 S1000
G1 F1200 X156.34 Y133.43 E1558.50302
M204 S10000
G0 F9600 X155.916 Y133.43
M204 S1000
G1 F1200 X159.869 Y137.383 E1558.64247
M204 S10000
G0 F9600 X159.869 Y137.808
M204 S1000
G1 F1200 X155.492 Y133.43 E1558.7969
M204 S10000
G0 F9600 X155.067 Y133.43
M204 S1000
G1 F1200 X159.869 Y138.232 E1558.9663
M204 S10000
G0 F9600 X159.869 Y138.656
M204 S1000
G1 F1200 X154.643 Y133.43 E1559.15066
M204 S10000
G0 F9600 X154.219 Y133.43
M204 S1000
G1 F1200 X159.869 Y139.08 E1559.34998
M204 S10000
G0 F9600 X159.869 Y139.505
M204 S1000
G1 F1200 X153.795 Y133.43 E1559.56427
M204 S10000
G0 F9600 X153.37 Y133.43
M204 S1000
G1 F1200 X159.869 Y139.929 E1559.79354
M204 S10000
G0 F9600 X159.869 Y140.353
M204 S1000
G1 F1200 X152.946 Y133.43 E1560.03777
M204 S10000
G0 F9600 X152.522 Y133.43
M204 S1000
G1 F1200 X159.869 Y140.777 E1560.29696
M204 S10000
G0 F9600 X159.869 Y141.202
M204 S1000
G1 F1200 X152.097 Y133.43 E1560.57114
M204 S10000
G0 F9600 X151.673 Y133.43
M204 S1000
G1 F1200 X159.869 Y141.626 E1560.86027
M204 S10000
G0 F9600 X159.869 Y142.05
M204 S1000
G1 F1200 X151.249 Y133.43 E1561.16437
M204 S10000
G0 F9600 X150.825 Y133.43
M204 S1000
G1 F1200 X159.869 Y142.474 E1561.48342
M204 S10000
G0 F9600 X159.869 Y142.899
M204 S1000
G1 F1200 X150.4 Y133.43 E1561.81746
M204 S10000
G0 F9600 X149.976 Y133.43
M204 S1000
G1 F1200 X159.869 Y143.323 E1562.16646
M204 S10000
G0 F9600 X159.869 Y143.747
M204 S1000
G1 F1200 X149.552 Y133.43 E1562.53042
M204 S10000
G0 F9600 X149.128 Y133.43
M204 S1000
G1 F1200 X159.869 Y144.172 E1562.90936
M204 S10000
G0 F9600 X159.869 Y144.596
M204 S1000
G1 F1200 X148.703 Y133.43 E1563.30327
M204 S10000
G0 F9600 X148.279 Y133.43
M204 S1000
G1 F1200 X159.869 Y145.02 E1563.71214
M204 S10000
G0 F9600 X159.869 Y145.444
M204 S1000
G1 F1200 X147.855 Y133.43 E1564.13596
M204 S10000
G0 F9600 X147.431 Y133.43
M204 S1000
G1 F1200 X159.869 Y145.869 E1564.57477
M204 S10000
G0 F9600 X159.869 Y146.293
M204 S1000
G1 F1200 X147.006 Y133.43 E1565.02854
M204 S10000
G0 F9600 X146.582 Y133.43
M204 S1000
G1 F1200 X159.869 Y146.717 E1565.49728
M204 S10000
G0 F9600 X159.869 Y147.141
M204 S1000
G1 F1200 X146.158 Y133.43 E1565.98097
M204 S10000
G0 F9600 X145.734 Y133.43
M204 S1000
G1 F1200 X159.869 Y147.566 E1566.47964
M204 S10000
G0 F9600 X159.869 Y147.99
M204 S1000
G1 F1200 X145.309 Y133.43 E1566.99328
M204 S10000
G0 F9600 X144.885 Y133.43
M204 S1000
G1 F1200 X159.869 Y148.414 E1567.52188
M204 S10000
G0 F9600 X159.869 Y148.838
M204 S1000
G1 F1200 X144.461 Y133.43 E1568.06544
M204 S10000
G0 F9600 X144.036 Y133.43
M204 S1000
G1 F1200 X159.869 Y149.263 E1568.62399
M204 S10000
G0 F9600 X159.869 Y149.687
M204 S1000
G1 F1200 X143.612 Y133.43 E1569.1975
M204 S10000
G0 F9600 X143.188 Y133.43
M204 S1000
G1 F1200 X159.869 Y150.111 E1569.78597
M204 S10000
G0 F9600 X159.869 Y150.535
M204 S1000
G1 F1200 X142.764 Y133.43 E1570.3894
M204 S10000
G0 F9600 X142.339 Y133.43
M204 S1000
G1 F1200 X159.869 Y150.96 E1571.00781
M204 S10000
G0 F9600 X159.869 Y151.384
M204 S1000
G1 F1200 X141.915 Y133.43 E1571.64119
M204 S10000
G0 F9600 X141.491 Y133.43
M204 S1000
G1 F1200 X159.869 Y151.808 E1572.28952
M204 S10000
G0 F9600 X159.869 Y152.233
M204 S1000
G1 F1200 X141.067 Y133.43 E1572.95283
M204 S10000
G0 F9600 X140.642 Y133.43
M204 S1000
G1 F1200 X159.869 Y152.657 E1573.63112
M204 S10000
G0 F9600 X159.869 Y153.081
M204 S1000
G1 F1200 X140.218 Y133.43 E1574.32436
M204 S10000
G0 F9600 X139.794 Y133.43
M204 S1000
G1 F1200 X159.869 Y153.505 E1575.03256
M204 S10000
G0 F9600 X159.869 Y153.93
M204 S1000
G1 F1200 X139.37 Y133.43 E1575.75573
M204 S10000
G0 F9600 X138.945 Y133.43
M204 S1000
G1 F1200 X159.869 Y154.354 E1576.49388
M204 S10000
G0 F9600 X159.869 Y154.778
M204 S1000
G1 F1200 X138.521 Y133.43 E1577.24699
M204 S10000
G0 F9600 X138.097 Y133.43
M204 S1000
G1 F1200 X159.869 Y155.202 E1578.01506
M204 S10000
G0 F9600 X159.869 Y155.627
M204 S1000
G1 F1200 X137.672 Y133.43 E1578.79812
M204 S10000
G0 F9600 X137.248 Y133.43
M204 S1000
G1 F1200 X159.869 Y156.051 E1579.59613
M204 S10000
G0 F9600 X159.869 Y156.475
M204 S1000
G1 F1200 X136.824 Y133.43 E1580.40911
M204 S10000
G0 F9600 X136.4 Y133.43
M204 S1000
G1 F1200 X159.869 Y156.899 E1581.23704
M204 S10000
G0 F9600 X159.869 Y157.324
M204 S1000
G1 F1200 X135.975 Y133.43 E1582.07997
M204 S10000
G0 F9600 X135.551 Y133.43
M204 S1000
G1 F1200 X159.869 Y157.748 E1582.93785
M204 S10000
G0 F9600 X159.869 Y158.172
M204 S1000
G1 F1200 X135.127 Y133.43 E1583.81069
M204 S10000
G0 F9600 X134.703 Y133.43
M204 S1000
G1 F1200 X159.869 Y158.596 E1584.69849
M204 S10000
G0 F9600 X159.869 Y159.021
M204 S1000
G1 F1200 X134.278 Y133.43 E1585.60128
M204 S10000
G0 F9600 X133.854 Y133.43
M204 S1000
G1 F1200 X159.869 Y159.445 E1586.51903
M204 S10000
G0 F9600 X159.869 Y159.869
M204 S1000
G1 F1200 X133.43 Y133.43 E1587.45174
M204 S10000
G0 F9600 X133.006 Y133.43
M204 S1000
G1 F1200 X159.869 Y160.294 E1588.39942
M204 S10000
G0 F9600 X159.869 Y160.718
M204 S1000
G1 F1200 X132.581 Y133.43 E1589.36208
M204 S10000
G0 F9600 X132.157 Y133.43
M204 S1000
G1 F1200 X159.869 Y161.142 E1590.33969
M204 S10000
G0 F9600 X159.869 Y161.566
M204 S1000
G1 F1200 X131.733 Y133.43 E1591.33227
M204 S10000
G0 F9600 X131.309 Y133.43
M204 S1000
G1 F1200 X159.869 Y161.991 E1592.33982
M204 S10000
G0 F9600 X159.869 Y162.415
M204 S1000
G1 F1200 X130.884 Y133.429 E1593.36236
M204 S10000
G0 F9600 X130.459 Y133.429
M204 S1000
G1 F1200 X159.869 Y162.839 E1594.39987
M204 S10000
G0 F9600 X159.869 Y163.263
M204 S1000
G1 F1200 X130.035 Y133.429 E1595.45235
M204 S10000
G0 F9600 X129.611 Y133.429
M204 S1000
G1 F1200 X159.869 Y163.688 E1596.5198
M204 S10000
G0 F9600 X159.869 Y164.112
M204 S1000
G1 F1200 X129.186 Y133.429 E1597.60223
M204 S10000
G0 F9600 X128.762 Y133.429
M204 S1000
G1 F1200 X159.869 Y164.536 E1598.69961
M204 S10000
G0 F9600 X159.869 Y164.96
M204 S1000
G1 F1200 X128.338 Y133.429 E1599.81195
M204 S10000
G0 F9600 X127.914 Y133.429
M204 S1000
G1 F1200 X159.869 Y165.385 E1600.93927
M204 S10000
G0 F9600 X159.869 Y165.809
M204 S1000
G1 F1200 X127.489 Y133.429 E1602.08156
M204 S10000
G0 F9600 X127.065 Y133.429
M204 S1000
G1 F1200 X159.869 Y166.233 E1603.23881
M204 S10000
G0 F9600 X159.78 Y166.568
M204 S1000
G1 F1200 X126.641 Y133.429 E1604.40788
M204 S10000
G0 F9600 X126.217 Y133.429
M204 S1000
G1 F1200 X159.356 Y166.568 E1605.57694
M204 S10000
G0 F9600 X158.932 Y166.568
M204 S1000
G1 F1200 X125.792 Y133.429 E1606.74603
M204 S10000
G0 F9600 X125.368 Y133.429
M204 S1000
G1 F1200 X158.507 Y166.568 E1607.9151
M204 S10000
G0 F9600 X158.083 Y166.568
M204 S1000
G1 F1200 X124.944 Y133.429 E1609.08416
M204 S10000
G0 F9600 X124.52 Y133.429
M204 S1000
G1 F1200 X157.659 Y166.568 E1610.25323
M204 S10000
G0 F9600 X157.235 Y166.568
M204 S1000
G1 F1200 X124.095 Y133.429 E1611.42232
M204 S10000
G0 F9600 X123.671 Y133.429
M204 S1000
G1 F1200 X156.81 Y166.568 E1612.59139
M204 S10000
G0 F9600 X156.386 Y166.568
M204 S1000
G1 F1200 X123.247 Y133.429 E1613.76045
M204 S10000
G0 F9600 X122.823 Y133.429
M204 S1000
G1 F1200 X155.962 Y166.568 E1614.92952
M204 S10000
G0 F9600 X155.538 Y166.568
M204 S1000
G1 F1200 X122.398 Y133.429 E1616.09861
M204 S10000
G0 F9600 X121.974 Y133.429
M204 S1000
G1 F1200 X155.113 Y166.568 E1617.26767
M204 S10000
G0 F9600 X154.689 Y166.568
M204 S1000
G1 F1200 X121.55 Y133.429 E1618.43674
M204 S10000
G0 F9600 X121.125 Y133.429
M204 S1000
G1 F1200 X154.265 Y166.568 E1619.60583
M204 S10000
G0 F9600 X153.84 Y166.568
M204 S1000
G1 F1200 X120.701 Y133.429 E1620.77489
M204 S10000
G0 F9600 X120.277 Y133.429
M204 S1000
G1 F1200 X153.416 Y166.568 E1621.94396
M204 S10000
G0 F9600 X152.992 Y166.568
M204 S1000
G1 F1200 X119.853 Y133.429 E1623.11303
M204 S10000
G0 F9600 X119.428 Y133.429
M204 S1000
G1 F1200 X152.568 Y166.568 E1624.28212
M204 S10000
G0 F9600 X152.143 Y166.568
M204 S1000
G1 F1200 X119.004 Y133.429 E1625.45118
M204 S10000
G0 F9600 X118.58 Y133.429
M204 S1000
G1 F1200 X151.719 Y166.568 E1626.62025
M204 S10000
G0 F9600 X151.295 Y166.568
M204 S1000
G1 F1200 X118.156 Y133.429 E1627.78932
M204 S10000
G0 F9600 X117.731 Y133.429
M204 S1000
G1 F1200 X150.871 Y166.568 E1628.9584
M204 S10000
G0 F9600 X150.446 Y166.568
M204 S1000
G1 F1200 X117.307 Y133.429 E1630.12747
M204 S10000
G0 F9600 X116.883 Y133.429
M204 S1000
G1 F1200 X150.022 Y166.568 E1631.29654
M204 S10000
G0 F9600 X149.598 Y166.568
M204 S1000
G1 F1200 X116.459 Y133.429 E1632.46561
M204 S10000
G0 F9600 X116.034 Y133.429
M204 S1000
G1 F1200 X149.174 Y166.568 E1633.63469
M204 S10000
G0 F9600 X148.749 Y166.568
M204 S1000
G1 F1200 X115.61 Y133.429 E1634.80376
M204 S10000
G0 F9600 X115.186 Y133.429
M204 S1000
G1 F1200 X148.325 Y166.568 E1635.97283
M204 S10000
G0 F9600 X147.901 Y166.568
M204 S1000
G1 F1200 X114.762 Y133.429 E1637.1419
M204 S10000
G0 F9600 X114.337 Y133.429
M204 S1000
G1 F1200 X147.477 Y166.568 E1638.31098
M204 S10000
G0 F9600 X147.052 Y166.568
M204 S1000
G1 F1200 X113.913 Y133.429 E1639.48005
M204 S10000
G0 F9600 X113.489 Y133.429
M204 S1000
G1 F1200 X146.628 Y166.568 E1640.64912
M204 S10000
G0 F9600 X146.204 Y166.568
M204 S1000
G1 F1200 X113.064 Y133.429 E1641.8182
M204 S10000
G0 F9600 X112.64 Y133.429
M204 S1000
G1 F1200 X145.779 Y166.568 E1642.98727
M204 S10000
G0 F9600 X145.355 Y166.568
M204 S1000
G1 F1200 X112.216 Y133.429 E1644.15634
M204 S10000
G0 F9600 X111.792 Y133.429
M204 S1000
G1 F1200 X144.931 Y166.568 E1645.32541
M204 S10000
G0 F9600 X144.507 Y166.568
M204 S1000
G1 F1200 X111.367 Y133.429 E1646.49449
M204 S10000
G0 F9600 X110.943 Y133.429
M204 S1000
G1 F1200 X144.082 Y166.568 E1647.66356
M204 S10000
G0 F9600 X143.658 Y166.568
M204 S1000
G1 F1200 X110.519 Y133.429 E1648.83263
M204 S10000
G0 F9600 X110.095 Y133.429
M204 S1000
G1 F1200 X143.234 Y166.568 E1650.00169
M204 S10000
G0 F9600 X142.81 Y166.568
M204 S1000
G1 F1200 X109.67 Y133.429 E1651.17078
M204 S10000
G0 F9600 X109.246 Y133.429
M204 S1000
G1 F1200 X142.385 Y166.568 E1652.33985
M204 S10000
G0 F9600 X141.961 Y166.568
M204 S1000
G1 F1200 X108.822 Y133.429 E1653.50891
M204 S10000
G0 F9600 X108.398 Y133.429
M204 S1000
G1 F1200 X141.537 Y166.568 E1654.67798
M204 S10000
G0 F9600 X141.113 Y166.568
M204 S1000
G1 F1200 X107.973 Y133.429 E1655.84707
M204 S10000
G0 F9600 X107.549 Y133.429
M204 S1000
G1 F1200 X140.688 Y166.568 E1657.01614
M204 S10000
G0 F9600 X140.264 Y166.568
M204 S1000
G1 F1200 X107.125 Y133.429 E1658.1852
M204 S10000
G0 F9600 X106.7 Y133.429
M204 S1000
G1 F1200 X139.84 Y166.568 E1659.35429
M204 S10000
G0 F9600 X139.416 Y166.568
M204 S1000
G1 F1200 X106.276 Y133.429 E1660.52337
M204 S10000
G0 F9600 X105.852 Y133.429
M204 S1000
G1 F1200 X138.991 Y166.568 E1661.69244
M204 S10000
G0 F9600 X138.567 Y166.568
M204 S1000
G1 F1200 X105.428 Y133.429 E1662.86151
M204 S10000
G0 F9600 X105.003 Y133.429
M204 S1000
G1 F1200 X138.143 Y166.568 E1664.03059
M204 S10000
G0 F9600 X137.718 Y166.568
M204 S1000
G1 F1200 X104.579 Y133.429 E1665.19966
M204 S10000
G0 F9600 X104.155 Y133.429
M204 S1000
G1 F1200 X137.294 Y166.568 E1666.36873
M204 S10000
G0 F9600 X136.87 Y166.568
M204 S1000
G1 F1200 X103.731 Y133.429 E1667.5378
M204 S10000
G0 F9600 X103.306 Y133.429
M204 S1000
G1 F1200 X136.446 Y166.568 E1668.70688
M204 S10000
G0 F9600 X136.021 Y166.568
M204 S1000
G1 F1200 X102.882 Y133.429 E1669.87595
M204 S10000
G0 F9600 X102.529 Y133.501
M204 S1000
G1 F1200 X135.597 Y166.568 E1671.0425
M204 S10000
G0 F9600 X135.173 Y166.568
M204 S1000
G1 F1200 X102.529 Y133.925 E1672.19408
M204 S10000
G0 F9600 X102.529 Y134.349
M204 S1000
G1 F1200 X134.749 Y166.568 E1673.33071
M204 S10000
G0 F9600 X134.324 Y166.568
M204 S1000
G1 F1200 X102.529 Y134.773 E1674.45237
M204 S10000
G0 F9600 X102.529 Y135.198
M204 S1000
G1 F1200 X133.9 Y166.568 E1675.55905
M204 S10000
G0 F9600 X133.476 Y166.568
M204 S1000
G1 F1200 X102.529 Y135.622 E1676.65077
M204 S10000
G0 F9600 X102.529 Y136.046
M204 S1000
G1 F1200 X133.052 Y166.568 E1677.72753
M204 S10000
G0 F9600 X132.627 Y166.568
M204 S1000
G1 F1200 X102.529 Y136.47 E1678.78932
M204 S10000
G0 F9600 X102.529 Y136.895
M204 S1000
G1 F1200 X132.203 Y166.568 E1679.83613
M204 S10000
G0 F9600 X131.779 Y166.568
M204 S1000
G1 F1200 X102.529 Y137.319 E1680.86799
M204 S10000
G0 F9600 X102.529 Y137.743
M204 S1000
G1 F1200 X131.354 Y166.568 E1681.88487
M204 S10000
G0 F9600 X130.93 Y166.568
M204 S1000
G1 F1200 X102.529 Y138.167 E1682.88679
M204 S10000
G0 F9600 X102.529 Y138.592
M204 S1000
G1 F1200 X130.506 Y166.568 E1683.87374
M204 S10000
G0 F9600 X130.082 Y166.568
M204 S1000
G1 F1200 X102.529 Y139.016 E1684.84573
M204 S10000
G0 F9600 X102.529 Y139.44
M204 S1000
G1 F1200 X129.657 Y166.568 E1685.80274
M204 S10000
G0 F9600 X129.233 Y166.568
M204 S1000
G1 F1200 X102.529 Y139.865 E1686.74478
M204 S10000
G0 F9600 X102.529 Y140.289
M204 S1000
G1 F1200 X128.809 Y166.568 E1687.67186
M204 S10000
G0 F9600 X128.385 Y166.568
M204 S1000
G1 F1200 X102.529 Y140.713 E1688.58398
M204 S10000
G0 F9600 X102.529 Y141.137
M204 S1000
G1 F1200 X127.96 Y166.568 E1689.48113
M204 S10000
G0 F9600 X127.536 Y166.568
M204 S1000
G1 F1200 X102.529 Y141.562 E1690.3633
M204 S10000
G0 F9600 X102.529 Y141.986
M204 S1000
G1 F1200 X127.112 Y166.568 E1691.23051
M204 S10000
G0 F9600 X126.688 Y166.568
M204 S1000
G1 F1200 X102.529 Y142.41 E1692.08277
M204 S10000
G0 F9600 X102.529 Y142.834
M204 S1000
G1 F1200 X126.263 Y166.568 E1692.92005
M204 S10000
G0 F9600 X125.839 Y166.568
M204 S1000
G1 F1200 X102.529 Y143.259 E1693.74236
M204 S10000
G0 F9600 X102.529 Y143.683
M204 S1000
G1 F1200 X125.415 Y166.568 E1694.5497
M204 S10000
G0 F9600 X124.991 Y166.568
M204 S1000
G1 F1200 X102.529 Y144.107 E1695.34209
M204 S10000
G0 F9600 X102.529 Y144.531
M204 S1000
G1 F1200 X124.566 Y166.568 E1696.11951
M204 S10000
G0 F9600 X124.142 Y166.568
M204 S1000
G1 F1200 X102.529 Y144.956 E1696.88195
M204 S10000
G0 F9600 X102.529 Y145.38
M204 S1000
G1 F1200 X123.718 Y166.568 E1697.62943
M204 S10000
G0 F9600 X123.293 Y166.568
M204 S1000
G1 F1200 X102.529 Y145.804 E1698.36194
M204 S10000
G0 F9600 X102.529 Y146.228
M204 S1000
G1 F1200 X122.869 Y166.568 E1699.07948
M204 S10000
G0 F9600 X122.445 Y166.568
M204 S1000
G1 F1200 X102.529 Y146.653 E1699.78206
M204 S10000
G0 F9600 X102.529 Y147.077
M204 S1000
G1 F1200 X122.021 Y166.568 E1700.46967
M204 S10000
G0 F9600 X121.596 Y166.568
M204 S1000
G1 F1200 X102.529 Y147.501 E1701.14231
M204 S10000
G0 F9600 X102.529 Y147.926
M204 S1000
G1 F1200 X121.172 Y166.568 E1701.79998
M204 S10000
G0 F9600 X120.748 Y166.568
M204 S1000
G1 F1200 X102.529 Y148.35 E1702.44268
M204 S10000
G0 F9600 X102.529 Y148.774
M204 S1000
G1 F1200 X120.324 Y166.568 E1703.07043
M204 S10000
G0 F9600 X119.899 Y166.568
M204 S1000
G1 F1200 X102.529 Y149.198 E1703.68321
M204 S10000
G0 F9600 X102.529 Y149.623
M204 S1000
G1 F1200 X119.475 Y166.568 E1704.281
M204 S10000
G0 F9600 X119.051 Y166.568
M204 S1000
G1 F1200 X102.529 Y150.047 E1704.86384
M204 S10000
G0 F9600 X102.529 Y150.471
M204 S1000
G1 F1200 X118.627 Y166.568 E1705.43173
M204 S10000
G0 F9600 X118.202 Y166.568
M204 S1000
G1 F1200 X102.529 Y150.895 E1705.98464
M204 S10000
G0 F9600 X102.529 Y151.32
M204 S1000
G1 F1200 X117.778 Y166.568 E1706.52257
M204 S10000
G0 F9600 X117.354 Y166.568
M204 S1000
G1 F1200 X102.529 Y151.744 E1707.04554
M204 S10000
G0 F9600 X102.529 Y152.168
M204 S1000
G1 F1200 X116.93 Y166.568 E1707.55356
M204 S10000
G0 F9600 X116.505 Y166.568
M204 S1000
G1 F1200 X102.529 Y152.592 E1708.0466
M204 S10000
G0 F9600 X102.529 Y153.017
M204 S1000
G1 F1200 X116.081 Y166.568 E1708.52466
M204 S10000
G0 F9600 X115.657 Y166.568
M204 S1000
G1 F1200 X102.529 Y153.441 E1708.98777
M204 S10000
G0 F9600 X102.529 Y153.865
M204 S1000
G1 F1200 X115.232 Y166.568 E1709.43591
M204 S10000
G0 F9600 X114.808 Y166.568
M204 S1000
G1 F1200 X102.529 Y154.289 E1709.86908
M204 S10000
G0 F9600 X102.529 Y154.714
M204 S1000
G1 F1200 X114.384 Y166.568 E1710.28728
M204 S10000
G0 F9600 X113.96 Y166.568
M204 S1000
G1 F1200 X102.529 Y155.138 E1710.69052
M204 S10000
G0 F9600 X102.529 Y155.562
M204 S1000
G1 F1200 X113.535 Y166.568 E1711.07879
M204 S10000
G0 F9600 X113.111 Y166.568
M204 S1000
G1 F1200 X102.529 Y155.987 E1711.45208
M204 S10000
G0 F9600 X102.529 Y156.411
M204 S1000
G1 F1200 X112.687 Y166.568 E1711.81041
M204 S10000
G0 F9600 X112.263 Y166.568
M204 S1000
G1 F1200 X102.529 Y156.835 E1712.15379
M204 S10000
G0 F9600 X102.529 Y157.259
M204 S1000
G1 F1200 X111.838 Y166.568 E1712.48219
M204 S10000
G0 F9600 X111.414 Y166.568
M204 S1000
G1 F1200 X102.529 Y157.684 E1712.79561
M204 S10000
G0 F9600 X102.529 Y158.108
M204 S1000
G1 F1200 X110.99 Y166.568 E1713.09408
M204 S10000
G0 F9600 X110.566 Y166.568
M204 S1000
G1 F1200 X102.529 Y158.532 E1713.37759
M204 S10000
G0 F9600 X102.529 Y158.956
M204 S1000
G1 F1200 X110.141 Y166.568 E1713.64612
M204 S10000
G0 F9600 X109.717 Y166.568
M204 S1000
G1 F1200 X102.529 Y159.381 E1713.89968
M204 S10000
G0 F9600 X102.529 Y159.805
M204 S1000
G1 F1200 X109.293 Y166.568 E1714.13828
M204 S10000
G0 F9600 X108.868 Y166.568
M204 S1000
G1 F1200 X102.529 Y160.229 E1714.36191
M204 S10000
G0 F9600 X102.529 Y160.653
M204 S1000
G1 F1200 X108.444 Y166.568 E1714.57057
M204 S10000
G0 F9600 X108.02 Y166.568
M204 S1000
G1 F1200 X102.529 Y161.078 E1714.76427
M204 S10000
G0 F9600 X102.529 Y161.502
M204 S1000
G1 F1200 X107.596 Y166.568 E1714.943
M204 S10000
G0 F9600 X107.171 Y166.568
M204 S1000
G1 F1200 X102.529 Y161.926 E1715.10676
M204 S10000
G0 F9600 X102.529 Y162.351
M204 S1000
G1 F1200 X106.747 Y166.568 E1715.25554
M204 S10000
G0 F9600 X106.323 Y166.568
M204 S1000
G1 F1200 X102.529 Y162.775 E1715.38937
M204 S10000
G0 F9600 X102.529 Y163.199
M204 S1000
G1 F1200 X105.899 Y166.568 E1715.50824
M204 S10000
G0 F9600 X105.474 Y166.568
M204 S1000
G1 F1200 X102.529 Y163.623 E1715.61213
M204 S10000
G0 F9600 X102.529 Y164.048
M204 S1000
G1 F1200 X105.05 Y166.568 E1715.70105
M204 S10000
G0 F9600 X104.626 Y166.568
M204 S1000
G1 F1200 X102.529 Y164.472 E1715.77501
M204 S10000
G0 F9600 X102.529 Y164.896
M204 S1000
G1 F1200 X104.202 Y166.568 E1715.83401
M204 S10000
G0 F9600 X103.777 Y166.568
M204 S1000
G1 F1200 X102.529 Y165.32 E1715.87804
M204 S10000
G0 F9600 X102.529 Y165.745
M204 S1000
G1 F1200 X103.353 Y166.568 E1715.90709
M204 S10000
G0 F9600 X102.929 Y166.568
M204 S1000
G1 F1200 X102.529 Y166.169 E1715.92118
M204 S10000
G0 F9600 X102.11 Y166.169
G1 F3000 E1709.92118
;MESH:Bottom_panel_x3.stl(1)
G0 F9600 X102.232 Y166.868
G0 X160.29 Y167.67
G0 X160.29 Y170.831
G0 X160.29 Y205.491
M204 S1000
;TYPE:WALL-INNER
G1 F3000 E1715.92118
G1 F1800 X160.29 Y171.511 E1716.76882
G1 X102.11 Y171.511 E1718.22012
G1 X102.11 Y205.491 E1719.06776
G1 X160.29 Y205.491 E1720.51906
M204 S10000
G0 F9600 X160.59 Y205.791
M204 S1000
G1 F1800 X160.59 Y171.211 E1721.38166
G1 X101.81 Y171.211 E1722.84794
G1 X101.81 Y205.791 E1723.71054
G1 X160.59 Y205.791 E1725.17681
M204 S10000
G0 F9600 X160.89 Y206.091
M204 S1000
G1 F1800 X160.89 Y170.911 E1726.05438
G1 X101.51 Y170.911 E1727.53562
G1 X101.51 Y206.091 E1728.41319
G1 X160.89 Y206.091 E1729.89443
M204 S10000
G0 F9600 X161.14 Y206.341
M204 S1000
;TYPE:WALL-OUTER
G1 F1800 X161.14 Y170.661 E1730.78447
G1 X101.26 Y170.661 E1732.27818
G1 X101.26 Y206.341 E1733.16822
G1 X161.14 Y206.341 E1734.66194
M204 S10000
G0 F9600 X161.14 Y206.141
G0 X160.89 Y206.141
G0 X160.24 Y205.221
G0 X160.02 Y205.221
M204 S1000
;TYPE:SKIN
G1 F1200 X102.38 Y205.221 E1736.09977
G1 X102.38 Y171.781 E1736.93394
G1 X160.02 Y171.781 E1738.37177
G1 X160.02 Y205.221 E1739.20594
M204 S10000
G1 F3000 E1733.20594
G0 F9600 X160.24 Y205.221
G0 X160.24 Y172.174
G0 X159.87 Y172.174
M204 S1000
G1 F3000 E1739.20594
G1 F1200 X159.626 Y171.93 E1739.21454
M204 S10000
G0 F9600 X159.202 Y171.93
M204 S1000
G1 F1200 X159.87 Y172.598 E1739.23811
M204 S10000
G0 F9600 X159.87 Y173.022
M204 S1000
G1 F1200 X158.777 Y171.93 E1739.27665
M204 S10000
G0 F9600 X158.353 Y171.93
M204 S1000
G1 F1200 X159.87 Y173.446 E1739.33015
M204 S10000
G0 F9600 X159.87 Y173.871
M204 S1000
G1 F1200 X157.929 Y171.93 E1739.39862
M204 S10000
G0 F9600 X157.505 Y171.93
M204 S1000
G1 F1200 X159.87 Y174.295 E1739.48206
M204 S10000
G0 F9600 X159.87 Y174.719
M204 S1000
G1 F1200 X157.08 Y171.93 E1739.58046
M204 S10000
G0 F9600 X156.656 Y171.93
M204 S1000
G1 F1200 X159.87 Y175.143 E1739.69383
M204 S10000
G0 F9600 X159.87 Y175.568
M204 S1000
G1 F1200 X156.232 Y171.93 E1739.82217
M204 S10000
G0 F9600 X155.808 Y171.93
M204 S1000
G1 F1200 X159.87 Y175.992 E1739.96547
M204 S10000
G0 F9600 X159.87 Y176.416
M204 S1000
G1 F1200 X155.383 Y171.93 E1740.12374
M204 S10000
G0 F9600 X154.959 Y171.93
M204 S1000
G1 F1200 X159.87 Y176.841 E1740.29699
M204 S10000
G0 F9600 X159.87 Y177.265
M204 S1000
G1 F1200 X154.535 Y171.93 E1740.48519
M204 S10000
G0 F9600 X154.111 Y171.93
M204 S1000
G1 F1200 X159.87 Y177.689 E1740.68836
M204 S10000
G0 F9600 X159.87 Y178.113
M204 S1000
G1 F1200 X153.686 Y171.93 E1740.9065
M204 S10000
G0 F9600 X153.262 Y171.93
M204 S1000
G1 F1200 X159.87 Y178.538 E1741.13961
M204 S10000
G0 F9600 X159.87 Y178.962
M204 S1000
G1 F1200 X152.838 Y171.93 E1741.38769
M204 S10000
G0 F9600 X152.414 Y171.93
M204 S1000
G1 F1200 X159.87 Y179.386 E1741.65072
M204 S10000
G0 F9600 X159.87 Y179.81
M204 S1000
G1 F1200 X151.989 Y171.93 E1741.92872
M204 S10000
G0 F9600 X151.565 Y171.93
M204 S1000
G1 F1200 X159.87 Y180.235 E1742.2217
M204 S10000
G0 F9600 X159.87 Y180.659
M204 S1000
G1 F1200 X151.141 Y171.93 E1742.52964
M204 S10000
G0 F9600 X150.716 Y171.93
M204 S1000
G1 F1200 X159.87 Y181.083 E1742.85256
M204 S10000
G0 F9600 X159.87 Y181.507
M204 S1000
G1 F1200 X150.292 Y171.93 E1743.19043
M204 S10000
G0 F9600 X149.868 Y171.93
M204 S1000
G1 F1200 X159.87 Y181.932 E1743.54328
M204 S10000
G0 F9600 X159.87 Y182.356
M204 S1000
G1 F1200 X149.444 Y171.93 E1743.91108
M204 S10000
G0 F9600 X149.019 Y171.93
M204 S1000
G1 F1200 X159.87 Y182.78 E1744.29386
M204 S10000
G0 F9600 X159.87 Y183.205
M204 S1000
G1 F1200 X148.595 Y171.93 E1744.69162
M204 S10000
G0 F9600 X148.171 Y171.93
M204 S1000
G1 F1200 X159.87 Y183.629 E1745.10433
M204 S10000
G0 F9600 X159.87 Y184.053
M204 S1000
G1 F1200 X147.747 Y171.93 E1745.532
M204 S10000
G0 F9600 X147.322 Y171.93
M204 S1000
G1 F1200 X159.87 Y184.477 E1745.97465
M204 S10000
G0 F9600 X159.87 Y184.902
M204 S1000
G1 F1200 X146.898 Y171.93 E1746.43227
M204 S10000
G0 F9600 X146.474 Y171.93
M204 S1000
G1 F1200 X159.87 Y185.326 E1746.90485
M204 S10000
G0 F9600 X159.87 Y185.75
M204 S1000
G1 F1200 X146.05 Y171.93 E1747.39239
M204 S10000
G0 F9600 X145.625 Y171.93
M204 S1000
G1 F1200 X159.87 Y186.174 E1747.89491
M204 S10000
G0 F9600 X159.87 Y186.599
M204 S1000
G1 F1200 X145.201 Y171.93 E1748.41239
M204 S10000
G0 F9600 X144.777 Y171.93
M204 S1000
G1 F1200 X159.87 Y187.023 E1748.94484
M204 S10000
G0 F9600 X159.87 Y187.447
M204 S1000
G1 F1200 X144.353 Y171.93 E1749.49224
M204 S10000
G0 F9600 X143.928 Y171.93
M204 S1000
G1 F1200 X159.87 Y187.871 E1750.05462
M204 S10000
G0 F9600 X159.87 Y188.296
M204 S1000
G1 F1200 X143.504 Y171.93 E1750.63198
M204 S10000
G0 F9600 X143.08 Y171.93
M204 S1000
G1 F1200 X159.87 Y188.72 E1751.22429
M204 S10000
G0 F9600 X159.87 Y189.144
M204 S1000
G1 F1200 X142.655 Y171.93 E1751.83158
M204 S10000
G0 F9600 X142.231 Y171.93
M204 S1000
G1 F1200 X159.87 Y189.568 E1752.45382
M204 S10000
G0 F9600 X159.87 Y189.993
M204 S1000
G1 F1200 X141.807 Y171.93 E1753.09105
M204 S10000
G0 F9600 X141.383 Y171.93
M204 S1000
G1 F1200 X159.87 Y190.417 E1753.74322
M204 S10000
G0 F9600 X159.87 Y190.841
M204 S1000
G1 F1200 X140.958 Y171.93 E1754.41038
M204 S10000
G0 F9600 X140.534 Y171.93
M204 S1000
G1 F1200 X159.87 Y191.266 E1755.09251
M204 S10000
G0 F9600 X159.87 Y191.69
M204 S1000
G1 F1200 X140.11 Y171.93 E1755.7896
M204 S10000
G0 F9600 X139.686 Y171.93
M204 S1000
G1 F1200 X159.87 Y192.114 E1756.50164
M204 S10000
G0 F9600 X159.87 Y192.538
M204 S1000
G1 F1200 X139.261 Y171.93 E1757.22866
M204 S10000
G0 F9600 X138.837 Y171.93
M204 S1000
G1 F1200 X159.87 Y192.963 E1757.97066
M204 S10000
G0 F9600 X159.87 Y193.387
M204 S1000
G1 F1200 X138.413 Y171.93 E1758.72761
M204 S10000
G0 F9600 X137.989 Y171.93
M204 S1000
G1 F1200 X159.87 Y193.811 E1759.49952
M204 S10000
G0 F9600 X159.87 Y194.235
M204 S1000
G1 F1200 X137.564 Y171.93 E1760.28641
M204 S10000
G0 F9600 X137.14 Y171.93
M204 S1000
G1 F1200 X159.87 Y194.66 E1761.08827
M204 S10000
G0 F9600 X159.87 Y195.084
M204 S1000
G1 F1200 X136.716 Y171.93 E1761.90509
M204 S10000
G0 F9600 X136.292 Y171.93
M204 S1000
G1 F1200 X159.87 Y195.508 E1762.73687
M204 S10000
G0 F9600 X159.87 Y195.932
M204 S1000
G1 F1200 X135.867 Y171.93 E1763.58362
M204 S10000
G0 F9600 X135.443 Y171.93
M204 S1000
G1 F1200 X159.87 Y196.357 E1764.44535
M204 S10000
G0 F9600 X159.87 Y196.781
M204 S1000
G1 F1200 X135.019 Y171.93 E1765.32204
M204 S10000
G0 F9600 X134.594 Y171.93
M204 S1000
G1 F1200 X159.87 Y197.205 E1766.2137
M204 S10000
G0 F9600 X159.87 Y197.629
M204 S1000
G1 F1200 X134.17 Y171.93 E1767.12032
M204 S10000
G0 F9600 X133.746 Y171.93
M204 S1000
G1 F1200 X159.87 Y198.054 E1768.04191
M204 S10000
G0 F9600 X159.87 Y198.478
M204 S1000
G1 F1200 X133.322 Y171.93 E1768.97846
M204 S10000
G0 F9600 X132.897 Y171.93
M204 S1000
G1 F1200 X159.87 Y198.902 E1769.92999
M204 S10000
G0 F9600 X159.87 Y199.327
M204 S1000
G1 F1200 X132.473 Y171.93 E1770.8965
M204 S10000
G0 F9600 X132.049 Y171.93
M204 S1000
G1 F1200 X159.87 Y199.751 E1771.87796
M204 S10000
G0 F9600 X159.87 Y200.175
M204 S1000
G1 F1200 X131.625 Y171.93 E1772.87437
M204 S10000
G0 F9600 X131.2 Y171.93
M204 S1000
G1 F1200 X159.87 Y200.599 E1773.88577
M204 S10000
G0 F9600 X159.87 Y201.024
M204 S1000
G1 F1200 X130.776 Y171.93 E1774.91214
M204 S10000
G0 F9600 X130.352 Y171.93
M204 S1000
G1 F1200 X159.87 Y201.448 E1775.95347
M204 S10000
G0 F9600 X159.87 Y201.872
M204 S1000
G1 F1200 X129.928 Y171.93 E1777.00975
M204 S10000
G0 F9600 X129.503 Y171.93
M204 S1000
G1 F1200 X159.87 Y202.296 E1778.08101
M204 S10000
G0 F9600 X159.87 Y202.721
M204 S1000
G1 F1200 X129.079 Y171.93 E1779.16725
M204 S10000
G0 F9600 X128.655 Y171.93
M204 S1000
G1 F1200 X159.87 Y203.145 E1780.26844
M204 S10000
G0 F9600 X159.87 Y203.569
M204 S1000
G1 F1200 X128.23 Y171.93 E1781.38461
M204 S10000
G0 F9600 X127.806 Y171.93
M204 S1000
G1 F1200 X159.87 Y203.993 E1782.51573
M204 S10000
G0 F9600 X159.87 Y204.418
M204 S1000
G1 F1200 X127.382 Y171.93 E1783.66184
M204 S10000
G0 F9600 X126.958 Y171.93
M204 S1000
G1 F1200 X159.87 Y204.842 E1784.8229
M204 S10000
G0 F9600 X159.673 Y205.07
M204 S1000
G1 F1200 X126.533 Y171.93 E1785.992
M204 S10000
G0 F9600 X126.109 Y171.93
M204 S1000
G1 F1200 X159.249 Y205.07 E1787.1611
M204 S10000
G0 F9600 X158.825 Y205.07
M204 S1000
G1 F1200 X125.685 Y171.93 E1788.33021
M204 S10000
G0 F9600 X125.261 Y171.93
M204 S1000
G1 F1200 X158.401 Y205.07 E1789.49931
M204 S10000
G0 F9600 X157.976 Y205.07
M204 S1000
G1 F1200 X124.836 Y171.93 E1790.66841
M204 S10000
G0 F9600 X124.412 Y171.93
M204 S1000
G1 F1200 X157.552 Y205.07 E1791.83751
M204 S10000
G0 F9600 X157.128 Y205.07
M204 S1000
G1 F1200 X123.988 Y171.93 E1793.00662
M204 S10000
G0 F9600 X123.564 Y171.93
M204 S1000
G1 F1200 X156.704 Y205.07 E1794.17572
M204 S10000
G0 F9600 X156.279 Y205.07
M204 S1000
G1 F1200 X123.139 Y171.93 E1795.34482
M204 S10000
G0 F9600 X122.715 Y171.93
M204 S1000
G1 F1200 X155.855 Y205.07 E1796.51393
M204 S10000
G0 F9600 X155.431 Y205.07
M204 S1000
G1 F1200 X122.291 Y171.93 E1797.68303
M204 S10000
G0 F9600 X121.867 Y171.93
M204 S1000
G1 F1200 X155.006 Y205.07 E1798.85211
M204 S10000
G0 F9600 X154.582 Y205.07
M204 S1000
G1 F1200 X121.442 Y171.93 E1800.02122
M204 S10000
G0 F9600 X121.018 Y171.93
M204 S1000
G1 F1200 X154.158 Y205.07 E1801.19032
M204 S10000
G0 F9600 X153.734 Y205.07
M204 S1000
G1 F1200 X120.594 Y171.93 E1802.35942
M204 S10000
G0 F9600 X120.169 Y171.93
M204 S1000
G1 F1200 X153.309 Y205.07 E1803.52853
M204 S10000
G0 F9600 X152.885 Y205.07
M204 S1000
G1 F1200 X119.745 Y171.93 E1804.69763
M204 S10000
G0 F9600 X119.321 Y171.93
M204 S1000
G1 F1200 X152.461 Y205.07 E1805.86673
M204 S10000
G0 F9600 X152.037 Y205.07
M204 S1000
G1 F1200 X118.897 Y171.93 E1807.03584
M204 S10000
G0 F9600 X118.472 Y171.93
M204 S1000
G1 F1200 X151.612 Y205.07 E1808.20494
M204 S10000
G0 F9600 X151.188 Y205.07
M204 S1000
G1 F1200 X118.048 Y171.93 E1809.37404
M204 S10000
G0 F9600 X117.624 Y171.93
M204 S1000
G1 F1200 X150.764 Y205.07 E1810.54314
M204 S10000
G0 F9600 X150.34 Y205.07
M204 S1000
G1 F1200 X117.2 Y171.93 E1811.71225
M204 S10000
G0 F9600 X116.775 Y171.93
M204 S1000
G1 F1200 X149.915 Y205.07 E1812.88135
M204 S10000
G0 F9600 X149.491 Y205.07
M204 S1000
G1 F1200 X116.351 Y171.93 E1814.05045
M204 S10000
G0 F9600 X115.927 Y171.93
M204 S1000
G1 F1200 X149.067 Y205.07 E1815.21956
M204 S10000
G0 F9600 X148.643 Y205.07
M204 S1000
G1 F1200 X115.503 Y171.93 E1816.38866
M204 S10000
G0 F9600 X115.078 Y171.93
M204 S1000
G1 F1200 X148.218 Y205.07 E1817.55776
M204 S10000
G0 F9600 X147.794 Y205.07
M204 S1000
G1 F1200 X114.654 Y171.93 E1818.72687
M204 S10000
G0 F9600 X114.23 Y171.93
M204 S1000
G1 F1200 X147.37 Y205.07 E1819.89597
M204 S10000
G0 F9600 X146.945 Y205.07
M204 S1000
G1 F1200 X113.806 Y171.93 E1821.06505
M204 S10000
G0 F9600 X113.381 Y171.93
M204 S1000
G1 F1200 X146.521 Y205.07 E1822.23416
M204 S10000
G0 F9600 X146.097 Y205.07
M204 S1000
G1 F1200 X112.957 Y171.93 E1823.40326
M204 S10000
G0 F9600 X112.533 Y171.93
M204 S1000
G1 F1200 X145.673 Y205.07 E1824.57236
M204 S10000
G0 F9600 X145.248 Y205.07
M204 S1000
G1 F1200 X112.108 Y171.93 E1825.74147
M204 S10000
G0 F9600 X111.684 Y171.93
M204 S1000
G1 F1200 X144.824 Y205.07 E1826.91057
M204 S10000
G0 F9600 X144.4 Y205.07
M204 S1000
G1 F1200 X111.26 Y171.93 E1828.07967
M204 S10000
G0 F9600 X110.836 Y171.93
M204 S1000
G1 F1200 X143.976 Y205.07 E1829.24878
M204 S10000
G0 F9600 X143.551 Y205.07
M204 S1000
G1 F1200 X110.411 Y171.93 E1830.41788
M204 S10000
G0 F9600 X109.987 Y171.93
M204 S1000
G1 F1200 X143.127 Y205.07 E1831.58698
M204 S10000
G0 F9600 X142.703 Y205.07
M204 S1000
G1 F1200 X109.563 Y171.93 E1832.75608
M204 S10000
G0 F9600 X109.139 Y171.93
M204 S1000
G1 F1200 X142.279 Y205.07 E1833.92519
M204 S10000
G0 F9600 X141.854 Y205.07
M204 S1000
G1 F1200 X108.714 Y171.93 E1835.09429
M204 S10000
G0 F9600 X108.29 Y171.93
M204 S1000
G1 F1200 X141.43 Y205.07 E1836.26339
M204 S10000
G0 F9600 X141.006 Y205.07
M204 S1000
G1 F1200 X107.866 Y171.93 E1837.4325
M204 S10000
G0 F9600 X107.442 Y171.93
M204 S1000
G1 F1200 X140.582 Y205.07 E1838.6016
M204 S10000
G0 F9600 X140.157 Y205.07
M204 S1000
G1 F1200 X107.017 Y171.93 E1839.7707
M204 S10000
G0 F9600 X106.593 Y171.93
M204 S1000
G1 F1200 X139.733 Y205.07 E1840.93981
M204 S10000
G0 F9600 X139.309 Y205.07
M204 S1000
G1 F1200 X106.169 Y171.93 E1842.10891
M204 S10000
G0 F9600 X105.744 Y171.93
M204 S1000
G1 F1200 X138.884 Y205.07 E1843.27801
M204 S10000
G0 F9600 X138.46 Y205.07
M204 S1000
G1 F1200 X105.32 Y171.93 E1844.44711
M204 S10000
G0 F9600 X104.896 Y171.93
M204 S1000
G1 F1200 X138.036 Y205.07 E1845.61622
M204 S10000
G0 F9600 X137.612 Y205.07
M204 S1000
G1 F1200 X104.472 Y171.93 E1846.78532
M204 S10000
G0 F9600 X104.047 Y171.93
M204 S1000
G1 F1200 X137.187 Y205.07 E1847.95442
M204 S10000
G0 F9600 X136.763 Y205.07
M204 S1000
G1 F1200 X103.623 Y171.93 E1849.12353
M204 S10000
G0 F9600 X103.199 Y171.93
M204 S1000
G1 F1200 X136.339 Y205.07 E1850.29263
M204 S10000
G0 F9600 X135.915 Y205.07
M204 S1000
G1 F1200 X102.775 Y171.93 E1851.46173
M204 S10000
G0 F9600 X102.529 Y172.109
M204 S1000
G1 F1200 X135.49 Y205.07 E1852.62452
M204 S10000
G0 F9600 X135.066 Y205.07
M204 S1000
G1 F1200 X102.529 Y172.533 E1853.77235
M204 S10000
G0 F9600 X102.529 Y172.957
M204 S1000
G1 F1200 X134.642 Y205.07 E1854.90522
M204 S10000
G0 F9600 X134.218 Y205.07
M204 S1000
G1 F1200 X102.529 Y173.381 E1856.02314
M204 S10000
G0 F9600 X102.529 Y173.806
M204 S1000
G1 F1200 X133.793 Y205.07 E1857.12606
M204 S10000
G0 F9600 X133.369 Y205.07
M204 S1000
G1 F1200 X102.529 Y174.23 E1858.21403
M204 S10000
G0 F9600 X102.529 Y174.654
M204 S1000
G1 F1200 X132.945 Y205.07 E1859.28703
M204 S10000
G0 F9600 X132.521 Y205.07
M204 S1000
G1 F1200 X102.529 Y175.078 E1860.34508
M204 S10000
G0 F9600 X102.529 Y175.503
M204 S1000
G1 F1200 X132.096 Y205.07 E1861.38814
M204 S10000
G0 F9600 X131.672 Y205.07
M204 S1000
G1 F1200 X102.529 Y175.927 E1862.41623
M204 S10000
G0 F9600 X102.529 Y176.351
M204 S1000
G1 F1200 X131.248 Y205.07 E1863.42937
M204 S10000
G0 F9600 X130.823 Y205.07
M204 S1000
G1 F1200 X102.529 Y176.775 E1864.42754
M204 S10000
G0 F9600 X102.529 Y177.2
M204 S1000
G1 F1200 X130.399 Y205.07 E1865.41073
M204 S10000
G0 F9600 X129.975 Y205.07
M204 S1000
G1 F1200 X102.529 Y177.624 E1866.37896
M204 S10000
G0 F9600 X102.529 Y178.048
M204 S1000
G1 F1200 X129.551 Y205.07 E1867.33223
M204 S10000
G0 F9600 X129.126 Y205.07
M204 S1000
G1 F1200 X102.529 Y178.473 E1868.27052
M204 S10000
G0 F9600 X102.529 Y178.897
M204 S1000
G1 F1200 X128.702 Y205.07 E1869.19384
M204 S10000
G0 F9600 X128.278 Y205.07
M204 S1000
G1 F1200 X102.529 Y179.321 E1870.1022
M204 S10000
G0 F9600 X102.529 Y179.745
M204 S1000
G1 F1200 X127.854 Y205.07 E1870.99561
M204 S10000
G0 F9600 X127.429 Y205.07
M204 S1000
G1 F1200 X102.529 Y180.17 E1871.87403
M204 S10000
G0 F9600 X102.529 Y180.594
M204 S1000
G1 F1200 X127.005 Y205.07 E1872.73748
M204 S10000
G0 F9600 X126.581 Y205.07
M204 S1000
G1 F1200 X102.529 Y181.018 E1873.58598
M204 S10000
G0 F9600 X102.529 Y181.442
M204 S1000
G1 F1200 X126.157 Y205.07 E1874.41952
M204 S10000
G0 F9600 X125.732 Y205.07
M204 S1000
G1 F1200 X102.529 Y181.867 E1875.23807
M204 S10000
G0 F9600 X102.529 Y182.291
M204 S1000
G1 F1200 X125.308 Y205.07 E1876.04166
M204 S10000
G0 F9600 X124.884 Y205.07
M204 S1000
G1 F1200 X102.529 Y182.715 E1876.8303
M204 S10000
G0 F9600 X102.529 Y183.139
M204 S1000
G1 F1200 X124.459 Y205.07 E1877.60395
M204 S10000
G0 F9600 X124.035 Y205.07
M204 S1000
G1 F1200 X102.529 Y183.564 E1878.36264
M204 S10000
G0 F9600 X102.529 Y183.988
M204 S1000
G1 F1200 X123.611 Y205.07 E1879.10636
M204 S10000
G0 F9600 X123.187 Y205.07
M204 S1000
G1 F1200 X102.529 Y184.412 E1879.83513
M204 S10000
G0 F9600 X102.529 Y184.837
M204 S1000
G1 F1200 X122.762 Y205.07 E1880.5489
M204 S10000
G0 F9600 X122.338 Y205.07
M204 S1000
G1 F1200 X102.529 Y185.261 E1881.24772
M204 S10000
G0 F9600 X102.529 Y185.685
M204 S1000
G1 F1200 X121.914 Y205.07 E1881.93158
M204 S10000
G0 F9600 X121.49 Y205.07
M204 S1000
G1 F1200 X102.529 Y186.109 E1882.60048
M204 S10000
G0 F9600 X102.529 Y186.534
M204 S1000
G1 F1200 X121.065 Y205.07 E1883.25438
M204 S10000
G0 F9600 X120.641 Y205.07
M204 S1000
G1 F1200 X102.529 Y186.958 E1883.89333
M204 S10000
G0 F9600 X102.529 Y187.382
M204 S1000
G1 F1200 X120.217 Y205.07 E1884.51733
M204 S10000
G0 F9600 X119.793 Y205.07
M204 S1000
G1 F1200 X102.529 Y187.806 E1885.12636
M204 S10000
G0 F9600 X102.529 Y188.231
M204 S1000
G1 F1200 X119.368 Y205.07 E1885.7204
M204 S10000
G0 F9600 X118.944 Y205.07
M204 S1000
G1 F1200 X102.529 Y188.655 E1886.29948
M204 S10000
G0 F9600 X102.529 Y189.079
M204 S1000
G1 F1200 X118.52 Y205.07 E1886.86361
M204 S10000
G0 F9600 X118.096 Y205.07
M204 S1000
G1 F1200 X102.529 Y189.503 E1887.41278
M204 S10000
G0 F9600 X102.529 Y189.928
M204 S1000
G1 F1200 X117.671 Y205.07 E1887.94695
M204 S10000
G0 F9600 X117.247 Y205.07
M204 S1000
G1 F1200 X102.529 Y190.352 E1888.46617
M204 S10000
G0 F9600 X102.529 Y190.776
M204 S1000
G1 F1200 X116.823 Y205.07 E1888.97043
M204 S10000
G0 F9600 X116.398 Y205.07
M204 S1000
G1 F1200 X102.529 Y191.2 E1889.45971
M204 S10000
G0 F9600 X102.529 Y191.625
M204 S1000
G1 F1200 X115.974 Y205.07 E1889.93402
M204 S10000
G0 F9600 X115.55 Y205.07
M204 S1000
G1 F1200 X102.529 Y192.049 E1890.39337
M204 S10000
G0 F9600 X102.529 Y192.473
M204 S1000
G1 F1200 X115.126 Y205.07 E1890.83777
M204 S10000
G0 F9600 X114.701 Y205.07
M204 S1000
G1 F1200 X102.529 Y192.898 E1891.26717
M204 S10000
G0 F9600 X102.529 Y193.322
M204 S1000
G1 F1200 X114.277 Y205.07 E1891.68161
M204 S10000
G0 F9600 X113.853 Y205.07
M204 S1000
G1 F1200 X102.529 Y193.746 E1892.08109
M204 S10000
G0 F9600 X102.529 Y194.17
M204 S1000
G1 F1200 X113.429 Y205.07 E1892.46562
M204 S10000
G0 F9600 X113.004 Y205.07
M204 S1000
G1 F1200 X102.529 Y194.595 E1892.83515
M204 S10000
G0 F9600 X102.529 Y195.019
M204 S1000
G1 F1200 X112.58 Y205.07 E1893.18973
M204 S10000
G0 F9600 X112.156 Y205.07
M204 S1000
G1 F1200 X102.529 Y195.443 E1893.52935
M204 S10000
G0 F9600 X102.529 Y195.867
M204 S1000
G1 F1200 X111.732 Y205.07 E1893.85401
M204 S10000
G0 F9600 X111.307 Y205.07
M204 S1000
G1 F1200 X102.529 Y196.292 E1894.16368
M204 S10000
G0 F9600 X102.529 Y196.716
M204 S1000
G1 F1200 X110.883 Y205.07 E1894.45839
M204 S10000
G0 F9600 X110.459 Y205.07
M204 S1000
G1 F1200 X102.529 Y197.14 E1894.73814
M204 S10000
G0 F9600 X102.529 Y197.564
M204 S1000
G1 F1200 X110.035 Y205.07 E1895.00293
M204 S10000
G0 F9600 X109.61 Y205.07
M204 S1000
G1 F1200 X102.529 Y197.989 E1895.25274
M204 S10000
G0 F9600 X102.529 Y198.413
M204 S1000
G1 F1200 X109.186 Y205.07 E1895.48758
M204 S10000
G0 F9600 X108.762 Y205.07
M204 S1000
G1 F1200 X102.529 Y198.837 E1895.70747
M204 S10000
G0 F9600 X102.529 Y199.261
M204 S1000
G1 F1200 X108.337 Y205.07 E1895.91238
M204 S10000
G0 F9600 X107.913 Y205.07
M204 S1000
G1 F1200 X102.529 Y199.686 E1896.10231
M204 S10000
G0 F9600 X102.529 Y200.11
M204 S1000
G1 F1200 X107.489 Y205.07 E1896.27729
M204 S10000
G0 F9600 X107.065 Y205.07
M204 S1000
G1 F1200 X102.529 Y200.534 E1896.43731
M204 S10000
G0 F9600 X102.529 Y200.959
M204 S1000
G1 F1200 X106.64 Y205.07 E1896.58233
M204 S10000
G0 F9600 X106.216 Y205.07
M204 S1000
G1 F1200 X102.529 Y201.383 E1896.7124
M204 S10000
G0 F9600 X102.529 Y201.807
M204 S1000
G1 F1200 X105.792 Y205.07 E1896.82751
M204 S10000
G0 F9600 X105.368 Y205.07
M204 S1000
G1 F1200 X102.529 Y202.231 E1896.92767
M204 S10000
G0 F9600 X102.529 Y202.656
M204 S1000
G1 F1200 X104.943 Y205.07 E1897.01283
M204 S10000
G0 F9600 X104.519 Y205.07
M204 S1000
G1 F1200 X102.529 Y203.08 E1897.08303
M204 S10000
G0 F9600 X102.529 Y203.504
M204 S1000
G1 F1200 X104.095 Y205.07 E1897.13828
M204 S10000
G0 F9600 X103.671 Y205.07
M204 S1000
G1 F1200 X102.529 Y203.928 E1897.17856
M204 S10000
G0 F9600 X102.529 Y204.353
M204 S1000
G1 F1200 X103.246 Y205.07 E1897.20386
M204 S10000
G0 F9600 X102.822 Y205.07
M204 S1000
G1 F1200 X102.529 Y204.777 E1897.21419
M204 S10000
G0 F9600 X102.11 Y204.777
G1 F3000 E1891.21419
;MESH:Bottom_back_panel.stl
G0 F9600 X102.232 Y205.369
G0 X160.168 Y205.369
G0 X160.175 Y181.702
G0 X160.14 Y179.089
G0 X164.099 Y179.089
G0 X164.779 Y179.089
M204 S1000
;TYPE:WALL-INNER
G1 F3000 E1897.21419
G1 F1800 X196.715 Y179.089 E1898.01084
G1 X196.719 Y165.11 E1898.35955
G1 X196.788 Y164.815 E1898.36711
G1 X197.035 Y164.421 E1898.37871
G1 X197.348 Y164.236 E1898.38777
G1 X197.766 Y164.15 E1898.39842
G1 X198.287 Y164.15 E1898.41142
G1 X198.287 Y135.85 E1899.11736
G1 X197.766 Y135.85 E1899.13036
G1 X197.349 Y135.765 E1899.14098
G1 X197.121 Y135.63 E1899.14759
G1 X196.865 Y135.341 E1899.15722
G1 X196.755 Y135.087 E1899.16412
G1 X196.719 Y134.89 E1899.16912
G1 X196.716 Y120.91 E1899.51785
G1 X164.779 Y120.91 E1900.31452
G1 X164.779 Y179.089 E1901.7658
M204 S10000
G0 F9600 X164.479 Y179.389
M204 S1000
G1 F1800 X197.015 Y179.389 E1902.57742
G1 X197.021 Y165.105 E1902.93373
G1 X197.067 Y164.925 E1902.93837
G1 X197.213 Y164.692 E1902.94522
G1 X197.468 Y164.511 E1902.95303
G1 X197.766 Y164.45 E1902.96061
G1 X198.587 Y164.45 E1902.98109
G1 X198.587 Y135.55 E1903.70201
G1 X197.766 Y135.55 E1903.72249
G1 X197.468 Y135.489 E1903.73007
G1 X197.305 Y135.393 E1903.73479
G1 X197.122 Y135.186 E1903.74168
G1 X197.021 Y134.895 E1903.74937
G1 X197.016 Y120.61 E1904.10571
G1 X164.479 Y120.61 E1904.91735
G1 X164.479 Y179.389 E1906.3836
M204 S10000
G0 F9600 X164.179 Y179.689
M204 S1000
G1 F1800 X197.315 Y179.689 E1907.21018
G1 X197.317 Y165.161 E1907.57258
G1 X197.365 Y164.994 E1907.57691
G1 X197.489 Y164.844 E1907.58177
G1 X197.766 Y164.75 E1907.58907
G1 X198.887 Y164.75 E1907.61703
G1 X198.887 Y135.25 E1908.35291
G1 X197.766 Y135.25 E1908.38087
G1 X197.587 Y135.214 E1908.38543
G1 X197.434 Y135.105 E1908.39011
G1 X197.322 Y134.878 E1908.39643
G1 X197.316 Y120.31 E1908.75983
G1 X164.179 Y120.31 E1909.58643
G1 X164.179 Y179.689 E1911.06765
M204 S10000
G0 F9600 X163.929 Y179.939
M204 S1000
;TYPE:WALL-OUTER
G1 F1800 X197.565 Y179.939 E1911.9067
G1 X197.567 Y165.174 E1912.27502
G1 X197.603 Y165.082 E1912.27748
G1 X197.706 Y165 E1912.28077
G1 X199.137 Y165 E1912.31646
G1 X199.137 Y135 E1913.06482
G1 X197.706 Y135 E1913.10051
G1 X197.603 Y134.918 E1913.1038
G1 X197.568 Y134.835 E1913.10604
G1 X197.566 Y120.06 E1913.47461
G1 X163.929 Y120.06 E1914.31369
G1 X163.929 Y179.939 E1915.80737
M204 S10000
G0 F9600 X164.129 Y179.939
G0 X164.129 Y179.689
G0 X165.05 Y179.039
G0 X165.05 Y178.819
M204 S1000
;TYPE:SKIN
G1 F1200 X165.05 Y121.181 E1917.24516
G1 X196.446 Y121.18 E1918.02833
G1 X196.447 Y134.857 E1918.36951
G1 X196.498 Y135.169 E1918.3774
G1 X196.594 Y135.41 E1918.38387
G1 X196.853 Y135.78 E1918.39513
G1 X197.243 Y136.016 E1918.4065
G1 X197.735 Y136.118 E1918.41904
G1 X198.017 Y136.12 E1918.42607
G1 X198.017 Y163.88 E1919.11855
G1 X197.735 Y163.883 E1919.12558
G1 X197.245 Y163.984 E1919.13806
G1 X196.853 Y164.221 E1919.14949
G1 X196.592 Y164.593 E1919.16083
G1 X196.482 Y164.889 E1919.1687
G1 X196.448 Y165.131 E1919.1748
G1 X196.445 Y178.819 E1919.51625
G1 X165.05 Y178.819 E1920.2994
M204 S10000
G0 F9600 X165.199 Y178.352
M204 S1000
G1 F1200 X165.516 Y178.668 E1920.31056
M204 S10000
G0 F9600 X165.94 Y178.668
M204 S1000
G1 F1200 X165.199 Y177.927 E1920.33671
M204 S10000
G0 F9600 X165.199 Y177.503
M204 S1000
G1 F1200 X166.365 Y178.668 E1920.37782
M204 S10000
G0 F9600 X166.789 Y178.668
M204 S1000
G1 F1200 X165.199 Y177.079 E1920.4339
M204 S10000
G0 F9600 X165.199 Y176.655
M204 S1000
G1 F1200 X167.213 Y178.668 E1920.50493
M204 S10000
G0 F9600 X167.638 Y178.668
M204 S1000
G1 F1200 X165.199 Y176.23 E1920.59095
M204 S10000
G0 F9600 X165.199 Y175.806
M204 S1000
G1 F1200 X168.062 Y178.668 E1920.69193
M204 S10000
G0 F9600 X168.486 Y178.668
M204 S1000
G1 F1200 X165.199 Y175.382 E1920.80787
M204 S10000
G0 F9600 X165.199 Y174.958
M204 S1000
G1 F1200 X168.91 Y178.668 E1920.93877
M204 S10000
G0 F9600 X169.335 Y178.668
M204 S1000
G1 F1200 X165.199 Y174.533 E1921.08466
M204 S10000
G0 F9600 X165.199 Y174.109
M204 S1000
G1 F1200 X169.759 Y178.668 E1921.24551
M204 S10000
G0 F9600 X170.183 Y178.668
M204 S1000
G1 F1200 X165.199 Y173.685 E1921.42132
M204 S10000
G0 F9600 X165.199 Y173.26
M204 S1000
G1 F1200 X170.607 Y178.668 E1921.6121
M204 S10000
G0 F9600 X171.032 Y178.668
M204 S1000
G1 F1200 X165.199 Y172.836 E1921.81786
M204 S10000
G0 F9600 X165.199 Y172.412
M204 S1000
G1 F1200 X171.456 Y178.668 E1922.03857
M204 S10000
G0 F9600 X171.88 Y178.668
M204 S1000
G1 F1200 X165.199 Y171.988 E1922.27424
M204 S10000
G0 F9600 X165.199 Y171.563
M204 S1000
G1 F1200 X172.304 Y178.668 E1922.52489
M204 S10000
G0 F9600 X172.729 Y178.668
M204 S1000
G1 F1200 X165.199 Y171.139 E1922.79052
M204 S10000
G0 F9600 X165.199 Y170.715
M204 S1000
G1 F1200 X173.153 Y178.668 E1923.0711
M204 S10000
G0 F9600 X173.577 Y178.668
M204 S1000
G1 F1200 X165.199 Y170.291 E1923.36664
M204 S10000
G0 F9600 X165.199 Y169.866
M204 S1000
G1 F1200 X174.002 Y178.668 E1923.67717
M204 S10000
G0 F9600 X174.426 Y178.668
M204 S1000
G1 F1200 X165.199 Y169.442 E1924.00266
M204 S10000
G0 F9600 X165.199 Y169.018
M204 S1000
G1 F1200 X174.85 Y178.668 E1924.34311
M204 S10000
G0 F9600 X175.274 Y178.668
M204 S1000
G1 F1200 X165.199 Y168.594 E1924.69851
M204 S10000
G0 F9600 X165.199 Y168.169
M204 S1000
G1 F1200 X175.699 Y178.668 E1925.06891
M204 S10000
G0 F9600 X176.123 Y178.668
M204 S1000
G1 F1200 X165.199 Y167.745 E1925.45426
M204 S10000
G0 F9600 X165.199 Y167.321
M204 S1000
G1 F1200 X176.547 Y178.668 E1925.85458
M204 S10000
G0 F9600 X176.971 Y178.668
M204 S1000
G1 F1200 X165.199 Y166.896 E1926.26987
M204 S10000
G0 F9600 X165.199 Y166.472
M204 S1000
G1 F1200 X177.396 Y178.668 E1926.70013
M204 S10000
G0 F9600 X177.82 Y178.668
M204 S1000
G1 F1200 X165.199 Y166.048 E1927.14535
M204 S10000
G0 F9600 X165.199 Y165.624
M204 S1000
G1 F1200 X178.244 Y178.668 E1927.60553
M204 S10000
G0 F9600 X178.668 Y178.668
M204 S1000
G1 F1200 X165.199 Y165.199 E1928.08069
M204 S10000
G0 F9600 X165.199 Y164.775
M204 S1000
G1 F1200 X179.093 Y178.668 E1928.57082
M204 S10000
G0 F9600 X179.517 Y178.668
M204 S1000
G1 F1200 X165.199 Y164.351 E1929.07591
M204 S10000
G0 F9600 X165.199 Y163.927
M204 S1000
G1 F1200 X179.941 Y178.668 E1929.59596
M204 S10000
G0 F9600 X180.365 Y178.668
M204 S1000
G1 F1200 X165.199 Y163.502 E1930.13098
M204 S10000
G0 F9600 X165.199 Y163.078
M204 S1000
G1 F1200 X180.79 Y178.668 E1930.68097
M204 S10000
G0 F9600 X181.214 Y178.668
M204 S1000
G1 F1200 X165.199 Y162.654 E1931.24593
M204 S10000
G0 F9600 X165.199 Y162.23
M204 S1000
G1 F1200 X181.638 Y178.668 E1931.82584
M204 S10000
G0 F9600 X182.063 Y178.668
M204 S1000
G1 F1200 X165.199 Y161.805 E1932.42075
M204 S10000
G0 F9600 X165.199 Y161.381
M204 S1000
G1 F1200 X182.487 Y178.668 E1933.03061
M204 S10000
G0 F9600 X182.911 Y178.668
M204 S1000
G1 F1200 X165.199 Y160.957 E1933.65543
M204 S10000
G0 F9600 X165.199 Y160.533
M204 S1000
G1 F1200 X183.335 Y178.668 E1934.29521
M204 S10000
G0 F9600 X183.76 Y178.668
M204 S1000
G1 F1200 X165.199 Y160.108 E1934.94998
M204 S10000
G0 F9600 X165.199 Y159.684
M204 S1000
G1 F1200 X184.184 Y178.668 E1935.61971
M204 S10000
G0 F9600 X184.608 Y178.668
M204 S1000
G1 F1200 X165.199 Y159.26 E1936.3044
M204 S10000
G0 F9600 X165.199 Y158.835
M204 S1000
G1 F1200 X185.032 Y178.668 E1937.00406
M204 S10000
G0 F9600 X185.457 Y178.668
M204 S1000
G1 F1200 X165.199 Y158.411 E1937.7187
M204 S10000
G0 F9600 X165.199 Y157.987
M204 S1000
G1 F1200 X185.881 Y178.668 E1938.44829
M204 S10000
G0 F9600 X186.305 Y178.668
M204 S1000
G1 F1200 X165.199 Y157.563 E1939.19285
M204 S10000
G0 F9600 X165.199 Y157.138
M204 S1000
G1 F1200 X186.729 Y178.668 E1939.95238
M204 S10000
G0 F9600 X187.154 Y178.668
M204 S1000
G1 F1200 X165.199 Y156.714 E1940.72688
M204 S10000
G0 F9600 X165.199 Y156.29
M204 S1000
G1 F1200 X187.578 Y178.668 E1941.51634
M204 S10000
G0 F9600 X188.002 Y178.668
M204 S1000
G1 F1200 X165.199 Y155.866 E1942.32076
M204 S10000
G0 F9600 X165.199 Y155.441
M204 S1000
G1 F1200 X188.426 Y178.668 E1943.14016
M204 S10000
G0 F9600 X188.851 Y178.668
M204 S1000
G1 F1200 X165.199 Y155.017 E1943.97453
M204 S10000
G0 F9600 X165.199 Y154.593
M204 S1000
G1 F1200 X189.275 Y178.668 E1944.82386
M204 S10000
G0 F9600 X189.699 Y178.668
M204 S1000
G1 F1200 X165.199 Y154.169 E1945.68814
M204 S10000
G0 F9600 X165.199 Y153.744
M204 S1000
G1 F1200 X190.124 Y178.668 E1946.56742
M204 S10000
G0 F9600 X190.548 Y178.668
M204 S1000
G1 F1200 X165.199 Y153.32 E1947.46166
M204 S10000
G0 F9600 X165.199 Y152.896
M204 S1000
G1 F1200 X190.972 Y178.668 E1948.37085
M204 S10000
G0 F9600 X191.396 Y178.668
M204 S1000
G1 F1200 X165.199 Y152.472 E1949.29501
M204 S10000
G0 F9600 X165.199 Y152.047
M204 S1000
G1 F1200 X191.821 Y178.668 E1950.23415
M204 S10000
G0 F9600 X192.245 Y178.668
M204 S1000
G1 F1200 X165.199 Y151.623 E1951.18825
M204 S10000
G0 F9600 X165.199 Y151.199
M204 S1000
G1 F1200 X192.669 Y178.668 E1952.15731
M204 S10000
G0 F9600 X193.093 Y178.668
M204 S1000
G1 F1200 X165.199 Y150.774 E1953.14135
M204 S10000
G0 F9600 X165.199 Y150.35
M204 S1000
G1 F1200 X193.518 Y178.668 E1954.14036
M204 S10000
G0 F9600 X193.942 Y178.668
M204 S1000
G1 F1200 X165.199 Y149.926 E1955.15433
M204 S10000
G0 F9600 X165.199 Y149.502
M204 S1000
G1 F1200 X194.366 Y178.668 E1956.18326
M204 S10000
G0 F9600 X194.79 Y178.668
M204 S1000
G1 F1200 X165.199 Y149.077 E1957.22716
M204 S10000
G0 F9600 X165.199 Y148.653
M204 S1000
G1 F1200 X195.215 Y178.668 E1958.28604
M204 S10000
G0 F9600 X195.639 Y178.668
M204 S1000
G1 F1200 X165.199 Y148.229 E1959.35987
M204 S10000
G0 F9600 X165.199 Y147.805
M204 S1000
G1 F1200 X196.063 Y178.668 E1960.44867
M204 S10000
G0 F9600 X196.294 Y178.475
M204 S1000
G1 F1200 X165.199 Y147.38 E1961.54563
M204 S10000
G0 F9600 X165.199 Y146.956
M204 S1000
G1 F1200 X196.294 Y178.051 E1962.64259
M204 S10000
G0 F9600 X196.294 Y177.627
M204 S1000
G1 F1200 X165.199 Y146.532 E1963.73955
M204 S10000
G0 F9600 X165.199 Y146.108
M204 S1000
G1 F1200 X196.294 Y177.203 E1964.83651
M204 S10000
G0 F9600 X196.294 Y176.778
M204 S1000
G1 F1200 X165.199 Y145.683 E1965.93347
M204 S10000
G0 F9600 X165.199 Y145.259
M204 S1000
G1 F1200 X196.294 Y176.354 E1967.03043
M204 S10000
G0 F9600 X196.294 Y175.93
M204 S1000
G1 F1200 X165.199 Y144.835 E1968.12739
M204 S10000
G0 F9600 X165.199 Y144.411
M204 S1000
G1 F1200 X196.294 Y175.506 E1969.22435
M204 S10000
G0 F9600 X196.294 Y175.081
M204 S1000
G1 F1200 X165.199 Y143.986 E1970.32131
M204 S10000
G0 F9600 X165.199 Y143.562
M204 S1000
G1 F1200 X196.294 Y174.657 E1971.41827
M204 S10000
G0 F9600 X196.294 Y174.233
M204 S1000
G1 F1200 X165.199 Y143.138 E1972.51523
M204 S10000
G0 F9600 X165.199 Y142.713
M204 S1000
G1 F1200 X196.295 Y173.809 E1973.61222
M204 S10000
G0 F9600 X196.295 Y173.385
M204 S1000
G1 F1200 X165.199 Y142.289 E1974.70922
M204 S10000
G0 F9600 X165.199 Y141.865
M204 S1000
G1 F1200 X196.295 Y172.961 E1975.80622
M204 S10000
G0 F9600 X196.295 Y172.536
M204 S1000
G1 F1200 X165.199 Y141.441 E1976.90319
M204 S10000
G0 F9600 X165.199 Y141.016
M204 S1000
G1 F1200 X196.295 Y172.112 E1978.00019
M204 S10000
G0 F9600 X196.295 Y171.688
M204 S1000
G1 F1200 X165.199 Y140.592 E1979.09718
M204 S10000
G0 F9600 X165.199 Y140.168
M204 S1000
G1 F1200 X196.295 Y171.264 E1980.19418
M204 S10000
G0 F9600 X196.295 Y170.839
M204 S1000
G1 F1200 X165.199 Y139.744 E1981.29116
M204 S10000
G0 F9600 X165.199 Y139.319
M204 S1000
G1 F1200 X196.295 Y170.415 E1982.38815
M204 S10000
G0 F9600 X196.295 Y169.991
M204 S1000
G1 F1200 X165.199 Y138.895 E1983.48515
M204 S10000
G0 F9600 X165.199 Y138.471
M204 S1000
G1 F1200 X196.296 Y169.567 E1984.58216
M204 S10000
G0 F9600 X196.296 Y169.143
M204 S1000
G1 F1200 X165.199 Y138.047 E1985.67917
M204 S10000
G0 F9600 X165.199 Y137.622
M204 S1000
G1 F1200 X196.296 Y168.719 E1986.7762
M204 S10000
G0 F9600 X196.296 Y168.294
M204 S1000
G1 F1200 X165.199 Y137.198 E1987.87322
M204 S10000
G0 F9600 X165.199 Y136.774
M204 S1000
G1 F1200 X196.296 Y167.87 E1988.97023
M204 S10000
G0 F9600 X196.296 Y167.446
M204 S1000
G1 F1200 X165.199 Y136.349 E1990.06726
M204 S10000
G0 F9600 X165.199 Y135.925
M204 S1000
G1 F1200 X196.296 Y167.022 E1991.16429
M204 S10000
G0 F9600 X196.296 Y166.597
M204 S1000
G1 F1200 X165.199 Y135.501 E1992.2613
M204 S10000
G0 F9600 X165.199 Y135.077
M204 S1000
G1 F1200 X196.296 Y166.173 E1993.35832
M204 S10000
G0 F9600 X196.296 Y165.749
M204 S1000
G1 F1200 X165.199 Y134.652 E1994.45535
M204 S10000
G0 F9600 X165.199 Y134.228
M204 S1000
G1 F1200 X196.296 Y165.325 E1995.55238
M204 S10000
G0 F9600 X196.325 Y164.929
M204 S1000
G1 F1200 X165.199 Y133.804 E1996.65041
M204 S10000
G0 F9600 X165.199 Y133.38
M204 S1000
G1 F1200 X196.425 Y164.605 E1997.75198
M204 S10000
G0 F9600 X196.587 Y164.343
M204 S1000
G1 F1200 X165.199 Y132.955 E1998.85928
M204 S10000
G0 F9600 X165.199 Y132.531
M204 S1000
G1 F1200 X196.762 Y164.094 E1999.97275
M204 S10000
G0 F9600 X197.029 Y163.937
M204 S1000
G1 F1200 X165.199 Y132.107 E2001.09563
M204 S10000
G0 F9600 X165.199 Y131.683
M204 S1000
G1 F1200 X197.33 Y163.813 E2002.22912
M204 S10000
G0 F9600 X197.68 Y163.739
M204 S1000
G1 F1200 X165.199 Y131.258 E2003.37498
M204 S10000
G0 F9600 X165.199 Y130.834
M204 S1000
G1 F1200 X197.866 Y163.501 E2004.5274
M204 S10000
G0 F9600 X197.866 Y163.077
M204 S1000
G1 F1200 X165.199 Y130.41 E2005.67981
M204 S10000
G0 F9600 X165.199 Y129.986
M204 S1000
G1 F1200 X197.866 Y162.652 E2006.83221
M204 S10000
G0 F9600 X197.866 Y162.228
M204 S1000
G1 F1200 X165.199 Y129.561 E2007.98463
M204 S10000
G0 F9600 X165.199 Y129.137
M204 S1000
G1 F1200 X197.866 Y161.804 E2009.13705
M204 S10000
G0 F9600 X197.866 Y161.38
M204 S1000
G1 F1200 X165.199 Y128.713 E2010.28946
M204 S10000
G0 F9600 X165.199 Y128.288
M204 S1000
G1 F1200 X197.866 Y160.955 E2011.44188
M204 S10000
G0 F9600 X197.866 Y160.531
M204 S1000
G1 F1200 X165.199 Y127.864 E2012.5943
M204 S10000
G0 F9600 X165.199 Y127.44
M204 S1000
G1 F1200 X197.866 Y160.107 E2013.74671
M204 S10000
G0 F9600 X197.866 Y159.683
M204 S1000
G1 F1200 X165.199 Y127.016 E2014.89913
M204 S10000
G0 F9600 X165.199 Y126.591
M204 S1000
G1 F1200 X197.866 Y159.258 E2016.05155
M204 S10000
G0 F9600 X197.866 Y158.834
M204 S1000
G1 F1200 X165.199 Y126.167 E2017.20396
M204 S10000
G0 F9600 X165.199 Y125.743
M204 S1000
G1 F1200 X197.866 Y158.41 E2018.35638
M204 S10000
G0 F9600 X197.866 Y157.986
M204 S1000
G1 F1200 X165.199 Y125.319 E2019.50879
M204 S10000
G0 F9600 X165.199 Y124.894
M204 S1000
G1 F1200 X197.866 Y157.561 E2020.66121
M204 S10000
G0 F9600 X197.866 Y157.137
M204 S1000
G1 F1200 X165.199 Y124.47 E2021.81363
M204 S10000
G0 F9600 X165.199 Y124.046
M204 S1000
G1 F1200 X197.866 Y156.713 E2022.96604
M204 S10000
G0 F9600 X197.866 Y156.288
M204 S1000
G1 F1200 X165.199 Y123.622 E2024.11844
M204 S10000
G0 F9600 X165.199 Y123.197
M204 S1000
G1 F1200 X197.866 Y155.864 E2025.27086
M204 S10000
G0 F9600 X197.866 Y155.44
M204 S1000
G1 F1200 X165.199 Y122.773 E2026.42328
M204 S10000
G0 F9600 X165.199 Y122.349
M204 S1000
G1 F1200 X197.866 Y155.016 E2027.57569
M204 S10000
G0 F9600 X197.866 Y154.591
M204 S1000
G1 F1200 X165.199 Y121.925 E2028.72809
M204 S10000
G0 F9600 X165.199 Y121.5
M204 S1000
G1 F1200 X197.866 Y154.167 E2029.88051
M204 S10000
G0 F9600 X197.866 Y153.743
M204 S1000
G1 F1200 X165.454 Y121.331 E2031.02393
M204 S10000
G0 F9600 X165.878 Y121.331
M204 S1000
G1 F1200 X197.866 Y153.319 E2032.15239
M204 S10000
G0 F9600 X197.866 Y152.894
M204 S1000
G1 F1200 X166.303 Y121.331 E2033.26586
M204 S10000
G0 F9600 X166.727 Y121.331
M204 S1000
G1 F1200 X197.866 Y152.47 E2034.36438
M204 S10000
G0 F9600 X197.866 Y152.046
M204 S1000
G1 F1200 X167.151 Y121.331 E2035.44793
M204 S10000
G0 F9600 X167.575 Y121.331
M204 S1000
G1 F1200 X197.866 Y151.622 E2036.51653
M204 S10000
G0 F9600 X197.866 Y151.197
M204 S1000
G1 F1200 X168 Y121.331 E2037.57013
M204 S10000
G0 F9600 X168.424 Y121.331
M204 S1000
G1 F1200 X197.866 Y150.773 E2038.60878
M204 S10000
G0 F9600 X197.866 Y150.349
M204 S1000
G1 F1200 X168.848 Y121.331 E2039.63247
M204 S10000
G0 F9600 X169.272 Y121.331
M204 S1000
G1 F1200 X197.866 Y149.925 E2040.6412
M204 S10000
G0 F9600 X197.866 Y149.5
M204 S1000
G1 F1200 X169.697 Y121.331 E2041.63493
M204 S10000
G0 F9600 X170.121 Y121.331
M204 S1000
G1 F1200 X197.866 Y149.076 E2042.61371
M204 S10000
G0 F9600 X197.866 Y148.652
M204 S1000
G1 F1200 X170.545 Y121.331 E2043.57754
M204 S10000
G0 F9600 X170.969 Y121.331
M204 S1000
G1 F1200 X197.866 Y148.227 E2044.52638
M204 S10000
G0 F9600 X197.866 Y147.803
M204 S1000
G1 F1200 X171.394 Y121.331 E2045.46025
M204 S10000
G0 F9600 X171.818 Y121.331
M204 S1000
G1 F1200 X197.866 Y147.379 E2046.37917
M204 S10000
G0 F9600 X197.866 Y146.955
M204 S1000
G1 F1200 X172.242 Y121.331 E2047.28312
M204 S10000
G0 F9600 X172.666 Y121.331
M204 S1000
G1 F1200 X197.866 Y146.53 E2048.1721
M204 S10000
G0 F9600 X197.866 Y146.106
M204 S1000
G1 F1200 X173.091 Y121.331 E2049.04611
M204 S10000
G0 F9600 X173.515 Y121.331
M204 S1000
G1 F1200 X197.866 Y145.682 E2049.90516
M204 S10000
G0 F9600 X197.866 Y145.258
M204 S1000
G1 F1200 X173.939 Y121.331 E2050.74924
M204 S10000
G0 F9600 X174.364 Y121.331
M204 S1000
G1 F1200 X197.866 Y144.833 E2051.57834
M204 S10000
G0 F9600 X197.866 Y144.409
M204 S1000
G1 F1200 X174.788 Y121.331 E2052.39248
M204 S10000
G0 F9600 X175.212 Y121.331
M204 S1000
G1 F1200 X197.866 Y143.985 E2053.19166
M204 S10000
G0 F9600 X197.866 Y143.561
M204 S1000
G1 F1200 X175.636 Y121.331 E2053.97588
M204 S10000
G0 F9600 X176.061 Y121.331
M204 S1000
G1 F1200 X197.866 Y143.136 E2054.74511
M204 S10000
G0 F9600 X197.866 Y142.712
M204 S1000
G1 F1200 X176.485 Y121.331 E2055.49939
M204 S10000
G0 F9600 X176.909 Y121.331
M204 S1000
G1 F1200 X197.866 Y142.288 E2056.2387
M204 S10000
G0 F9600 X197.866 Y141.864
M204 S1000
G1 F1200 X177.333 Y121.331 E2056.96306
M204 S10000
G0 F9600 X177.758 Y121.331
M204 S1000
G1 F1200 X197.866 Y141.439 E2057.67242
M204 S10000
G0 F9600 X197.866 Y141.015
M204 S1000
G1 F1200 X178.182 Y121.331 E2058.36683
M204 S10000
G0 F9600 X178.606 Y121.331
M204 S1000
G1 F1200 X197.866 Y140.591 E2059.04628
M204 S10000
G0 F9600 X197.866 Y140.166
M204 S1000
G1 F1200 X179.03 Y121.331 E2059.71075
M204 S10000
G0 F9600 X179.455 Y121.331
M204 S1000
G1 F1200 X197.866 Y139.742 E2060.36025
M204 S10000
G0 F9600 X197.866 Y139.318
M204 S1000
G1 F1200 X179.879 Y121.331 E2060.99479
M204 S10000
G0 F9600 X180.303 Y121.331
M204 S1000
G1 F1200 X197.866 Y138.894 E2061.61437
M204 S10000
G0 F9600 X197.866 Y138.469
M204 S1000
G1 F1200 X180.728 Y121.331 E2062.21896
M204 S10000
G0 F9600 X181.152 Y121.331
M204 S1000
G1 F1200 X197.866 Y138.045 E2062.80859
M204 S10000
G0 F9600 X197.866 Y137.621
M204 S1000
G1 F1200 X181.576 Y121.331 E2063.38327
M204 S10000
G0 F9600 X182 Y121.331
M204 S1000
G1 F1200 X197.866 Y137.197 E2063.94298
M204 S10000
G0 F9600 X197.866 Y136.772
M204 S1000
G1 F1200 X197.268 Y136.174 E2063.96408
M204 S10000
G0 F9600 X197.804 Y136.286
M204 S1000
G1 F1200 X197.866 Y136.348 E2063.96626
M204 S10000
G1 F3000 E2057.96626
G0 F9600 X198.237 Y136.348
G0 X198.165 Y135.972
G0 X196.988 Y135.578
G0 X196.732 Y135.161
G0 X196.389 Y135.295
M204 S1000
G1 F3000 E2063.96626
G1 F1200 X182.425 Y121.331 E2064.45888
M204 S10000
G0 F9600 X182.849 Y121.331
M204 S1000
G1 F1200 X196.296 Y134.778 E2064.93326
M204 S10000
G0 F9600 X196.296 Y134.353
M204 S1000
G1 F1200 X183.273 Y121.331 E2065.39267
M204 S10000
G0 F9600 X183.697 Y121.331
M204 S1000
G1 F1200 X196.296 Y133.929 E2065.83711
M204 S10000
G0 F9600 X196.296 Y133.505
M204 S1000
G1 F1200 X184.122 Y121.331 E2066.26658
M204 S10000
G0 F9600 X184.546 Y121.331
M204 S1000
G1 F1200 X196.296 Y133.081 E2066.6811
M204 S10000
G0 F9600 X196.296 Y132.656
M204 S1000
G1 F1200 X184.97 Y121.331 E2067.08063
M204 S10000
G0 F9600 X185.394 Y121.331
M204 S1000
G1 F1200 X196.296 Y132.232 E2067.46521
M204 S10000
G0 F9600 X196.296 Y131.808
M204 S1000
G1 F1200 X185.819 Y121.331 E2067.83482
M204 S10000
G0 F9600 X186.243 Y121.331
M204 S1000
G1 F1200 X196.296 Y131.383 E2068.18945
M204 S10000
G0 F9600 X196.296 Y130.959
M204 S1000
G1 F1200 X186.667 Y121.331 E2068.52912
M204 S10000
G0 F9600 X187.091 Y121.331
M204 S1000
G1 F1200 X196.296 Y130.535 E2068.85383
M204 S10000
G0 F9600 X196.296 Y130.111
M204 S1000
G1 F1200 X187.516 Y121.331 E2069.16357
M204 S10000
G0 F9600 X187.94 Y121.331
M204 S1000
G1 F1200 X196.296 Y129.686 E2069.45833
M204 S10000
G0 F9600 X196.296 Y129.262
M204 S1000
G1 F1200 X188.364 Y121.331 E2069.73814
M204 S10000
G0 F9600 X188.789 Y121.331
M204 S1000
G1 F1200 X196.296 Y128.838 E2070.00297
M204 S10000
G0 F9600 X196.296 Y128.414
M204 S1000
G1 F1200 X189.213 Y121.331 E2070.25284
M204 S10000
G0 F9600 X189.637 Y121.331
M204 S1000
G1 F1200 X196.295 Y127.989 E2070.48772
M204 S10000
G0 F9600 X196.295 Y127.564
M204 S1000
G1 F1200 X190.061 Y121.331 E2070.70762
M204 S10000
G0 F9600 X190.486 Y121.331
M204 S1000
G1 F1200 X196.295 Y127.14 E2070.91255
M204 S10000
G0 F9600 X196.295 Y126.716
M204 S1000
G1 F1200 X190.91 Y121.331 E2071.10252
M204 S10000
G0 F9600 X191.334 Y121.331
M204 S1000
G1 F1200 X196.295 Y126.292 E2071.27753
M204 S10000
G0 F9600 X196.295 Y125.867
M204 S1000
G1 F1200 X191.758 Y121.331 E2071.43757
M204 S10000
G0 F9600 X192.183 Y121.331
M204 S1000
G1 F1200 X196.295 Y125.443 E2071.58263
M204 S10000
G0 F9600 X196.295 Y125.019
M204 S1000
G1 F1200 X192.607 Y121.331 E2071.71274
M204 S10000
G0 F9600 X193.031 Y121.331
M204 S1000
G1 F1200 X196.295 Y124.595 E2071.82788
M204 S10000
G0 F9600 X196.295 Y124.17
M204 S1000
G1 F1200 X193.455 Y121.331 E2071.92805
M204 S10000
G0 F9600 X193.88 Y121.331
M204 S1000
G1 F1200 X196.295 Y123.746 E2072.01325
M204 S10000
G0 F9600 X196.295 Y123.322
M204 S1000
G1 F1200 X194.304 Y121.331 E2072.08349
M204 S10000
G0 F9600 X194.728 Y121.331
M204 S1000
G1 F1200 X196.295 Y122.897 E2072.13875
M204 S10000
G0 F9600 X196.295 Y122.473
M204 S1000
G1 F1200 X195.152 Y121.331 E2072.17905
M204 S10000
G0 F9600 X195.577 Y121.331
M204 S1000
G1 F1200 X196.295 Y122.049 E2072.20438
M204 S10000
G0 F9600 X196.295 Y121.625
M204 S1000
G1 F1200 X196.001 Y121.331 E2072.21476
M204 S10000
G0 F9600 X196.001 Y120.91
G1 F3000 E2066.21476
;MESH:NONMESH
G0 F300 X196.001 Y120.91 Z0.76
G0 F9600 X164.901 Y121.032
G0 X164.099 Y128.29
G0 X160.97 Y128.29
G0 X160.24 Y128.29
G0 X160.09 Y128.29
;TIME_ELAPSED:4581.729260
;LAYER:3
M106 S255
M204 S1000
;TYPE:WALL-INNER
;MESH:Bottom_panel_x3.stl(2)
G1 F3000 E2072.21476
G1 F1800 X160.09 Y94.71 E2073.05241
G1 X102.31 Y94.71 E2074.49374
G1 X102.31 Y128.29 E2075.3314
G1 X160.09 Y128.29 E2076.77272
M204 S10000
G0 F9600 X160.39 Y128.59
M204 S1000
G1 F1800 X160.39 Y94.41 E2077.62535
G1 X102.01 Y94.41 E2079.08164
G1 X102.01 Y128.59 E2079.93427
G1 X160.39 Y128.59 E2081.39056
M204 S10000
G0 F9600 X160.69 Y128.89
M204 S1000
G1 F1800 X160.69 Y94.11 E2082.25815
G1 X101.71 Y94.11 E2083.72941
G1 X101.71 Y128.89 E2084.597
G1 X160.69 Y128.89 E2086.06827
M204 S10000
G0 F9600 X160.94 Y129.14
M204 S1000
;TYPE:WALL-OUTER
G1 F1800 X160.94 Y93.86 E2086.94833
G1 X101.46 Y93.86 E2088.43206
G1 X101.46 Y129.14 E2089.31213
G1 X160.94 Y129.14 E2090.79586
M204 S10000
G0 F9600 X160.94 Y128.94
G0 X160.69 Y128.94
G0 X160.04 Y128.02
G0 X159.82 Y128.02
M204 S1000
;TYPE:SKIN
G1 F1200 X102.58 Y128.02 E2092.22372
G1 X102.58 Y94.98 E2093.04791
G1 X159.82 Y94.98 E2094.47576
G1 X159.82 Y128.02 E2095.29995
M204 S10000
G0 F9600 X159.668 Y127.557
M204 S1000
G1 F1200 X159.356 Y127.87 E2095.31097
M204 S10000
G0 F9600 X158.932 Y127.87
M204 S1000
G1 F1200 X159.668 Y127.133 E2095.33696
M204 S10000
G0 F9600 X159.668 Y126.709
M204 S1000
G1 F1200 X158.507 Y127.87 E2095.37791
M204 S10000
G0 F9600 X158.083 Y127.87
M204 S1000
G1 F1200 X159.668 Y126.285 E2095.43383
M204 S10000
G0 F9600 X159.668 Y125.86
M204 S1000
G1 F1200 X157.659 Y127.87 E2095.50472
M204 S10000
G0 F9600 X157.235 Y127.87
M204 S1000
G1 F1200 X159.668 Y125.436 E2095.59057
M204 S10000
G0 F9600 X159.668 Y125.012
M204 S1000
G1 F1200 X156.81 Y127.87 E2095.69139
M204 S10000
G0 F9600 X156.386 Y127.87
M204 S1000
G1 F1200 X159.668 Y124.587 E2095.80719
M204 S10000
G0 F9600 X159.668 Y124.163
M204 S1000
G1 F1200 X155.962 Y127.87 E2095.93795
M204 S10000
G0 F9600 X155.538 Y127.87
M204 S1000
G1 F1200 X159.668 Y123.739 E2096.08366
M204 S10000
G0 F9600 X159.668 Y123.315
M204 S1000
G1 F1200 X155.113 Y127.87 E2096.24435
M204 S10000
G0 F9600 X154.689 Y127.87
M204 S1000
G1 F1200 X159.668 Y122.89 E2096.42002
M204 S10000
G0 F9600 X159.668 Y122.466
M204 S1000
G1 F1200 X154.265 Y127.87 E2096.61064
M204 S10000
G0 F9600 X153.84 Y127.87
M204 S1000
G1 F1200 X159.668 Y122.042 E2096.81624
M204 S10000
G0 F9600 X159.668 Y121.618
M204 S1000
G1 F1200 X153.416 Y127.87 E2097.03679
M204 S10000
G0 F9600 X152.992 Y127.87
M204 S1000
G1 F1200 X159.668 Y121.193 E2097.27233
M204 S10000
G0 F9600 X159.668 Y120.769
M204 S1000
G1 F1200 X152.568 Y127.87 E2097.52282
M204 S10000
G0 F9600 X152.143 Y127.87
M204 S1000
G1 F1200 X159.668 Y120.345 E2097.78828
M204 S10000
G0 F9600 X159.668 Y119.921
M204 S1000
G1 F1200 X151.719 Y127.87 E2098.0687
M204 S10000
G0 F9600 X151.295 Y127.87
M204 S1000
G1 F1200 X159.668 Y119.496 E2098.3641
M204 S10000
G0 F9600 X159.668 Y119.072
M204 S1000
G1 F1200 X150.871 Y127.87 E2098.67446
M204 S10000
G0 F9600 X150.446 Y127.87
M204 S1000
G1 F1200 X159.668 Y118.648 E2098.99979
M204 S10000
G0 F9600 X159.668 Y118.224
M204 S1000
G1 F1200 X150.022 Y127.87 E2099.34008
M204 S10000
G0 F9600 X149.598 Y127.87
M204 S1000
G1 F1200 X159.668 Y117.799 E2099.69534
M204 S10000
G0 F9600 X159.668 Y117.375
M204 S1000
G1 F1200 X149.174 Y127.87 E2100.06556
M204 S10000
G0 F9600 X148.749 Y127.87
M204 S1000
G1 F1200 X159.668 Y116.951 E2100.45076
M204 S10000
G0 F9600 X159.668 Y116.526
M204 S1000
G1 F1200 X148.325 Y127.87 E2100.85093
M204 S10000
G0 F9600 X147.901 Y127.87
M204 S1000
G1 F1200 X159.668 Y116.102 E2101.26606
M204 S10000
G0 F9600 X159.668 Y115.678
M204 S1000
G1 F1200 X147.477 Y127.87 E2101.69615
M204 S10000
G0 F9600 X147.052 Y127.87
M204 S1000
G1 F1200 X159.668 Y115.254 E2102.14121
M204 S10000
G0 F9600 X159.668 Y114.829
M204 S1000
G1 F1200 X146.628 Y127.87 E2102.60125
M204 S10000
G0 F9600 X146.204 Y127.87
M204 S1000
G1 F1200 X159.668 Y114.405 E2103.07625
M204 S10000
G0 F9600 X159.668 Y113.981
M204 S1000
G1 F1200 X145.779 Y127.87 E2103.56622
M204 S10000
G0 F9600 X145.355 Y127.87
M204 S1000
G1 F1200 X159.668 Y113.557 E2104.07115
M204 S10000
G0 F9600 X159.668 Y113.132
M204 S1000
G1 F1200 X144.931 Y127.87 E2104.59106
M204 S10000
G0 F9600 X144.507 Y127.87
M204 S1000
G1 F1200 X159.668 Y112.708 E2105.12592
M204 S10000
G0 F9600 X159.668 Y112.284
M204 S1000
G1 F1200 X144.082 Y127.87 E2105.67576
M204 S10000
G0 F9600 X143.658 Y127.87
M204 S1000
G1 F1200 X159.668 Y111.86 E2106.24055
M204 S10000
G0 F9600 X159.668 Y111.435
M204 S1000
G1 F1200 X143.234 Y127.87 E2106.82032
M204 S10000
G0 F9600 X142.81 Y127.87
M204 S1000
G1 F1200 X159.668 Y111.011 E2107.41505
M204 S10000
G0 F9600 X159.668 Y110.587
M204 S1000
G1 F1200 X142.385 Y127.87 E2108.02476
M204 S10000
G0 F9600 X141.961 Y127.87
M204 S1000
G1 F1200 X159.668 Y110.162 E2108.64944
M204 S10000
G0 F9600 X159.668 Y109.738
M204 S1000
G1 F1200 X141.537 Y127.87 E2109.28908
M204 S10000
G0 F9600 X141.113 Y127.87
M204 S1000
G1 F1200 X159.668 Y109.314 E2109.94367
M204 S10000
G0 F9600 X159.668 Y108.89
M204 S1000
G1 F1200 X140.688 Y127.87 E2110.61324
M204 S10000
G0 F9600 X140.264 Y127.87
M204 S1000
G1 F1200 X159.668 Y108.465 E2111.29779
M204 S10000
G0 F9600 X159.668 Y108.041
M204 S1000
G1 F1200 X139.84 Y127.87 E2111.99729
M204 S10000
G0 F9600 X139.416 Y127.87
M204 S1000
G1 F1200 X159.668 Y107.617 E2112.71175
M204 S10000
G0 F9600 X159.668 Y107.193
M204 S1000
G1 F1200 X138.991 Y127.87 E2113.44119
M204 S10000
G0 F9600 X138.567 Y127.87
M204 S1000
G1 F1200 X159.668 Y106.768 E2114.1856
M204 S10000
G0 F9600 X159.668 Y106.344
M204 S1000
G1 F1200 X138.143 Y127.87 E2114.94497
M204 S10000
G0 F9600 X137.718 Y127.87
M204 S1000
G1 F1200 X159.668 Y105.92 E2115.71932
M204 S10000
G0 F9600 X159.668 Y105.496
M204 S1000
G1 F1200 X137.294 Y127.87 E2116.50862
M204 S10000
G0 F9600 X136.87 Y127.87
M204 S1000
G1 F1200 X159.668 Y105.071 E2117.3129
M204 S10000
G0 F9600 X159.668 Y104.647
M204 S1000
G1 F1200 X136.446 Y127.87 E2118.13214
M204 S10000
G0 F9600 X136.021 Y127.87
M204 S1000
G1 F1200 X159.668 Y104.223 E2118.96635
M204 S10000
G0 F9600 X159.668 Y103.799
M204 S1000
G1 F1200 X135.597 Y127.87 E2119.81552
M204 S10000
G0 F9600 X135.173 Y127.87
M204 S1000
G1 F1200 X159.668 Y103.374 E2120.67966
M204 S10000
G0 F9600 X159.668 Y102.95
M204 S1000
G1 F1200 X134.749 Y127.87 E2121.55877
M204 S10000
G0 F9600 X134.324 Y127.87
M204 S1000
G1 F1200 X159.668 Y102.526 E2122.45284
M204 S10000
G0 F9600 X159.668 Y102.101
M204 S1000
G1 F1200 X133.9 Y127.87 E2123.3619
M204 S10000
G0 F9600 X133.476 Y127.87
M204 S1000
G1 F1200 X159.668 Y101.677 E2124.28591
M204 S10000
G0 F9600 X159.668 Y101.253
M204 S1000
G1 F1200 X133.052 Y127.87 E2125.22488
M204 S10000
G0 F9600 X132.627 Y127.87
M204 S1000
G1 F1200 X159.668 Y100.829 E2126.17882
M204 S10000
G0 F9600 X159.668 Y100.404
M204 S1000
G1 F1200 X132.203 Y127.87 E2127.14774
M204 S10000
G0 F9600 X131.779 Y127.87
M204 S1000
G1 F1200 X159.668 Y99.98 E2128.13162
M204 S10000
G0 F9600 X159.668 Y99.556
M204 S1000
G1 F1200 X131.354 Y127.87 E2129.13047
M204 S10000
G0 F9600 X130.931 Y127.869
M204 S1000
G1 F1200 X159.668 Y99.132 E2130.14425
M204 S10000
G0 F9600 X159.668 Y98.707
M204 S1000
G1 F1200 X130.507 Y127.869 E2131.173
M204 S10000
G0 F9600 X130.082 Y127.869
M204 S1000
G1 F1200 X159.668 Y98.283 E2132.21672
M204 S10000
G0 F9600 X159.668 Y97.859
M204 S1000
G1 F1200 X129.658 Y127.869 E2133.27541
M204 S10000
G0 F9600 X129.234 Y127.869
M204 S1000
G1 F1200 X159.668 Y97.435 E2134.34905
M204 S10000
G0 F9600 X159.668 Y97.01
M204 S1000
G1 F1200 X128.81 Y127.869 E2135.43767
M204 S10000
G0 F9600 X128.385 Y127.869
M204 S1000
G1 F1200 X159.668 Y96.586 E2136.54126
M204 S10000
G0 F9600 X159.668 Y96.162
M204 S1000
G1 F1200 X127.961 Y127.869 E2137.65981
M204 S10000
G0 F9600 X127.537 Y127.869
M204 S1000
G1 F1200 X159.668 Y95.738 E2138.79332
M204 S10000
G0 F9600 X159.668 Y95.313
M204 S1000
G1 F1200 X127.113 Y127.869 E2139.9418
M204 S10000
G0 F9600 X126.688 Y127.869
M204 S1000
G1 F1200 X159.428 Y95.129 E2141.09679
M204 S10000
G0 F9600 X159.004 Y95.129
M204 S1000
G1 F1200 X126.264 Y127.869 E2142.25178
M204 S10000
G0 F9600 X125.84 Y127.869
M204 S1000
G1 F1200 X158.58 Y95.129 E2143.40677
M204 S10000
G0 F9600 X158.155 Y95.129
M204 S1000
G1 F1200 X125.415 Y127.869 E2144.56177
M204 S10000
G0 F9600 X124.991 Y127.869
M204 S1000
G1 F1200 X157.731 Y95.129 E2145.71676
M204 S10000
G0 F9600 X157.307 Y95.129
M204 S1000
G1 F1200 X124.567 Y127.869 E2146.87175
M204 S10000
G0 F9600 X124.143 Y127.869
M204 S1000
G1 F1200 X156.882 Y95.129 E2148.02672
M204 S10000
G0 F9600 X156.458 Y95.129
M204 S1000
G1 F1200 X123.718 Y127.869 E2149.18172
M204 S10000
G0 F9600 X123.294 Y127.869
M204 S1000
G1 F1200 X156.034 Y95.129 E2150.33671
M204 S10000
G0 F9600 X155.61 Y95.129
M204 S1000
G1 F1200 X122.87 Y127.869 E2151.4917
M204 S10000
G0 F9600 X122.446 Y127.869
M204 S1000
G1 F1200 X155.185 Y95.129 E2152.64667
M204 S10000
G0 F9600 X154.761 Y95.129
M204 S1000
G1 F1200 X122.021 Y127.869 E2153.80167
M204 S10000
G0 F9600 X121.597 Y127.869
M204 S1000
G1 F1200 X154.337 Y95.129 E2154.95666
M204 S10000
G0 F9600 X153.913 Y95.129
M204 S1000
G1 F1200 X121.173 Y127.869 E2156.11165
M204 S10000
G0 F9600 X120.749 Y127.869
M204 S1000
G1 F1200 X153.488 Y95.129 E2157.26662
M204 S10000
G0 F9600 X153.064 Y95.129
M204 S1000
G1 F1200 X120.324 Y127.869 E2158.42162
M204 S10000
G0 F9600 X119.9 Y127.869
M204 S1000
G1 F1200 X152.64 Y95.129 E2159.57661
M204 S10000
G0 F9600 X152.216 Y95.129
M204 S1000
G1 F1200 X119.476 Y127.869 E2160.7316
M204 S10000
G0 F9600 X119.052 Y127.869
M204 S1000
G1 F1200 X151.791 Y95.129 E2161.88657
M204 S10000
G0 F9600 X151.367 Y95.129
M204 S1000
G1 F1200 X118.627 Y127.869 E2163.04157
M204 S10000
G0 F9600 X118.203 Y127.869
M204 S1000
G1 F1200 X150.943 Y95.129 E2164.19656
M204 S10000
G0 F9600 X150.518 Y95.129
M204 S1000
G1 F1200 X117.779 Y127.869 E2165.35153
M204 S10000
G0 F9600 X117.354 Y127.869
M204 S1000
G1 F1200 X150.094 Y95.129 E2166.50652
M204 S10000
G0 F9600 X149.67 Y95.129
M204 S1000
G1 F1200 X116.93 Y127.869 E2167.66152
M204 S10000
G0 F9600 X116.506 Y127.869
M204 S1000
G1 F1200 X149.246 Y95.129 E2168.81651
M204 S10000
G0 F9600 X148.821 Y95.129
M204 S1000
G1 F1200 X116.082 Y127.869 E2169.97148
M204 S10000
G0 F9600 X115.657 Y127.869
M204 S1000
G1 F1200 X148.397 Y95.129 E2171.12647
M204 S10000
G0 F9600 X147.973 Y95.129
M204 S1000
G1 F1200 X115.233 Y127.869 E2172.28147
M204 S10000
G0 F9600 X114.809 Y127.869
M204 S1000
G1 F1200 X147.549 Y95.129 E2173.43646
M204 S10000
G0 F9600 X147.124 Y95.129
M204 S1000
G1 F1200 X114.385 Y127.869 E2174.59143
M204 S10000
G0 F9600 X113.96 Y127.869
M204 S1000
G1 F1200 X146.7 Y95.129 E2175.74642
M204 S10000
G0 F9600 X146.276 Y95.129
M204 S1000
G1 F1200 X113.536 Y127.869 E2176.90142
M204 S10000
G0 F9600 X113.112 Y127.869
M204 S1000
G1 F1200 X145.852 Y95.129 E2178.05641
M204 S10000
G0 F9600 X145.427 Y95.129
M204 S1000
G1 F1200 X112.688 Y127.869 E2179.21138
M204 S10000
G0 F9600 X112.263 Y127.869
M204 S1000
G1 F1200 X145.003 Y95.129 E2180.36637
M204 S10000
G0 F9600 X144.579 Y95.129
M204 S1000
G1 F1200 X111.839 Y127.869 E2181.52137
M204 S10000
G0 F9600 X111.415 Y127.869
M204 S1000
G1 F1200 X144.155 Y95.129 E2182.67636
M204 S10000
G0 F9600 X143.73 Y95.129
M204 S1000
G1 F1200 X110.991 Y127.869 E2183.83133
M204 S10000
G0 F9600 X110.566 Y127.869
M204 S1000
G1 F1200 X143.306 Y95.129 E2184.98632
M204 S10000
G0 F9600 X142.882 Y95.129
M204 S1000
G1 F1200 X110.142 Y127.869 E2186.14132
M204 S10000
G0 F9600 X109.718 Y127.869
M204 S1000
G1 F1200 X142.457 Y95.129 E2187.29629
M204 S10000
G0 F9600 X142.033 Y95.129
M204 S1000
G1 F1200 X109.293 Y127.869 E2188.45128
M204 S10000
G0 F9600 X108.869 Y127.869
M204 S1000
G1 F1200 X141.609 Y95.129 E2189.60627
M204 S10000
G0 F9600 X141.185 Y95.129
M204 S1000
G1 F1200 X108.445 Y127.869 E2190.76127
M204 S10000
G0 F9600 X108.021 Y127.869
M204 S1000
G1 F1200 X140.76 Y95.129 E2191.91624
M204 S10000
G0 F9600 X140.336 Y95.129
M204 S1000
G1 F1200 X107.596 Y127.869 E2193.07123
M204 S10000
G0 F9600 X107.172 Y127.869
M204 S1000
G1 F1200 X139.912 Y95.129 E2194.22622
M204 S10000
G0 F9600 X139.488 Y95.129
M204 S1000
G1 F1200 X106.748 Y127.869 E2195.38122
M204 S10000
G0 F9600 X106.324 Y127.869
M204 S1000
G1 F1200 X139.063 Y95.129 E2196.53619
M204 S10000
G0 F9600 X138.639 Y95.129
M204 S1000
G1 F1200 X105.899 Y127.869 E2197.69118
M204 S10000
G0 F9600 X105.475 Y127.869
M204 S1000
G1 F1200 X138.215 Y95.129 E2198.84617
M204 S10000
G0 F9600 X137.791 Y95.129
M204 S1000
G1 F1200 X105.051 Y127.869 E2200.00117
M204 S10000
G0 F9600 X104.627 Y127.869
M204 S1000
G1 F1200 X137.366 Y95.129 E2201.15614
M204 S10000
G0 F9600 X136.942 Y95.129
M204 S1000
G1 F1200 X104.202 Y127.869 E2202.31113
M204 S10000
G0 F9600 X103.778 Y127.869
M204 S1000
G1 F1200 X136.518 Y95.129 E2203.46612
M204 S10000
G0 F9600 X136.094 Y95.129
M204 S1000
G1 F1200 X103.354 Y127.869 E2204.62112
M204 S10000
G0 F9600 X102.929 Y127.869
M204 S1000
G1 F1200 X135.669 Y95.129 E2205.77611
M204 S10000
G0 F9600 X135.245 Y95.129
M204 S1000
G1 F1200 X102.729 Y127.645 E2206.9232
M204 S10000
G0 F9600 X102.729 Y127.221
M204 S1000
G1 F1200 X134.821 Y95.129 E2208.05533
M204 S10000
G0 F9600 X134.396 Y95.129
M204 S1000
G1 F1200 X102.729 Y126.796 E2209.17247
M204 S10000
G0 F9600 X102.729 Y126.372
M204 S1000
G1 F1200 X133.972 Y95.129 E2210.27465
M204 S10000
G0 F9600 X133.548 Y95.129
M204 S1000
G1 F1200 X102.729 Y125.948 E2211.36187
M204 S10000
G0 F9600 X102.729 Y125.524
M204 S1000
G1 F1200 X133.124 Y95.129 E2212.43414
M204 S10000
G0 F9600 X132.699 Y95.129
M204 S1000
G1 F1200 X102.729 Y125.099 E2213.49141
M204 S10000
G0 F9600 X102.729 Y124.675
M204 S1000
G1 F1200 X132.275 Y95.129 E2214.53373
M204 S10000
G0 F9600 X131.851 Y95.129
M204 S1000
G1 F1200 X102.729 Y124.251 E2215.56108
M204 S10000
G0 F9600 X102.729 Y123.827
M204 S1000
G1 F1200 X131.427 Y95.129 E2216.57348
M204 S10000
G0 F9600 X131.002 Y95.129
M204 S1000
G1 F1200 X102.729 Y123.402 E2217.57089
M204 S10000
G0 F9600 X102.729 Y122.978
M204 S1000
G1 F1200 X130.578 Y95.129 E2218.55334
M204 S10000
G0 F9600 X130.154 Y95.129
M204 S1000
G1 F1200 X102.729 Y122.554 E2219.52083
M204 S10000
G0 F9600 X102.729 Y122.13
M204 S1000
G1 F1200 X129.73 Y95.129 E2220.47336
M204 S10000
G0 F9600 X129.305 Y95.129
M204 S1000
G1 F1200 X102.729 Y121.705 E2221.4109
M204 S10000
G0 F9600 X102.729 Y121.281
M204 S1000
G1 F1200 X128.881 Y95.129 E2222.33349
M204 S10000
G0 F9600 X128.457 Y95.129
M204 S1000
G1 F1200 X102.729 Y120.857 E2223.24111
M204 S10000
G0 F9600 X102.729 Y120.433
M204 S1000
G1 F1200 X128.032 Y95.129 E2224.13376
M204 S10000
G0 F9600 X127.608 Y95.129
M204 S1000
G1 F1200 X102.729 Y120.008 E2225.01143
M204 S10000
G0 F9600 X102.729 Y119.584
M204 S1000
G1 F1200 X127.184 Y95.129 E2225.87415
M204 S10000
G0 F9600 X126.76 Y95.129
M204 S1000
G1 F1200 X102.729 Y119.16 E2226.72191
M204 S10000
G0 F9600 X102.729 Y118.735
M204 S1000
G1 F1200 X126.335 Y95.129 E2227.55467
M204 S10000
G0 F9600 X125.911 Y95.129
M204 S1000
G1 F1200 X102.729 Y118.311 E2228.37248
M204 S10000
G0 F9600 X102.729 Y117.887
M204 S1000
G1 F1200 X125.487 Y95.129 E2229.17533
M204 S10000
G0 F9600 X125.063 Y95.129
M204 S1000
G1 F1200 X102.729 Y117.463 E2229.96322
M204 S10000
G0 F9600 X102.729 Y117.038
M204 S1000
G1 F1200 X124.638 Y95.129 E2230.73612
M204 S10000
G0 F9600 X124.214 Y95.129
M204 S1000
G1 F1200 X102.729 Y116.614 E2231.49406
M204 S10000
G0 F9600 X102.729 Y116.19
M204 S1000
G1 F1200 X123.79 Y95.129 E2232.23705
M204 S10000
G0 F9600 X123.366 Y95.129
M204 S1000
G1 F1200 X102.729 Y115.766 E2232.96507
M204 S10000
G0 F9600 X102.729 Y115.341
M204 S1000
G1 F1200 X122.941 Y95.129 E2233.67811
M204 S10000
G0 F9600 X122.517 Y95.129
M204 S1000
G1 F1200 X102.729 Y114.917 E2234.37618
M204 S10000
G0 F9600 X102.729 Y114.493
M204 S1000
G1 F1200 X122.093 Y95.129 E2235.0593
M204 S10000
G0 F9600 X121.669 Y95.129
M204 S1000
G1 F1200 X102.729 Y114.069 E2235.72746
M204 S10000
G0 F9600 X102.729 Y113.644
M204 S1000
G1 F1200 X121.244 Y95.129 E2236.38063
M204 S10000
G0 F9600 X120.82 Y95.129
M204 S1000
G1 F1200 X102.729 Y113.22 E2237.01883
M204 S10000
G0 F9600 X102.729 Y112.796
M204 S1000
G1 F1200 X120.396 Y95.129 E2237.64209
M204 S10000
G0 F9600 X119.971 Y95.129
M204 S1000
G1 F1200 X102.729 Y112.371 E2238.25034
M204 S10000
G0 F9600 X102.729 Y111.947
M204 S1000
G1 F1200 X119.547 Y95.129 E2238.84364
M204 S10000
G0 F9600 X119.123 Y95.129
M204 S1000
G1 F1200 X102.729 Y111.523 E2239.42199
M204 S10000
G0 F9600 X102.729 Y111.099
M204 S1000
G1 F1200 X118.699 Y95.129 E2239.98537
M204 S10000
G0 F9600 X118.274 Y95.129
M204 S1000
G1 F1200 X102.729 Y110.674 E2240.53376
M204 S10000
G0 F9600 X102.729 Y110.25
M204 S1000
G1 F1200 X117.85 Y95.129 E2241.0672
M204 S10000
G0 F9600 X117.426 Y95.129
M204 S1000
G1 F1200 X102.729 Y109.826 E2241.58567
M204 S10000
G0 F9600 X102.729 Y109.402
M204 S1000
G1 F1200 X117.002 Y95.129 E2242.08919
M204 S10000
G0 F9600 X116.577 Y95.129
M204 S1000
G1 F1200 X102.729 Y108.977 E2242.57772
M204 S10000
G0 F9600 X102.729 Y108.553
M204 S1000
G1 F1200 X116.153 Y95.129 E2243.05129
M204 S10000
G0 F9600 X115.729 Y95.129
M204 S1000
G1 F1200 X102.729 Y108.129 E2243.5099
M204 S10000
G0 F9600 X102.729 Y107.705
M204 S1000
G1 F1200 X115.305 Y95.129 E2243.95355
M204 S10000
G0 F9600 X114.88 Y95.129
M204 S1000
G1 F1200 X102.729 Y107.28 E2244.38221
M204 S10000
G0 F9600 X102.729 Y106.856
M204 S1000
G1 F1200 X114.456 Y95.129 E2244.79591
M204 S10000
G0 F9600 X114.032 Y95.129
M204 S1000
G1 F1200 X102.729 Y106.432 E2245.19465
M204 S10000
G0 F9600 X102.729 Y106.008
M204 S1000
G1 F1200 X113.608 Y95.129 E2245.57844
M204 S10000
G0 F9600 X113.183 Y95.129
M204 S1000
G1 F1200 X102.729 Y105.583 E2245.94723
M204 S10000
G0 F9600 X102.729 Y105.159
M204 S1000
G1 F1200 X112.759 Y95.129 E2246.30107
M204 S10000
G0 F9600 X112.335 Y95.129
M204 S1000
G1 F1200 X102.729 Y104.735 E2246.63994
M204 S10000
G0 F9600 X102.729 Y104.31
M204 S1000
G1 F1200 X111.91 Y95.129 E2246.96383
M204 S10000
G0 F9600 X111.486 Y95.129
M204 S1000
G1 F1200 X102.729 Y103.886 E2247.27276
M204 S10000
G0 F9600 X102.729 Y103.462
M204 S1000
G1 F1200 X111.062 Y95.129 E2247.56673
M204 S10000
G0 F9600 X110.638 Y95.129
M204 S1000
G1 F1200 X102.729 Y103.038 E2247.84574
M204 S10000
G0 F9600 X102.729 Y102.613
M204 S1000
G1 F1200 X110.213 Y95.129 E2248.10976
M204 S10000
G0 F9600 X109.789 Y95.129
M204 S1000
G1 F1200 X102.729 Y102.189 E2248.35882
M204 S10000
G0 F9600 X102.729 Y101.765
M204 S1000
G1 F1200 X109.365 Y95.129 E2248.59292
M204 S10000
G0 F9600 X108.941 Y95.129
M204 S1000
G1 F1200 X102.729 Y101.341 E2248.81206
M204 S10000
G0 F9600 X102.729 Y100.916
M204 S1000
G1 F1200 X108.516 Y95.129 E2249.01622
M204 S10000
G0 F9600 X108.092 Y95.129
M204 S1000
G1 F1200 X102.729 Y100.492 E2249.20541
M204 S10000
G0 F9600 X102.729 Y100.068
M204 S1000
G1 F1200 X107.668 Y95.129 E2249.37965
M204 S10000
G0 F9600 X107.244 Y95.129
M204 S1000
G1 F1200 X102.729 Y99.644 E2249.53893
M204 S10000
G0 F9600 X102.729 Y99.219
M204 S1000
G1 F1200 X106.819 Y95.129 E2249.68321
M204 S10000
G0 F9600 X106.395 Y95.129
M204 S1000
G1 F1200 X102.729 Y98.795 E2249.81254
M204 S10000
G0 F9600 X102.729 Y98.371
M204 S1000
G1 F1200 X105.971 Y95.129 E2249.92691
M204 S10000
G0 F9600 X105.547 Y95.129
M204 S1000
G1 F1200 X102.729 Y97.947 E2250.02632
M204 S10000
G0 F9600 X102.729 Y97.522
M204 S1000
G1 F1200 X105.122 Y95.129 E2250.11074
M204 S10000
G0 F9600 X104.698 Y95.129
M204 S1000
G1 F1200 X102.729 Y97.098 E2250.1802
M204 S10000
G0 F9600 X102.729 Y96.674
M204 S1000
G1 F1200 X104.274 Y95.129 E2250.23471
M204 S10000
G0 F9600 X103.849 Y95.129
M204 S1000
G1 F1200 X102.729 Y96.249 E2250.27422
M204 S10000
G0 F9600 X102.729 Y95.825
M204 S1000
G1 F1200 X103.425 Y95.129 E2250.29877
M204 S10000
G0 F9600 X103.001 Y95.129
M204 S1000
G1 F1200 X102.729 Y95.401 E2250.30837
M204 S10000
G0 F9600 X102.31 Y95.401
G1 F3000 E2244.30837
;MESH:Bottom_panel_x3.stl
G0 F9600 X102.432 Y128.168
G0 X160.09 Y128.97
G0 X160.09 Y132.53
G0 X160.09 Y166.79
M204 S1000
;TYPE:WALL-INNER
G1 F3000 E2250.30837
G1 F1800 X160.09 Y133.21 E2251.14602
G1 X102.31 Y133.21 E2252.58735
G1 X102.31 Y166.79 E2253.42501
G1 X160.09 Y166.79 E2254.86634
M204 S10000
G0 F9600 X160.39 Y167.09
M204 S1000
G1 F1800 X160.39 Y132.91 E2255.71896
G1 X102.01 Y132.91 E2257.17525
G1 X102.01 Y167.09 E2258.02788
G1 X160.39 Y167.09 E2259.48417
M204 S10000
G0 F9600 X160.69 Y167.39
M204 S1000
G1 F1800 X160.69 Y132.61 E2260.35176
G1 X101.71 Y132.61 E2261.82303
G1 X101.71 Y167.39 E2262.69062
G1 X160.69 Y167.39 E2264.16188
M204 S10000
G0 F9600 X160.94 Y167.64
M204 S1000
;TYPE:WALL-OUTER
G1 F1800 X160.94 Y132.36 E2265.04194
G1 X101.46 Y132.36 E2266.52568
G1 X101.46 Y167.64 E2267.40574
G1 X160.94 Y167.64 E2268.88947
M204 S10000
G0 F9600 X160.94 Y167.44
G0 X160.69 Y167.44
G0 X160.04 Y166.52
G0 X159.82 Y166.52
M204 S1000
;TYPE:SKIN
G1 F1200 X102.58 Y166.52 E2270.31733
G1 X102.58 Y133.48 E2271.14152
G1 X159.82 Y133.48 E2272.56938
G1 X159.82 Y166.52 E2273.39356
M204 S10000
G0 F9600 X159.465 Y166.369
M204 S1000
G1 F1200 X159.669 Y166.165 E2273.40076
M204 S10000
G0 F9600 X159.669 Y165.74
M204 S1000
G1 F1200 X159.041 Y166.369 E2273.42293
M204 S10000
G0 F9600 X158.616 Y166.369
M204 S1000
G1 F1200 X159.669 Y165.316 E2273.46008
M204 S10000
G0 F9600 X159.669 Y164.892
M204 S1000
G1 F1200 X158.192 Y166.369 E2273.51218
M204 S10000
G0 F9600 X157.768 Y166.369
M204 S1000
G1 F1200 X159.669 Y164.468 E2273.57925
M204 S10000
G0 F9600 X159.669 Y164.043
M204 S1000
G1 F1200 X157.343 Y166.369 E2273.6613
M204 S10000
G0 F9600 X156.919 Y166.369
M204 S1000
G1 F1200 X159.669 Y163.619 E2273.75832
M204 S10000
G0 F9600 X159.669 Y163.195
M204 S1000
G1 F1200 X156.495 Y166.369 E2273.87029
M204 S10000
G0 F9600 X156.071 Y166.369
M204 S1000
G1 F1200 X159.669 Y162.771 E2273.99722
M204 S10000
G0 F9600 X159.669 Y162.346
M204 S1000
G1 F1200 X155.646 Y166.369 E2274.13914
M204 S10000
G0 F9600 X155.222 Y166.369
M204 S1000
G1 F1200 X159.669 Y161.922 E2274.29602
M204 S10000
G0 F9600 X159.669 Y161.498
M204 S1000
G1 F1200 X154.798 Y166.369 E2274.46786
M204 S10000
G0 F9600 X154.374 Y166.369
M204 S1000
G1 F1200 X159.669 Y161.073 E2274.65467
M204 S10000
G0 F9600 X159.669 Y160.649
M204 S1000
G1 F1200 X153.949 Y166.369 E2274.85646
M204 S10000
G0 F9600 X153.525 Y166.369
M204 S1000
G1 F1200 X159.669 Y160.225 E2275.0732
M204 S10000
G0 F9600 X159.669 Y159.801
M204 S1000
G1 F1200 X153.101 Y166.369 E2275.30491
M204 S10000
G0 F9600 X152.677 Y166.369
M204 S1000
G1 F1200 X159.669 Y159.376 E2275.55159
M204 S10000
G0 F9600 X159.669 Y158.952
M204 S1000
G1 F1200 X152.252 Y166.369 E2275.81324
M204 S10000
G0 F9600 X151.828 Y166.369
M204 S1000
G1 F1200 X159.669 Y158.528 E2276.08985
M204 S10000
G0 F9600 X159.669 Y158.104
M204 S1000
G1 F1200 X151.404 Y166.369 E2276.38142
M204 S10000
G0 F9600 X150.98 Y166.369
M204 S1000
G1 F1200 X159.669 Y157.679 E2276.68797
M204 S10000
G0 F9600 X159.669 Y157.255
M204 S1000
G1 F1200 X150.555 Y166.369 E2277.00949
M204 S10000
G0 F9600 X150.131 Y166.369
M204 S1000
G1 F1200 X159.669 Y156.831 E2277.34597
M204 S10000
G0 F9600 X159.669 Y156.407
M204 S1000
G1 F1200 X149.707 Y166.369 E2277.69741
M204 S10000
G0 F9600 X149.282 Y166.369
M204 S1000
G1 F1200 X159.669 Y155.982 E2278.06384
M204 S10000
G0 F9600 X159.669 Y155.558
M204 S1000
G1 F1200 X148.858 Y166.369 E2278.44522
M204 S10000
G0 F9600 X148.434 Y166.369
M204 S1000
G1 F1200 X159.669 Y155.134 E2278.84157
M204 S10000
G0 F9600 X159.669 Y154.71
M204 S1000
G1 F1200 X148.01 Y166.369 E2279.25287
M204 S10000
G0 F9600 X147.585 Y166.369
M204 S1000
G1 F1200 X159.669 Y154.285 E2279.67917
M204 S10000
G0 F9600 X159.669 Y153.861
M204 S1000
G1 F1200 X147.161 Y166.369 E2280.12042
M204 S10000
G0 F9600 X146.737 Y166.369
M204 S1000
G1 F1200 X159.669 Y153.437 E2280.57663
M204 S10000
G0 F9600 X159.669 Y153.012
M204 S1000
G1 F1200 X146.313 Y166.369 E2281.04782
M204 S10000
G0 F9600 X145.888 Y166.369
M204 S1000
G1 F1200 X159.669 Y152.588 E2281.53398
M204 S10000
G0 F9600 X159.669 Y152.164
M204 S1000
G1 F1200 X145.464 Y166.369 E2282.0351
M204 S10000
G0 F9600 X145.04 Y166.369
M204 S1000
G1 F1200 X159.669 Y151.74 E2282.55118
M204 S10000
G0 F9600 X159.669 Y151.315
M204 S1000
G1 F1200 X144.616 Y166.369 E2283.08223
M204 S10000
G0 F9600 X144.191 Y166.369
M204 S1000
G1 F1200 X159.669 Y150.891 E2283.62826
M204 S10000
G0 F9600 X159.669 Y150.467
M204 S1000
G1 F1200 X143.767 Y166.369 E2284.18924
M204 S10000
G0 F9600 X143.343 Y166.369
M204 S1000
G1 F1200 X159.669 Y150.043 E2284.76519
M204 S10000
G0 F9600 X159.669 Y149.618
M204 S1000
G1 F1200 X142.919 Y166.369 E2285.35611
M204 S10000
G0 F9600 X142.494 Y166.369
M204 S1000
G1 F1200 X159.669 Y149.194 E2285.962
M204 S10000
G0 F9600 X159.669 Y148.77
M204 S1000
G1 F1200 X142.07 Y166.369 E2286.58285
M204 S10000
G0 F9600 X141.646 Y166.369
M204 S1000
G1 F1200 X159.669 Y148.346 E2287.21866
M204 S10000
G0 F9600 X159.669 Y147.921
M204 S1000
G1 F1200 X141.221 Y166.369 E2287.86947
M204 S10000
G0 F9600 X140.797 Y166.369
M204 S1000
G1 F1200 X159.669 Y147.497 E2288.53523
M204 S10000
G0 F9600 X159.669 Y147.073
M204 S1000
G1 F1200 X140.373 Y166.369 E2289.21595
M204 S10000
G0 F9600 X139.949 Y166.369
M204 S1000
G1 F1200 X159.669 Y146.648 E2289.91164
M204 S10000
G0 F9600 X159.669 Y146.224
M204 S1000
G1 F1200 X139.524 Y166.369 E2290.62231
M204 S10000
G0 F9600 X139.1 Y166.369
M204 S1000
G1 F1200 X159.669 Y145.8 E2291.34794
M204 S10000
G0 F9600 X159.669 Y145.376
M204 S1000
G1 F1200 X138.676 Y166.369 E2292.08852
M204 S10000
G0 F9600 X138.252 Y166.369
M204 S1000
G1 F1200 X159.669 Y144.951 E2292.84408
M204 S10000
G0 F9600 X159.669 Y144.527
M204 S1000
G1 F1200 X137.827 Y166.369 E2293.61462
M204 S10000
G0 F9600 X137.403 Y166.369
M204 S1000
G1 F1200 X159.669 Y144.103 E2294.40011
M204 S10000
G0 F9600 X159.669 Y143.679
M204 S1000
G1 F1200 X136.979 Y166.369 E2295.20056
M204 S10000
G0 F9600 X136.555 Y166.369
M204 S1000
G1 F1200 X159.669 Y143.254 E2296.01599
M204 S10000
G0 F9600 X159.669 Y142.83
M204 S1000
G1 F1200 X136.13 Y166.369 E2296.84639
M204 S10000
G0 F9600 X135.706 Y166.369
M204 S1000
G1 F1200 X159.669 Y142.406 E2297.69175
M204 S10000
G0 F9600 X159.669 Y141.982
M204 S1000
G1 F1200 X135.282 Y166.369 E2298.55207
M204 S10000
G0 F9600 X134.857 Y166.369
M204 S1000
G1 F1200 X159.669 Y141.557 E2299.42738
M204 S10000
G0 F9600 X159.669 Y141.133
M204 S1000
G1 F1200 X134.433 Y166.369 E2300.31764
M204 S10000
G0 F9600 X134.009 Y166.369
M204 S1000
G1 F1200 X159.669 Y140.709 E2301.22287
M204 S10000
G0 F9600 X159.669 Y140.285
M204 S1000
G1 F1200 X133.585 Y166.369 E2302.14305
M204 S10000
G0 F9600 X133.16 Y166.369
M204 S1000
G1 F1200 X159.669 Y139.86 E2303.07823
M204 S10000
G0 F9600 X159.669 Y139.436
M204 S1000
G1 F1200 X132.736 Y166.369 E2304.02836
M204 S10000
G0 F9600 X132.312 Y166.369
M204 S1000
G1 F1200 X159.669 Y139.012 E2304.99346
M204 S10000
G0 F9600 X159.669 Y138.587
M204 S1000
G1 F1200 X131.888 Y166.369 E2305.97352
M204 S10000
G0 F9600 X131.463 Y166.369
M204 S1000
G1 F1200 X159.669 Y138.163 E2306.96857
M204 S10000
G0 F9600 X159.669 Y137.739
M204 S1000
G1 F1200 X131.039 Y166.369 E2307.97857
M204 S10000
G0 F9600 X130.615 Y166.369
M204 S1000
G1 F1200 X159.669 Y137.315 E2309.00353
M204 S10000
G0 F9600 X159.669 Y136.89
M204 S1000
G1 F1200 X130.191 Y166.369 E2310.04346
M204 S10000
G0 F9600 X129.766 Y166.369
M204 S1000
G1 F1200 X159.669 Y136.466 E2311.09837
M204 S10000
G0 F9600 X159.669 Y136.042
M204 S1000
G1 F1200 X129.342 Y166.369 E2312.16823
M204 S10000
G0 F9600 X128.918 Y166.369
M204 S1000
G1 F1200 X159.669 Y135.618 E2313.25306
M204 S10000
G0 F9600 X159.669 Y135.193
M204 S1000
G1 F1200 X128.494 Y166.369 E2314.35286
M204 S10000
G0 F9600 X128.069 Y166.369
M204 S1000
G1 F1200 X159.669 Y134.769 E2315.46763
M204 S10000
G0 F9600 X159.669 Y134.345
M204 S1000
G1 F1200 X127.645 Y166.369 E2316.59737
M204 S10000
G0 F9600 X127.221 Y166.369
M204 S1000
G1 F1200 X159.669 Y133.921 E2317.74206
M204 S10000
G0 F9600 X159.537 Y133.629
M204 S1000
G1 F1200 X126.796 Y166.369 E2318.89707
M204 S10000
G0 F9600 X126.372 Y166.369
M204 S1000
G1 F1200 X159.113 Y133.629 E2320.05208
M204 S10000
G0 F9600 X158.688 Y133.629
M204 S1000
G1 F1200 X125.948 Y166.369 E2321.20707
M204 S10000
G0 F9600 X125.524 Y166.369
M204 S1000
G1 F1200 X158.264 Y133.629 E2322.36206
M204 S10000
G0 F9600 X157.84 Y133.629
M204 S1000
G1 F1200 X125.099 Y166.369 E2323.51707
M204 S10000
G0 F9600 X124.675 Y166.369
M204 S1000
G1 F1200 X157.416 Y133.629 E2324.67208
M204 S10000
G0 F9600 X156.991 Y133.629
M204 S1000
G1 F1200 X124.251 Y166.369 E2325.82707
M204 S10000
G0 F9600 X123.827 Y166.369
M204 S1000
G1 F1200 X156.567 Y133.629 E2326.98206
M204 S10000
G0 F9600 X156.143 Y133.629
M204 S1000
G1 F1200 X123.402 Y166.369 E2328.13707
M204 S10000
G0 F9600 X122.978 Y166.369
M204 S1000
G1 F1200 X155.719 Y133.629 E2329.29208
M204 S10000
G0 F9600 X155.294 Y133.629
M204 S1000
G1 F1200 X122.554 Y166.369 E2330.44708
M204 S10000
G0 F9600 X122.13 Y166.369
M204 S1000
G1 F1200 X154.87 Y133.629 E2331.60207
M204 S10000
G0 F9600 X154.446 Y133.629
M204 S1000
G1 F1200 X121.705 Y166.369 E2332.75708
M204 S10000
G0 F9600 X121.281 Y166.369
M204 S1000
G1 F1200 X154.021 Y133.629 E2333.91207
M204 S10000
G0 F9600 X153.597 Y133.629
M204 S1000
G1 F1200 X120.857 Y166.369 E2335.06706
M204 S10000
G0 F9600 X120.433 Y166.369
M204 S1000
G1 F1200 X153.173 Y133.629 E2336.22205
M204 S10000
G0 F9600 X152.749 Y133.629
M204 S1000
G1 F1200 X120.008 Y166.369 E2337.37706
M204 S10000
G0 F9600 X119.584 Y166.369
M204 S1000
G1 F1200 X152.324 Y133.629 E2338.53205
M204 S10000
G0 F9600 X151.9 Y133.629
M204 S1000
G1 F1200 X119.16 Y166.369 E2339.68705
M204 S10000
G0 F9600 X118.735 Y166.369
M204 S1000
G1 F1200 X151.476 Y133.629 E2340.84206
M204 S10000
G0 F9600 X151.052 Y133.629
M204 S1000
G1 F1200 X118.311 Y166.369 E2341.99707
M204 S10000
G0 F9600 X117.887 Y166.369
M204 S1000
G1 F1200 X150.627 Y133.629 E2343.15206
M204 S10000
G0 F9600 X150.203 Y133.629
M204 S1000
G1 F1200 X117.463 Y166.369 E2344.30705
M204 S10000
G0 F9600 X117.038 Y166.369
M204 S1000
G1 F1200 X149.779 Y133.629 E2345.46206
M204 S10000
G0 F9600 X149.355 Y133.629
M204 S1000
G1 F1200 X116.614 Y166.369 E2346.61707
M204 S10000
G0 F9600 X116.19 Y166.369
M204 S1000
G1 F1200 X148.93 Y133.629 E2347.77206
M204 S10000
G0 F9600 X148.506 Y133.629
M204 S1000
G1 F1200 X115.766 Y166.369 E2348.92705
M204 S10000
G0 F9600 X115.341 Y166.369
M204 S1000
G1 F1200 X148.082 Y133.629 E2350.08206
M204 S10000
G0 F9600 X147.658 Y133.629
M204 S1000
G1 F1200 X114.917 Y166.369 E2351.23707
M204 S10000
G0 F9600 X114.493 Y166.369
M204 S1000
G1 F1200 X147.233 Y133.629 E2352.39206
M204 S10000
G0 F9600 X146.809 Y133.629
M204 S1000
G1 F1200 X114.069 Y166.369 E2353.54706
M204 S10000
G0 F9600 X113.644 Y166.369
M204 S1000
G1 F1200 X146.385 Y133.629 E2354.70206
M204 S10000
G0 F9600 X145.96 Y133.629
M204 S1000
G1 F1200 X113.22 Y166.369 E2355.85706
M204 S10000
G0 F9600 X112.796 Y166.369
M204 S1000
G1 F1200 X145.536 Y133.629 E2357.01205
M204 S10000
G0 F9600 X145.112 Y133.629
M204 S1000
G1 F1200 X112.371 Y166.369 E2358.16706
M204 S10000
G0 F9600 X111.947 Y166.369
M204 S1000
G1 F1200 X144.688 Y133.629 E2359.32207
M204 S10000
G0 F9600 X144.263 Y133.629
M204 S1000
G1 F1200 X111.523 Y166.369 E2360.47706
M204 S10000
G0 F9600 X111.099 Y166.369
M204 S1000
G1 F1200 X143.839 Y133.629 E2361.63205
M204 S10000
G0 F9600 X143.415 Y133.629
M204 S1000
G1 F1200 X110.674 Y166.369 E2362.78706
M204 S10000
G0 F9600 X110.25 Y166.369
M204 S1000
G1 F1200 X142.991 Y133.629 E2363.94207
M204 S10000
G0 F9600 X142.566 Y133.629
M204 S1000
G1 F1200 X109.826 Y166.369 E2365.09706
M204 S10000
G0 F9600 X109.402 Y166.369
M204 S1000
G1 F1200 X142.142 Y133.629 E2366.25205
M204 S10000
G0 F9600 X141.718 Y133.629
M204 S1000
G1 F1200 X108.977 Y166.369 E2367.40706
M204 S10000
G0 F9600 X108.553 Y166.369
M204 S1000
G1 F1200 X141.294 Y133.629 E2368.56207
M204 S10000
G0 F9600 X140.869 Y133.629
M204 S1000
G1 F1200 X108.129 Y166.369 E2369.71707
M204 S10000
G0 F9600 X107.705 Y166.369
M204 S1000
G1 F1200 X140.445 Y133.629 E2370.87206
M204 S10000
G0 F9600 X140.021 Y133.629
M204 S1000
G1 F1200 X107.28 Y166.369 E2372.02707
M204 S10000
G0 F9600 X106.856 Y166.369
M204 S1000
G1 F1200 X139.597 Y133.629 E2373.18208
M204 S10000
G0 F9600 X139.172 Y133.629
M204 S1000
G1 F1200 X106.432 Y166.369 E2374.33707
M204 S10000
G0 F9600 X106.008 Y166.369
M204 S1000
G1 F1200 X138.748 Y133.629 E2375.49206
M204 S10000
G0 F9600 X138.324 Y133.629
M204 S1000
G1 F1200 X105.583 Y166.369 E2376.64707
M204 S10000
G0 F9600 X105.159 Y166.369
M204 S1000
G1 F1200 X137.899 Y133.629 E2377.80206
M204 S10000
G0 F9600 X137.475 Y133.629
M204 S1000
G1 F1200 X104.735 Y166.369 E2378.95705
M204 S10000
G0 F9600 X104.31 Y166.369
M204 S1000
G1 F1200 X137.051 Y133.629 E2380.11206
M204 S10000
G0 F9600 X136.627 Y133.629
M204 S1000
G1 F1200 X103.886 Y166.369 E2381.26707
M204 S10000
G0 F9600 X103.462 Y166.369
M204 S1000
G1 F1200 X136.202 Y133.629 E2382.42206
M204 S10000
G0 F9600 X135.778 Y133.629
M204 S1000
G1 F1200 X103.038 Y166.369 E2383.57706
M204 S10000
G0 F9600 X102.729 Y166.253
M204 S1000
G1 F1200 X135.354 Y133.629 E2384.72797
M204 S10000
G0 F9600 X134.93 Y133.629
M204 S1000
G1 F1200 X102.729 Y165.829 E2385.86393
M204 S10000
G0 F9600 X102.729 Y165.405
M204 S1000
G1 F1200 X134.505 Y133.629 E2386.98492
M204 S10000
G0 F9600 X134.081 Y133.629
M204 S1000
G1 F1200 X102.729 Y164.98 E2388.09093
M204 S10000
G0 F9600 X102.729 Y164.556
M204 S1000
G1 F1200 X133.657 Y133.629 E2389.18198
M204 S10000
G0 F9600 X133.233 Y133.629
M204 S1000
G1 F1200 X102.729 Y164.132 E2390.25807
M204 S10000
G0 F9600 X102.729 Y163.707
M204 S1000
G1 F1200 X132.808 Y133.629 E2391.31917
M204 S10000
G0 F9600 X132.384 Y133.629
M204 S1000
G1 F1200 X102.729 Y163.283 E2392.36531
M204 S10000
G0 F9600 X102.729 Y162.859
M204 S1000
G1 F1200 X131.96 Y133.629 E2393.3965
M204 S10000
G0 F9600 X131.536 Y133.629
M204 S1000
G1 F1200 X102.729 Y162.435 E2394.41273
M204 S10000
G0 F9600 X102.729 Y162.01
M204 S1000
G1 F1200 X131.111 Y133.629 E2395.41396
M204 S10000
G0 F9600 X130.687 Y133.629
M204 S1000
G1 F1200 X102.729 Y161.586 E2396.40024
M204 S10000
G0 F9600 X102.729 Y161.162
M204 S1000
G1 F1200 X130.263 Y133.629 E2397.37155
M204 S10000
G0 F9600 X129.838 Y133.629
M204 S1000
G1 F1200 X102.729 Y160.738 E2398.3279
M204 S10000
G0 F9600 X102.729 Y160.313
M204 S1000
G1 F1200 X129.414 Y133.629 E2399.26927
M204 S10000
G0 F9600 X128.99 Y133.629
M204 S1000
G1 F1200 X102.729 Y159.889 E2400.19568
M204 S10000
G0 F9600 X102.729 Y159.465
M204 S1000
G1 F1200 X128.566 Y133.629 E2401.10713
M204 S10000
G0 F9600 X128.141 Y133.629
M204 S1000
G1 F1200 X102.729 Y159.041 E2402.0036
M204 S10000
G0 F9600 X102.729 Y158.616
M204 S1000
G1 F1200 X127.717 Y133.629 E2402.88511
M204 S10000
G0 F9600 X127.293 Y133.629
M204 S1000
G1 F1200 X102.729 Y158.192 E2403.75165
M204 S10000
G0 F9600 X102.729 Y157.768
M204 S1000
G1 F1200 X126.869 Y133.629 E2404.60324
M204 S10000
G0 F9600 X126.444 Y133.629
M204 S1000
G1 F1200 X102.729 Y157.343 E2405.43983
M204 S10000
G0 F9600 X102.729 Y156.919
M204 S1000
G1 F1200 X126.02 Y133.629 E2406.26146
M204 S10000
G0 F9600 X125.596 Y133.629
M204 S1000
G1 F1200 X102.729 Y156.495 E2407.06814
M204 S10000
G0 F9600 X102.729 Y156.071
M204 S1000
G1 F1200 X125.172 Y133.629 E2407.85986
M204 S10000
G0 F9600 X124.747 Y133.629
M204 S1000
G1 F1200 X102.729 Y155.646 E2408.63659
M204 S10000
G0 F9600 X102.729 Y155.222
M204 S1000
G1 F1200 X124.323 Y133.629 E2409.39836
M204 S10000
G0 F9600 X123.899 Y133.629
M204 S1000
G1 F1200 X102.729 Y154.798 E2410.14517
M204 S10000
G0 F9600 X102.729 Y154.374
M204 S1000
G1 F1200 X123.474 Y133.629 E2410.877
M204 S10000
G0 F9600 X123.05 Y133.629
M204 S1000
G1 F1200 X102.729 Y153.949 E2411.59387
M204 S10000
G0 F9600 X102.729 Y153.525
M204 S1000
G1 F1200 X122.626 Y133.629 E2412.29577
M204 S10000
G0 F9600 X122.202 Y133.629
M204 S1000
G1 F1200 X102.729 Y153.101 E2412.98271
M204 S10000
G0 F9600 X102.729 Y152.677
M204 S1000
G1 F1200 X121.777 Y133.629 E2413.65468
M204 S10000
G0 F9600 X121.353 Y133.629
M204 S1000
G1 F1200 X102.729 Y152.252 E2414.31168
M204 S10000
G0 F9600 X102.729 Y151.828
M204 S1000
G1 F1200 X120.929 Y133.629 E2414.95371
M204 S10000
G0 F9600 X120.505 Y133.629
M204 S1000
G1 F1200 X102.729 Y151.404 E2415.58079
M204 S10000
G0 F9600 X102.729 Y150.98
M204 S1000
G1 F1200 X120.08 Y133.629 E2416.1929
M204 S10000
G0 F9600 X119.656 Y133.629
M204 S1000
G1 F1200 X102.729 Y150.555 E2416.79002
M204 S10000
G0 F9600 X102.729 Y150.131
M204 S1000
G1 F1200 X119.232 Y133.629 E2417.37219
M204 S10000
G0 F9600 X118.808 Y133.629
M204 S1000
G1 F1200 X102.729 Y149.707 E2417.93941
M204 S10000
G0 F9600 X102.729 Y149.282
M204 S1000
G1 F1200 X118.383 Y133.629 E2418.49163
M204 S10000
G0 F9600 X117.959 Y133.629
M204 S1000
G1 F1200 X102.729 Y148.858 E2419.02889
M204 S10000
G0 F9600 X102.729 Y148.434
M204 S1000
G1 F1200 X117.535 Y133.629 E2419.55119
M204 S10000
G0 F9600 X117.111 Y133.629
M204 S1000
G1 F1200 X102.729 Y148.01 E2420.05854
M204 S10000
G0 F9600 X102.729 Y147.585
M204 S1000
G1 F1200 X116.686 Y133.629 E2420.55089
M204 S10000
G0 F9600 X116.262 Y133.629
M204 S1000
G1 F1200 X102.729 Y147.161 E2421.02829
M204 S10000
G0 F9600 X102.729 Y146.737
M204 S1000
G1 F1200 X115.838 Y133.629 E2421.49072
M204 S10000
G0 F9600 X115.413 Y133.629
M204 S1000
G1 F1200 X102.729 Y146.313 E2421.93819
M204 S10000
G0 F9600 X102.729 Y145.888
M204 S1000
G1 F1200 X114.989 Y133.629 E2422.37067
M204 S10000
G0 F9600 X114.565 Y133.629
M204 S1000
G1 F1200 X102.729 Y145.464 E2422.7882
M204 S10000
G0 F9600 X102.729 Y145.04
M204 S1000
G1 F1200 X114.141 Y133.629 E2423.19077
M204 S10000
G0 F9600 X113.716 Y133.629
M204 S1000
G1 F1200 X102.729 Y144.616 E2423.57837
M204 S10000
G0 F9600 X102.729 Y144.191
M204 S1000
G1 F1200 X113.292 Y133.629 E2423.95099
M204 S10000
G0 F9600 X112.868 Y133.629
M204 S1000
G1 F1200 X102.729 Y143.767 E2424.30865
M204 S10000
G0 F9600 X102.729 Y143.343
M204 S1000
G1 F1200 X112.444 Y133.629 E2424.65136
M204 S10000
G0 F9600 X112.019 Y133.629
M204 S1000
G1 F1200 X102.729 Y142.919 E2424.97909
M204 S10000
G0 F9600 X102.729 Y142.494
M204 S1000
G1 F1200 X111.595 Y133.629 E2425.29184
M204 S10000
G0 F9600 X111.171 Y133.629
M204 S1000
G1 F1200 X102.729 Y142.07 E2425.58964
M204 S10000
G0 F9600 X102.729 Y141.646
M204 S1000
G1 F1200 X110.747 Y133.629 E2425.87248
M204 S10000
G0 F9600 X110.322 Y133.629
M204 S1000
G1 F1200 X102.729 Y141.221 E2426.14033
M204 S10000
G0 F9600 X102.729 Y140.797
M204 S1000
G1 F1200 X109.898 Y133.629 E2426.39321
M204 S10000
G0 F9600 X109.474 Y133.629
M204 S1000
G1 F1200 X102.729 Y140.373 E2426.63114
M204 S10000
G0 F9600 X102.729 Y139.949
M204 S1000
G1 F1200 X109.05 Y133.629 E2426.85412
M204 S10000
G0 F9600 X108.625 Y133.629
M204 S1000
G1 F1200 X102.729 Y139.524 E2427.0621
M204 S10000
G0 F9600 X102.729 Y139.1
M204 S1000
G1 F1200 X108.201 Y133.629 E2427.25512
M204 S10000
G0 F9600 X107.777 Y133.629
M204 S1000
G1 F1200 X102.729 Y138.676 E2427.43318
M204 S10000
G0 F9600 X102.729 Y138.252
M204 S1000
G1 F1200 X107.352 Y133.629 E2427.59627
M204 S10000
G0 F9600 X106.928 Y133.629
M204 S1000
G1 F1200 X102.729 Y137.827 E2427.74438
M204 S10000
G0 F9600 X102.729 Y137.403
M204 S1000
G1 F1200 X106.504 Y133.629 E2427.87754
M204 S10000
G0 F9600 X106.08 Y133.629
M204 S1000
G1 F1200 X102.729 Y136.979 E2427.99574
M204 S10000
G0 F9600 X102.729 Y136.555
M204 S1000
G1 F1200 X105.655 Y133.629 E2428.09896
M204 S10000
G0 F9600 X105.231 Y133.629
M204 S1000
G1 F1200 X102.729 Y136.13 E2428.18721
M204 S10000
G0 F9600 X102.729 Y135.706
M204 S1000
G1 F1200 X104.807 Y133.629 E2428.2605
M204 S10000
G0 F9600 X104.383 Y133.629
M204 S1000
G1 F1200 X102.729 Y135.282 E2428.31883
M204 S10000
G0 F9600 X102.729 Y134.857
M204 S1000
G1 F1200 X103.958 Y133.629 E2428.36217
M204 S10000
G0 F9600 X103.534 Y133.629
M204 S1000
G1 F1200 X102.729 Y134.433 E2428.39055
M204 S10000
G0 F9600 X102.729 Y134.009
M204 S1000
G1 F1200 X103.11 Y133.629 E2428.40397
M204 S10000
G0 F9600 X103.11 Y133.21
G1 F3000 E2422.40397
;MESH:Bottom_panel_x3.stl(1)
G0 F9600 X102.432 Y133.332
G0 X102.432 Y166.668
G0 X160.09 Y167.47
G0 X160.09 Y171.031
G0 X160.09 Y205.291
M204 S1000
;TYPE:WALL-INNER
G1 F3000 E2428.40397
G1 F1800 X160.09 Y171.711 E2429.24163
G1 X102.31 Y171.711 E2430.68296
G1 X102.31 Y205.291 E2431.52061
G1 X160.09 Y205.291 E2432.96194
M204 S10000
G0 F9600 X160.39 Y205.591
M204 S1000
G1 F1800 X160.39 Y171.411 E2433.81456
G1 X102.01 Y171.411 E2435.27086
G1 X102.01 Y205.591 E2436.12348
G1 X160.39 Y205.591 E2437.57978
M204 S10000
G0 F9600 X160.69 Y205.891
M204 S1000
G1 F1800 X160.69 Y171.111 E2438.44737
G1 X101.71 Y171.111 E2439.91863
G1 X101.71 Y205.891 E2440.78622
G1 X160.69 Y205.891 E2442.25748
M204 S10000
G0 F9600 X160.94 Y206.141
M204 S1000
;TYPE:WALL-OUTER
G1 F1800 X160.94 Y170.861 E2443.13755
G1 X101.46 Y170.861 E2444.62128
G1 X101.46 Y206.141 E2445.50134
G1 X160.94 Y206.141 E2446.98508
M204 S10000
G0 F9600 X160.94 Y205.941
G0 X160.69 Y205.941
G0 X160.04 Y205.021
G0 X159.82 Y205.021
M204 S1000
;TYPE:SKIN
G1 F1200 X102.58 Y205.021 E2448.41294
G1 X102.58 Y171.981 E2449.23712
G1 X159.82 Y171.981 E2450.66498
G1 X159.82 Y205.021 E2451.48917
M204 S10000
G0 F9600 X159.572 Y204.87
M204 S1000
G1 F1200 X159.669 Y204.773 E2451.49259
M204 S10000
G0 F9600 X159.669 Y204.348
M204 S1000
G1 F1200 X159.148 Y204.87 E2451.51099
M204 S10000
G0 F9600 X158.724 Y204.87
M204 S1000
G1 F1200 X159.669 Y203.924 E2451.54434
M204 S10000
G0 F9600 X159.669 Y203.5
M204 S1000
G1 F1200 X158.299 Y204.87 E2451.59267
M204 S10000
G0 F9600 X157.875 Y204.87
M204 S1000
G1 F1200 X159.669 Y203.076 E2451.65596
M204 S10000
G0 F9600 X159.669 Y202.651
M204 S1000
G1 F1200 X157.451 Y204.87 E2451.73422
M204 S10000
G0 F9600 X157.027 Y204.87
M204 S1000
G1 F1200 X159.669 Y202.227 E2451.82744
M204 S10000
G0 F9600 X159.669 Y201.803
M204 S1000
G1 F1200 X156.602 Y204.87 E2451.93564
M204 S10000
G0 F9600 X156.178 Y204.87
M204 S1000
G1 F1200 X159.669 Y201.379 E2452.0588
M204 S10000
G0 F9600 X159.669 Y200.954
M204 S1000
G1 F1200 X155.754 Y204.87 E2452.19693
M204 S10000
G0 F9600 X155.33 Y204.87
M204 S1000
G1 F1200 X159.669 Y200.53 E2452.35001
M204 S10000
G0 F9600 X159.669 Y200.106
M204 S1000
G1 F1200 X154.905 Y204.87 E2452.51808
M204 S10000
G0 F9600 X154.481 Y204.87
M204 S1000
G1 F1200 X159.669 Y199.682 E2452.7011
M204 S10000
G0 F9600 X159.669 Y199.257
M204 S1000
G1 F1200 X154.057 Y204.87 E2452.89909
M204 S10000
G0 F9600 X153.633 Y204.87
M204 S1000
G1 F1200 X159.669 Y198.833 E2453.11205
M204 S10000
G0 F9600 X159.669 Y198.409
M204 S1000
G1 F1200 X153.208 Y204.87 E2453.33998
M204 S10000
G0 F9600 X152.784 Y204.87
M204 S1000
G1 F1200 X159.669 Y197.984 E2453.58288
M204 S10000
G0 F9600 X159.669 Y197.56
M204 S1000
G1 F1200 X152.36 Y204.87 E2453.84074
M204 S10000
G0 F9600 X151.936 Y204.87
M204 S1000
G1 F1200 X159.669 Y197.136 E2454.11356
M204 S10000
G0 F9600 X159.669 Y196.712
M204 S1000
G1 F1200 X151.511 Y204.87 E2454.40136
M204 S10000
G0 F9600 X151.087 Y204.87
M204 S1000
G1 F1200 X159.669 Y196.287 E2454.70413
M204 S10000
G0 F9600 X159.669 Y195.863
M204 S1000
G1 F1200 X150.663 Y204.87 E2455.02186
M204 S10000
G0 F9600 X150.238 Y204.87
M204 S1000
G1 F1200 X159.669 Y195.439 E2455.35456
M204 S10000
G0 F9600 X159.669 Y195.015
M204 S1000
G1 F1200 X149.814 Y204.87 E2455.70222
M204 S10000
G0 F9600 X149.39 Y204.87
M204 S1000
G1 F1200 X159.669 Y194.59 E2456.06486
M204 S10000
G0 F9600 X159.669 Y194.166
M204 S1000
G1 F1200 X148.966 Y204.87 E2456.44246
M204 S10000
G0 F9600 X148.541 Y204.87
M204 S1000
G1 F1200 X159.669 Y193.742 E2456.83503
M204 S10000
G0 F9600 X159.669 Y193.318
M204 S1000
G1 F1200 X148.117 Y204.87 E2457.24255
M204 S10000
G0 F9600 X147.693 Y204.87
M204 S1000
G1 F1200 X159.669 Y192.893 E2457.66506
M204 S10000
G0 F9600 X159.669 Y192.469
M204 S1000
G1 F1200 X147.269 Y204.87 E2458.10252
M204 S10000
G0 F9600 X146.844 Y204.87
M204 S1000
G1 F1200 X159.669 Y192.045 E2458.55495
M204 S10000
G0 F9600 X159.669 Y191.62
M204 S1000
G1 F1200 X146.42 Y204.87 E2459.02237
M204 S10000
G0 F9600 X145.996 Y204.87
M204 S1000
G1 F1200 X159.669 Y191.196 E2459.50474
M204 S10000
G0 F9600 X159.669 Y190.772
M204 S1000
G1 F1200 X145.572 Y204.87 E2460.00206
M204 S10000
G0 F9600 X145.147 Y204.87
M204 S1000
G1 F1200 X159.669 Y190.348 E2460.51437
M204 S10000
G0 F9600 X159.669 Y189.923
M204 S1000
G1 F1200 X144.723 Y204.87 E2461.04164
M204 S10000
G0 F9600 X144.299 Y204.87
M204 S1000
G1 F1200 X159.669 Y189.499 E2461.58388
M204 S10000
G0 F9600 X159.669 Y189.075
M204 S1000
G1 F1200 X143.875 Y204.87 E2462.14107
M204 S10000
G0 F9600 X143.45 Y204.87
M204 S1000
G1 F1200 X159.669 Y188.651 E2462.71324
M204 S10000
G0 F9600 X159.669 Y188.226
M204 S1000
G1 F1200 X143.026 Y204.87 E2463.30039
M204 S10000
G0 F9600 X142.602 Y204.87
M204 S1000
G1 F1200 X159.669 Y187.802 E2463.90249
M204 S10000
G0 F9600 X159.669 Y187.378
M204 S1000
G1 F1200 X142.177 Y204.87 E2464.51957
M204 S10000
G0 F9600 X141.753 Y204.87
M204 S1000
G1 F1200 X159.669 Y186.954 E2465.1516
M204 S10000
G0 F9600 X159.669 Y186.529
M204 S1000
G1 F1200 X141.329 Y204.87 E2465.79861
M204 S10000
G0 F9600 X140.905 Y204.87
M204 S1000
G1 F1200 X159.669 Y186.105 E2466.46058
M204 S10000
G0 F9600 X159.669 Y185.681
M204 S1000
G1 F1200 X140.48 Y204.87 E2467.13753
M204 S10000
G0 F9600 X140.056 Y204.87
M204 S1000
G1 F1200 X159.669 Y185.257 E2467.82943
M204 S10000
G0 F9600 X159.669 Y184.832
M204 S1000
G1 F1200 X139.632 Y204.87 E2468.5363
M204 S10000
G0 F9600 X139.208 Y204.87
M204 S1000
G1 F1200 X159.669 Y184.408 E2469.25814
M204 S10000
G0 F9600 X159.669 Y183.984
M204 S1000
G1 F1200 X138.783 Y204.87 E2469.99495
M204 S10000
G0 F9600 X138.359 Y204.87
M204 S1000
G1 F1200 X159.669 Y183.559 E2470.74673
M204 S10000
G0 F9600 X159.669 Y183.135
M204 S1000
G1 F1200 X137.935 Y204.87 E2471.51348
M204 S10000
G0 F9600 X137.511 Y204.87
M204 S1000
G1 F1200 X159.669 Y182.711 E2472.29518
M204 S10000
G0 F9600 X159.669 Y182.287
M204 S1000
G1 F1200 X137.086 Y204.87 E2473.09185
M204 S10000
G0 F9600 X136.662 Y204.87
M204 S1000
G1 F1200 X159.669 Y181.862 E2473.90351
M204 S10000
G0 F9600 X159.669 Y181.438
M204 S1000
G1 F1200 X136.238 Y204.87 E2474.73012
M204 S10000
G0 F9600 X135.813 Y204.87
M204 S1000
G1 F1200 X159.669 Y181.014 E2475.5717
M204 S10000
G0 F9600 X159.669 Y180.59
M204 S1000
G1 F1200 X135.389 Y204.87 E2476.42824
M204 S10000
G0 F9600 X134.965 Y204.87
M204 S1000
G1 F1200 X159.669 Y180.165 E2477.29976
M204 S10000
G0 F9600 X159.669 Y179.741
M204 S1000
G1 F1200 X134.541 Y204.87 E2478.18624
M204 S10000
G0 F9600 X134.116 Y204.87
M204 S1000
G1 F1200 X159.669 Y179.317 E2479.08769
M204 S10000
G0 F9600 X159.669 Y178.893
M204 S1000
G1 F1200 X133.692 Y204.87 E2480.0041
M204 S10000
G0 F9600 X133.268 Y204.87
M204 S1000
G1 F1200 X159.669 Y178.468 E2480.93548
M204 S10000
G0 F9600 X159.669 Y178.044
M204 S1000
G1 F1200 X132.844 Y204.87 E2481.88182
M204 S10000
G0 F9600 X132.419 Y204.87
M204 S1000
G1 F1200 X159.669 Y177.62 E2482.84314
M204 S10000
G0 F9600 X159.669 Y177.196
M204 S1000
G1 F1200 X131.995 Y204.87 E2483.81942
M204 S10000
G0 F9600 X131.571 Y204.87
M204 S1000
G1 F1200 X159.669 Y176.771 E2484.81067
M204 S10000
G0 F9600 X159.669 Y176.347
M204 S1000
G1 F1200 X131.147 Y204.87 E2485.81687
M204 S10000
G0 F9600 X130.722 Y204.87
M204 S1000
G1 F1200 X159.669 Y175.923 E2486.83806
M204 S10000
G0 F9600 X159.669 Y175.498
M204 S1000
G1 F1200 X130.298 Y204.87 E2487.87422
M204 S10000
G0 F9600 X129.874 Y204.87
M204 S1000
G1 F1200 X159.669 Y175.074 E2488.92533
M204 S10000
G0 F9600 X159.669 Y174.65
M204 S1000
G1 F1200 X129.45 Y204.87 E2489.99141
M204 S10000
G0 F9600 X129.025 Y204.87
M204 S1000
G1 F1200 X159.669 Y174.226 E2491.07246
M204 S10000
G0 F9600 X159.669 Y173.801
M204 S1000
G1 F1200 X128.601 Y204.87 E2492.16848
M204 S10000
G0 F9600 X128.177 Y204.87
M204 S1000
G1 F1200 X159.669 Y173.377 E2493.27947
M204 S10000
G0 F9600 X159.669 Y172.953
M204 S1000
G1 F1200 X127.752 Y204.87 E2494.40542
M204 S10000
G0 F9600 X127.328 Y204.87
M204 S1000
G1 F1200 X159.669 Y172.529 E2495.54634
M204 S10000
G0 F9600 X159.644 Y172.13
M204 S1000
G1 F1200 X126.904 Y204.87 E2496.70133
M204 S10000
G0 F9600 X126.48 Y204.87
M204 S1000
G1 F1200 X159.219 Y172.13 E2497.85631
M204 S10000
G0 F9600 X158.795 Y172.13
M204 S1000
G1 F1200 X126.055 Y204.87 E2499.0113
M204 S10000
G0 F9600 X125.631 Y204.87
M204 S1000
G1 F1200 X158.371 Y172.13 E2500.16629
M204 S10000
G0 F9600 X157.947 Y172.13
M204 S1000
G1 F1200 X125.207 Y204.87 E2501.32128
M204 S10000
G0 F9600 X124.783 Y204.87
M204 S1000
G1 F1200 X157.522 Y172.13 E2502.47626
M204 S10000
G0 F9600 X157.098 Y172.13
M204 S1000
G1 F1200 X124.358 Y204.87 E2503.63125
M204 S10000
G0 F9600 X123.934 Y204.87
M204 S1000
G1 F1200 X156.674 Y172.13 E2504.78624
M204 S10000
G0 F9600 X156.25 Y172.13
M204 S1000
G1 F1200 X123.51 Y204.87 E2505.94123
M204 S10000
G0 F9600 X123.086 Y204.87
M204 S1000
G1 F1200 X155.825 Y172.13 E2507.09621
M204 S10000
G0 F9600 X155.401 Y172.13
M204 S1000
G1 F1200 X122.661 Y204.87 E2508.2512
M204 S10000
G0 F9600 X122.237 Y204.87
M204 S1000
G1 F1200 X154.977 Y172.13 E2509.40619
M204 S10000
G0 F9600 X154.553 Y172.13
M204 S1000
G1 F1200 X121.813 Y204.87 E2510.56118
M204 S10000
G0 F9600 X121.389 Y204.87
M204 S1000
G1 F1200 X154.128 Y172.13 E2511.71616
M204 S10000
G0 F9600 X153.704 Y172.13
M204 S1000
G1 F1200 X120.964 Y204.87 E2512.87115
M204 S10000
G0 F9600 X120.54 Y204.87
M204 S1000
G1 F1200 X153.28 Y172.13 E2514.02614
M204 S10000
G0 F9600 X152.855 Y172.13
M204 S1000
G1 F1200 X120.116 Y204.87 E2515.18111
M204 S10000
G0 F9600 X119.691 Y204.87
M204 S1000
G1 F1200 X152.431 Y172.13 E2516.33611
M204 S10000
G0 F9600 X152.007 Y172.13
M204 S1000
G1 F1200 X119.267 Y204.87 E2517.4911
M204 S10000
G0 F9600 X118.843 Y204.87
M204 S1000
G1 F1200 X151.583 Y172.13 E2518.64609
M204 S10000
G0 F9600 X151.158 Y172.13
M204 S1000
G1 F1200 X118.419 Y204.87 E2519.80106
M204 S10000
G0 F9600 X117.994 Y204.87
M204 S1000
G1 F1200 X150.734 Y172.13 E2520.95606
M204 S10000
G0 F9600 X150.31 Y172.13
M204 S1000
G1 F1200 X117.57 Y204.87 E2522.11105
M204 S10000
G0 F9600 X117.146 Y204.87
M204 S1000
G1 F1200 X149.886 Y172.13 E2523.26604
M204 S10000
G0 F9600 X149.461 Y172.13
M204 S1000
G1 F1200 X116.722 Y204.87 E2524.42101
M204 S10000
G0 F9600 X116.297 Y204.87
M204 S1000
G1 F1200 X149.037 Y172.13 E2525.57601
M204 S10000
G0 F9600 X148.613 Y172.13
M204 S1000
G1 F1200 X115.873 Y204.87 E2526.731
M204 S10000
G0 F9600 X115.449 Y204.87
M204 S1000
G1 F1200 X148.189 Y172.13 E2527.88599
M204 S10000
G0 F9600 X147.764 Y172.13
M204 S1000
G1 F1200 X115.025 Y204.87 E2529.04096
M204 S10000
G0 F9600 X114.6 Y204.87
M204 S1000
G1 F1200 X147.34 Y172.13 E2530.19596
M204 S10000
G0 F9600 X146.916 Y172.13
M204 S1000
G1 F1200 X114.176 Y204.87 E2531.35095
M204 S10000
G0 F9600 X113.752 Y204.87
M204 S1000
G1 F1200 X146.492 Y172.13 E2532.50594
M204 S10000
G0 F9600 X146.067 Y172.13
M204 S1000
G1 F1200 X113.328 Y204.87 E2533.66091
M204 S10000
G0 F9600 X112.903 Y204.87
M204 S1000
G1 F1200 X145.643 Y172.13 E2534.81591
M204 S10000
G0 F9600 X145.219 Y172.13
M204 S1000
G1 F1200 X112.479 Y204.87 E2535.9709
M204 S10000
G0 F9600 X112.055 Y204.87
M204 S1000
G1 F1200 X144.794 Y172.13 E2537.12587
M204 S10000
G0 F9600 X144.37 Y172.13
M204 S1000
G1 F1200 X111.63 Y204.87 E2538.28086
M204 S10000
G0 F9600 X111.206 Y204.87
M204 S1000
G1 F1200 X143.946 Y172.13 E2539.43586
M204 S10000
G0 F9600 X143.522 Y172.13
M204 S1000
G1 F1200 X110.782 Y204.87 E2540.59085
M204 S10000
G0 F9600 X110.358 Y204.87
M204 S1000
G1 F1200 X143.097 Y172.13 E2541.74582
M204 S10000
G0 F9600 X142.673 Y172.13
M204 S1000
G1 F1200 X109.933 Y204.87 E2542.90081
M204 S10000
G0 F9600 X109.509 Y204.87
M204 S1000
G1 F1200 X142.249 Y172.13 E2544.05581
M204 S10000
G0 F9600 X141.825 Y172.13
M204 S1000
G1 F1200 X109.085 Y204.87 E2545.2108
M204 S10000
G0 F9600 X108.661 Y204.87
M204 S1000
G1 F1200 X141.4 Y172.13 E2546.36577
M204 S10000
G0 F9600 X140.976 Y172.13
M204 S1000
G1 F1200 X108.236 Y204.87 E2547.52076
M204 S10000
G0 F9600 X107.812 Y204.87
M204 S1000
G1 F1200 X140.552 Y172.13 E2548.67576
M204 S10000
G0 F9600 X140.128 Y172.13
M204 S1000
G1 F1200 X107.388 Y204.87 E2549.83075
M204 S10000
G0 F9600 X106.964 Y204.87
M204 S1000
G1 F1200 X139.703 Y172.13 E2550.98572
M204 S10000
G0 F9600 X139.279 Y172.13
M204 S1000
G1 F1200 X106.539 Y204.87 E2552.14071
M204 S10000
G0 F9600 X106.115 Y204.87
M204 S1000
G1 F1200 X138.855 Y172.13 E2553.29571
M204 S10000
G0 F9600 X138.431 Y172.13
M204 S1000
G1 F1200 X105.691 Y204.87 E2554.4507
M204 S10000
G0 F9600 X105.266 Y204.87
M204 S1000
G1 F1200 X138.006 Y172.13 E2555.60569
M204 S10000
G0 F9600 X137.582 Y172.13
M204 S1000
G1 F1200 X104.842 Y204.87 E2556.76068
M204 S10000
G0 F9600 X104.418 Y204.87
M204 S1000
G1 F1200 X137.158 Y172.13 E2557.91567
M204 S10000
G0 F9600 X136.733 Y172.13
M204 S1000
G1 F1200 X103.994 Y204.87 E2559.07065
M204 S10000
G0 F9600 X103.569 Y204.87
M204 S1000
G1 F1200 X136.309 Y172.13 E2560.22564
M204 S10000
G0 F9600 X135.885 Y172.13
M204 S1000
G1 F1200 X103.145 Y204.87 E2561.38063
M204 S10000
G0 F9600 X102.73 Y204.86
M204 S1000
G1 F1200 X135.461 Y172.13 E2562.53529
M204 S10000
G0 F9600 X135.036 Y172.13
M204 S1000
G1 F1200 X102.73 Y204.436 E2563.67497
M204 S10000
G0 F9600 X102.73 Y204.012
M204 S1000
G1 F1200 X134.612 Y172.13 E2564.79969
M204 S10000
G0 F9600 X134.188 Y172.13
M204 S1000
G1 F1200 X102.73 Y203.588 E2565.90946
M204 S10000
G0 F9600 X102.73 Y203.163
M204 S1000
G1 F1200 X133.764 Y172.13 E2567.00425
M204 S10000
G0 F9600 X133.339 Y172.13
M204 S1000
G1 F1200 X102.73 Y202.739 E2568.08407
M204 S10000
G0 F9600 X102.73 Y202.315
M204 S1000
G1 F1200 X132.915 Y172.13 E2569.14892
M204 S10000
G0 F9600 X132.491 Y172.13
M204 S1000
G1 F1200 X102.73 Y201.891 E2570.19882
M204 S10000
G0 F9600 X102.73 Y201.466
M204 S1000
G1 F1200 X132.067 Y172.13 E2571.23375
M204 S10000
G0 F9600 X131.642 Y172.13
M204 S1000
G1 F1200 X102.73 Y201.042 E2572.2537
M204 S10000
G0 F9600 X102.73 Y200.618
M204 S1000
G1 F1200 X131.218 Y172.13 E2573.25869
M204 S10000
G0 F9600 X130.794 Y172.13
M204 S1000
G1 F1200 X102.73 Y200.193 E2574.2487
M204 S10000
G0 F9600 X102.73 Y199.769
M204 S1000
G1 F1200 X130.369 Y172.13 E2575.22374
M204 S10000
G0 F9600 X129.945 Y172.13
M204 S1000
G1 F1200 X102.73 Y199.345 E2576.18383
M204 S10000
G0 F9600 X102.73 Y198.921
M204 S1000
G1 F1200 X129.521 Y172.13 E2577.12895
M204 S10000
G0 F9600 X129.097 Y172.13
M204 S1000
G1 F1200 X102.73 Y198.496 E2578.0591
M204 S10000
G0 F9600 X102.73 Y198.072
M204 S1000
G1 F1200 X128.672 Y172.13 E2578.97427
M204 S10000
G0 F9600 X128.248 Y172.13
M204 S1000
G1 F1200 X102.73 Y197.648 E2579.87449
M204 S10000
G0 F9600 X102.73 Y197.224
M204 S1000
G1 F1200 X127.824 Y172.13 E2580.75975
M204 S10000
G0 F9600 X127.4 Y172.13
M204 S1000
G1 F1200 X102.73 Y196.799 E2581.63003
M204 S10000
G0 F9600 X102.73 Y196.375
M204 S1000
G1 F1200 X126.975 Y172.13 E2582.48534
M204 S10000
G0 F9600 X126.551 Y172.13
M204 S1000
G1 F1200 X102.73 Y195.951 E2583.32569
M204 S10000
G0 F9600 X102.73 Y195.527
M204 S1000
G1 F1200 X126.127 Y172.13 E2584.15108
M204 S10000
G0 F9600 X125.703 Y172.13
M204 S1000
G1 F1200 X102.73 Y195.102 E2584.9615
M204 S10000
G0 F9600 X102.73 Y194.678
M204 S1000
G1 F1200 X125.278 Y172.13 E2585.75694
M204 S10000
G0 F9600 X124.854 Y172.13
M204 S1000
G1 F1200 X102.73 Y194.254 E2586.53743
M204 S10000
G0 F9600 X102.73 Y193.829
M204 S1000
G1 F1200 X124.43 Y172.13 E2587.30293
M204 S10000
G0 F9600 X124.006 Y172.13
M204 S1000
G1 F1200 X102.73 Y193.405 E2588.05348
M204 S10000
G0 F9600 X102.73 Y192.981
M204 S1000
G1 F1200 X123.581 Y172.13 E2588.78906
M204 S10000
G0 F9600 X123.157 Y172.13
M204 S1000
G1 F1200 X102.73 Y192.557 E2589.50968
M204 S10000
G0 F9600 X102.73 Y192.132
M204 S1000
G1 F1200 X122.733 Y172.13 E2590.21532
M204 S10000
G0 F9600 X122.308 Y172.13
M204 S1000
G1 F1200 X102.73 Y191.708 E2590.90599
M204 S10000
G0 F9600 X102.73 Y191.284
M204 S1000
G1 F1200 X121.884 Y172.13 E2591.5817
M204 S10000
G0 F9600 X121.46 Y172.13
M204 S1000
G1 F1200 X102.73 Y190.86 E2592.24245
M204 S10000
G0 F9600 X102.73 Y190.435
M204 S1000
G1 F1200 X121.036 Y172.13 E2592.88822
M204 S10000
G0 F9600 X120.611 Y172.13
M204 S1000
G1 F1200 X102.73 Y190.011 E2593.51902
M204 S10000
G0 F9600 X102.73 Y189.587
M204 S1000
G1 F1200 X120.187 Y172.13 E2594.13487
M204 S10000
G0 F9600 X119.763 Y172.13
M204 S1000
G1 F1200 X102.73 Y189.163 E2594.73575
M204 S10000
G0 F9600 X102.73 Y188.738
M204 S1000
G1 F1200 X119.339 Y172.13 E2595.32166
M204 S10000
G0 F9600 X118.914 Y172.13
M204 S1000
G1 F1200 X102.73 Y188.314 E2595.8926
M204 S10000
G0 F9600 X102.73 Y187.89
M204 S1000
G1 F1200 X118.49 Y172.13 E2596.44857
M204 S10000
G0 F9600 X118.066 Y172.13
M204 S1000
G1 F1200 X102.73 Y187.466 E2596.98959
M204 S10000
G0 F9600 X102.73 Y187.041
M204 S1000
G1 F1200 X117.642 Y172.13 E2597.51563
M204 S10000
G0 F9600 X117.217 Y172.13
M204 S1000
G1 F1200 X102.73 Y186.617 E2598.0267
M204 S10000
G0 F9600 X102.73 Y186.193
M204 S1000
G1 F1200 X116.793 Y172.13 E2598.52281
M204 S10000
G0 F9600 X116.369 Y172.13
M204 S1000
G1 F1200 X102.73 Y185.768 E2599.00395
M204 S10000
G0 F9600 X102.73 Y185.344
M204 S1000
G1 F1200 X115.945 Y172.13 E2599.47012
M204 S10000
G0 F9600 X115.52 Y172.13
M204 S1000
G1 F1200 X102.73 Y184.92 E2599.92133
M204 S10000
G0 F9600 X102.73 Y184.496
M204 S1000
G1 F1200 X115.096 Y172.13 E2600.35757
M204 S10000
G0 F9600 X114.672 Y172.13
M204 S1000
G1 F1200 X102.73 Y184.071 E2600.77884
M204 S10000
G0 F9600 X102.73 Y183.647
M204 S1000
G1 F1200 X114.247 Y172.13 E2601.18513
M204 S10000
G0 F9600 X113.823 Y172.13
M204 S1000
G1 F1200 X102.73 Y183.223 E2601.57647
M204 S10000
G0 F9600 X102.73 Y182.799
M204 S1000
G1 F1200 X113.399 Y172.13 E2601.95285
M204 S10000
G0 F9600 X112.975 Y172.13
M204 S1000
G1 F1200 X102.73 Y182.374 E2602.31425
M204 S10000
G0 F9600 X102.73 Y181.95
M204 S1000
G1 F1200 X112.55 Y172.13 E2602.66068
M204 S10000
G0 F9600 X112.126 Y172.13
M204 S1000
G1 F1200 X102.73 Y181.526 E2602.99214
M204 S10000
G0 F9600 X102.73 Y181.102
M204 S1000
G1 F1200 X111.702 Y172.13 E2603.30866
M204 S10000
G0 F9600 X111.278 Y172.13
M204 S1000
G1 F1200 X102.73 Y180.677 E2603.61019
M204 S10000
G0 F9600 X102.73 Y180.253
M204 S1000
G1 F1200 X110.853 Y172.13 E2603.89675
M204 S10000
G0 F9600 X110.429 Y172.13
M204 S1000
G1 F1200 X102.73 Y179.829 E2604.16836
M204 S10000
G0 F9600 X102.73 Y179.405
M204 S1000
G1 F1200 X110.005 Y172.13 E2604.425
M204 S10000
G0 F9600 X109.581 Y172.13
M204 S1000
G1 F1200 X102.73 Y178.98 E2604.66667
M204 S10000
G0 F9600 X102.73 Y178.556
M204 S1000
G1 F1200 X109.156 Y172.13 E2604.89337
M204 S10000
G0 F9600 X108.732 Y172.13
M204 S1000
G1 F1200 X102.73 Y178.132 E2605.1051
M204 S10000
G0 F9600 X102.73 Y177.707
M204 S1000
G1 F1200 X108.308 Y172.13 E2605.30186
M204 S10000
G0 F9600 X107.883 Y172.13
M204 S1000
G1 F1200 X102.73 Y177.283 E2605.48365
M204 S10000
G0 F9600 X102.73 Y176.859
M204 S1000
G1 F1200 X107.459 Y172.13 E2605.65048
M204 S10000
G0 F9600 X107.035 Y172.13
M204 S1000
G1 F1200 X102.73 Y176.435 E2605.80235
M204 S10000
G0 F9600 X102.73 Y176.01
M204 S1000
G1 F1200 X106.611 Y172.13 E2605.93924
M204 S10000
G0 F9600 X106.186 Y172.13
M204 S1000
G1 F1200 X102.73 Y175.586 E2606.06116
M204 S10000
G0 F9600 X102.73 Y175.162
M204 S1000
G1 F1200 X105.762 Y172.13 E2606.16813
M204 S10000
G0 F9600 X105.338 Y172.13
M204 S1000
G1 F1200 X102.73 Y174.738 E2606.26013
M204 S10000
G0 F9600 X102.73 Y174.313
M204 S1000
G1 F1200 X104.914 Y172.13 E2606.33716
M204 S10000
G0 F9600 X104.489 Y172.13
M204 S1000
G1 F1200 X102.73 Y173.889 E2606.39921
M204 S10000
G0 F9600 X102.73 Y173.465
M204 S1000
G1 F1200 X104.065 Y172.13 E2606.44631
M204 S10000
G0 F9600 X103.641 Y172.13
M204 S1000
G1 F1200 X102.73 Y173.041 E2606.47845
M204 S10000
G0 F9600 X102.73 Y172.616
M204 S1000
G1 F1200 X103.217 Y172.13 E2606.49561
M204 S10000
G0 F9600 X102.792 Y172.13
M204 S1000
G1 F1200 X102.73 Y172.192 E2606.4978
M204 S10000
G0 F9600 X102.31 Y172.192
G1 F3000 E2600.4978
;MESH:Bottom_back_panel.stl
G0 F9600 X102.432 Y171.833
G0 X159.968 Y171.833
G0 X159.94 Y178.889
G0 X164.299 Y178.889
G0 X164.979 Y178.889
M204 S1000
;TYPE:WALL-INNER
G1 F3000 E2606.4978
G1 F1800 X196.515 Y178.889 E2607.28446
G1 X196.519 Y165.108 E2607.62823
G1 X196.623 Y164.737 E2607.63784
G1 X196.865 Y164.417 E2607.64785
G1 X197.217 Y164.209 E2607.65805
G1 X197.566 Y164.15 E2607.66688
G1 X198.332 Y164.15 E2607.68599
G1 X198.332 Y135.851 E2608.39191
G1 X197.566 Y135.851 E2608.41102
G1 X197.217 Y135.791 E2608.41985
G1 X197 Y135.686 E2608.42586
G1 X196.777 Y135.494 E2608.43321
G1 X196.584 Y135.175 E2608.44251
G1 X196.519 Y134.892 E2608.44975
G1 X196.516 Y121.11 E2608.79354
G1 X164.979 Y121.11 E2609.58024
G1 X164.979 Y178.889 E2611.02154
M204 S10000
G0 F9600 X164.679 Y179.189
M204 S1000
G1 F1800 X196.815 Y179.189 E2611.82317
G1 X196.818 Y165.134 E2612.17378
G1 X196.908 Y164.838 E2612.1815
G1 X197.162 Y164.567 E2612.19076
G1 X197.316 Y164.492 E2612.19503
G1 X197.566 Y164.45 E2612.20136
G1 X198.632 Y164.45 E2612.22795
G1 X198.632 Y135.551 E2612.94884
G1 X197.566 Y135.551 E2612.97543
G1 X197.316 Y135.508 E2612.98176
G1 X197.002 Y135.296 E2612.99121
G1 X196.853 Y135.035 E2612.9987
G1 X196.818 Y134.866 E2613.00301
G1 X196.816 Y120.81 E2613.35364
G1 X164.679 Y120.81 E2614.1553
G1 X164.679 Y179.189 E2615.61157
M204 S10000
G0 F9600 X164.379 Y179.489
M204 S1000
G1 F1800 X197.115 Y179.489 E2616.42817
G1 X197.117 Y165.16 E2616.78561
G1 X197.171 Y164.983 E2616.79023
G1 X197.323 Y164.82 E2616.79579
G1 X197.566 Y164.75 E2616.80209
G1 X198.932 Y164.75 E2616.83617
G1 X198.932 Y135.251 E2617.57202
G1 X197.46 Y135.251 E2617.60874
G1 X197.265 Y135.136 E2617.61439
G1 X197.184 Y135.04 E2617.61752
G1 X197.117 Y134.84 E2617.62279
G1 X197.116 Y120.51 E2617.98025
G1 X164.379 Y120.51 E2618.79688
G1 X164.379 Y179.489 E2620.26811
M204 S10000
G0 F9600 X164.129 Y179.739
M204 S1000
;TYPE:WALL-OUTER
G1 F1800 X197.365 Y179.739 E2621.09719
G1 X197.367 Y165.174 E2621.46051
G1 X197.458 Y165.031 E2621.46474
G1 X197.566 Y165 E2621.46755
G1 X199.182 Y165 E2621.50786
G1 X199.182 Y135.001 E2622.25619
G1 X197.517 Y135.001 E2622.29772
G1 X197.415 Y134.933 E2622.30078
G1 X197.37 Y134.845 E2622.30324
G1 X197.366 Y120.26 E2622.66707
G1 X164.129 Y120.26 E2623.49617
G1 X164.129 Y179.739 E2624.97988
M204 S10000
G0 F9600 X164.329 Y179.739
G0 X164.329 Y179.489
G0 X165.029 Y178.619
G0 X165.249 Y178.619
M204 S1000
;TYPE:SKIN
G1 F1200 X165.25 Y121.381 E2626.40768
G1 X196.246 Y121.38 E2627.18088
G1 X196.247 Y134.925 E2627.51876
G1 X196.311 Y135.21 E2627.52605
G1 X196.497 Y135.58 E2627.53638
G1 X196.757 Y135.864 E2627.54599
G1 X197.109 Y136.039 E2627.55579
G1 X197.544 Y136.119 E2627.56682
G1 X198.062 Y136.121 E2627.57975
G1 X198.062 Y163.88 E2628.2722
G1 X197.543 Y163.882 E2628.28514
G1 X197.108 Y163.961 E2628.29617
G1 X196.758 Y164.137 E2628.30595
G1 X196.498 Y164.422 E2628.31557
G1 X196.351 Y164.682 E2628.32302
G1 X196.25 Y165.116 E2628.33413
G1 X196.245 Y178.619 E2628.67097
G1 X165.249 Y178.619 E2629.44417
M204 S10000
G1 F3000 E2623.44417
G0 F9600 X165.029 Y178.619
G0 X195.732 Y178.839
G0 X195.732 Y178.468
M204 S1000
G1 F3000 E2629.44417
G1 F1200 X196.094 Y178.106 E2629.45694
M204 S10000
G0 F9600 X196.094 Y177.682
M204 S1000
G1 F1200 X195.307 Y178.468 E2629.48468
M204 S10000
G0 F9600 X194.883 Y178.468
M204 S1000
G1 F1200 X196.094 Y177.258 E2629.52739
M204 S10000
G0 F9600 X196.094 Y176.833
M204 S1000
G1 F1200 X194.459 Y178.468 E2629.58507
M204 S10000
G0 F9600 X194.035 Y178.468
M204 S1000
G1 F1200 X196.094 Y176.409 E2629.6577
M204 S10000
G0 F9600 X196.094 Y175.985
M204 S1000
G1 F1200 X193.61 Y178.468 E2629.74531
M204 S10000
G0 F9600 X193.186 Y178.468
M204 S1000
G1 F1200 X196.094 Y175.561 E2629.84788
M204 S10000
G0 F9600 X196.094 Y175.136
M204 S1000
G1 F1200 X192.762 Y178.468 E2629.96543
M204 S10000
G0 F9600 X192.337 Y178.468
M204 S1000
G1 F1200 X196.094 Y174.712 E2630.09795
M204 S10000
G0 F9600 X196.094 Y174.288
M204 S1000
G1 F1200 X191.913 Y178.468 E2630.24543
M204 S10000
G0 F9600 X191.489 Y178.468
M204 S1000
G1 F1200 X196.094 Y173.863 E2630.40788
M204 S10000
G0 F9600 X196.094 Y173.439
M204 S1000
G1 F1200 X191.065 Y178.468 E2630.58529
M204 S10000
G0 F9600 X190.64 Y178.468
M204 S1000
G1 F1200 X196.094 Y173.014 E2630.7777
M204 S10000
G0 F9600 X196.094 Y172.59
M204 S1000
G1 F1200 X190.216 Y178.468 E2630.98506
M204 S10000
G0 F9600 X189.792 Y178.468
M204 S1000
G1 F1200 X196.094 Y172.166 E2631.20738
M204 S10000
G0 F9600 X196.094 Y171.742
M204 S1000
G1 F1200 X189.368 Y178.468 E2631.44466
M204 S10000
G0 F9600 X188.943 Y178.468
M204 S1000
G1 F1200 X196.094 Y171.317 E2631.69693
M204 S10000
G0 F9600 X196.094 Y170.893
M204 S1000
G1 F1200 X188.519 Y178.468 E2631.96416
M204 S10000
G0 F9600 X188.095 Y178.468
M204 S1000
G1 F1200 X196.094 Y170.469 E2632.24635
M204 S10000
G0 F9600 X196.094 Y170.045
M204 S1000
G1 F1200 X187.671 Y178.468 E2632.54349
M204 S10000
G0 F9600 X187.246 Y178.468
M204 S1000
G1 F1200 X196.094 Y169.62 E2632.85563
M204 S10000
G0 F9600 X196.095 Y169.195
M204 S1000
G1 F1200 X186.822 Y178.468 E2633.18276
M204 S10000
G0 F9600 X186.398 Y178.468
M204 S1000
G1 F1200 X196.095 Y168.771 E2633.52484
M204 S10000
G0 F9600 X196.095 Y168.347
M204 S1000
G1 F1200 X185.974 Y178.468 E2633.88189
M204 S10000
G0 F9600 X185.549 Y178.468
M204 S1000
G1 F1200 X196.095 Y167.923 E2634.25391
M204 S10000
G0 F9600 X196.095 Y167.498
M204 S1000
G1 F1200 X185.125 Y178.468 E2634.64091
M204 S10000
G0 F9600 X184.701 Y178.468
M204 S1000
G1 F1200 X196.095 Y167.074 E2635.04286
M204 S10000
G0 F9600 X196.095 Y166.65
M204 S1000
G1 F1200 X184.276 Y178.468 E2635.45979
M204 S10000
G0 F9600 X183.852 Y178.468
M204 S1000
G1 F1200 X196.095 Y166.225 E2635.8917
M204 S10000
G0 F9600 X196.095 Y165.801
M204 S1000
G1 F1200 X183.428 Y178.468 E2636.33856
M204 S10000
G0 F9600 X183.004 Y178.468
M204 S1000
G1 F1200 X196.095 Y165.377 E2636.80038
M204 S10000
G0 F9600 X196.147 Y164.9
M204 S1000
G1 F1200 X182.579 Y178.468 E2637.27903
M204 S10000
G0 F9600 X182.155 Y178.468
M204 S1000
G1 F1200 X197.911 Y162.713 E2637.83484
M204 S10000
G0 F9600 X197.911 Y163.137
M204 S1000
G1 F1200 X197.272 Y163.775 E2637.85737
M204 S10000
G0 F9600 X197.743 Y163.729
M204 S1000
G1 F1200 X197.911 Y163.561 E2637.8633
M204 S10000
G1 F3000 E2631.8633
G0 F9600 X198.282 Y163.561
G0 X198.282 Y162.288
G0 X197.911 Y162.288
M204 S1000
G1 F3000 E2637.8633
G1 F1200 X181.731 Y178.468 E2638.43409
M204 S10000
G0 F9600 X181.307 Y178.468
M204 S1000
G1 F1200 X197.911 Y161.864 E2639.01984
M204 S10000
G0 F9600 X197.911 Y161.44
M204 S1000
G1 F1200 X180.882 Y178.468 E2639.62057
M204 S10000
G0 F9600 X180.458 Y178.468
M204 S1000
G1 F1200 X197.911 Y161.015 E2640.23627
M204 S10000
G0 F9600 X197.911 Y160.591
M204 S1000
G1 F1200 X180.034 Y178.468 E2640.86693
M204 S10000
G0 F9600 X179.61 Y178.468
M204 S1000
G1 F1200 X197.911 Y160.167 E2641.51254
M204 S10000
G0 F9600 X197.911 Y159.743
M204 S1000
G1 F1200 X179.185 Y178.468 E2642.17314
M204 S10000
G0 F9600 X178.761 Y178.468
M204 S1000
G1 F1200 X197.911 Y159.318 E2642.84871
M204 S10000
G0 F9600 X197.911 Y158.894
M204 S1000
G1 F1200 X178.337 Y178.468 E2643.53923
M204 S10000
G0 F9600 X177.913 Y178.468
M204 S1000
G1 F1200 X197.911 Y158.47 E2644.24471
M204 S10000
G0 F9600 X197.911 Y158.046
M204 S1000
G1 F1200 X177.488 Y178.468 E2644.96517
M204 S10000
G0 F9600 X177.064 Y178.468
M204 S1000
G1 F1200 X197.911 Y157.621 E2645.70061
M204 S10000
G0 F9600 X197.911 Y157.197
M204 S1000
G1 F1200 X176.64 Y178.468 E2646.451
M204 S10000
G0 F9600 X176.215 Y178.468
M204 S1000
G1 F1200 X197.911 Y156.773 E2647.21637
M204 S10000
G0 F9600 X197.911 Y156.349
M204 S1000
G1 F1200 X175.791 Y178.468 E2647.99669
M204 S10000
G0 F9600 X175.367 Y178.468
M204 S1000
G1 F1200 X197.911 Y155.924 E2648.79199
M204 S10000
G0 F9600 X197.911 Y155.5
M204 S1000
G1 F1200 X174.943 Y178.468 E2649.60225
M204 S10000
G0 F9600 X174.518 Y178.468
M204 S1000
G1 F1200 X197.911 Y155.076 E2650.42748
M204 S10000
G0 F9600 X197.911 Y154.652
M204 S1000
G1 F1200 X174.094 Y178.468 E2651.26768
M204 S10000
G0 F9600 X173.67 Y178.468
M204 S1000
G1 F1200 X197.911 Y154.227 E2652.12284
M204 S10000
G0 F9600 X197.911 Y153.803
M204 S1000
G1 F1200 X173.246 Y178.468 E2652.99297
M204 S10000
G0 F9600 X172.821 Y178.468
M204 S1000
G1 F1200 X197.911 Y153.379 E2653.87807
M204 S10000
G0 F9600 X197.911 Y152.954
M204 S1000
G1 F1200 X172.397 Y178.468 E2654.77814
M204 S10000
G0 F9600 X171.973 Y178.468
M204 S1000
G1 F1200 X197.911 Y152.53 E2655.69317
M204 S10000
G0 F9600 X197.911 Y152.106
M204 S1000
G1 F1200 X171.549 Y178.468 E2656.62317
M204 S10000
G0 F9600 X171.124 Y178.468
M204 S1000
G1 F1200 X197.911 Y151.682 E2657.56813
M204 S10000
G0 F9600 X197.911 Y151.257
M204 S1000
G1 F1200 X170.7 Y178.468 E2658.52807
M204 S10000
G0 F9600 X170.276 Y178.468
M204 S1000
G1 F1200 X197.911 Y150.833 E2659.50297
M204 S10000
G0 F9600 X197.911 Y150.409
M204 S1000
G1 F1200 X169.851 Y178.468 E2660.49285
M204 S10000
G0 F9600 X169.427 Y178.468
M204 S1000
G1 F1200 X197.911 Y149.985 E2661.49768
M204 S10000
G0 F9600 X197.911 Y149.56
M204 S1000
G1 F1200 X169.003 Y178.468 E2662.51749
M204 S10000
G0 F9600 X168.579 Y178.468
M204 S1000
G1 F1200 X197.911 Y149.136 E2663.55225
M204 S10000
G0 F9600 X197.911 Y148.712
M204 S1000
G1 F1200 X168.154 Y178.468 E2664.60199
M204 S10000
G0 F9600 X167.73 Y178.468
M204 S1000
G1 F1200 X197.911 Y148.288 E2665.66669
M204 S10000
G0 F9600 X197.911 Y147.863
M204 S1000
G1 F1200 X167.306 Y178.468 E2666.74637
M204 S10000
G0 F9600 X166.882 Y178.468
M204 S1000
G1 F1200 X197.911 Y147.439 E2667.841
M204 S10000
G0 F9600 X197.911 Y147.015
M204 S1000
G1 F1200 X166.457 Y178.468 E2668.95061
M204 S10000
G0 F9600 X166.033 Y178.468
M204 S1000
G1 F1200 X197.911 Y146.591 E2670.07517
M204 S10000
G0 F9600 X197.911 Y146.166
M204 S1000
G1 F1200 X165.609 Y178.468 E2671.21471
M204 S10000
G0 F9600 X165.399 Y178.254
M204 S1000
G1 F1200 X197.911 Y145.742 E2672.36166
M204 S10000
G0 F9600 X197.911 Y145.318
M204 S1000
G1 F1200 X165.399 Y177.83 E2673.50861
M204 S10000
G0 F9600 X165.399 Y177.406
M204 S1000
G1 F1200 X197.911 Y144.893 E2674.65557
M204 S10000
G0 F9600 X197.911 Y144.469
M204 S1000
G1 F1200 X165.399 Y176.981 E2675.80252
M204 S10000
G0 F9600 X165.399 Y176.557
M204 S1000
G1 F1200 X197.911 Y144.045 E2676.94947
M204 S10000
G0 F9600 X197.911 Y143.621
M204 S1000
G1 F1200 X165.399 Y176.133 E2678.09642
M204 S10000
G0 F9600 X165.399 Y175.708
M204 S1000
G1 F1200 X197.911 Y143.196 E2679.24337
M204 S10000
G0 F9600 X197.911 Y142.772
M204 S1000
G1 F1200 X165.399 Y175.284 E2680.39032
M204 S10000
G0 F9600 X165.399 Y174.86
M204 S1000
G1 F1200 X197.911 Y142.348 E2681.53727
M204 S10000
G0 F9600 X197.911 Y141.924
M204 S1000
G1 F1200 X165.399 Y174.436 E2682.68421
M204 S10000
G0 F9600 X165.399 Y174.011
M204 S1000
G1 F1200 X197.911 Y141.499 E2683.83116
M204 S10000
G0 F9600 X197.911 Y141.075
M204 S1000
G1 F1200 X165.399 Y173.587 E2684.97811
M204 S10000
G0 F9600 X165.399 Y173.163
M204 S1000
G1 F1200 X197.911 Y140.651 E2686.12506
M204 S10000
G0 F9600 X197.911 Y140.227
M204 S1000
G1 F1200 X165.399 Y172.739 E2687.27201
M204 S10000
G0 F9600 X165.399 Y172.314
M204 S1000
G1 F1200 X197.911 Y139.802 E2688.41896
M204 S10000
G0 F9600 X197.911 Y139.378
M204 S1000
G1 F1200 X165.399 Y171.89 E2689.56591
M204 S10000
G0 F9600 X165.399 Y171.466
M204 S1000
G1 F1200 X197.911 Y138.954 E2690.71285
M204 S10000
G0 F9600 X197.911 Y138.529
M204 S1000
G1 F1200 X165.399 Y171.042 E2691.85982
M204 S10000
G0 F9600 X165.399 Y170.617
M204 S1000
G1 F1200 X197.911 Y138.105 E2693.00677
M204 S10000
G0 F9600 X197.911 Y137.681
M204 S1000
G1 F1200 X165.399 Y170.193 E2694.15372
M204 S10000
G0 F9600 X165.399 Y169.769
M204 S1000
G1 F1200 X197.911 Y137.257 E2695.30067
M204 S10000
G0 F9600 X197.911 Y136.832
M204 S1000
G1 F1200 X165.399 Y169.345 E2696.44763
M204 S10000
G0 F9600 X165.399 Y168.92
M204 S1000
G1 F1200 X197.911 Y136.408 E2697.59458
M204 S10000
G0 F9600 X197.627 Y136.267
M204 S1000
G1 F1200 X165.399 Y168.496 E2698.73153
M204 S10000
G0 F9600 X165.399 Y168.072
M204 S1000
G1 F1200 X197.25 Y136.221 E2699.85516
M204 S10000
G0 F9600 X196.929 Y136.118
M204 S1000
G1 F1200 X165.399 Y167.647 E2700.96745
M204 S10000
G0 F9600 X165.399 Y167.223
M204 S1000
G1 F1200 X196.652 Y135.97 E2702.06998
M204 S10000
G0 F9600 X196.449 Y135.748
M204 S1000
G1 F1200 X165.399 Y166.799 E2703.16537
M204 S10000
G0 F9600 X165.399 Y166.375
M204 S1000
G1 F1200 X196.283 Y135.49 E2704.25491
M204 S10000
G0 F9600 X196.156 Y135.193
M204 S1000
G1 F1200 X165.399 Y165.95 E2705.33994
M204 S10000
G0 F9600 X165.399 Y165.526
M204 S1000
G1 F1200 X196.095 Y134.83 E2706.42283
M204 S10000
G0 F9600 X196.095 Y134.406
M204 S1000
G1 F1200 X165.399 Y165.102 E2707.50571
M204 S10000
G0 F9600 X165.399 Y164.678
M204 S1000
G1 F1200 X196.095 Y133.981 E2708.58861
M204 S10000
G0 F9600 X196.095 Y133.557
M204 S1000
G1 F1200 X165.399 Y164.253 E2709.6715
M204 S10000
G0 F9600 X165.399 Y163.829
M204 S1000
G1 F1200 X196.095 Y133.133 E2710.75438
M204 S10000
G0 F9600 X196.095 Y132.709
M204 S1000
G1 F1200 X165.399 Y163.405 E2711.83726
M204 S10000
G0 F9600 X165.399 Y162.981
M204 S1000
G1 F1200 X196.095 Y132.284 E2712.92017
M204 S10000
G0 F9600 X196.095 Y131.86
M204 S1000
G1 F1200 X165.399 Y162.556 E2714.00305
M204 S10000
G0 F9600 X165.399 Y162.132
M204 S1000
G1 F1200 X196.095 Y131.436 E2715.08594
M204 S10000
G0 F9600 X196.095 Y131.012
M204 S1000
G1 F1200 X165.399 Y161.708 E2716.16882
M204 S10000
G0 F9600 X165.399 Y161.283
M204 S1000
G1 F1200 X196.095 Y130.587 E2717.2517
M204 S10000
G0 F9600 X196.095 Y130.163
M204 S1000
G1 F1200 X165.399 Y160.859 E2718.33459
M204 S10000
G0 F9600 X165.399 Y160.435
M204 S1000
G1 F1200 X196.095 Y129.739 E2719.41747
M204 S10000
G0 F9600 X196.095 Y129.314
M204 S1000
G1 F1200 X165.399 Y160.011 E2720.50037
M204 S10000
G0 F9600 X165.399 Y159.586
M204 S1000
G1 F1200 X196.095 Y128.89 E2721.58326
M204 S10000
G0 F9600 X196.095 Y128.466
M204 S1000
G1 F1200 X165.399 Y159.162 E2722.66614
M204 S10000
G0 F9600 X165.399 Y158.738
M204 S1000
G1 F1200 X196.095 Y128.042 E2723.74903
M204 S10000
G0 F9600 X196.095 Y127.617
M204 S1000
G1 F1200 X165.399 Y158.314 E2724.83193
M204 S10000
G0 F9600 X165.399 Y157.889
M204 S1000
G1 F1200 X196.095 Y127.193 E2725.91481
M204 S10000
G0 F9600 X196.095 Y126.769
M204 S1000
G1 F1200 X165.399 Y157.465 E2726.9977
M204 S10000
G0 F9600 X165.399 Y157.041
M204 S1000
G1 F1200 X196.095 Y126.345 E2728.08058
M204 S10000
G0 F9600 X196.095 Y125.92
M204 S1000
G1 F1200 X165.399 Y156.617 E2729.16348
M204 S10000
G0 F9600 X165.399 Y156.192
M204 S1000
G1 F1200 X196.095 Y125.496 E2730.24637
M204 S10000
G0 F9600 X196.095 Y125.072
M204 S1000
G1 F1200 X165.399 Y155.768 E2731.32925
M204 S10000
G0 F9600 X165.399 Y155.344
M204 S1000
G1 F1200 X196.095 Y124.648 E2732.41214
M204 S10000
G0 F9600 X196.095 Y124.223
M204 S1000
G1 F1200 X165.399 Y154.92 E2733.49504
M204 S10000
G0 F9600 X165.399 Y154.495
M204 S1000
G1 F1200 X196.095 Y123.799 E2734.57792
M204 S10000
G0 F9600 X196.095 Y123.375
M204 S1000
G1 F1200 X165.399 Y154.071 E2735.66081
M204 S10000
G0 F9600 X165.399 Y153.647
M204 S1000
G1 F1200 X196.095 Y122.951 E2736.74369
M204 S10000
G0 F9600 X196.095 Y122.526
M204 S1000
G1 F1200 X165.399 Y153.222 E2737.82658
M204 S10000
G0 F9600 X165.399 Y152.798
M204 S1000
G1 F1200 X196.095 Y122.102 E2738.90946
M204 S10000
G0 F9600 X196.095 Y121.678
M204 S1000
G1 F1200 X165.399 Y152.374 E2739.99234
M204 S10000
G0 F9600 X165.399 Y151.95
M204 S1000
G1 F1200 X195.819 Y121.529 E2741.06551
M204 S10000
G0 F9600 X195.395 Y121.529
M204 S1000
G1 F1200 X165.399 Y151.525 E2742.1237
M204 S10000
G0 F9600 X165.399 Y151.101
M204 S1000
G1 F1200 X194.971 Y121.529 E2743.16693
M204 S10000
G0 F9600 X194.546 Y121.529
M204 S1000
G1 F1200 X165.399 Y150.677 E2744.19519
M204 S10000
G0 F9600 X165.399 Y150.253
M204 S1000
G1 F1200 X194.122 Y121.529 E2745.20849
M204 S10000
G0 F9600 X193.698 Y121.529
M204 S1000
G1 F1200 X165.399 Y149.828 E2746.20681
M204 S10000
G0 F9600 X165.399 Y149.404
M204 S1000
G1 F1200 X193.274 Y121.529 E2747.19018
M204 S10000
G0 F9600 X192.849 Y121.529
M204 S1000
G1 F1200 X165.399 Y148.98 E2748.15857
M204 S10000
G0 F9600 X165.399 Y148.556
M204 S1000
G1 F1200 X192.425 Y121.529 E2749.112
M204 S10000
G0 F9600 X192.001 Y121.529
M204 S1000
G1 F1200 X165.399 Y148.131 E2750.05046
M204 S10000
G0 F9600 X165.399 Y147.707
M204 S1000
G1 F1200 X191.577 Y121.529 E2750.97396
M204 S10000
G0 F9600 X191.152 Y121.529
M204 S1000
G1 F1200 X165.399 Y147.283 E2751.88248
M204 S10000
G0 F9600 X165.399 Y146.859
M204 S1000
G1 F1200 X190.728 Y121.529 E2752.77605
M204 S10000
G0 F9600 X190.304 Y121.529
M204 S1000
G1 F1200 X165.399 Y146.434 E2753.65464
M204 S10000
G0 F9600 X165.399 Y146.01
M204 S1000
G1 F1200 X189.88 Y121.529 E2754.51827
M204 S10000
G0 F9600 X189.455 Y121.529
M204 S1000
G1 F1200 X165.399 Y145.586 E2755.36693
M204 S10000
G0 F9600 X165.399 Y145.161
M204 S1000
G1 F1200 X189.031 Y121.529 E2756.20061
M204 S10000
G0 F9600 X188.607 Y121.529
M204 S1000
G1 F1200 X165.399 Y144.737 E2757.01934
M204 S10000
G0 F9600 X165.399 Y144.313
M204 S1000
G1 F1200 X188.183 Y121.529 E2757.82311
M204 S10000
G0 F9600 X187.758 Y121.529
M204 S1000
G1 F1200 X165.399 Y143.889 E2758.6119
M204 S10000
G0 F9600 X165.399 Y143.464
M204 S1000
G1 F1200 X187.334 Y121.529 E2759.38571
M204 S10000
G0 F9600 X186.91 Y121.529
M204 S1000
G1 F1200 X165.399 Y143.04 E2760.14457
M204 S10000
G0 F9600 X165.399 Y142.616
M204 S1000
G1 F1200 X186.485 Y121.529 E2760.88846
M204 S10000
G0 F9600 X186.061 Y121.529
M204 S1000
G1 F1200 X165.399 Y142.192 E2761.61738
M204 S10000
G0 F9600 X165.399 Y141.767
M204 S1000
G1 F1200 X185.637 Y121.529 E2762.33133
M204 S10000
G0 F9600 X185.213 Y121.529
M204 S1000
G1 F1200 X165.399 Y141.343 E2763.03032
M204 S10000
G0 F9600 X165.399 Y140.919
M204 S1000
G1 F1200 X184.788 Y121.529 E2763.71434
M204 S10000
G0 F9600 X184.364 Y121.529
M204 S1000
G1 F1200 X165.399 Y140.495 E2764.3834
M204 S10000
G0 F9600 X165.399 Y140.07
M204 S1000
G1 F1200 X183.94 Y121.529 E2765.03748
M204 S10000
G0 F9600 X183.516 Y121.529
M204 S1000
G1 F1200 X165.399 Y139.646 E2765.67661
M204 S10000
G0 F9600 X165.399 Y139.222
M204 S1000
G1 F1200 X183.091 Y121.529 E2766.30076
M204 S10000
G0 F9600 X182.667 Y121.529
M204 S1000
G1 F1200 X165.399 Y138.797 E2766.90994
M204 S10000
G0 F9600 X165.399 Y138.373
M204 S1000
G1 F1200 X182.243 Y121.529 E2767.50415
M204 S10000
G0 F9600 X181.819 Y121.529
M204 S1000
G1 F1200 X165.399 Y137.949 E2768.08341
M204 S10000
G0 F9600 X165.399 Y137.525
M204 S1000
G1 F1200 X181.394 Y121.529 E2768.6477
M204 S10000
G0 F9600 X180.97 Y121.529
M204 S1000
G1 F1200 X165.399 Y137.1 E2769.19701
M204 S10000
G0 F9600 X165.399 Y136.676
M204 S1000
G1 F1200 X180.546 Y121.529 E2769.73136
M204 S10000
G0 F9600 X180.122 Y121.529
M204 S1000
G1 F1200 X165.399 Y136.252 E2770.25075
M204 S10000
G0 F9600 X165.399 Y135.828
M204 S1000
G1 F1200 X179.697 Y121.529 E2770.75517
M204 S10000
G0 F9600 X179.273 Y121.529
M204 S1000
G1 F1200 X165.399 Y135.403 E2771.24461
M204 S10000
G0 F9600 X165.399 Y134.979
M204 S1000
G1 F1200 X178.849 Y121.529 E2771.7191
M204 S10000
G0 F9600 X178.424 Y121.529
M204 S1000
G1 F1200 X165.399 Y134.555 E2772.17861
M204 S10000
G0 F9600 X165.399 Y134.131
M204 S1000
G1 F1200 X178 Y121.529 E2772.62316
M204 S10000
G0 F9600 X177.576 Y121.529
M204 S1000
G1 F1200 X165.399 Y133.706 E2773.05274
M204 S10000
G0 F9600 X165.399 Y133.282
M204 S1000
G1 F1200 X177.152 Y121.529 E2773.46735
M204 S10000
G0 F9600 X176.727 Y121.529
M204 S1000
G1 F1200 X165.399 Y132.858 E2773.867
M204 S10000
G0 F9600 X165.399 Y132.434
M204 S1000
G1 F1200 X176.303 Y121.529 E2774.25168
M204 S10000
G0 F9600 X175.879 Y121.529
M204 S1000
G1 F1200 X165.399 Y132.009 E2774.62139
M204 S10000
G0 F9600 X165.399 Y131.585
M204 S1000
G1 F1200 X175.455 Y121.529 E2774.97615
M204 S10000
G0 F9600 X175.03 Y121.529
M204 S1000
G1 F1200 X165.399 Y131.161 E2775.31592
M204 S10000
G0 F9600 X165.399 Y130.736
M204 S1000
G1 F1200 X174.606 Y121.529 E2775.64073
M204 S10000
G0 F9600 X174.182 Y121.529
M204 S1000
G1 F1200 X165.399 Y130.312 E2775.95057
M204 S10000
G0 F9600 X165.399 Y129.888
M204 S1000
G1 F1200 X173.758 Y121.529 E2776.24546
M204 S10000
G0 F9600 X173.333 Y121.529
M204 S1000
G1 F1200 X165.399 Y129.464 E2776.52537
M204 S10000
G0 F9600 X165.399 Y129.039
M204 S1000
G1 F1200 X172.909 Y121.529 E2776.7903
M204 S10000
G0 F9600 X172.485 Y121.529
M204 S1000
G1 F1200 X165.399 Y128.615 E2777.04028
M204 S10000
G0 F9600 X165.399 Y128.191
M204 S1000
G1 F1200 X172.061 Y121.529 E2777.2753
M204 S10000
G0 F9600 X171.636 Y121.529
M204 S1000
G1 F1200 X165.399 Y127.767 E2777.49535
M204 S10000
G0 F9600 X165.399 Y127.342
M204 S1000
G1 F1200 X171.212 Y121.529 E2777.70041
M204 S10000
G0 F9600 X170.788 Y121.529
M204 S1000
G1 F1200 X165.399 Y126.918 E2777.89053
M204 S10000
G0 F9600 X165.399 Y126.494
M204 S1000
G1 F1200 X170.363 Y121.529 E2778.06566
M204 S10000
G0 F9600 X169.939 Y121.529
M204 S1000
G1 F1200 X165.399 Y126.07 E2778.22584
M204 S10000
G0 F9600 X165.399 Y125.645
M204 S1000
G1 F1200 X169.515 Y121.529 E2778.37104
M204 S10000
G0 F9600 X169.091 Y121.529
M204 S1000
G1 F1200 X165.399 Y125.221 E2778.50129
M204 S10000
G0 F9600 X165.399 Y124.797
M204 S1000
G1 F1200 X168.666 Y121.529 E2778.61656
M204 S10000
G0 F9600 X168.242 Y121.529
M204 S1000
G1 F1200 X165.399 Y124.373 E2778.71687
M204 S10000
G0 F9600 X165.399 Y123.948
M204 S1000
G1 F1200 X167.818 Y121.529 E2778.80221
M204 S10000
G0 F9600 X167.394 Y121.529
M204 S1000
G1 F1200 X165.399 Y123.524 E2778.87259
M204 S10000
G0 F9600 X165.399 Y123.1
M204 S1000
G1 F1200 X166.969 Y121.529 E2778.92799
M204 S10000
G0 F9600 X166.545 Y121.529
M204 S1000
G1 F1200 X165.399 Y122.675 E2778.96842
M204 S10000
G0 F9600 X165.399 Y122.251
M204 S1000
G1 F1200 X166.121 Y121.529 E2778.99389
M204 S10000
G0 F9600 X165.697 Y121.529
M204 S1000
G1 F1200 X165.399 Y121.827 E2779.0044
M204 S10000
G0 F9600 X164.979 Y121.827
G1 F3000 E2773.0044
;MESH:NONMESH
G0 F300 X164.979 Y121.827 Z0.96
G0 F9600 X164.293 Y120.424
G0 X159.94 Y120.424
G0 X159.972 Y109.351
G0 X159.968 Y94.832
G0 X103.356 Y94.76
G0 X103.356 Y94.97
;TIME_ELAPSED:6015.728032
;LAYER:4
M204 S1000
;TYPE:FILL
;MESH:Bottom_panel_x3.stl(2)
G1 F3000 E2779.0044
G1 F2400 X136.415 Y128.029 E2780.17065
M204 S10000
G0 F9600 X137.296 Y128.03
M204 S1000
G1 F2400 X159.828 Y105.497 E2780.96554
M204 S10000
G0 F9600 X159.828 Y106.187
M204 S1000
G1 F2400 X148.611 Y94.97 E2781.36125
M204 S10000
G0 F9600 X147.729 Y94.969
M204 S1000
G1 F2400 X114.669 Y128.029 E2782.52753
M204 S10000
G0 F9600 X113.787 Y128.028
M204 S1000
G1 F2400 X102.569 Y116.81 E2782.92328
M204 S10000
G0 F9600 X102.57 Y117.501
M204 S1000
G1 F2400 X125.102 Y94.969 E2783.71816
M204 S10000
G0 F9600 X125.983 Y94.97
M204 S1000
G1 F2400 X159.043 Y128.029 E2784.88442
M204 S10000
G0 F9600 X157.095 Y128.03
M204 S1000
G1 F2400 X159.828 Y125.296 E2784.98085
M204 S10000
G0 F9600 X159.828 Y125.986
M204 S1000
G1 F2400 X128.812 Y94.97 E2786.07502
M204 S10000
G0 F9600 X127.93 Y94.969
M204 S1000
G1 F2400 X102.57 Y120.329 E2786.96967
M204 S10000
G0 F9600 X102.569 Y119.638
M204 S1000
G1 F2400 X110.959 Y128.028 E2787.26565
M204 S10000
G0 F9600 X111.84 Y128.029
M204 S1000
G1 F2400 X144.901 Y94.969 E2788.43194
M204 S10000
G0 F9600 X145.782 Y94.97
M204 S1000
G1 F2400 X159.828 Y109.016 E2788.92745
M204 S10000
G0 F9600 X159.828 Y108.325
M204 S1000
G1 F2400 X140.124 Y128.03 E2789.62258
M204 S10000
G0 F9600 X139.244 Y128.029
M204 S1000
G1 F2400 X106.184 Y94.97 E2790.78885
M204 S10000
G0 F9600 X105.303 Y94.969
M204 S1000
G1 F2400 X102.57 Y97.702 E2790.88526
M204 S10000
G0 F9600 X102.569 Y97.011
M204 S1000
G1 F2400 X133.587 Y128.029 E2791.9795
M204 S10000
G0 F9600 X134.467 Y128.03
M204 S1000
G1 F2400 X159.828 Y102.669 E2792.87418
M204 S10000
G0 F9600 X159.828 Y103.359
M204 S1000
G1 F2400 X151.439 Y94.97 E2793.17013
M204 S10000
G0 F9600 X150.557 Y94.969
M204 S1000
G1 F2400 X117.497 Y128.029 E2794.33641
M204 S10000
G0 F9600 X116.616 Y128.028
M204 S1000
G1 F2400 X102.569 Y113.982 E2794.83194
M204 S10000
G0 F9600 X102.57 Y114.672
M204 S1000
G1 F2400 X122.273 Y94.969 E2795.52701
M204 S10000
G0 F9600 X123.155 Y94.97
M204 S1000
G1 F2400 X156.214 Y128.029 E2796.69326
M204 S10000
G0 F9600 X154.266 Y128.03
M204 S1000
G1 F2400 X159.828 Y122.468 E2796.88947
M204 S10000
G0 F9600 X159.828 Y123.158
M204 S1000
G1 F2400 X131.64 Y94.97 E2797.88388
M204 S10000
G0 F9600 X130.758 Y94.969
M204 S1000
G1 F2400 X102.57 Y123.158 E2798.87831
M204 S10000
G0 F9600 X102.569 Y122.467
M204 S1000
G1 F2400 X108.13 Y128.028 E2799.07449
M204 S10000
G0 F9600 X109.012 Y128.029
M204 S1000
G1 F2400 X142.072 Y94.969 E2800.24077
M204 S10000
G0 F9600 X142.954 Y94.97
M204 S1000
G1 F2400 X159.828 Y111.844 E2800.83604
M204 S10000
G0 F9600 X159.828 Y111.154
M204 S1000
G1 F2400 X142.952 Y128.03 E2801.43139
M204 S10000
G0 F9600 X142.072 Y128.029
M204 S1000
G1 F2400 X109.013 Y94.97 E2802.59763
M204 S10000
G0 F9600 X108.131 Y94.969
M204 S1000
G1 F2400 X102.57 Y100.53 E2802.79381
M204 S10000
G0 F9600 X102.569 Y99.839
M204 S1000
G1 F2400 X130.758 Y128.028 E2803.78826
M204 S10000
G0 F9600 X131.639 Y128.03
M204 S1000
G1 F2400 X159.828 Y99.84 E2804.78272
M204 S10000
G0 F9600 X159.828 Y100.53
M204 S1000
G1 F2400 X154.268 Y94.97 E2804.97886
M204 S10000
G0 F9600 X153.386 Y94.969
M204 S1000
G1 F2400 X120.326 Y128.029 E2806.14514
M204 S10000
G0 F9600 X119.444 Y128.028
M204 S1000
G1 F2400 X102.569 Y111.153 E2806.74045
M204 S10000
G0 F9600 X102.57 Y111.844
M204 S1000
G1 F2400 X119.445 Y94.969 E2807.33576
M204 S10000
G0 F9600 X120.326 Y94.97
M204 S1000
G1 F2400 X153.386 Y128.029 E2808.50203
M204 S10000
G0 F9600 X151.438 Y128.03
M204 S1000
G1 F2400 X159.828 Y119.639 E2808.79802
M204 S10000
G0 F9600 X159.828 Y120.329
M204 S1000
G1 F2400 X134.469 Y94.97 E2809.69263
M204 S10000
G0 F9600 X133.587 Y94.969
M204 S1000
G1 F2400 X102.57 Y125.986 E2810.78684
M204 S10000
G0 F9600 X102.569 Y125.295
M204 S1000
G1 F2400 X105.302 Y128.028 E2810.88325
M204 S10000
G0 F9600 X106.184 Y128.029
M204 S1000
G1 F2400 X139.244 Y94.969 E2812.04954
M204 S10000
G0 F9600 X140.125 Y94.97
M204 S1000
G1 F2400 X159.828 Y114.672 E2812.74459
M204 S10000
G0 F9600 X159.828 Y113.982
M204 S1000
G1 F2400 X145.781 Y128.03 E2813.24016
M204 S10000
G0 F9600 X144.901 Y128.029
M204 S1000
G1 F2400 X111.841 Y94.97 E2814.40642
M204 S10000
G0 F9600 X110.959 Y94.969
M204 S1000
G1 F2400 X102.57 Y103.359 E2814.70238
M204 S10000
G0 F9600 X102.569 Y102.668
M204 S1000
G1 F2400 X127.929 Y128.028 E2815.59703
M204 S10000
G0 F9600 X128.811 Y128.029
M204 S1000
G1 F2400 X159.828 Y97.012 E2816.69123
M204 S10000
G0 F9600 X159.828 Y97.702
M204 S1000
G1 F2400 X157.096 Y94.97 E2816.78761
M204 S10000
G0 F9600 X156.214 Y94.969
M204 S1000
G1 F2400 X123.154 Y128.029 E2817.95389
M204 S10000
G0 F9600 X122.272 Y128.028
M204 S1000
G1 F2400 X102.569 Y108.325 E2818.64897
M204 S10000
G0 F9600 X102.57 Y109.016
M204 S1000
G1 F2400 X116.616 Y94.969 E2819.1445
M204 S10000
G0 F9600 X117.498 Y94.97
M204 S1000
G1 F2400 X150.557 Y128.029 E2820.31074
M204 S10000
G0 F9600 X148.609 Y128.03
M204 S1000
G1 F2400 X159.828 Y116.811 E2820.70652
M204 S10000
G0 F9600 X159.828 Y117.501
M204 S1000
G1 F2400 X137.297 Y94.97 E2821.50137
M204 S10000
G0 F9600 X136.415 Y94.969
M204 S1000
G1 F2400 X103.355 Y128.029 E2822.66765
M204 S10000
G1 F3000 E2816.66765
G0 F9600 X125.101 Y128.028
M204 S1000
G1 F3000 E2822.66765
G1 F2400 X102.569 Y105.496 E2823.46252
M204 S10000
G0 F9600 X102.57 Y106.187
M204 S1000
G1 F2400 X113.788 Y94.969 E2823.85827
M204 S10000
G0 F9600 X114.67 Y94.97
M204 S1000
G1 F2400 X147.729 Y128.029 E2825.02451
M204 S10000
G1 F3000 E2819.02451
G0 F9600 X125.983 Y128.029
M204 S1000
G1 F3000 E2825.02451
G1 F2400 X159.043 Y94.969 E2826.1908
M204 S10000
G1 F3000 E2820.1908
G0 F9600 X159.89 Y128.09
M204 S1000
;TYPE:WALL-INNER
G1 F3000 E2826.1908
G1 F1800 X159.89 Y94.91 E2827.01847
G1 X102.51 Y94.91 E2828.44982
G1 X102.51 Y128.09 E2829.2775
G1 X159.89 Y128.09 E2830.70885
M204 S10000
G0 F9600 X160.19 Y128.39
M204 S1000
G1 F1800 X160.19 Y94.61 E2831.5515
G1 X102.21 Y94.61 E2832.99781
G1 X102.21 Y128.39 E2833.84046
G1 X160.19 Y128.39 E2835.28678
M204 S10000
G0 F9600 X160.49 Y128.69
M204 S1000
G1 F1800 X160.49 Y94.31 E2836.14439
G1 X101.91 Y94.31 E2837.60567
G1 X101.91 Y128.69 E2838.46329
G1 X160.49 Y128.69 E2839.92457
M204 S10000
G0 F9600 X160.74 Y128.94
M204 S1000
;TYPE:WALL-OUTER
G1 F1800 X160.74 Y94.06 E2840.79466
G1 X101.66 Y94.06 E2842.26841
G1 X101.66 Y128.94 E2843.1385
G1 X160.74 Y128.94 E2844.61225
M204 S10000
G0 F9600 X160.74 Y128.74
G0 X159.89 Y128.178
G1 F3000 E2838.61225
;MESH:Bottom_panel_x3.stl
G0 F9600 X159.043 Y128.77
G0 X159.043 Y132.73
G0 X159.043 Y133.469
M204 S1000
;TYPE:FILL
G1 F3000 E2844.61225
G1 F2400 X125.983 Y166.529 E2845.77853
M204 S10000
G0 F9600 X125.102 Y166.529
M204 S1000
G1 F2400 X102.57 Y143.996 E2846.57343
M204 S10000
G0 F9600 X102.57 Y144.688
M204 S1000
G1 F2400 X113.789 Y133.469 E2846.96921
M204 S10000
G0 F9600 X114.67 Y133.469
M204 S1000
G1 F2400 X147.73 Y166.529 E2848.13549
M204 S10000
G0 F9600 X148.611 Y166.529
M204 S1000
G1 F2400 X159.829 Y155.311 E2848.53124
M204 S10000
G0 F9600 X159.83 Y156.001
M204 S1000
G1 F2400 X137.298 Y133.469 E2849.32611
M204 S10000
G0 F9600 X136.416 Y133.469
M204 S1000
G1 F2400 X103.356 Y166.529 E2850.49239
M204 S10000
G0 F9600 X105.303 Y166.529
M204 S1000
G1 F2400 X102.57 Y163.795 E2850.58883
M204 S10000
G0 F9600 X102.57 Y164.487
M204 S1000
G1 F2400 X133.588 Y133.469 E2851.68307
M204 S10000
G0 F9600 X134.469 Y133.469
M204 S1000
G1 F2400 X159.83 Y158.83 E2852.57775
M204 S10000
G0 F9600 X159.829 Y158.139
M204 S1000
G1 F2400 X151.439 Y166.529 E2852.87373
M204 S10000
G0 F9600 X150.558 Y166.529
M204 S1000
G1 F2400 X117.499 Y133.469 E2854.03999
M204 S10000
G0 F9600 X116.617 Y133.469
M204 S1000
G1 F2400 X102.57 Y147.516 E2854.53554
M204 S10000
G0 F9600 X102.57 Y146.825
M204 S1000
G1 F2400 X122.274 Y166.529 E2855.23065
M204 S10000
G0 F9600 X123.155 Y166.529
M204 S1000
G1 F2400 X156.215 Y133.469 E2856.39693
M204 S10000
G0 F9600 X157.097 Y133.469
M204 S1000
G1 F2400 X159.83 Y136.202 E2856.49334
M204 S10000
G0 F9600 X159.829 Y135.512
M204 S1000
G1 F2400 X128.812 Y166.529 E2857.58755
M204 S10000
G0 F9600 X127.931 Y166.529
M204 S1000
G1 F2400 X102.57 Y141.168 E2858.48223
M204 S10000
G0 F9600 X102.57 Y141.859
M204 S1000
G1 F2400 X110.96 Y133.469 E2858.77821
M204 S10000
G0 F9600 X111.842 Y133.469
M204 S1000
G1 F2400 X144.901 Y166.529 E2859.94447
M204 S10000
G0 F9600 X145.782 Y166.529
M204 S1000
G1 F2400 X159.829 Y152.482 E2860.44002
M204 S10000
G0 F9600 X159.83 Y153.173
M204 S1000
G1 F2400 X140.126 Y133.469 E2861.13513
M204 S10000
G0 F9600 X139.244 Y133.469
M204 S1000
G1 F2400 X106.184 Y166.529 E2862.30141
M204 S10000
G0 F9600 X108.132 Y166.529
M204 S1000
G1 F2400 X102.57 Y160.967 E2862.49762
M204 S10000
G0 F9600 X102.57 Y161.658
M204 S1000
G1 F2400 X130.759 Y133.469 E2863.49207
M204 S10000
G0 F9600 X131.641 Y133.469
M204 S1000
G1 F2400 X159.83 Y161.658 E2864.48651
M204 S10000
G0 F9600 X159.829 Y160.967
M204 S1000
G1 F2400 X154.268 Y166.529 E2864.68271
M204 S10000
G0 F9600 X153.387 Y166.529
M204 S1000
G1 F2400 X120.327 Y133.469 E2865.84899
M204 S10000
G0 F9600 X119.445 Y133.469
M204 S1000
G1 F2400 X102.57 Y150.345 E2866.44432
M204 S10000
G0 F9600 X102.57 Y149.653
M204 S1000
G1 F2400 X119.445 Y166.529 E2867.03965
M204 S10000
G0 F9600 X120.326 Y166.529
M204 S1000
G1 F2400 X153.387 Y133.469 E2868.20594
M204 S10000
G0 F9600 X154.268 Y133.469
M204 S1000
G1 F2400 X159.83 Y139.031 E2868.40216
M204 S10000
G0 F9600 X159.829 Y138.34
M204 S1000
G1 F2400 X131.64 Y166.529 E2869.3966
M204 S10000
G0 F9600 X130.759 Y166.529
M204 S1000
G1 F2400 X102.57 Y138.339 E2870.39106
M204 S10000
G0 F9600 X102.57 Y139.031
M204 S1000
G1 F2400 X108.132 Y133.469 E2870.58728
M204 S10000
G0 F9600 X109.013 Y133.469
M204 S1000
G1 F2400 X142.073 Y166.529 E2871.75356
M204 S10000
G0 F9600 X142.954 Y166.529
M204 S1000
G1 F2400 X159.829 Y149.654 E2872.34887
M204 S10000
G0 F9600 X159.83 Y150.345
M204 S1000
G1 F2400 X142.955 Y133.469 E2872.9442
M204 S10000
G0 F9600 X142.073 Y133.469
M204 S1000
G1 F2400 X109.013 Y166.529 E2874.11048
M204 S10000
G0 F9600 X110.96 Y166.529
M204 S1000
G1 F2400 X102.57 Y158.138 E2874.40648
M204 S10000
G0 F9600 X102.57 Y158.83
M204 S1000
G1 F2400 X127.931 Y133.469 E2875.30115
M204 S10000
G0 F9600 X128.812 Y133.469
M204 S1000
G1 F2400 X159.83 Y164.487 E2876.3954
M204 S10000
G0 F9600 X159.829 Y163.796
M204 S1000
G1 F2400 X157.096 Y166.529 E2876.49181
M204 S10000
G0 F9600 X156.215 Y166.529
M204 S1000
G1 F2400 X123.156 Y133.469 E2877.65808
M204 S10000
G0 F9600 X122.274 Y133.469
M204 S1000
G1 F2400 X102.57 Y153.173 E2878.35319
M204 S10000
G0 F9600 X102.57 Y152.481
M204 S1000
G1 F2400 X116.617 Y166.529 E2878.84875
M204 S10000
G0 F9600 X117.498 Y166.529
M204 S1000
G1 F2400 X150.558 Y133.469 E2880.01503
M204 S10000
G0 F9600 X151.44 Y133.469
M204 S1000
G1 F2400 X159.83 Y141.859 E2880.31101
M204 S10000
G0 F9600 X159.829 Y141.168
M204 S1000
G1 F2400 X134.469 Y166.529 E2881.20567
M204 S10000
G0 F9600 X133.588 Y166.529
M204 S1000
G1 F2400 X102.57 Y135.511 E2882.29992
M204 S10000
G0 F9600 X102.57 Y136.202
M204 S1000
G1 F2400 X105.303 Y133.469 E2882.39633
M204 S10000
G0 F9600 X106.185 Y133.469
M204 S1000
G1 F2400 X139.244 Y166.529 E2883.56259
M204 S10000
G0 F9600 X140.125 Y166.529
M204 S1000
G1 F2400 X159.829 Y146.825 E2884.2577
M204 S10000
G0 F9600 X159.83 Y147.516
M204 S1000
G1 F2400 X145.783 Y133.469 E2884.75325
M204 S10000
G0 F9600 X144.901 Y133.469
M204 S1000
G1 F2400 X111.841 Y166.529 E2885.91953
M204 S10000
G0 F9600 X113.789 Y166.529
M204 S1000
G1 F2400 X102.57 Y155.31 E2886.31531
M204 S10000
G0 F9600 X102.57 Y156.001
M204 S1000
G1 F2400 X125.102 Y133.469 E2887.11019
M204 S10000
G0 F9600 X125.984 Y133.469
M204 S1000
G1 F2400 X159.043 Y166.529 E2888.27645
M204 S10000
G1 F3000 E2882.27645
G0 F9600 X137.297 Y166.529
M204 S1000
G1 F3000 E2888.27645
G1 F2400 X159.829 Y143.997 E2889.07133
M204 S10000
G0 F9600 X159.83 Y144.688
M204 S1000
G1 F2400 X148.611 Y133.469 E2889.46711
M204 S10000
G0 F9600 X147.73 Y133.469
M204 S1000
G1 F2400 X114.67 Y166.529 E2890.63339
M204 S10000
G1 F3000 E2884.63339
G0 F9600 X136.416 Y166.529
M204 S1000
G1 F3000 E2890.63339
G1 F2400 X103.357 Y133.469 E2891.79965
M204 S10000
G1 F3000 E2885.79965
G0 F9600 X159.89 Y166.59
M204 S1000
;TYPE:WALL-INNER
G1 F3000 E2891.79965
G1 F1800 X159.89 Y133.41 E2892.62733
G1 X102.51 Y133.41 E2894.05868
G1 X102.51 Y166.59 E2894.88636
G1 X159.89 Y166.59 E2896.31771
M204 S10000
G0 F9600 X160.19 Y166.89
M204 S1000
G1 F1800 X160.19 Y133.11 E2897.16036
G1 X102.21 Y133.11 E2898.60667
G1 X102.21 Y166.89 E2899.44932
G1 X160.19 Y166.89 E2900.89564
M204 S10000
G0 F9600 X160.49 Y167.19
M204 S1000
G1 F1800 X160.49 Y132.81 E2901.75325
G1 X101.91 Y132.81 E2903.21453
G1 X101.91 Y167.19 E2904.07214
G1 X160.49 Y167.19 E2905.53343
M204 S10000
G0 F9600 X160.74 Y167.44
M204 S1000
;TYPE:WALL-OUTER
G1 F1800 X160.74 Y132.56 E2906.40351
G1 X101.66 Y132.56 E2907.87727
G1 X101.66 Y167.44 E2908.74736
G1 X160.74 Y167.44 E2910.22111
M204 S10000
G0 F9600 X160.74 Y167.24
G0 X159.89 Y166.678
G1 F3000 E2904.22111
;MESH:Bottom_panel_x3.stl(1)
G0 F9600 X159.043 Y167.27
G0 X159.043 Y171.231
G0 X159.043 Y171.969
M204 S1000
;TYPE:FILL
G1 F3000 E2910.22111
G1 F2400 X125.983 Y205.029 E2911.38739
M204 S10000
G0 F9600 X125.102 Y205.029
M204 S1000
G1 F2400 X102.57 Y182.497 E2912.18227
M204 S10000
G0 F9600 X102.57 Y183.188
M204 S1000
G1 F2400 X113.789 Y171.969 E2912.57805
M204 S10000
G0 F9600 X114.67 Y171.969
M204 S1000
G1 F2400 X147.73 Y205.029 E2913.74433
M204 S10000
G0 F9600 X148.611 Y205.029
M204 S1000
G1 F2400 X159.83 Y193.81 E2914.14011
M204 S10000
G0 F9600 X159.83 Y194.502
M204 S1000
G1 F2400 X137.297 Y171.969 E2914.93502
M204 S10000
G0 F9600 X136.416 Y171.969
M204 S1000
G1 F2400 X103.356 Y205.029 E2916.1013
M204 S10000
G0 F9600 X105.303 Y205.029
M204 S1000
G1 F2400 X102.57 Y202.296 E2916.19772
M204 S10000
G0 F9600 X102.57 Y202.987
M204 S1000
G1 F2400 X133.588 Y171.969 E2917.29196
M204 S10000
G0 F9600 X134.469 Y171.969
M204 S1000
G1 F2400 X159.83 Y197.33 E2918.18664
M204 S10000
G0 F9600 X159.83 Y196.639
M204 S1000
G1 F2400 X151.439 Y205.029 E2918.48264
M204 S10000
G0 F9600 X150.558 Y205.029
M204 S1000
G1 F2400 X117.498 Y171.969 E2919.64892
M204 S10000
G0 F9600 X116.617 Y171.969
M204 S1000
G1 F2400 X102.57 Y186.017 E2920.14448
M204 S10000
G0 F9600 X102.57 Y185.325
M204 S1000
G1 F2400 X122.274 Y205.029 E2920.83959
M204 S10000
G0 F9600 X123.155 Y205.029
M204 S1000
G1 F2400 X156.215 Y171.969 E2922.00587
M204 S10000
G0 F9600 X157.096 Y171.969
M204 S1000
G1 F2400 X159.83 Y174.703 E2922.10232
M204 S10000
G0 F9600 X159.83 Y174.011
M204 S1000
G1 F2400 X128.812 Y205.029 E2923.19657
M204 S10000
G0 F9600 X127.931 Y205.029
M204 S1000
G1 F2400 X102.57 Y179.668 E2924.09125
M204 S10000
G0 F9600 X102.57 Y180.36
M204 S1000
G1 F2400 X110.96 Y171.969 E2924.38724
M204 S10000
G0 F9600 X111.841 Y171.969
M204 S1000
G1 F2400 X144.901 Y205.029 E2925.55352
M204 S10000
G0 F9600 X145.782 Y205.029
M204 S1000
G1 F2400 X159.83 Y190.982 E2926.04909
M204 S10000
G0 F9600 X159.83 Y191.674
M204 S1000
G1 F2400 X140.125 Y171.969 E2926.74423
M204 S10000
G0 F9600 X139.244 Y171.969
M204 S1000
G1 F2400 X106.184 Y205.029 E2927.91051
M204 S10000
G0 F9600 X108.132 Y205.029
M204 S1000
G1 F2400 X102.57 Y199.467 E2928.10673
M204 S10000
G0 F9600 X102.57 Y200.159
M204 S1000
G1 F2400 X130.759 Y171.969 E2929.10119
M204 S10000
G0 F9600 X131.64 Y171.969
M204 S1000
G1 F2400 X159.83 Y200.159 E2930.09567
M204 S10000
G0 F9600 X159.83 Y199.467
M204 S1000
G1 F2400 X154.268 Y205.029 E2930.29188
M204 S10000
G0 F9600 X153.387 Y205.029
M204 S1000
G1 F2400 X120.326 Y171.969 E2931.45818
M204 S10000
G0 F9600 X119.445 Y171.969
M204 S1000
G1 F2400 X102.57 Y188.845 E2932.05351
M204 S10000
G0 F9600 X102.57 Y188.154
M204 S1000
G1 F2400 X119.445 Y205.029 E2932.64882
M204 S10000
G0 F9600 X120.326 Y205.029
M204 S1000
G1 F2400 X153.387 Y171.969 E2933.81512
M204 S10000
G0 F9600 X154.268 Y171.969
M204 S1000
G1 F2400 X159.83 Y177.531 E2934.01133
M204 S10000
G0 F9600 X159.83 Y176.84
M204 S1000
G1 F2400 X131.64 Y205.029 E2935.0058
M204 S10000
G0 F9600 X130.759 Y205.029
M204 S1000
G1 F2400 X102.57 Y176.84 E2936.00024
M204 S10000
G0 F9600 X102.57 Y177.531
M204 S1000
G1 F2400 X108.132 Y171.969 E2936.19645
M204 S10000
G0 F9600 X109.013 Y171.969
M204 S1000
G1 F2400 X142.073 Y205.029 E2937.36273
M204 S10000
G0 F9600 X142.954 Y205.029
M204 S1000
G1 F2400 X159.83 Y188.154 E2937.95806
M204 S10000
G0 F9600 X159.83 Y188.845
M204 S1000
G1 F2400 X142.954 Y171.969 E2938.55341
M204 S10000
G0 F9600 X142.073 Y171.969
M204 S1000
G1 F2400 X109.013 Y205.029 E2939.71969
M204 S10000
G0 F9600 X110.96 Y205.029
M204 S1000
G1 F2400 X102.57 Y196.639 E2940.01567
M204 S10000
G0 F9600 X102.57 Y197.33
M204 S1000
G1 F2400 X127.931 Y171.969 E2940.91035
M204 S10000
G0 F9600 X128.812 Y171.969
M204 S1000
G1 F2400 X159.83 Y202.987 E2942.00459
M204 S10000
G0 F9600 X159.83 Y202.296
M204 S1000
G1 F2400 X157.096 Y205.029 E2942.10102
M204 S10000
G0 F9600 X156.215 Y205.029
M204 S1000
G1 F2400 X123.155 Y171.969 E2943.2673
M204 S10000
G0 F9600 X122.274 Y171.969
M204 S1000
G1 F2400 X102.57 Y191.674 E2943.96243
M204 S10000
G0 F9600 X102.57 Y190.982
M204 S1000
G1 F2400 X116.617 Y205.029 E2944.45798
M204 S10000
G0 F9600 X117.498 Y205.029
M204 S1000
G1 F2400 X150.558 Y171.969 E2945.62426
M204 S10000
G0 F9600 X151.439 Y171.969
M204 S1000
G1 F2400 X159.83 Y180.36 E2945.92027
M204 S10000
G0 F9600 X159.83 Y179.668
M204 S1000
G1 F2400 X134.469 Y205.029 E2946.81495
M204 S10000
G0 F9600 X133.588 Y205.029
M204 S1000
G1 F2400 X102.57 Y174.011 E2947.9092
M204 S10000
G0 F9600 X102.57 Y174.703
M204 S1000
G1 F2400 X105.303 Y171.969 E2948.00563
M204 S10000
G0 F9600 X106.184 Y171.969
M204 S1000
G1 F2400 X139.244 Y205.029 E2949.17191
M204 S10000
G0 F9600 X140.125 Y205.029
M204 S1000
G1 F2400 X159.83 Y185.325 E2949.86704
M204 S10000
G0 F9600 X159.83 Y186.017
M204 S1000
G1 F2400 X145.782 Y171.969 E2950.36262
M204 S10000
G0 F9600 X144.901 Y171.969
M204 S1000
G1 F2400 X111.841 Y205.029 E2951.5289
M204 S10000
G0 F9600 X113.789 Y205.029
M204 S1000
G1 F2400 X102.57 Y193.81 E2951.92468
M204 S10000
G0 F9600 X102.57 Y194.502
M204 S1000
G1 F2400 X125.102 Y171.969 E2952.71958
M204 S10000
G0 F9600 X125.983 Y171.969
M204 S1000
G1 F2400 X159.043 Y205.029 E2953.88586
M204 S10000
G1 F3000 E2947.88586
G0 F9600 X137.297 Y205.029
M204 S1000
G1 F3000 E2953.88586
G1 F2400 X159.83 Y182.497 E2954.68075
M204 S10000
G0 F9600 X159.83 Y183.188
M204 S1000
G1 F2400 X148.611 Y171.969 E2955.07653
M204 S10000
G0 F9600 X147.73 Y171.969
M204 S1000
G1 F2400 X114.67 Y205.029 E2956.24281
M204 S10000
G1 F3000 E2950.24281
G0 F9600 X136.416 Y205.029
M204 S1000
G1 F3000 E2956.24281
G1 F2400 X103.356 Y171.969 E2957.40909
M204 S10000
G1 F3000 E2951.40909
G0 F9600 X159.89 Y205.091
M204 S1000
;TYPE:WALL-INNER
G1 F3000 E2957.40909
G1 F1800 X159.89 Y171.911 E2958.23677
G1 X102.51 Y171.911 E2959.66812
G1 X102.51 Y205.091 E2960.4958
G1 X159.89 Y205.091 E2961.92715
M204 S10000
G0 F9600 X160.19 Y205.391
M204 S1000
G1 F1800 X160.19 Y171.611 E2962.7698
G1 X102.21 Y171.611 E2964.21611
G1 X102.21 Y205.391 E2965.05876
G1 X160.19 Y205.391 E2966.50507
M204 S10000
G0 F9600 X160.49 Y205.691
M204 S1000
G1 F1800 X160.49 Y171.311 E2967.36269
G1 X101.91 Y171.311 E2968.82397
G1 X101.91 Y205.691 E2969.68158
G1 X160.49 Y205.691 E2971.14287
M204 S10000
G0 F9600 X160.74 Y205.941
M204 S1000
;TYPE:WALL-OUTER
G1 F1800 X160.74 Y171.061 E2972.01295
G1 X101.66 Y171.061 E2973.48671
G1 X101.66 Y205.941 E2974.35679
G1 X160.74 Y205.941 E2975.83055
M204 S10000
G0 F9600 X160.74 Y205.741
G0 X159.89 Y205.179
G1 F3000 E2969.83055
;MESH:Bottom_back_panel.stl
G0 F9600 X160.57 Y178.629
G0 X164.499 Y178.629
G0 X166.861 Y178.629
M204 S1000
;TYPE:FILL
G1 F3000 E2975.83055
G1 F2400 X198.296 Y147.194 E2976.93951
G1 X198.297 Y147.149
G1 X172.518 Y121.37 E2977.84893
M204 S10000
G0 F9600 X173.209 Y121.369
M204 S1000
G1 F2400 X165.24 Y129.339 E2978.13008
M204 S10000
G0 F9600 X165.239 Y128.233
M204 S1000
G1 F2400 X198.298 Y161.292 E2979.29632
G1 X198.297 Y161.335
G1 X181.003 Y178.629 E2979.90641
M204 S10000
G0 F9600 X181.693 Y178.628
M204 S1000
G1 F2400 X165.239 Y162.174 E2980.48687
M204 S10000
G0 F9600 X165.24 Y163.28
M204 S1000
G1 F2400 X196.256 Y132.264 E2981.58105
M204 S10000
G0 F9600 X196.256 Y130.966
M204 S1000
G1 F2400 X186.66 Y121.37 E2981.91957
M204 S10000
G0 F9600 X187.351 Y121.369
M204 S1000
G1 F2400 X165.24 Y143.481 E2982.69961
M204 S10000
G0 F9600 X165.239 Y142.375
M204 S1000
G1 F2400 X196.256 Y173.392 E2983.79382
M204 S10000
G0 F9600 X196.254 Y174.692
M204 S1000
G1 F2400 X192.317 Y178.629 E2983.93271
M204 S10000
G0 F9600 X193.006 Y178.628
M204 S1000
G1 F2400 X165.239 Y150.861 E2984.91227
M204 S10000
G0 F9600 X165.24 Y151.966
M204 S1000
G1 F2400 X195.836 Y121.369 E2985.99164
M204 S10000
G0 F9600 X195.145 Y121.37
M204 S1000
G1 F2400 X196.256 Y122.48 E2986.03082
M204 S10000
G0 F9600 X196.255 Y123.779
M204 S1000
G1 F2400 X165.24 Y154.794 E2987.12495
M204 S10000
G0 F9600 X165.239 Y153.689
M204 S1000
G1 F2400 X190.178 Y178.628 E2988.00474
M204 S10000
G0 F9600 X189.489 Y178.629
M204 S1000
G1 F2400 X196.255 Y171.863 E2988.24343
M204 S10000
G0 F9600 X196.256 Y170.564
M204 S1000
G1 F2400 X165.239 Y139.547 E2989.33764
M204 S10000
G0 F9600 X165.24 Y140.652
M204 S1000
G1 F2400 X184.523 Y121.369 E2990.0179
M204 S10000
G0 F9600 X183.832 Y121.37
M204 S1000
G1 F2400 X196.256 Y133.795 E2990.45621
M204 S10000
G0 F9600 X196.297 Y135.051
M204 S1000
G1 F2400 X165.24 Y166.108 E2991.55183
M204 S10000
G0 F9600 X165.239 Y165.003
M204 S1000
G1 F2400 X178.864 Y178.628 E2992.03249
M204 S10000
G0 F9600 X178.175 Y178.629
M204 S1000
G1 F2400 X198.297 Y158.507 E2992.74235
G1 X198.298 Y158.464
G1 X165.239 Y125.405 E2993.90859
M204 S10000
G0 F9600 X165.24 Y126.51
M204 S1000
G1 F2400 X170.38 Y121.369 E2994.08994
M204 S10000
G0 F9600 X169.69 Y121.37
M204 S1000
G1 F2400 X198.297 Y149.978 E2995.09914
G1 X198.297 Y150.021
G1 X169.69 Y178.629 E2996.10835
M204 S10000
G0 F9600 X170.379 Y178.628
M204 S1000
G1 F2400 X165.239 Y173.488 E2996.28968
M204 S10000
G0 F9600 X165.24 Y174.593
M204 S1000
G1 F2400 X198.296 Y141.537 E2997.45582
G1 X198.297 Y141.492
G1 X178.175 Y121.37 E2998.16568
M204 S10000
G0 F9600 X178.866 Y121.369
M204 S1000
G1 F2400 X165.24 Y134.995 E2998.64637
M204 S10000
G0 F9600 X165.239 Y133.89
M204 S1000
G1 F2400 X196.299 Y164.95 E2999.74209
M204 S10000
G0 F9600 X196.256 Y166.205
M204 S1000
G1 F2400 X183.832 Y178.629 E3000.18038
M204 S10000
G0 F9600 X184.521 Y178.628
M204 S1000
G1 F2400 X165.239 Y159.346 E3000.86061
M204 S10000
G0 F9600 X165.24 Y160.451
M204 S1000
G1 F2400 X196.256 Y129.435 E3001.95478
M204 S10000
G0 F9600 X196.256 Y128.138
M204 S1000
G1 F2400 X189.489 Y121.37 E3002.19352
M204 S10000
G0 F9600 X190.179 Y121.369
M204 S1000
G1 F2400 X165.24 Y146.309 E3003.07333
M204 S10000
G0 F9600 X165.239 Y145.204
M204 S1000
G1 F2400 X196.255 Y176.22 E3004.16751
M204 S10000
G0 F9600 X196.254 Y177.52
M204 S1000
G1 F2400 X195.145 Y178.629 E3004.20663
M204 S10000
G0 F9600 X195.835 Y178.628
M204 S1000
G1 F2400 X165.239 Y148.032 E3005.28599
M204 S10000
G0 F9600 X165.24 Y149.138
M204 S1000
G1 F2400 X193.008 Y121.369 E3006.26559
M204 S10000
G0 F9600 X192.317 Y121.37
M204 S1000
G1 F2400 X196.256 Y125.309 E3006.40455
M204 S10000
G0 F9600 X196.255 Y126.608
M204 S1000
G1 F2400 X165.24 Y157.623 E3007.49869
M204 S10000
G0 F9600 X165.239 Y156.518
M204 S1000
G1 F2400 X187.35 Y178.628 E3008.2787
M204 S10000
G0 F9600 X186.66 Y178.629
M204 S1000
G1 F2400 X196.256 Y169.033 E3008.61722
M204 S10000
G0 F9600 X196.256 Y167.736
M204 S1000
G1 F2400 X165.239 Y136.719 E3009.71143
M204 S10000
G0 F9600 X165.24 Y137.824
M204 S1000
G1 F2400 X181.694 Y121.369 E3010.29191
M204 S10000
G0 F9600 X181.003 Y121.37
M204 S1000
G1 F2400 X198.297 Y138.664 E3010.902
G1 X198.296 Y138.708
G1 X165.24 Y171.765 E3012.06816
M204 S10000
G0 F9600 X165.239 Y170.66
M204 S1000
G1 F2400 X173.207 Y178.628 E3012.34925
M204 S10000
G0 F9600 X172.518 Y178.629
M204 S1000
G1 F2400 X198.297 Y152.85 E3013.25867
G1 X198.298 Y152.807
G1 X166.861 Y121.37 E3014.3677
M204 S10000
G0 F9600 X167.552 Y121.369
M204 S1000
G1 F2400 X165.24 Y123.682 E3014.44928
M204 S10000
G0 F9600 X165.239 Y122.576
M204 S1000
G1 F2400 X198.298 Y155.635 E3015.61553
G1 X198.297 Y155.678
G1 X175.346 Y178.629 E3016.42518
M204 S10000
G0 F9600 X176.036 Y178.628
M204 S1000
G1 F2400 X165.239 Y167.831 E3016.80608
M204 S10000
G0 F9600 X165.24 Y168.937
M204 S1000
G1 F2400 X198.267 Y135.91 E3017.97119
M204 S10000
G1 F3000 E3011.97119
G0 F9600 X198.297 Y144.321
M204 S1000
G1 F3000 E3017.97119
G1 F2400 X175.346 Y121.37 E3018.78085
M204 S10000
G0 F9600 X176.037 Y121.369
M204 S1000
G1 F2400 X165.24 Y132.167 E3019.16176
M204 S10000
G0 F9600 X165.239 Y131.062
M204 S1000
G1 F2400 X198.267 Y164.089 E3020.3269
M204 S10000
G1 F3000 E3014.3269
G0 F9600 X198.296 Y144.365
M204 S1000
G1 F3000 E3020.3269
G1 F2400 X165.24 Y177.422 E3021.49305
M204 S10000
G0 F9600 X165.239 Y176.317
M204 S1000
G1 F2400 X167.551 Y178.628 E3021.5746
M204 S10000
G1 F3000 E3015.5746
G0 F9600 X165.18 Y178.689
M204 S1000
;TYPE:WALL-INNER
G1 F3000 E3021.5746
G1 F1800 X196.315 Y178.689 E3022.35126
G1 X196.317 Y165.152 E3022.68895
G1 X196.352 Y164.924 E3022.6947
G1 X196.539 Y164.552 E3022.70509
G1 X196.828 Y164.298 E3022.71468
G1 X197.039 Y164.203 E3022.72046
G1 X197.366 Y164.15 E3022.72872
G1 X198.359 Y164.15 E3022.75349
G1 X198.358 Y135.85 E3023.45944
G1 X197.366 Y135.85 E3023.48418
G1 X197.04 Y135.798 E3023.49242
G1 X196.829 Y135.703 E3023.49819
G1 X196.602 Y135.521 E3023.50545
G1 X196.437 Y135.291 E3023.51251
G1 X196.317 Y134.848 E3023.52396
G1 X196.316 Y121.31 E3023.86166
G1 X165.18 Y121.311 E3024.63836
G1 X165.18 Y178.689 E3026.06966
M204 S10000
G0 F9600 X164.88 Y178.989
M204 S1000
G1 F1800 X196.615 Y178.989 E3026.86129
G1 X196.618 Y165.134 E3027.2069
G1 X196.721 Y164.784 E3027.216
G1 X196.982 Y164.556 E3027.22465
G1 X197.132 Y164.487 E3027.22877
G1 X197.366 Y164.45 E3027.23468
G1 X198.659 Y164.45 E3027.26693
G1 X198.658 Y135.55 E3027.98784
G1 X197.366 Y135.55 E3028.02007
G1 X197.133 Y135.513 E3028.02596
G1 X196.82 Y135.315 E3028.0352
G1 X196.674 Y135.092 E3028.04185
G1 X196.618 Y134.866 E3028.04765
G1 X196.616 Y121.01 E3028.39329
G1 X164.88 Y121.011 E3029.18495
G1 X164.88 Y178.989 E3030.63122
M204 S10000
G0 F9600 X164.58 Y179.289
M204 S1000
G1 F1800 X196.915 Y179.289 E3031.43782
G1 X196.917 Y165.16 E3031.79027
G1 X197.011 Y164.922 E3031.79665
G1 X197.135 Y164.813 E3031.80077
G1 X197.366 Y164.75 E3031.80674
G1 X198.959 Y164.75 E3031.84648
G1 X198.958 Y135.25 E3032.58236
G1 X197.266 Y135.25 E3032.62457
G1 X197.077 Y135.146 E3032.62995
G1 X196.917 Y134.92 E3032.63686
G1 X196.916 Y120.71 E3032.99133
G1 X164.58 Y120.711 E3033.79795
G1 X164.58 Y179.289 E3035.25918
M204 S10000
G0 F9600 X164.33 Y179.539
M204 S1000
;TYPE:WALL-OUTER
G1 F1800 X197.165 Y179.539 E3036.07826
G1 X197.172 Y165.147 E3036.43727
G1 X197.237 Y165.046 E3036.44026
G1 X197.321 Y165 E3036.44265
G1 X199.209 Y165 E3036.48975
G1 X199.208 Y135 E3037.2381
G1 X197.319 Y135 E3037.28522
G1 X197.237 Y134.954 E3037.28757
G1 X197.168 Y134.835 E3037.291
G1 X197.166 Y120.46 E3037.64959
G1 X164.33 Y120.461 E3038.46868
G1 X164.33 Y179.539 E3039.94239
M204 S10000
G0 F9600 X164.53 Y179.539
G0 X165.092 Y178.689
G1 F3000 E3033.94239
;MESH:NONMESH
G0 F300 X165.092 Y178.689 Z1.16
G0 F9600 X164.493 Y120.624
G0 X160.57 Y120.624
G0 X103.555 Y95.169
;TIME_ELAPSED:6346.310579
;LAYER:5
M204 S1000
;TYPE:FILL
;MESH:Bottom_panel_x3.stl(2)
G1 F3000 E3039.94239
G1 F2400 X136.215 Y127.829 E3041.09456
M204 S10000
G0 F9600 X137.496 Y127.83
M204 S1000
G1 F2400 X159.628 Y105.697 E3041.87534
M204 S10000
G0 F9600 X159.629 Y105.988
M204 S1000
G1 F2400 X148.81 Y95.169 E3042.25701
M204 S10000
G0 F9600 X147.529 Y95.169
M204 S1000
G1 F2400 X114.868 Y127.83 E3043.40922
M204 S10000
G0 F9600 X113.588 Y127.829
M204 S1000
G1 F2400 X102.769 Y117.01 E3043.79089
M204 S10000
G0 F9600 X102.769 Y117.301
M204 S1000
G1 F2400 X124.901 Y95.169 E3044.57165
M204 S10000
G0 F9600 X126.183 Y95.169
M204 S1000
G1 F2400 X158.843 Y127.829 E3045.72382
M204 S10000
G0 F9600 X157.295 Y127.83
M204 S1000
G1 F2400 X159.628 Y125.496 E3045.80614
M204 S10000
G0 F9600 X159.629 Y125.787
M204 S1000
G1 F2400 X129.011 Y95.169 E3046.88628
M204 S10000
G0 F9600 X127.73 Y95.169
M204 S1000
G1 F2400 X102.769 Y120.13 E3047.76684
M204 S10000
G0 F9600 X102.769 Y119.839
M204 S1000
G1 F2400 X110.759 Y127.829 E3048.04871
M204 S10000
G0 F9600 X112.04 Y127.83
M204 S1000
G1 F2400 X144.7 Y95.169 E3049.2009
M204 S10000
G0 F9600 X145.982 Y95.169
M204 S1000
G1 F2400 X159.629 Y108.816 E3049.68233
M204 S10000
G0 F9600 X159.628 Y108.526
M204 S1000
G1 F2400 X140.324 Y127.83 E3050.36333
M204 S10000
G0 F9600 X139.044 Y127.829
M204 S1000
G1 F2400 X106.384 Y95.169 E3051.5155
M204 S10000
G0 F9600 X105.102 Y95.169
M204 S1000
G1 F2400 X102.769 Y97.502 E3051.59781
M204 S10000
G0 F9600 X102.769 Y97.211
M204 S1000
G1 F2400 X133.387 Y127.829 E3052.67794
M204 S10000
G0 F9600 X134.667 Y127.83
M204 S1000
G1 F2400 X159.628 Y102.869 E3053.55851
M204 S10000
G0 F9600 X159.629 Y103.159
M204 S1000
G1 F2400 X151.639 Y95.169 E3053.84037
M204 S10000
G0 F9600 X150.357 Y95.169
M204 S1000
G1 F2400 X117.697 Y127.83 E3054.99256
M204 S10000
G0 F9600 X116.416 Y127.829
M204 S1000
G1 F2400 X102.769 Y114.182 E3055.474
M204 S10000
G0 F9600 X102.769 Y114.473
M204 S1000
G1 F2400 X122.073 Y95.169 E3056.155
M204 S10000
G0 F9600 X123.354 Y95.169
M204 S1000
G1 F2400 X156.014 Y127.829 E3057.30717
M204 S10000
G0 F9600 X154.466 Y127.83
M204 S1000
G1 F2400 X159.628 Y122.668 E3057.48927
M204 S10000
G0 F9600 X159.629 Y122.958
M204 S1000
G1 F2400 X131.84 Y95.169 E3058.4696
M204 S10000
G0 F9600 X130.558 Y95.169
M204 S1000
G1 F2400 X102.769 Y122.958 E3059.44993
M204 S10000
G0 F9600 X102.769 Y122.667
M204 S1000
G1 F2400 X107.931 Y127.829 E3059.63204
M204 S10000
G0 F9600 X109.211 Y127.83
M204 S1000
G1 F2400 X141.872 Y95.169 E3060.78424
M204 S10000
G0 F9600 X143.153 Y95.169
M204 S1000
G1 F2400 X159.629 Y111.645 E3061.36548
M204 S10000
G0 F9600 X159.628 Y111.354
M204 S1000
G1 F2400 X143.153 Y127.83 E3061.9467
M204 S10000
G0 F9600 X141.872 Y127.829
M204 S1000
G1 F2400 X109.212 Y95.169 E3063.09887
M204 S10000
G0 F9600 X107.931 Y95.169
M204 S1000
G1 F2400 X102.769 Y100.331 E3063.28097
M204 S10000
G0 F9600 X102.769 Y100.04
M204 S1000
G1 F2400 X130.558 Y127.829 E3064.2613
M204 S10000
G0 F9600 X131.839 Y127.83
M204 S1000
G1 F2400 X159.628 Y100.04 E3065.24165
M204 S10000
G0 F9600 X159.629 Y100.331
M204 S1000
G1 F2400 X154.467 Y95.169 E3065.42375
M204 S10000
G0 F9600 X153.186 Y95.169
M204 S1000
G1 F2400 X120.525 Y127.83 E3066.57596
M204 S10000
G0 F9600 X119.245 Y127.829
M204 S1000
G1 F2400 X102.769 Y111.353 E3067.1572
M204 S10000
G0 F9600 X102.769 Y111.645
M204 S1000
G1 F2400 X119.245 Y95.169 E3067.73843
M204 S10000
G0 F9600 X120.526 Y95.169
M204 S1000
G1 F2400 X153.186 Y127.829 E3068.8906
M204 S10000
G0 F9600 X151.638 Y127.83
M204 S1000
G1 F2400 X159.628 Y119.839 E3069.17249
M204 S10000
G0 F9600 X159.629 Y120.13
M204 S1000
G1 F2400 X134.668 Y95.169 E3070.05305
M204 S10000
G0 F9600 X133.387 Y95.169
M204 S1000
G1 F2400 X102.769 Y125.787 E3071.13319
M204 S10000
G0 F9600 X102.769 Y125.495
M204 S1000
G1 F2400 X105.102 Y127.829 E3071.21551
M204 S10000
G0 F9600 X106.383 Y127.83
M204 S1000
G1 F2400 X139.044 Y95.169 E3072.36771
M204 S10000
G0 F9600 X140.325 Y95.169
M204 S1000
G1 F2400 X159.629 Y114.473 E3073.04871
M204 S10000
G0 F9600 X159.628 Y114.182
M204 S1000
G1 F2400 X145.981 Y127.83 E3073.53016
M204 S10000
G0 F9600 X144.7 Y127.829
M204 S1000
G1 F2400 X112.041 Y95.169 E3074.68232
M204 S10000
G0 F9600 X110.759 Y95.169
M204 S1000
G1 F2400 X102.769 Y103.159 E3074.96419
M204 S10000
G0 F9600 X102.769 Y102.868
M204 S1000
G1 F2400 X127.73 Y127.829 E3075.84475
M204 S10000
G0 F9600 X129.01 Y127.83
M204 S1000
G1 F2400 X159.628 Y97.212 E3076.92488
M204 S10000
G0 F9600 X159.629 Y97.502
M204 S1000
G1 F2400 X157.295 Y95.169 E3077.00721
M204 S10000
G0 F9600 X156.014 Y95.169
M204 S1000
G1 F2400 X123.354 Y127.83 E3078.15939
M204 S10000
G0 F9600 X122.073 Y127.829
M204 S1000
G1 F2400 X102.769 Y108.525 E3078.84039
M204 S10000
G0 F9600 X102.769 Y108.816
M204 S1000
G1 F2400 X116.416 Y95.169 E3079.32183
M204 S10000
G0 F9600 X117.697 Y95.169
M204 S1000
G1 F2400 X150.357 Y127.829 E3080.474
M204 S10000
G0 F9600 X148.809 Y127.83
M204 S1000
G1 F2400 X159.628 Y117.011 E3080.85567
M204 S10000
G0 F9600 X159.629 Y117.301
M204 S1000
G1 F2400 X137.496 Y95.169 E3081.63645
M204 S10000
G0 F9600 X136.215 Y95.169
M204 S1000
G1 F2400 X103.555 Y127.83 E3082.78864
M204 S10000
G1 F3000 E3076.78864
G0 F9600 X124.901 Y127.829
M204 S1000
G1 F3000 E3082.78864
G1 F2400 X102.769 Y105.696 E3083.56942
M204 S10000
G0 F9600 X102.769 Y105.988
M204 S1000
G1 F2400 X113.588 Y95.169 E3083.95109
M204 S10000
G0 F9600 X114.869 Y95.169
M204 S1000
G1 F2400 X147.529 Y127.829 E3085.10326
M204 S10000
G1 F3000 E3079.10326
G0 F9600 X126.182 Y127.83
M204 S1000
G1 F3000 E3085.10326
G1 F2400 X158.843 Y95.169 E3086.25547
M204 S10000
G1 F3000 E3080.25547
G0 F9600 X159.69 Y127.89
M204 S1000
;TYPE:WALL-INNER
G1 F3000 E3086.25547
G1 F1800 X159.69 Y95.11 E3087.07317
G1 X102.71 Y95.11 E3088.49454
G1 X102.71 Y127.89 E3089.31224
G1 X159.69 Y127.89 E3090.73361
M204 S10000
G0 F9600 X159.99 Y128.19
M204 S1000
G1 F1800 X159.99 Y94.81 E3091.56628
G1 X102.41 Y94.81 E3093.00262
G1 X102.41 Y128.19 E3093.83528
G1 X159.99 Y128.19 E3095.27162
M204 S10000
G0 F9600 X160.29 Y128.49
M204 S1000
G1 F1800 X160.29 Y94.51 E3096.11926
G1 X102.11 Y94.51 E3097.57056
G1 X102.11 Y128.49 E3098.4182
G1 X160.29 Y128.49 E3099.8695
M204 S10000
G0 F9600 X160.54 Y128.74
M204 S1000
;TYPE:WALL-OUTER
G1 F1800 X160.54 Y94.26 E3100.72961
G1 X101.86 Y94.26 E3102.19339
G1 X101.86 Y128.74 E3103.0535
G1 X160.54 Y128.74 E3104.51728
M204 S10000
G0 F9600 X160.54 Y128.54
G0 X159.69 Y127.978
G1 F3000 E3098.51728
;MESH:Bottom_panel_x3.stl
G0 F9600 X158.843 Y128.57
G0 X158.843 Y132.93
G0 X158.843 Y133.669
M204 S1000
;TYPE:FILL
G1 F3000 E3104.51728
G1 F2400 X126.183 Y166.329 E3105.66945
M204 S10000
G0 F9600 X124.902 Y166.329
M204 S1000
G1 F2400 X102.77 Y144.196 E3106.45023
M204 S10000
G0 F9600 X102.77 Y144.488
M204 S1000
G1 F2400 X113.588 Y133.669 E3106.83188
M204 S10000
G0 F9600 X114.87 Y133.67
M204 S1000
G1 F2400 X147.53 Y166.329 E3107.98403
M204 S10000
G0 F9600 X148.811 Y166.329
M204 S1000
G1 F2400 X159.629 Y155.511 E3108.36567
M204 S10000
G0 F9600 X159.63 Y155.801
M204 S1000
G1 F2400 X137.498 Y133.67 E3109.14642
M204 S10000
G0 F9600 X136.216 Y133.669
M204 S1000
G1 F2400 X103.556 Y166.329 E3110.29859
M204 S10000
G0 F9600 X105.103 Y166.329
M204 S1000
G1 F2400 X102.77 Y163.995 E3110.38091
M204 S10000
G0 F9600 X102.77 Y164.287
M204 S1000
G1 F2400 X133.387 Y133.669 E3111.46102
M204 S10000
G0 F9600 X134.669 Y133.67
M204 S1000
G1 F2400 X159.63 Y158.63 E3112.34157
M204 S10000
G0 F9600 X159.629 Y158.339
M204 S1000
G1 F2400 X151.639 Y166.329 E3112.62344
M204 S10000
G0 F9600 X150.358 Y166.329
M204 S1000
G1 F2400 X117.699 Y133.67 E3113.77557
M204 S10000
G0 F9600 X116.417 Y133.669
M204 S1000
G1 F2400 X102.77 Y147.316 E3114.25701
M204 S10000
G0 F9600 X102.77 Y147.025
M204 S1000
G1 F2400 X122.074 Y166.329 E3114.93801
M204 S10000
G0 F9600 X123.355 Y166.329
M204 S1000
G1 F2400 X156.015 Y133.669 E3116.09018
M204 S10000
G0 F9600 X157.297 Y133.67
M204 S1000
G1 F2400 X159.63 Y136.002 E3116.17246
M204 S10000
G0 F9600 X159.629 Y135.712
M204 S1000
G1 F2400 X129.012 Y166.329 E3117.25256
M204 S10000
G0 F9600 X127.731 Y166.329
M204 S1000
G1 F2400 X102.77 Y141.368 E3118.13313
M204 S10000
G0 F9600 X102.77 Y141.659
M204 S1000
G1 F2400 X110.76 Y133.669 E3118.415
M204 S10000
G0 F9600 X112.042 Y133.67
M204 S1000
G1 F2400 X144.701 Y166.329 E3119.56713
M204 S10000
G0 F9600 X145.982 Y166.329
M204 S1000
G1 F2400 X159.629 Y152.682 E3120.04857
M204 S10000
G0 F9600 X159.63 Y152.973
M204 S1000
G1 F2400 X140.326 Y133.67 E3120.72955
M204 S10000
G0 F9600 X139.044 Y133.669
M204 S1000
G1 F2400 X106.384 Y166.329 E3121.88172
M204 S10000
G0 F9600 X107.932 Y166.329
M204 S1000
G1 F2400 X102.77 Y161.167 E3122.06382
M204 S10000
G0 F9600 X102.77 Y161.458
M204 S1000
G1 F2400 X130.559 Y133.669 E3123.04415
M204 S10000
G0 F9600 X131.841 Y133.67
M204 S1000
G1 F2400 X159.63 Y161.458 E3124.02447
M204 S10000
G0 F9600 X159.629 Y161.168
M204 S1000
G1 F2400 X154.468 Y166.329 E3124.20654
M204 S10000
G0 F9600 X153.186 Y166.329
M204 S1000
G1 F2400 X120.527 Y133.67 E3125.35867
M204 S10000
G0 F9600 X119.245 Y133.669
M204 S1000
G1 F2400 X102.77 Y150.144 E3125.93987
M204 S10000
G0 F9600 X102.77 Y149.853
M204 S1000
G1 F2400 X119.245 Y166.329 E3126.52109
M204 S10000
G0 F9600 X120.527 Y166.329
M204 S1000
G1 F2400 X153.186 Y133.669 E3127.67324
M204 S10000
G0 F9600 X154.468 Y133.67
M204 S1000
G1 F2400 X159.63 Y138.831 E3127.85533
M204 S10000
G0 F9600 X159.629 Y138.54
M204 S1000
G1 F2400 X131.84 Y166.329 E3128.83566
M204 S10000
G0 F9600 X130.559 Y166.329
M204 S1000
G1 F2400 X102.77 Y138.539 E3129.81601
M204 S10000
G0 F9600 X102.77 Y138.831
M204 S1000
G1 F2400 X107.932 Y133.669 E3129.99811
M204 S10000
G0 F9600 X109.214 Y133.67
M204 S1000
G1 F2400 X141.873 Y166.329 E3131.15025
M204 S10000
G0 F9600 X143.154 Y166.329
M204 S1000
G1 F2400 X159.629 Y149.854 E3131.73145
M204 S10000
G0 F9600 X159.63 Y150.144
M204 S1000
G1 F2400 X143.155 Y133.67 E3132.31263
M204 S10000
G0 F9600 X141.873 Y133.669
M204 S1000
G1 F2400 X109.213 Y166.329 E3133.4648
M204 S10000
G0 F9600 X110.76 Y166.329
M204 S1000
G1 F2400 X102.77 Y158.338 E3133.74669
M204 S10000
G0 F9600 X102.77 Y158.63
M204 S1000
G1 F2400 X127.731 Y133.669 E3134.62725
M204 S10000
G0 F9600 X129.013 Y133.67
M204 S1000
G1 F2400 X159.63 Y164.287 E3135.70735
M204 S10000
G0 F9600 X159.629 Y163.996
M204 S1000
G1 F2400 X157.296 Y166.329 E3135.78965
M204 S10000
G0 F9600 X156.015 Y166.329
M204 S1000
G1 F2400 X123.356 Y133.67 E3136.94179
M204 S10000
G0 F9600 X122.074 Y133.669
M204 S1000
G1 F2400 X102.77 Y152.973 E3137.62279
M204 S10000
G0 F9600 X102.77 Y152.682
M204 S1000
G1 F2400 X116.417 Y166.329 E3138.10422
M204 S10000
G0 F9600 X117.698 Y166.329
M204 S1000
G1 F2400 X150.358 Y133.669 E3139.25639
M204 S10000
G0 F9600 X151.64 Y133.67
M204 S1000
G1 F2400 X159.63 Y141.659 E3139.53824
M204 S10000
G0 F9600 X159.629 Y141.369
M204 S1000
G1 F2400 X134.669 Y166.329 E3140.41877
M204 S10000
G0 F9600 X133.387 Y166.329
M204 S1000
G1 F2400 X102.77 Y135.711 E3141.49889
M204 S10000
G0 F9600 X102.77 Y136.002
M204 S1000
G1 F2400 X105.103 Y133.669 E3141.58119
M204 S10000
G0 F9600 X106.385 Y133.67
M204 S1000
G1 F2400 X139.044 Y166.329 E3142.73333
M204 S10000
G0 F9600 X140.326 Y166.329
M204 S1000
G1 F2400 X159.629 Y147.025 E3143.41431
M204 S10000
G0 F9600 X159.63 Y147.316
M204 S1000
G1 F2400 X145.983 Y133.67 E3143.89573
M204 S10000
G0 F9600 X144.701 Y133.669
M204 S1000
G1 F2400 X112.041 Y166.329 E3145.0479
M204 S10000
G0 F9600 X113.588 Y166.329
M204 S1000
G1 F2400 X102.77 Y155.51 E3145.42955
M204 S10000
G0 F9600 X102.77 Y155.801
M204 S1000
G1 F2400 X124.902 Y133.669 E3146.21031
M204 S10000
G0 F9600 X126.184 Y133.67
M204 S1000
G1 F2400 X158.843 Y166.329 E3147.36245
M204 S10000
G1 F3000 E3141.36245
G0 F9600 X137.497 Y166.329
M204 S1000
G1 F3000 E3147.36245
G1 F2400 X159.629 Y144.197 E3148.14321
M204 S10000
G0 F9600 X159.63 Y144.488
M204 S1000
G1 F2400 X148.812 Y133.67 E3148.52485
M204 S10000
G0 F9600 X147.53 Y133.669
M204 S1000
G1 F2400 X114.87 Y166.329 E3149.67702
M204 S10000
G1 F3000 E3143.67702
G0 F9600 X136.216 Y166.329
M204 S1000
G1 F3000 E3149.67702
G1 F2400 X103.557 Y133.67 E3150.82915
M204 S10000
G1 F3000 E3144.82915
G0 F9600 X159.69 Y166.39
M204 S1000
;TYPE:WALL-INNER
G1 F3000 E3150.82915
G1 F1800 X159.69 Y133.61 E3151.64685
G1 X102.71 Y133.61 E3153.06823
G1 X102.71 Y166.39 E3153.88593
G1 X159.69 Y166.39 E3155.3073
M204 S10000
G0 F9600 X159.99 Y166.69
M204 S1000
G1 F1800 X159.99 Y133.31 E3156.13997
G1 X102.41 Y133.31 E3157.5763
G1 X102.41 Y166.69 E3158.40897
G1 X159.99 Y166.69 E3159.84531
M204 S10000
G0 F9600 X160.29 Y166.99
M204 S1000
G1 F1800 X160.29 Y133.01 E3160.69295
G1 X102.11 Y133.01 E3162.14425
G1 X102.11 Y166.99 E3162.99189
G1 X160.29 Y166.99 E3164.44319
M204 S10000
G0 F9600 X160.54 Y167.24
M204 S1000
;TYPE:WALL-OUTER
G1 F1800 X160.54 Y132.76 E3165.3033
G1 X101.86 Y132.76 E3166.76708
G1 X101.86 Y167.24 E3167.62718
G1 X160.54 Y167.24 E3169.09096
M204 S10000
G0 F9600 X160.54 Y167.04
G0 X159.69 Y166.478
G1 F3000 E3163.09096
;MESH:Bottom_panel_x3.stl(1)
G0 F9600 X158.843 Y167.07
G0 X158.843 Y171.431
G0 X158.843 Y172.169
M204 S1000
;TYPE:FILL
G1 F3000 E3169.09096
G1 F2400 X126.183 Y204.83 E3170.24315
M204 S10000
G0 F9600 X124.902 Y204.829
M204 S1000
G1 F2400 X102.769 Y182.696 E3171.02395
M204 S10000
G0 F9600 X102.77 Y182.988
M204 S1000
G1 F2400 X113.588 Y172.169 E3171.4056
M204 S10000
G0 F9600 X114.87 Y172.169
M204 S1000
G1 F2400 X147.53 Y204.829 E3172.55777
M204 S10000
G0 F9600 X148.81 Y204.83
M204 S1000
G1 F2400 X159.63 Y194.011 E3172.93946
M204 S10000
G0 F9600 X159.63 Y194.302
M204 S1000
G1 F2400 X137.497 Y172.169 E3173.72026
M204 S10000
G0 F9600 X136.216 Y172.169
M204 S1000
G1 F2400 X103.555 Y204.83 E3174.87247
M204 S10000
G0 F9600 X105.103 Y204.829
M204 S1000
G1 F2400 X102.769 Y202.495 E3174.9548
M204 S10000
G0 F9600 X102.77 Y202.787
M204 S1000
G1 F2400 X133.387 Y172.169 E3176.03492
M204 S10000
G0 F9600 X134.669 Y172.169
M204 S1000
G1 F2400 X159.63 Y197.13 E3176.91549
M204 S10000
G0 F9600 X159.63 Y196.839
M204 S1000
G1 F2400 X151.639 Y204.83 E3177.19739
M204 S10000
G0 F9600 X150.358 Y204.829
M204 S1000
G1 F2400 X117.698 Y172.169 E3178.34956
M204 S10000
G0 F9600 X116.417 Y172.169
M204 S1000
G1 F2400 X102.77 Y185.817 E3178.83101
M204 S10000
G0 F9600 X102.769 Y185.525
M204 S1000
G1 F2400 X122.074 Y204.829 E3179.51203
M204 S10000
G0 F9600 X123.354 Y204.83
M204 S1000
G1 F2400 X156.015 Y172.169 E3180.66424
M204 S10000
G0 F9600 X157.296 Y172.169
M204 S1000
G1 F2400 X159.63 Y174.503 E3180.74657
M204 S10000
G0 F9600 X159.63 Y174.212
M204 S1000
G1 F2400 X129.011 Y204.83 E3181.82672
M204 S10000
G0 F9600 X127.731 Y204.829
M204 S1000
G1 F2400 X102.769 Y179.868 E3182.70731
M204 S10000
G0 F9600 X102.77 Y180.16
M204 S1000
G1 F2400 X110.76 Y172.169 E3182.9892
M204 S10000
G0 F9600 X112.041 Y172.169
M204 S1000
G1 F2400 X144.701 Y204.829 E3184.14136
M204 S10000
G0 F9600 X145.982 Y204.83
M204 S1000
G1 F2400 X159.63 Y191.182 E3184.62283
M204 S10000
G0 F9600 X159.63 Y191.473
M204 S1000
G1 F2400 X140.326 Y172.169 E3185.30384
M204 S10000
G0 F9600 X139.044 Y172.169
M204 S1000
G1 F2400 X106.384 Y204.83 E3186.45602
M204 S10000
G0 F9600 X107.932 Y204.829
M204 S1000
G1 F2400 X102.769 Y199.667 E3186.63814
M204 S10000
G0 F9600 X102.77 Y199.959
M204 S1000
G1 F2400 X130.559 Y172.169 E3187.61849
M204 S10000
G0 F9600 X131.84 Y172.169
M204 S1000
G1 F2400 X159.63 Y199.959 E3188.59886
M204 S10000
G0 F9600 X159.63 Y199.667
M204 S1000
G1 F2400 X154.467 Y204.83 E3188.781
M204 S10000
G0 F9600 X153.186 Y204.829
M204 S1000
G1 F2400 X120.527 Y172.169 E3189.93315
M204 S10000
G0 F9600 X119.245 Y172.169
M204 S1000
G1 F2400 X102.77 Y188.645 E3190.51437
M204 S10000
G0 F9600 X102.769 Y188.353
M204 S1000
G1 F2400 X119.245 Y204.829 E3191.09561
M204 S10000
G0 F9600 X120.526 Y204.83
M204 S1000
G1 F2400 X153.186 Y172.169 E3192.24779
M204 S10000
G0 F9600 X154.468 Y172.169
M204 S1000
G1 F2400 X159.63 Y177.331 E3192.4299
M204 S10000
G0 F9600 X159.63 Y177.04
M204 S1000
G1 F2400 X131.84 Y204.83 E3193.41026
M204 S10000
G0 F9600 X130.559 Y204.829
M204 S1000
G1 F2400 X102.769 Y177.039 E3194.39063
M204 S10000
G0 F9600 X102.77 Y177.331
M204 S1000
G1 F2400 X107.932 Y172.169 E3194.57273
M204 S10000
G0 F9600 X109.213 Y172.169
M204 S1000
G1 F2400 X141.873 Y204.829 E3195.7249
M204 S10000
G0 F9600 X143.153 Y204.83
M204 S1000
G1 F2400 X159.63 Y188.354 E3196.30616
M204 S10000
G0 F9600 X159.63 Y188.645
M204 S1000
G1 F2400 X143.154 Y172.169 E3196.88739
M204 S10000
G0 F9600 X141.873 Y172.169
M204 S1000
G1 F2400 X109.212 Y204.83 E3198.0396
M204 S10000
G0 F9600 X110.76 Y204.829
M204 S1000
G1 F2400 X102.769 Y196.838 E3198.3215
M204 S10000
G0 F9600 X102.77 Y197.13
M204 S1000
G1 F2400 X127.731 Y172.169 E3199.20207
M204 S10000
G0 F9600 X129.012 Y172.169
M204 S1000
G1 F2400 X159.63 Y202.787 E3200.2822
M204 S10000
G0 F9600 X159.63 Y202.496
M204 S1000
G1 F2400 X157.295 Y204.83 E3200.36456
M204 S10000
G0 F9600 X156.015 Y204.829
M204 S1000
G1 F2400 X123.355 Y172.169 E3201.51673
M204 S10000
G0 F9600 X122.074 Y172.169
M204 S1000
G1 F2400 X102.77 Y191.473 E3202.19773
M204 S10000
G0 F9600 X102.769 Y191.181
M204 S1000
G1 F2400 X116.417 Y204.829 E3202.6792
M204 S10000
G0 F9600 X117.697 Y204.83
M204 S1000
G1 F2400 X150.358 Y172.169 E3203.8314
M204 S10000
G0 F9600 X151.639 Y172.169
M204 S1000
G1 F2400 X159.63 Y180.16 E3204.11331
M204 S10000
G0 F9600 X159.63 Y179.868
M204 S1000
G1 F2400 X134.668 Y204.83 E3204.99391
M204 S10000
G0 F9600 X133.387 Y204.829
M204 S1000
G1 F2400 X102.769 Y174.211 E3206.07404
M204 S10000
G0 F9600 X102.77 Y174.503
M204 S1000
G1 F2400 X105.103 Y172.169 E3206.15636
M204 S10000
G0 F9600 X106.384 Y172.169
M204 S1000
G1 F2400 X139.044 Y204.829 E3207.30853
M204 S10000
G0 F9600 X140.325 Y204.83
M204 S1000
G1 F2400 X159.63 Y185.525 E3207.98957
M204 S10000
G0 F9600 X159.63 Y185.817
M204 S1000
G1 F2400 X145.982 Y172.169 E3208.47104
M204 S10000
G0 F9600 X144.701 Y172.169
M204 S1000
G1 F2400 X112.041 Y204.83 E3209.62322
M204 S10000
G0 F9600 X113.588 Y204.829
M204 S1000
G1 F2400 X102.769 Y194.01 E3210.00489
M204 S10000
G0 F9600 X102.77 Y194.302
M204 S1000
G1 F2400 X124.902 Y172.169 E3210.78568
M204 S10000
G0 F9600 X126.183 Y172.169
M204 S1000
G1 F2400 X158.843 Y204.829 E3211.93785
M204 S10000
G1 F3000 E3205.93785
G0 F9600 X137.496 Y204.83
M204 S1000
G1 F3000 E3211.93785
G1 F2400 X159.63 Y182.697 E3212.71867
M204 S10000
G0 F9600 X159.63 Y182.988
M204 S1000
G1 F2400 X148.811 Y172.169 E3213.10034
M204 S10000
G0 F9600 X147.53 Y172.169
M204 S1000
G1 F2400 X114.869 Y204.83 E3214.25254
M204 S10000
G1 F3000 E3208.25254
G0 F9600 X136.216 Y204.829
M204 S1000
G1 F3000 E3214.25254
G1 F2400 X103.556 Y172.169 E3215.40471
M204 S10000
G1 F3000 E3209.40471
G0 F9600 X159.69 Y204.891
M204 S1000
;TYPE:WALL-INNER
G1 F3000 E3215.40471
G1 F1800 X159.69 Y172.111 E3216.22241
G1 X102.71 Y172.111 E3217.64378
G1 X102.71 Y204.891 E3218.46148
G1 X159.69 Y204.891 E3219.88285
M204 S10000
G0 F9600 X159.99 Y205.191
M204 S1000
G1 F1800 X159.99 Y171.811 E3220.71552
G1 X102.41 Y171.811 E3222.15186
G1 X102.41 Y205.191 E3222.98453
G1 X159.99 Y205.191 E3224.42087
M204 S10000
G0 F9600 X160.29 Y205.491
M204 S1000
G1 F1800 X160.29 Y171.511 E3225.2685
G1 X102.11 Y171.511 E3226.71981
G1 X102.11 Y205.491 E3227.56744
G1 X160.29 Y205.491 E3229.01875
M204 S10000
G0 F9600 X160.54 Y205.741
M204 S1000
;TYPE:WALL-OUTER
G1 F1800 X160.54 Y171.261 E3229.87886
G1 X101.86 Y171.261 E3231.34263
G1 X101.86 Y205.741 E3232.20274
G1 X160.54 Y205.741 E3233.66652
M204 S10000
G0 F9600 X160.54 Y205.541
G0 X159.69 Y204.979
G1 F3000 E3227.66652
;MESH:Bottom_back_panel.stl
G0 F9600 X160.37 Y178.429
G0 X164.699 Y178.429
G0 X167.061 Y178.429
M204 S1000
;TYPE:FILL
G1 F3000 E3233.66652
G1 F2400 X198.097 Y147.393 E3234.7614
M204 S10000
G0 F9600 X198.098 Y146.95
M204 S1000
G1 F2400 X172.718 Y121.57 E3235.65675
M204 S10000
G0 F9600 X173.009 Y121.57
M204 S1000
G1 F2400 X165.44 Y129.138 E3235.92375
M204 S10000
G0 F9600 X165.439 Y128.433
M204 S1000
G1 F2400 X198.098 Y161.092 E3237.07588
M204 S10000
G0 F9600 X198.097 Y161.535
M204 S1000
G1 F2400 X181.203 Y178.429 E3237.67186
M204 S10000
G0 F9600 X181.493 Y178.428
M204 S1000
G1 F2400 X165.439 Y162.375 E3238.23819
M204 S10000
G0 F9600 X165.44 Y163.08
M204 S1000
G1 F2400 X196.055 Y132.464 E3239.31824
M204 S10000
G0 F9600 X196.056 Y133.595
M204 S1000
G1 F2400 X184.032 Y121.57 E3239.74243
M204 S10000
G0 F9600 X184.322 Y121.57
M204 S1000
G1 F2400 X165.44 Y140.452 E3240.40855
M204 S10000
G0 F9600 X165.439 Y139.747
M204 S1000
G1 F2400 X196.058 Y170.366 E3241.48871
M204 S10000
G0 F9600 X196.057 Y169.232
M204 S1000
G1 F2400 X186.86 Y178.429 E3241.81316
M204 S10000
G0 F9600 X187.149 Y178.428
M204 S1000
G1 F2400 X165.439 Y156.718 E3242.57904
M204 S10000
G0 F9600 X165.44 Y157.423
M204 S1000
G1 F2400 X196.055 Y126.808 E3243.65907
M204 S10000
G0 F9600 X196.055 Y127.937
M204 S1000
G1 F2400 X189.689 Y121.57 E3243.88367
M204 S10000
G0 F9600 X189.979 Y121.57
M204 S1000
G1 F2400 X165.44 Y146.109 E3244.74934
M204 S10000
G0 F9600 X165.439 Y145.404
M204 S1000
G1 F2400 X196.055 Y176.02 E3245.82941
M204 S10000
G0 F9600 X196.055 Y174.891
M204 S1000
G1 F2400 X192.517 Y178.429 E3245.95422
M204 S10000
G0 F9600 X192.806 Y178.428
M204 S1000
G1 F2400 X165.439 Y151.061 E3246.91966
M204 S10000
G0 F9600 X165.44 Y151.766
M204 S1000
G1 F2400 X195.636 Y121.57 E3247.98491
M204 S10000
G0 F9600 X195.346 Y121.57
M204 S1000
G1 F2400 X196.055 Y122.28 E3248.00994
M204 S10000
G0 F9600 X196.055 Y123.979
M204 S1000
G1 F2400 X165.44 Y154.594 E3249.08997
M204 S10000
G0 F9600 X165.439 Y153.889
M204 S1000
G1 F2400 X189.978 Y178.428 E3249.95565
M204 S10000
G0 F9600 X189.689 Y178.429
M204 S1000
G1 F2400 X196.056 Y172.061 E3250.18028
M204 S10000
G0 F9600 X196.056 Y173.193
M204 S1000
G1 F2400 X165.439 Y142.576 E3251.26037
M204 S10000
G0 F9600 X165.44 Y143.281
M204 S1000
G1 F2400 X187.151 Y121.57 E3252.02629
M204 S10000
G0 F9600 X186.86 Y121.57
M204 S1000
G1 F2400 X196.056 Y130.766 E3252.3507
M204 S10000
G0 F9600 X196.055 Y129.636
M204 S1000
G1 F2400 X165.44 Y160.251 E3253.43073
M204 S10000
G0 F9600 X165.439 Y159.546
M204 S1000
G1 F2400 X184.321 Y178.428 E3254.09684
M204 S10000
G0 F9600 X184.032 Y178.429
M204 S1000
G1 F2400 X196.058 Y166.402 E3254.52111
M204 S10000
G0 F9600 X196.058 Y167.538
M204 S1000
G1 F2400 X165.439 Y136.919 E3255.60128
M204 S10000
G0 F9600 X165.44 Y137.624
M204 S1000
G1 F2400 X181.494 Y121.57 E3256.16763
M204 S10000
G0 F9600 X181.203 Y121.57
M204 S1000
G1 F2400 X198.098 Y138.464 E3256.76362
M204 S10000
G0 F9600 X198.097 Y138.908
M204 S1000
G1 F2400 X165.44 Y171.565 E3257.91569
M204 S10000
G0 F9600 X165.439 Y170.86
M204 S1000
G1 F2400 X173.007 Y178.428 E3258.18267
M204 S10000
G0 F9600 X172.718 Y178.429
M204 S1000
G1 F2400 X198.097 Y153.05 E3259.07798
M204 S10000
G0 F9600 X198.098 Y152.607
M204 S1000
G1 F2400 X167.061 Y121.57 E3260.1729
M204 S10000
G0 F9600 X167.352 Y121.57
M204 S1000
G1 F2400 X165.44 Y123.482 E3260.24035
M204 S10000
G0 F9600 X165.439 Y122.777
M204 S1000
G1 F2400 X198.098 Y155.435 E3261.39246
M204 S10000
G0 F9600 X198.097 Y155.878
M204 S1000
G1 F2400 X175.547 Y178.429 E3262.18799
M204 S10000
G0 F9600 X175.836 Y178.428
M204 S1000
G1 F2400 X165.439 Y168.031 E3262.55478
M204 S10000
G0 F9600 X165.44 Y168.736
M204 S1000
G1 F2400 X198.097 Y136.079 E3263.70684
M204 S10000
G1 F3000 E3257.70684
G0 F9600 X196.388 Y135.578
G0 X196.141 Y135.207
M204 S1000
G1 F3000 E3263.70684
G1 F2400 X165.44 Y165.908 E3264.7899
M204 S10000
G0 F9600 X165.439 Y165.203
M204 S1000
G1 F2400 X178.664 Y178.428 E3265.25645
M204 S10000
G0 F9600 X178.375 Y178.429
M204 S1000
G1 F2400 X198.097 Y158.707 E3265.9522
M204 S10000
G0 F9600 X198.098 Y158.263
M204 S1000
G1 F2400 X165.439 Y125.605 E3267.10431
M204 S10000
G0 F9600 X165.44 Y126.31
M204 S1000
G1 F2400 X170.18 Y121.57 E3267.27153
M204 S10000
G0 F9600 X169.89 Y121.57
M204 S1000
G1 F2400 X198.098 Y149.778 E3268.26664
M204 S10000
G0 F9600 X198.097 Y150.222
M204 S1000
G1 F2400 X169.89 Y178.429 E3269.26172
M204 S10000
G0 F9600 X170.179 Y178.428
M204 S1000
G1 F2400 X165.439 Y173.688 E3269.42894
M204 S10000
G0 F9600 X165.44 Y174.393
M204 S1000
G1 F2400 X198.097 Y141.736 E3270.581
M204 S10000
G0 F9600 X198.098 Y141.293
M204 S1000
G1 F2400 X178.375 Y121.57 E3271.27678
M204 S10000
G0 F9600 X178.666 Y121.57
M204 S1000
G1 F2400 X165.44 Y134.795 E3271.74335
M204 S10000
G0 F9600 X165.439 Y134.09
M204 S1000
G1 F2400 X196.143 Y164.794 E3272.82651
M204 S10000
G1 F3000 E3266.82651
G0 F9600 X196.363 Y164.459
G0 X198.098 Y163.92
M204 S1000
G1 F3000 E3272.82651
G1 F2400 X165.439 Y131.262 E3273.97863
M204 S10000
G0 F9600 X165.44 Y131.967
M204 S1000
G1 F2400 X175.837 Y121.57 E3274.34541
M204 S10000
G0 F9600 X175.547 Y121.57
M204 S1000
G1 F2400 X198.098 Y144.121 E3275.14096
M204 S10000
G0 F9600 X198.097 Y144.565
M204 S1000
G1 F2400 X165.44 Y177.222 E3276.29302
M204 S10000
G0 F9600 X165.439 Y176.517
M204 S1000
G1 F2400 X167.35 Y178.428 E3276.36044
M204 S10000
G1 F3000 E3270.36044
G0 F9600 X195.346 Y178.429
M204 S1000
G1 F3000 E3276.36044
G1 F2400 X196.054 Y177.72 E3276.38543
M204 S10000
G0 F9600 X195.635 Y178.428
M204 S1000
G1 F2400 X165.439 Y148.232 E3277.45068
M204 S10000
G0 F9600 X165.44 Y148.937
M204 S1000
G1 F2400 X192.808 Y121.57 E3278.41614
M204 S10000
G0 F9600 X192.517 Y121.57
M204 S1000
G1 F2400 X196.055 Y125.109 E3278.54097
M204 S10000
G1 F3000 E3272.54097
G0 F9600 X165.38 Y178.489
M204 S1000
;TYPE:WALL-INNER
G1 F3000 E3278.54097
G1 F1800 X196.115 Y178.489 E3279.30766
G1 X196.117 Y165.023 E3279.64357
G1 X196.296 Y164.611 E3279.65478
G1 X196.495 Y164.392 E3279.66216
G1 X196.84 Y164.202 E3279.67198
G1 X197.166 Y164.15 E3279.68022
G1 X198.159 Y164.15 E3279.70499
G1 X198.158 Y135.85 E3280.41093
G1 X197.166 Y135.85 E3280.43568
G1 X196.842 Y135.799 E3280.44386
G1 X196.632 Y135.705 E3280.4496
G1 X196.341 Y135.451 E3280.45924
G1 X196.199 Y135.211 E3280.46619
G1 X196.117 Y134.848 E3280.47548
G1 X196.116 Y121.51 E3280.80819
G1 X165.38 Y121.511 E3281.57491
G1 X165.38 Y178.489 E3282.99623
M204 S10000
G0 F9600 X165.08 Y178.789
M204 S1000
G1 F1800 X196.415 Y178.789 E3283.77788
G1 X196.418 Y165.133 E3284.11853
G1 X196.503 Y164.847 E3284.12598
G1 X196.686 Y164.623 E3284.13319
G1 X196.933 Y164.487 E3284.14022
G1 X197.166 Y164.45 E3284.14611
G1 X198.459 Y164.45 E3284.17836
G1 X198.458 Y135.55 E3284.89928
G1 X197.166 Y135.55 E3284.93151
G1 X196.934 Y135.514 E3284.93736
G1 X196.622 Y135.317 E3284.94657
G1 X196.503 Y135.153 E3284.95162
G1 X196.416 Y134.835 E3284.95985
G1 X196.416 Y121.21 E3285.29972
G1 X165.08 Y121.211 E3286.0814
G1 X165.08 Y178.789 E3287.51769
M204 S10000
G0 F9600 X164.78 Y179.089
M204 S1000
G1 F1800 X196.715 Y179.089 E3288.31431
G1 X196.717 Y165.095 E3288.66339
G1 X196.839 Y164.89 E3288.66935
G1 X197.061 Y164.75 E3288.67589
G1 X198.759 Y164.75 E3288.71825
G1 X198.758 Y135.25 E3289.45413
G1 X197.067 Y135.25 E3289.49631
G1 X196.878 Y135.147 E3289.50168
G1 X196.717 Y134.91 E3289.50883
G1 X196.716 Y120.91 E3289.85806
G1 X164.78 Y120.911 E3290.65471
G1 X164.78 Y179.089 E3292.10596
M204 S10000
G0 F9600 X164.53 Y179.339
M204 S1000
;TYPE:WALL-OUTER
G1 F1800 X196.965 Y179.339 E3292.91506
G1 X196.967 Y165.173 E3293.26843
G1 X197.02 Y165.062 E3293.2715
G1 X197.12 Y165 E3293.27443
G1 X199.009 Y165 E3293.32155
G1 X199.008 Y135 E3294.06991
G1 X197.084 Y135 E3294.1179
G1 X196.97 Y134.845 E3294.1227
G1 X196.966 Y120.66 E3294.47655
G1 X164.53 Y120.661 E3295.28567
G1 X164.53 Y179.339 E3296.7494
M204 S10000
G0 F9600 X164.73 Y179.339
G0 X165.292 Y178.489
G1 F3000 E3290.7494
;MESH:NONMESH
G0 F300 X165.292 Y178.489 Z1.36
G0 F9600 X164.693 Y120.824
G0 X160.37 Y120.824
G0 X103.755 Y95.369
;TIME_ELAPSED:6672.854076
;LAYER:6
M204 S1000
;TYPE:FILL
;MESH:Bottom_panel_x3.stl(2)
G1 F3000 E3296.7494
G1 F2400 X136.016 Y127.629 E3297.88747
M204 S10000
G0 F9600 X134.867 Y127.63
M204 S1000
G1 F2400 X159.429 Y103.068 E3298.75396
G1 X159.429 Y102.959
G1 X151.839 Y95.369 E3299.02172
M204 S10000
G0 F9600 X152.986 Y95.369
M204 S1000
G1 F2400 X120.725 Y127.629 E3300.1598
M204 S10000
G0 F9600 X121.873 Y127.629
M204 S1000
G1 F2400 X102.969 Y108.725 E3300.82669
G1 X102.969 Y108.616
G1 X116.216 Y95.369 E3301.29401
M204 S10000
G0 F9600 X115.069 Y95.369
M204 S1000
G1 F2400 X147.329 Y127.629 E3302.43207
M204 S10000
G0 F9600 X146.18 Y127.63
M204 S1000
G1 F2400 X159.429 Y114.382 E3302.89945
G1 X159.429 Y114.273
G1 X140.525 Y95.369 E3303.56633
M204 S10000
G0 F9600 X141.672 Y95.369
M204 S1000
G1 F2400 X109.412 Y127.629 E3304.70439
M204 S10000
G0 F9600 X110.559 Y127.629
M204 S1000
G1 F2400 X102.969 Y120.039 E3304.97215
G1 X102.969 Y119.93
G1 X127.53 Y95.369 E3305.83861
M204 S10000
G0 F9600 X126.383 Y95.369
M204 S1000
G1 F2400 X158.643 Y127.629 E3306.97667
M204 S10000
G0 F9600 X157.494 Y127.63
M204 S1000
G1 F2400 X159.429 Y125.696 E3307.04491
G1 X159.429 Y125.587
G1 X129.211 Y95.369 E3308.11093
M204 S10000
G0 F9600 X130.358 Y95.369
M204 S1000
G1 F2400 X102.969 Y122.758 E3309.07715
G1 X102.969 Y122.867
G1 X107.731 Y127.629 E3309.24515
M204 S10000
G0 F9600 X106.583 Y127.629
M204 S1000
G1 F2400 X138.843 Y95.369 E3310.3832
M204 S10000
G0 F9600 X137.697 Y95.369
M204 S1000
G1 F2400 X159.429 Y117.101 E3311.14986
G1 X159.429 Y117.21
G1 X149.009 Y127.63 E3311.51745
M204 S10000
G0 F9600 X150.158 Y127.629
M204 S1000
G1 F2400 X117.898 Y95.369 E3312.65551
M204 S10000
G0 F9600 X119.044 Y95.369
M204 S1000
G1 F2400 X102.969 Y111.444 E3313.2226
G1 X102.969 Y111.553
G1 X119.044 Y127.629 E3313.78971
M204 S10000
G0 F9600 X117.897 Y127.629
M204 S1000
G1 F2400 X150.157 Y95.369 E3314.92777
M204 S10000
G0 F9600 X149.01 Y95.369
M204 S1000
G1 F2400 X159.429 Y105.788 E3315.29532
G1 X159.429 Y105.897
G1 X137.695 Y127.63 E3316.06203
M204 S10000
G0 F9600 X138.844 Y127.629
M204 S1000
G1 F2400 X106.584 Y95.369 E3317.20009
M204 S10000
G0 F9600 X107.731 Y95.369
M204 S1000
G1 F2400 X102.969 Y100.131 E3317.36808
G1 X102.969 Y100.24
G1 X130.358 Y127.629 E3318.3343
M204 S10000
G0 F9600 X129.211 Y127.629
M204 S1000
G1 F2400 X159.429 Y97.411 E3319.40033
G1 X159.429 Y97.302
G1 X157.496 Y95.369 E3319.46852
M204 S10000
G0 F9600 X158.642 Y95.369
M204 S1000
G1 F2400 X126.382 Y127.629 E3320.60658
M204 S10000
G0 F9600 X127.53 Y127.629
M204 S1000
G1 F2400 X102.969 Y103.068 E3321.47303
G1 X102.969 Y102.959
G1 X110.559 Y95.369 E3321.74079
M204 S10000
G0 F9600 X109.412 Y95.369
M204 S1000
G1 F2400 X141.673 Y127.629 E3322.87887
M204 S10000
G0 F9600 X140.524 Y127.63
M204 S1000
G1 F2400 X159.429 Y108.725 E3323.54579
G1 X159.429 Y108.616
G1 X146.182 Y95.369 E3324.01311
M204 S10000
G0 F9600 X147.329 Y95.369
M204 S1000
G1 F2400 X115.068 Y127.629 E3325.15119
M204 S10000
G0 F9600 X116.216 Y127.629
M204 S1000
G1 F2400 X102.969 Y114.382 E3325.61851
G1 X102.969 Y114.273
G1 X121.873 Y95.369 E3326.2854
M204 S10000
G0 F9600 X120.726 Y95.369
M204 S1000
G1 F2400 X152.986 Y127.629 E3327.42346
M204 S10000
G0 F9600 X151.837 Y127.63
M204 S1000
G1 F2400 X159.429 Y120.039 E3327.69127
G1 X159.429 Y119.93
G1 X134.868 Y95.369 E3328.55773
M204 S10000
G0 F9600 X136.015 Y95.369
M204 S1000
G1 F2400 X103.755 Y127.629 E3329.69579
M204 S10000
G0 F9600 X104.902 Y127.629
M204 S1000
G1 F2400 X102.969 Y125.696 E3329.76398
G1 X102.969 Y125.587
G1 X133.187 Y95.369 E3330.83
M204 S10000
G0 F9600 X132.04 Y95.369
M204 S1000
G1 F2400 X159.429 Y122.758 E3331.79622
G1 X159.429 Y122.867
G1 X154.666 Y127.63 E3331.96425
M204 S10000
G0 F9600 X155.815 Y127.629
M204 S1000
G1 F2400 X123.554 Y95.369 E3333.10233
M204 S10000
G0 F9600 X124.701 Y95.369
M204 S1000
G1 F2400 X102.969 Y117.101 E3333.86898
G1 X102.969 Y117.21
G1 X113.388 Y127.629 E3334.23654
M204 S10000
G0 F9600 X112.24 Y127.629
M204 S1000
G1 F2400 X144.5 Y95.369 E3335.3746
M204 S10000
G0 F9600 X143.353 Y95.369
M204 S1000
G1 F2400 X159.429 Y111.444 E3335.9417
G1 X159.429 Y111.553
G1 X143.352 Y127.63 E3336.50886
M204 S10000
G0 F9600 X144.501 Y127.629
M204 S1000
G1 F2400 X112.241 Y95.369 E3337.64692
M204 S10000
G0 F9600 X113.388 Y95.369
M204 S1000
G1 F2400 X102.969 Y105.788 E3338.01448
G1 X102.969 Y105.897
G1 X124.701 Y127.629 E3338.78114
M204 S10000
G0 F9600 X123.554 Y127.629
M204 S1000
G1 F2400 X155.814 Y95.369 E3339.91919
M204 S10000
G0 F9600 X154.667 Y95.369
M204 S1000
G1 F2400 X159.429 Y100.131 E3340.08719
G1 X159.429 Y100.24
G1 X132.038 Y127.63 E3341.05346
M204 S10000
G0 F9600 X133.187 Y127.629
M204 S1000
G1 F2400 X102.969 Y97.411 E3342.11948
G1 X102.969 Y97.302
G1 X104.902 Y95.369 E3342.18767
M204 S10000
G1 F3000 E3336.18767
G0 F9600 X159.49 Y127.69
M204 S1000
;TYPE:WALL-INNER
G1 F3000 E3342.18767
G1 F1800 X159.49 Y95.31 E3342.9954
G1 X102.91 Y95.31 E3344.40679
G1 X102.91 Y127.69 E3345.21451
G1 X159.49 Y127.69 E3346.62591
M204 S10000
G0 F9600 X159.79 Y127.99
M204 S1000
G1 F1800 X159.79 Y95.01 E3347.4486
G1 X102.61 Y95.01 E3348.87496
G1 X102.61 Y127.99 E3349.69765
G1 X159.79 Y127.99 E3351.12401
M204 S10000
G0 F9600 X160.09 Y128.29
M204 S1000
G1 F1800 X160.09 Y94.71 E3351.96166
G1 X102.31 Y94.71 E3353.40299
G1 X102.31 Y128.29 E3354.24065
G1 X160.09 Y128.29 E3355.68198
M204 S10000
G0 F9600 X160.34 Y128.54
M204 S1000
;TYPE:WALL-OUTER
G1 F1800 X160.34 Y94.46 E3356.5321
G1 X102.06 Y94.46 E3357.98591
G1 X102.06 Y128.54 E3358.83603
G1 X160.34 Y128.54 E3360.28983
M204 S10000
G0 F9600 X160.34 Y128.34
G0 X159.49 Y127.778
G1 F3000 E3354.28983
;MESH:Bottom_panel_x3.stl
G0 F9600 X158.643 Y128.37
G0 X158.643 Y133.13
G0 X158.643 Y133.869
M204 S1000
;TYPE:FILL
G1 F3000 E3360.28983
G1 F2400 X126.384 Y166.129 E3361.42788
M204 S10000
G0 F9600 X127.53 Y166.129
M204 S1000
G1 F2400 X102.97 Y141.568 E3362.29431
G1 X102.97 Y141.459
G1 X110.56 Y133.869 E3362.56207
M204 S10000
G0 F9600 X109.414 Y133.87
M204 S1000
G1 F2400 X141.673 Y166.129 E3363.70009
M204 S10000
G0 F9600 X140.526 Y166.129
M204 S1000
G1 F2400 X159.429 Y147.225 E3364.36697
G1 X159.429 Y147.116
G1 X146.183 Y133.87 E3364.83426
M204 S10000
G0 F9600 X147.329 Y133.869
M204 S1000
G1 F2400 X115.07 Y166.129 E3365.9723
M204 S10000
G0 F9600 X116.217 Y166.129
M204 S1000
G1 F2400 X102.97 Y152.882 E3366.43962
G1 X102.97 Y152.773
G1 X121.874 Y133.869 E3367.10651
M204 S10000
G0 F9600 X120.727 Y133.87
M204 S1000
G1 F2400 X152.986 Y166.129 E3368.24453
M204 S10000
G0 F9600 X151.839 Y166.129
M204 S1000
G1 F2400 X159.429 Y158.539 E3368.51229
G1 X159.429 Y158.43
G1 X134.87 Y133.87 E3369.37869
M204 S10000
G0 F9600 X136.016 Y133.869
M204 S1000
G1 F2400 X103.756 Y166.129 E3370.51675
M204 S10000
G0 F9600 X104.903 Y166.129
M204 S1000
G1 F2400 X102.97 Y164.195 E3370.58496
G1 X102.97 Y164.086
G1 X133.187 Y133.869 E3371.65095
M204 S10000
G0 F9600 X132.041 Y133.87
M204 S1000
G1 F2400 X159.429 Y161.258 E3372.61713
G1 X159.429 Y161.368
G1 X154.668 Y166.129 E3372.78509
M204 S10000
G0 F9600 X155.815 Y166.129
M204 S1000
G1 F2400 X123.556 Y133.87 E3373.92311
M204 S10000
G0 F9600 X124.702 Y133.869
M204 S1000
G1 F2400 X102.97 Y155.601 E3374.68977
G1 X102.97 Y155.71
G1 X113.388 Y166.129 E3375.05731
M204 S10000
G0 F9600 X112.241 Y166.129
M204 S1000
G1 F2400 X144.501 Y133.869 E3376.19537
M204 S10000
G0 F9600 X143.355 Y133.87
M204 S1000
G1 F2400 X159.429 Y149.944 E3376.76242
G1 X159.429 Y150.054
G1 X143.354 Y166.129 E3377.32951
M204 S10000
G0 F9600 X144.501 Y166.129
M204 S1000
G1 F2400 X112.242 Y133.87 E3378.46753
M204 S10000
G0 F9600 X113.388 Y133.869
M204 S1000
G1 F2400 X102.97 Y144.287 E3378.83506
G1 X102.97 Y144.396
G1 X124.702 Y166.129 E3379.60173
M204 S10000
G0 F9600 X123.555 Y166.129
M204 S1000
G1 F2400 X155.815 Y133.869 E3380.73979
M204 S10000
G0 F9600 X154.669 Y133.87
M204 S1000
G1 F2400 X159.429 Y138.631 E3380.90773
G1 X159.429 Y138.74
G1 X132.04 Y166.129 E3381.87395
M204 S10000
G0 F9600 X133.187 Y166.129
M204 S1000
G1 F2400 X102.97 Y135.911 E3382.93995
G1 X102.97 Y135.802
G1 X104.903 Y133.869 E3383.00814
M204 S10000
G0 F9600 X103.757 Y133.87
M204 S1000
G1 F2400 X136.016 Y166.129 E3384.14617
M204 S10000
G0 F9600 X134.869 Y166.129
M204 S1000
G1 F2400 X159.429 Y141.569 E3385.01259
G1 X159.429 Y141.459
G1 X151.84 Y133.87 E3385.28031
M204 S10000
G0 F9600 X152.986 Y133.869
M204 S1000
G1 F2400 X120.727 Y166.129 E3386.41835
M204 S10000
G0 F9600 X121.874 Y166.129
M204 S1000
G1 F2400 X102.97 Y147.225 E3387.08524
G1 X102.97 Y147.116
G1 X116.217 Y133.869 E3387.55257
M204 S10000
G0 F9600 X115.071 Y133.87
M204 S1000
G1 F2400 X147.329 Y166.129 E3388.69057
M204 S10000
G0 F9600 X146.183 Y166.129
M204 S1000
G1 F2400 X159.429 Y152.882 E3389.15788
G1 X159.429 Y152.773
G1 X140.526 Y133.87 E3389.82473
M204 S10000
G0 F9600 X141.673 Y133.869
M204 S1000
G1 F2400 X109.413 Y166.129 E3390.96279
M204 S10000
G0 F9600 X110.56 Y166.129
M204 S1000
G1 F2400 X102.97 Y158.538 E3391.23057
G1 X102.97 Y158.43
G1 X127.53 Y133.869 E3392.097
M204 S10000
G0 F9600 X126.384 Y133.87
M204 S1000
G1 F2400 X158.643 Y166.129 E3393.23503
M204 S10000
G0 F9600 X157.496 Y166.129
M204 S1000
G1 F2400 X159.429 Y164.196 E3393.30322
G1 X159.429 Y164.086
G1 X129.213 Y133.87 E3394.36917
M204 S10000
G0 F9600 X130.359 Y133.869
M204 S1000
G1 F2400 X102.97 Y161.258 E3395.33539
G1 X102.97 Y161.367
G1 X107.731 Y166.129 E3395.50337
M204 S10000
G0 F9600 X106.585 Y166.129
M204 S1000
G1 F2400 X138.844 Y133.869 E3396.64141
M204 S10000
G0 F9600 X137.698 Y133.87
M204 S1000
G1 F2400 X159.429 Y155.601 E3397.40803
G1 X159.429 Y155.711
G1 X149.011 Y166.129 E3397.77555
M204 S10000
G0 F9600 X150.158 Y166.129
M204 S1000
G1 F2400 X117.899 Y133.87 E3398.91357
M204 S10000
G0 F9600 X119.045 Y133.869
M204 S1000
G1 F2400 X102.97 Y149.944 E3399.48066
G1 X102.97 Y150.053
G1 X119.045 Y166.129 E3400.04777
M204 S10000
G0 F9600 X117.898 Y166.129
M204 S1000
G1 F2400 X150.158 Y133.869 E3401.18583
M204 S10000
G0 F9600 X149.012 Y133.87
M204 S1000
G1 F2400 X159.429 Y144.287 E3401.55331
G1 X159.429 Y144.397
G1 X137.697 Y166.129 E3402.31997
M204 S10000
G0 F9600 X138.844 Y166.129
M204 S1000
G1 F2400 X106.585 Y133.87 E3403.45799
M204 S10000
G0 F9600 X107.731 Y133.869
M204 S1000
G1 F2400 X102.97 Y138.631 E3403.62597
G1 X102.97 Y138.74
G1 X130.359 Y166.129 E3404.59219
M204 S10000
G0 F9600 X129.212 Y166.129
M204 S1000
G1 F2400 X159.429 Y135.912 E3405.65817
G1 X159.429 Y135.802
G1 X157.497 Y133.87 E3405.72633
M204 S10000
G1 F3000 E3399.72633
G0 F9600 X159.49 Y166.19
M204 S1000
;TYPE:WALL-INNER
G1 F3000 E3405.72633
G1 F1800 X159.49 Y133.81 E3406.53405
G1 X102.91 Y133.81 E3407.94545
G1 X102.91 Y166.19 E3408.75317
G1 X159.49 Y166.19 E3410.16456
M204 S10000
G0 F9600 X159.79 Y166.49
M204 S1000
G1 F1800 X159.79 Y133.51 E3410.98725
G1 X102.61 Y133.51 E3412.41361
G1 X102.61 Y166.49 E3413.2363
G1 X159.79 Y166.49 E3414.66266
M204 S10000
G0 F9600 X160.09 Y166.79
M204 S1000
G1 F1800 X160.09 Y133.21 E3415.50032
G1 X102.31 Y133.21 E3416.94165
G1 X102.31 Y166.79 E3417.77931
G1 X160.09 Y166.79 E3419.22063
M204 S10000
G0 F9600 X160.34 Y167.04
M204 S1000
;TYPE:WALL-OUTER
G1 F1800 X160.34 Y132.96 E3420.07076
G1 X102.06 Y132.96 E3421.52456
G1 X102.06 Y167.04 E3422.37469
G1 X160.34 Y167.04 E3423.82849
M204 S10000
G0 F9600 X160.34 Y166.84
G0 X159.49 Y166.278
G1 F3000 E3417.82849
;MESH:Bottom_panel_x3.stl(1)
G0 F9600 X158.643 Y166.87
G0 X158.643 Y171.631
G0 X158.643 Y172.37
M204 S1000
;TYPE:FILL
G1 F3000 E3423.82849
G1 F2400 X126.383 Y204.63 E3424.96655
M204 S10000
G0 F9600 X127.531 Y204.63
M204 S1000
G1 F2400 X102.969 Y180.068 E3425.83304
G1 X102.97 Y179.96
G1 X110.56 Y172.37 E3426.1008
M204 S10000
G0 F9600 X109.413 Y172.37
M204 S1000
G1 F2400 X141.673 Y204.63 E3427.23886
M204 S10000
G0 F9600 X140.525 Y204.63
M204 S1000
G1 F2400 X159.429 Y185.725 E3427.90577
G1 X159.43 Y185.617
G1 X146.183 Y172.37 E3428.37309
M204 S10000
G0 F9600 X147.329 Y172.37
M204 S1000
G1 F2400 X115.069 Y204.63 E3429.51115
M204 S10000
G0 F9600 X116.217 Y204.63
M204 S1000
G1 F2400 X102.969 Y191.381 E3429.97852
G1 X102.97 Y191.273
G1 X121.874 Y172.37 E3430.6454
M204 S10000
G0 F9600 X120.727 Y172.37
M204 S1000
G1 F2400 X152.987 Y204.63 E3431.78346
M204 S10000
G0 F9600 X151.839 Y204.63
M204 S1000
G1 F2400 X159.429 Y197.039 E3432.05123
G1 X159.43 Y196.931
G1 X134.869 Y172.37 E3432.91769
M204 S10000
G0 F9600 X136.016 Y172.37
M204 S1000
G1 F2400 X103.755 Y204.63 E3434.05576
M204 S10000
G0 F9600 X104.904 Y204.63
M204 S1000
G1 F2400 X102.969 Y202.695 E3434.12402
G1 X102.97 Y202.587
G1 X133.187 Y172.37 E3435.19001
M204 S10000
G0 F9600 X132.04 Y172.37
M204 S1000
G1 F2400 X159.43 Y199.759 E3436.15625
G1 X159.429 Y199.867
G1 X154.667 Y204.63 E3436.32426
M204 S10000
G0 F9600 X155.815 Y204.63
M204 S1000
G1 F2400 X123.555 Y172.37 E3437.46232
M204 S10000
G0 F9600 X124.702 Y172.37
M204 S1000
G1 F2400 X102.97 Y194.102 E3438.22897
G1 X102.969 Y194.21
G1 X113.389 Y204.63 E3438.59657
M204 S10000
G0 F9600 X112.241 Y204.63
M204 S1000
G1 F2400 X144.501 Y172.37 E3439.73463
M204 S10000
G0 F9600 X143.354 Y172.37
M204 S1000
G1 F2400 X159.43 Y188.446 E3440.30175
G1 X159.429 Y188.554
G1 X143.353 Y204.63 E3440.86887
M204 S10000
G0 F9600 X144.502 Y204.63
M204 S1000
G1 F2400 X112.241 Y172.37 E3442.00695
M204 S10000
G0 F9600 X113.388 Y172.37
M204 S1000
G1 F2400 X102.97 Y182.788 E3442.37447
G1 X102.969 Y182.896
G1 X124.703 Y204.63 E3443.1412
M204 S10000
G0 F9600 X123.554 Y204.63
M204 S1000
G1 F2400 X155.815 Y172.37 E3444.27928
M204 S10000
G0 F9600 X154.668 Y172.37
M204 S1000
G1 F2400 X159.43 Y177.132 E3444.44727
G1 X159.429 Y177.24
G1 X132.04 Y204.63 E3445.41351
M204 S10000
G0 F9600 X133.188 Y204.63
M204 S1000
G1 F2400 X102.969 Y174.411 E3446.47956
G1 X102.97 Y174.303
G1 X104.903 Y172.37 E3446.54775
M204 S10000
G0 F9600 X103.756 Y172.37
M204 S1000
G1 F2400 X136.016 Y204.63 E3447.68581
M204 S10000
G0 F9600 X134.868 Y204.63
M204 S1000
G1 F2400 X159.429 Y180.068 E3448.55229
G1 X159.43 Y179.96
G1 X151.839 Y172.37 E3448.82006
M204 S10000
G0 F9600 X152.986 Y172.37
M204 S1000
G1 F2400 X120.726 Y204.63 E3449.95812
M204 S10000
G0 F9600 X121.874 Y204.63
M204 S1000
G1 F2400 X102.969 Y185.725 E3450.62505
G1 X102.97 Y185.616
G1 X116.217 Y172.37 E3451.09235
M204 S10000
G0 F9600 X115.07 Y172.37
M204 S1000
G1 F2400 X147.33 Y204.63 E3452.23041
M204 S10000
G0 F9600 X146.182 Y204.63
M204 S1000
G1 F2400 X159.429 Y191.382 E3452.69775
G1 X159.43 Y191.274
G1 X140.526 Y172.37 E3453.36464
M204 S10000
G0 F9600 X141.673 Y172.37
M204 S1000
G1 F2400 X109.412 Y204.63 E3454.50272
M204 S10000
G0 F9600 X110.561 Y204.63
M204 S1000
G1 F2400 X102.969 Y197.038 E3454.77055
G1 X102.97 Y196.93
G1 X127.53 Y172.37 E3455.63697
M204 S10000
G0 F9600 X126.384 Y172.37
M204 S1000
G1 F2400 X158.644 Y204.63 E3456.77502
M204 S10000
G0 F9600 X157.496 Y204.63
M204 S1000
G1 F2400 X159.429 Y202.696 E3456.84323
G1 X159.43 Y202.588
G1 X129.212 Y172.37 E3457.90926
M204 S10000
G0 F9600 X130.359 Y172.37
M204 S1000
G1 F2400 X102.97 Y199.759 E3458.87548
G1 X102.969 Y199.867
G1 X107.732 Y204.63 E3459.0435
M204 S10000
G0 F9600 X106.584 Y204.63
M204 S1000
G1 F2400 X138.844 Y172.37 E3460.18156
M204 S10000
G0 F9600 X137.697 Y172.37
M204 S1000
G1 F2400 X159.43 Y194.102 E3460.94824
G1 X159.429 Y194.211
G1 X149.01 Y204.63 E3461.31579
M204 S10000
G0 F9600 X150.159 Y204.63
M204 S1000
G1 F2400 X117.898 Y172.37 E3462.45387
M204 S10000
G0 F9600 X119.045 Y172.37
M204 S1000
G1 F2400 X102.97 Y188.445 E3463.02096
G1 X102.969 Y188.553
G1 X119.046 Y204.63 E3463.58812
M204 S10000
G0 F9600 X117.898 Y204.63
M204 S1000
G1 F2400 X150.158 Y172.37 E3464.72618
M204 S10000
G0 F9600 X149.011 Y172.37
M204 S1000
G1 F2400 X159.43 Y182.789 E3465.09374
G1 X159.429 Y182.897
G1 X137.697 Y204.63 E3465.86041
M204 S10000
G0 F9600 X138.845 Y204.63
M204 S1000
G1 F2400 X106.585 Y172.37 E3466.99847
M204 S10000
G0 F9600 X107.731 Y172.37
M204 S1000
G1 F2400 X102.97 Y177.131 E3467.16642
G1 X102.969 Y177.239
G1 X130.36 Y204.63 E3468.13272
M204 S10000
G0 F9600 X129.211 Y204.63
M204 S1000
G1 F2400 X159.429 Y174.412 E3469.19874
G1 X159.43 Y174.303
G1 X157.496 Y172.37 E3469.26695
M204 S10000
G1 F3000 E3463.26695
G0 F9600 X159.49 Y204.691
M204 S1000
;TYPE:WALL-INNER
G1 F3000 E3469.26695
G1 F1800 X159.49 Y172.311 E3470.07467
G1 X102.91 Y172.311 E3471.48606
G1 X102.91 Y204.691 E3472.29379
G1 X159.49 Y204.691 E3473.70518
M204 S10000
G0 F9600 X159.79 Y204.991
M204 S1000
G1 F1800 X159.79 Y172.011 E3474.52787
G1 X102.61 Y172.011 E3475.95423
G1 X102.61 Y204.991 E3476.77692
G1 X159.79 Y204.991 E3478.20328
M204 S10000
G0 F9600 X160.09 Y205.291
M204 S1000
G1 F1800 X160.09 Y171.711 E3479.04094
G1 X102.31 Y171.711 E3480.48226
G1 X102.31 Y205.291 E3481.31992
G1 X160.09 Y205.291 E3482.76125
M204 S10000
G0 F9600 X160.34 Y205.541
M204 S1000
;TYPE:WALL-OUTER
G1 F1800 X160.34 Y171.461 E3483.61138
G1 X102.06 Y171.461 E3485.06518
G1 X102.06 Y205.541 E3485.91531
G1 X160.34 Y205.541 E3487.36911
M204 S10000
G0 F9600 X160.34 Y205.341
G0 X159.49 Y204.779
G1 F3000 E3481.36911
;MESH:Bottom_back_panel.stl
G0 F9600 X160.17 Y178.228
G0 X164.899 Y178.228
G0 X167.15 Y178.228
M204 S1000
;TYPE:FILL
G1 F3000 E3487.36911
G1 F2400 X165.639 Y176.717 E3487.42241
M204 S10000
G0 F9600 X165.64 Y177.022
M204 S1000
G1 F2400 X197.897 Y144.765 E3488.56037
M204 S10000
G0 F9600 X197.897 Y143.921
M204 S1000
G1 F2400 X175.747 Y121.77 E3489.34178
G1 X175.637 Y121.77
G1 X165.64 Y131.767 E3489.69446
M204 S10000
G0 F9600 X165.639 Y131.462
M204 S1000
G1 F2400 X197.897 Y163.72 E3490.83244
M204 S10000
G0 F9600 X197.897 Y161.735
M204 S1000
G1 F2400 X181.404 Y178.229 E3491.4143
G1 X181.292 Y178.228
G1 X165.639 Y162.575 E3491.9665
M204 S10000
G0 F9600 X165.64 Y162.879
M204 S1000
G1 F2400 X195.855 Y132.664 E3493.03241
M204 S10000
G0 F9600 X195.856 Y133.394
M204 S1000
G1 F2400 X184.232 Y121.77 E3493.44248
G1 X184.122 Y121.77
G1 X165.64 Y140.252 E3494.09448
M204 S10000
G0 F9600 X165.639 Y139.947
M204 S1000
G1 F2400 X195.855 Y170.163 E3495.16043
M204 S10000
G0 F9600 X195.855 Y169.434
M204 S1000
G1 F2400 X187.06 Y178.229 E3495.4707
G1 X186.949 Y178.228
G1 X165.639 Y156.918 E3496.22247
M204 S10000
G0 F9600 X165.64 Y157.223
M204 S1000
G1 F2400 X195.855 Y127.008 E3497.28839
M204 S10000
G0 F9600 X195.855 Y127.737
M204 S1000
G1 F2400 X189.889 Y121.77 E3497.49887
G1 X189.779 Y121.77
G1 X165.64 Y145.909 E3498.35044
M204 S10000
G0 F9600 X165.639 Y145.604
M204 S1000
G1 F2400 X195.855 Y175.819 E3499.41637
M204 S10000
G0 F9600 X195.854 Y175.092
M204 S1000
G1 F2400 X192.717 Y178.229 E3499.52704
G1 X192.606 Y178.228
G1 X165.639 Y151.261 E3500.47837
M204 S10000
G0 F9600 X165.64 Y151.566
M204 S1000
G1 F2400 X195.436 Y121.77 E3501.52951
G1 X195.546 Y121.77
G1 X195.855 Y122.08 E3501.54042
M204 S10000
G1 F3000 E3495.54042
G0 F9600 X195.855 Y124.179
M204 S1000
G1 F3000 E3501.54042
G1 F2400 X165.64 Y154.394 E3502.60634
M204 S10000
G0 F9600 X165.639 Y154.089
M204 S1000
G1 F2400 X189.778 Y178.228 E3503.45791
G1 X189.889 Y178.229
G1 X195.855 Y172.263 E3503.66838
M204 S10000
G0 F9600 X195.855 Y172.992
M204 S1000
G1 F2400 X165.639 Y142.776 E3504.73433
M204 S10000
G0 F9600 X165.64 Y143.08
M204 S1000
G1 F2400 X186.951 Y121.77 E3505.48611
G1 X187.06 Y121.77
G1 X195.856 Y130.566 E3505.79641
M204 S10000
G0 F9600 X195.855 Y129.836
M204 S1000
G1 F2400 X165.64 Y160.051 E3506.86233
M204 S10000
G0 F9600 X165.639 Y159.746
M204 S1000
G1 F2400 X184.121 Y178.228 E3507.51433
G1 X184.232 Y178.229
G1 X195.855 Y166.605 E3507.92438
M204 S10000
G0 F9600 X195.856 Y167.336
M204 S1000
G1 F2400 X165.639 Y137.119 E3508.99037
M204 S10000
G0 F9600 X165.64 Y137.424
M204 S1000
G1 F2400 X181.294 Y121.77 E3509.54261
G1 X181.404 Y121.77
G1 X197.897 Y138.264 E3510.12446
M204 S10000
G0 F9600 X197.897 Y139.108
M204 S1000
G1 F2400 X165.64 Y171.365 E3511.26241
M204 S10000
G0 F9600 X165.639 Y171.06
M204 S1000
G1 F2400 X172.807 Y178.228 E3511.51528
G1 X172.918 Y178.229
G1 X197.897 Y153.25 E3512.39648
M204 S10000
G0 F9600 X197.897 Y152.406
M204 S1000
G1 F2400 X167.261 Y121.77 E3513.47725
G1 X167.152 Y121.77
G1 X165.64 Y123.281 E3513.53057
M204 S10000
G0 F9600 X165.639 Y122.977
M204 S1000
G1 F2400 X197.897 Y155.235 E3514.66856
M204 S10000
G0 F9600 X197.897 Y156.078
M204 S1000
G1 F2400 X175.747 Y178.229 E3515.44998
G1 X175.636 Y178.228
G1 X165.639 Y168.232 E3515.80263
M204 S10000
G0 F9600 X165.64 Y168.536
M204 S1000
G1 F2400 X197.897 Y136.279 E3516.94059
M204 S10000
G1 F3000 E3510.94059
G0 F9600 X196.188 Y135.578
G0 X196 Y135.348
M204 S1000
G1 F3000 E3516.94059
G1 F2400 X165.64 Y165.708 E3518.01162
M204 S10000
G0 F9600 X165.639 Y165.403
M204 S1000
G1 F2400 X178.464 Y178.228 E3518.46405
G1 X178.575 Y178.229
G1 X197.897 Y158.907 E3519.14569
M204 S10000
G0 F9600 X197.897 Y158.063
M204 S1000
G1 F2400 X165.639 Y125.805 E3520.28368
M204 S10000
G0 F9600 X165.64 Y126.11
M204 S1000
G1 F2400 X169.98 Y121.77 E3520.43678
G1 X170.09 Y121.77
G1 X197.897 Y149.578 E3521.41777
M204 S10000
G0 F9600 X197.897 Y150.422
M204 S1000
G1 F2400 X170.09 Y178.229 E3522.39874
G1 X169.979 Y178.228
G1 X165.639 Y173.888 E3522.55184
M204 S10000
G0 F9600 X165.64 Y174.193
M204 S1000
G1 F2400 X197.897 Y141.936 E3523.68979
M204 S10000
G0 F9600 X197.897 Y141.093
M204 S1000
G1 F2400 X178.575 Y121.77 E3524.37145
G1 X178.465 Y121.77
G1 X165.64 Y134.595 E3524.82388
M204 S10000
G0 F9600 X165.639 Y134.29
M204 S1000
G1 F2400 X196.002 Y164.653 E3525.89502
M204 S10000
G1 F3000 E3519.89502
G0 F9600 X197.897 Y160.892
M204 S1000
G1 F3000 E3525.89502
G1 F2400 X165.639 Y128.634 E3527.03301
M204 S10000
G0 F9600 X165.64 Y128.938
M204 S1000
G1 F2400 X172.809 Y121.77 E3527.2859
G1 X172.918 Y121.77
G1 X197.897 Y146.75 E3528.16712
M204 S10000
G0 F9600 X197.897 Y147.593
M204 S1000
G1 F2400 X167.261 Y178.229 E3529.24788
M204 S10000
G1 F3000 E3523.24788
G0 F9600 X195.435 Y178.228
M204 S1000
G1 F3000 E3529.24788
G1 F2400 X165.639 Y148.433 E3530.299
M204 S10000
G0 F9600 X165.64 Y148.737
M204 S1000
G1 F2400 X192.608 Y121.77 E3531.25035
G1 X192.717 Y121.77
G1 X195.855 Y124.908 E3531.36105
M204 S10000
G1 F3000 E3525.36105
G0 F9600 X195.854 Y177.92
M204 S1000
G1 F3000 E3531.36105
G1 F2400 X195.546 Y178.229 E3531.37194
M204 S10000
G1 F3000 E3525.37194
G0 F9600 X165.58 Y178.289
M204 S1000
;TYPE:WALL-INNER
G1 F3000 E3531.37194
G1 F1800 X195.915 Y178.289 E3532.12865
G1 X195.92 Y165.105 E3532.45752
G1 X196.04 Y164.704 E3532.46796
G1 X196.206 Y164.475 E3532.47502
G1 X196.434 Y164.295 E3532.48227
G1 X196.643 Y164.201 E3532.48798
G1 X196.966 Y164.15 E3532.49614
G1 X197.959 Y164.15 E3532.52091
G1 X197.958 Y135.85 E3533.22686
G1 X196.966 Y135.85 E3533.2516
G1 X196.644 Y135.8 E3533.25973
G1 X196.298 Y135.611 E3533.26956
G1 X196.065 Y135.341 E3533.27846
G1 X195.976 Y135.151 E3533.28369
G1 X195.917 Y134.849 E3533.29137
G1 X195.916 Y121.71 E3533.61912
G1 X165.58 Y121.711 E3534.37586
G1 X165.58 Y178.289 E3535.7872
M204 S10000
G0 F9600 X165.28 Y178.589
M204 S1000
G1 F1800 X196.215 Y178.589 E3536.55888
G1 X196.216 Y165.064 E3536.89626
G1 X196.378 Y164.733 E3536.90545
G1 X196.586 Y164.553 E3536.91232
G1 X196.966 Y164.45 E3536.92214
G1 X198.259 Y164.45 E3536.95439
G1 X198.258 Y135.55 E3537.6753
G1 X196.966 Y135.55 E3537.70753
G1 X196.736 Y135.514 E3537.71334
G1 X196.424 Y135.319 E3537.72252
G1 X196.304 Y135.155 E3537.72759
G1 X196.216 Y134.835 E3537.73587
G1 X196.216 Y121.41 E3538.07076
G1 X165.28 Y121.411 E3538.84246
G1 X165.28 Y178.589 E3540.26877
M204 S10000
G0 F9600 X164.98 Y178.889
M204 S1000
G1 F1800 X196.515 Y178.889 E3541.05541
G1 X196.517 Y165.159 E3541.39791
G1 X196.613 Y164.92 E3541.40433
G1 X196.738 Y164.812 E3541.40845
G1 X196.966 Y164.75 E3541.41435
G1 X198.559 Y164.75 E3541.45408
G1 X198.558 Y135.25 E3542.18997
G1 X196.867 Y135.25 E3542.23215
G1 X196.679 Y135.148 E3542.23748
G1 X196.549 Y134.972 E3542.24294
G1 X196.519 Y134.86 E3542.24583
G1 X196.516 Y121.11 E3542.58883
G1 X164.98 Y121.111 E3543.3755
G1 X164.98 Y178.889 E3544.81678
M204 S10000
G0 F9600 X164.73 Y179.139
M204 S1000
;TYPE:WALL-OUTER
G1 F1800 X196.765 Y179.139 E3545.61589
G1 X196.767 Y165.173 E3545.96428
G1 X196.821 Y165.061 E3545.96738
G1 X196.918 Y165 E3545.97024
G1 X198.809 Y165 E3546.01741
G1 X198.808 Y135 E3546.76576
G1 X196.92 Y135 E3546.81286
G1 X196.8 Y134.913 E3546.81655
G1 X196.766 Y134.819 E3546.81905
G1 X196.766 Y120.86 E3547.16726
G1 X164.73 Y120.861 E3547.9664
G1 X164.73 Y179.139 E3549.42015
M204 S10000
G0 F9600 X164.93 Y179.139
G0 X165.492 Y178.289
G1 F3000 E3543.42015
;MESH:NONMESH
G0 F300 X165.492 Y178.289 Z1.56
G0 F9600 X164.899 Y127.49
G0 X160.17 Y127.49
G0 X159.29 Y127.49
;TIME_ELAPSED:6987.387974
;LAYER:7
M204 S1000
;TYPE:WALL-INNER
;MESH:Bottom_panel_x3.stl(2)
G1 F3000 E3549.42015
G1 F1800 X159.29 Y95.51 E3550.21789
G1 X103.11 Y95.51 E3551.61931
G1 X103.11 Y127.49 E3552.41705
G1 X159.29 Y127.49 E3553.81847
M204 S10000
G0 F9600 X159.59 Y127.79
M204 S1000
G1 F1800 X159.59 Y95.21 E3554.63118
G1 X102.81 Y95.21 E3556.04756
G1 X102.81 Y127.79 E3556.86027
G1 X159.59 Y127.79 E3558.27666
M204 S10000
G0 F9600 X159.89 Y128.09
M204 S1000
G1 F1800 X159.89 Y94.91 E3559.10433
G1 X102.51 Y94.91 E3560.53568
G1 X102.51 Y128.09 E3561.36336
G1 X159.89 Y128.09 E3562.79471
M204 S10000
G0 F9600 X160.14 Y128.34
M204 S1000
;TYPE:WALL-OUTER
G1 F1800 X160.14 Y94.66 E3563.63486
G1 X102.26 Y94.66 E3565.07869
G1 X102.26 Y128.34 E3565.91884
G1 X160.14 Y128.34 E3567.36266
M204 S10000
G0 F9600 X160.14 Y128.14
G0 X159.89 Y128.14
G0 X159.24 Y127.22
G0 X159.02 Y127.22
M204 S1000
;TYPE:SKIN
G1 F1200 X103.38 Y127.22 E3568.7506
G1 X103.38 Y95.78 E3569.53488
G1 X159.02 Y95.78 E3570.92282
G1 X159.02 Y127.22 E3571.7071
M204 S10000
G0 F9600 X158.869 Y126.66
M204 S1000
G1 F1200 X158.459 Y127.07 E3571.72156
M204 S10000
G0 F9600 X158.034 Y127.07
M204 S1000
G1 F1200 X158.869 Y126.236 E3571.751
M204 S10000
G0 F9600 X158.869 Y125.811
M204 S1000
G1 F1200 X157.61 Y127.07 E3571.79542
M204 S10000
G0 F9600 X157.186 Y127.07
M204 S1000
G1 F1200 X158.869 Y125.387 E3571.85479
M204 S10000
G0 F9600 X158.869 Y124.963
M204 S1000
G1 F1200 X156.762 Y127.07 E3571.92912
M204 S10000
G0 F9600 X156.337 Y127.07
M204 S1000
G1 F1200 X158.869 Y124.539 E3572.01842
M204 S10000
G0 F9600 X158.869 Y124.114
M204 S1000
G1 F1200 X155.913 Y127.07 E3572.1227
M204 S10000
G0 F9600 X155.489 Y127.07
M204 S1000
G1 F1200 X158.869 Y123.69 E3572.24194
M204 S10000
G0 F9600 X158.869 Y123.266
M204 S1000
G1 F1200 X155.064 Y127.07 E3572.37616
M204 S10000
G0 F9600 X154.64 Y127.07
M204 S1000
G1 F1200 X158.869 Y122.842 E3572.52533
M204 S10000
G0 F9600 X158.869 Y122.417
M204 S1000
G1 F1200 X154.216 Y127.07 E3572.68948
M204 S10000
G0 F9600 X153.792 Y127.07
M204 S1000
G1 F1200 X158.869 Y121.993 E3572.86858
M204 S10000
G0 F9600 X158.869 Y121.569
M204 S1000
G1 F1200 X153.367 Y127.07 E3573.06266
M204 S10000
G0 F9600 X152.943 Y127.07
M204 S1000
G1 F1200 X158.869 Y121.145 E3573.2717
M204 S10000
G0 F9600 X158.869 Y120.72
M204 S1000
G1 F1200 X152.519 Y127.07 E3573.49571
M204 S10000
G0 F9600 X152.095 Y127.07
M204 S1000
G1 F1200 X158.869 Y120.296 E3573.73468
M204 S10000
G0 F9600 X158.869 Y119.872
M204 S1000
G1 F1200 X151.67 Y127.07 E3573.98863
M204 S10000
G0 F9600 X151.246 Y127.07
M204 S1000
G1 F1200 X158.869 Y119.448 E3574.25753
M204 S10000
G0 F9600 X158.869 Y119.023
M204 S1000
G1 F1200 X150.822 Y127.07 E3574.54141
M204 S10000
G0 F9600 X150.398 Y127.07
M204 S1000
G1 F1200 X158.869 Y118.599 E3574.84025
M204 S10000
G0 F9600 X158.869 Y118.175
M204 S1000
G1 F1200 X149.973 Y127.07 E3575.15406
M204 S10000
G0 F9600 X149.549 Y127.07
M204 S1000
G1 F1200 X158.869 Y117.75 E3575.48285
M204 S10000
G0 F9600 X158.869 Y117.326
M204 S1000
G1 F1200 X149.125 Y127.07 E3575.8266
M204 S10000
G0 F9600 X148.701 Y127.07
M204 S1000
G1 F1200 X158.869 Y116.902 E3576.1853
M204 S10000
G0 F9600 X158.869 Y116.478
M204 S1000
G1 F1200 X148.276 Y127.07 E3576.55898
M204 S10000
G0 F9600 X147.852 Y127.07
M204 S1000
G1 F1200 X158.869 Y116.053 E3576.94764
M204 S10000
G0 F9600 X158.869 Y115.629
M204 S1000
G1 F1200 X147.428 Y127.07 E3577.35125
M204 S10000
G0 F9600 X147.003 Y127.07
M204 S1000
G1 F1200 X158.869 Y115.205 E3577.76984
M204 S10000
G0 F9600 X158.869 Y114.781
M204 S1000
G1 F1200 X146.579 Y127.07 E3578.20338
M204 S10000
G0 F9600 X146.155 Y127.07
M204 S1000
G1 F1200 X158.869 Y114.356 E3578.6519
M204 S10000
G0 F9600 X158.869 Y113.932
M204 S1000
G1 F1200 X145.731 Y127.07 E3579.11538
M204 S10000
G0 F9600 X145.306 Y127.07
M204 S1000
G1 F1200 X158.869 Y113.508 E3579.59383
M204 S10000
G0 F9600 X158.869 Y113.084
M204 S1000
G1 F1200 X144.882 Y127.07 E3580.08725
M204 S10000
G0 F9600 X144.458 Y127.07
M204 S1000
G1 F1200 X158.869 Y112.659 E3580.59563
M204 S10000
G0 F9600 X158.869 Y112.235
M204 S1000
G1 F1200 X144.034 Y127.07 E3581.11898
M204 S10000
G0 F9600 X143.609 Y127.07
M204 S1000
G1 F1200 X158.869 Y111.811 E3581.6573
M204 S10000
G0 F9600 X158.869 Y111.386
M204 S1000
G1 F1200 X143.185 Y127.07 E3582.21059
M204 S10000
G0 F9600 X142.761 Y127.07
M204 S1000
G1 F1200 X158.869 Y110.962 E3582.77885
M204 S10000
G0 F9600 X158.869 Y110.538
M204 S1000
G1 F1200 X142.337 Y127.07 E3583.36206
M204 S10000
G0 F9600 X141.912 Y127.07
M204 S1000
G1 F1200 X158.869 Y110.114 E3583.96024
M204 S10000
G0 F9600 X158.869 Y109.689
M204 S1000
G1 F1200 X141.488 Y127.07 E3584.5734
M204 S10000
G0 F9600 X141.064 Y127.07
M204 S1000
G1 F1200 X158.869 Y109.265 E3585.20152
M204 S10000
G0 F9600 X158.869 Y108.841
M204 S1000
G1 F1200 X140.64 Y127.07 E3585.8446
M204 S10000
G0 F9600 X140.215 Y127.07
M204 S1000
G1 F1200 X158.869 Y108.417 E3586.50265
M204 S10000
G0 F9600 X158.869 Y107.992
M204 S1000
G1 F1200 X139.791 Y127.07 E3587.17568
M204 S10000
G0 F9600 X139.367 Y127.07
M204 S1000
G1 F1200 X158.869 Y107.568 E3587.86367
M204 S10000
G0 F9600 X158.869 Y107.144
M204 S1000
G1 F1200 X138.942 Y127.07 E3588.56663
M204 S10000
G0 F9600 X138.518 Y127.07
M204 S1000
G1 F1200 X158.869 Y106.72 E3589.28455
M204 S10000
G0 F9600 X158.869 Y106.295
M204 S1000
G1 F1200 X138.094 Y127.07 E3590.01744
M204 S10000
G0 F9600 X137.67 Y127.07
M204 S1000
G1 F1200 X158.869 Y105.871 E3590.76529
M204 S10000
G0 F9600 X158.869 Y105.447
M204 S1000
G1 F1200 X137.245 Y127.07 E3591.52812
M204 S10000
G0 F9600 X136.821 Y127.07
M204 S1000
G1 F1200 X158.869 Y105.023 E3592.30591
M204 S10000
G0 F9600 X158.869 Y104.598
M204 S1000
G1 F1200 X136.397 Y127.07 E3593.09867
M204 S10000
G0 F9600 X135.973 Y127.07
M204 S1000
G1 F1200 X158.869 Y104.174 E3593.90639
M204 S10000
G0 F9600 X158.869 Y103.75
M204 S1000
G1 F1200 X135.548 Y127.07 E3594.72908
M204 S10000
G0 F9600 X135.124 Y127.07
M204 S1000
G1 F1200 X158.869 Y103.325 E3595.56675
M204 S10000
G0 F9600 X158.869 Y102.901
M204 S1000
G1 F1200 X134.7 Y127.07 E3596.41937
M204 S10000
G0 F9600 X134.276 Y127.07
M204 S1000
G1 F1200 X158.869 Y102.477 E3597.28696
M204 S10000
G0 F9600 X158.869 Y102.053
M204 S1000
G1 F1200 X133.851 Y127.07 E3598.16952
M204 S10000
G0 F9600 X133.427 Y127.07
M204 S1000
G1 F1200 X158.869 Y101.628 E3599.06705
M204 S10000
G0 F9600 X158.869 Y101.204
M204 S1000
G1 F1200 X133.003 Y127.07 E3599.97955
M204 S10000
G0 F9600 X132.578 Y127.07
M204 S1000
G1 F1200 X158.869 Y100.78 E3600.90702
M204 S10000
G0 F9600 X158.869 Y100.356
M204 S1000
G1 F1200 X132.154 Y127.07 E3601.84944
M204 S10000
G0 F9600 X131.73 Y127.07
M204 S1000
G1 F1200 X158.869 Y99.931 E3602.80684
M204 S10000
G0 F9600 X158.869 Y99.507
M204 S1000
G1 F1200 X131.306 Y127.07 E3603.7792
M204 S10000
G0 F9600 X130.882 Y127.069
M204 S1000
G1 F1200 X158.869 Y99.083 E3604.7665
M204 S10000
G0 F9600 X158.869 Y98.659
M204 S1000
G1 F1200 X130.458 Y127.069 E3605.76876
M204 S10000
G0 F9600 X130.034 Y127.069
M204 S1000
G1 F1200 X158.869 Y98.234 E3606.78599
M204 S10000
G0 F9600 X158.869 Y97.81
M204 S1000
G1 F1200 X129.609 Y127.069 E3607.8182
M204 S10000
G0 F9600 X129.185 Y127.069
M204 S1000
G1 F1200 X158.869 Y97.386 E3608.86536
M204 S10000
G0 F9600 X158.869 Y96.962
M204 S1000
G1 F1200 X128.761 Y127.069 E3609.92749
M204 S10000
G0 F9600 X128.337 Y127.069
M204 S1000
G1 F1200 X158.869 Y96.537 E3611.00459
M204 S10000
G0 F9600 X158.869 Y96.113
M204 S1000
G1 F1200 X127.912 Y127.069 E3612.09666
M204 S10000
G0 F9600 X127.488 Y127.069
M204 S1000
G1 F1200 X158.628 Y95.929 E3613.19521
M204 S10000
G0 F9600 X158.204 Y95.929
M204 S1000
G1 F1200 X127.064 Y127.069 E3614.29376
M204 S10000
G0 F9600 X126.639 Y127.069
M204 S1000
G1 F1200 X157.78 Y95.929 E3615.39232
M204 S10000
G0 F9600 X157.356 Y95.929
M204 S1000
G1 F1200 X126.215 Y127.069 E3616.49089
M204 S10000
G0 F9600 X125.791 Y127.069
M204 S1000
G1 F1200 X156.931 Y95.929 E3617.58943
M204 S10000
G0 F9600 X156.507 Y95.929
M204 S1000
G1 F1200 X125.367 Y127.069 E3618.68798
M204 S10000
G0 F9600 X124.942 Y127.069
M204 S1000
G1 F1200 X156.083 Y95.929 E3619.78655
M204 S10000
G0 F9600 X155.658 Y95.929
M204 S1000
G1 F1200 X124.518 Y127.069 E3620.88509
M204 S10000
G0 F9600 X124.094 Y127.069
M204 S1000
G1 F1200 X155.234 Y95.929 E3621.98364
M204 S10000
G0 F9600 X154.81 Y95.929
M204 S1000
G1 F1200 X123.67 Y127.069 E3623.08219
M204 S10000
G0 F9600 X123.245 Y127.069
M204 S1000
G1 F1200 X154.386 Y95.929 E3624.18076
M204 S10000
G0 F9600 X153.961 Y95.929
M204 S1000
G1 F1200 X122.821 Y127.069 E3625.2793
M204 S10000
G0 F9600 X122.397 Y127.069
M204 S1000
G1 F1200 X153.537 Y95.929 E3626.37785
M204 S10000
G0 F9600 X153.113 Y95.929
M204 S1000
G1 F1200 X121.973 Y127.069 E3627.4764
M204 S10000
G0 F9600 X121.548 Y127.069
M204 S1000
G1 F1200 X152.689 Y95.929 E3628.57496
M204 S10000
G0 F9600 X152.264 Y95.929
M204 S1000
G1 F1200 X121.124 Y127.069 E3629.67351
M204 S10000
G0 F9600 X120.7 Y127.069
M204 S1000
G1 F1200 X151.84 Y95.929 E3630.77206
M204 S10000
G0 F9600 X151.416 Y95.929
M204 S1000
G1 F1200 X120.276 Y127.069 E3631.87061
M204 S10000
G0 F9600 X119.851 Y127.069
M204 S1000
G1 F1200 X150.992 Y95.929 E3632.96917
M204 S10000
G0 F9600 X150.567 Y95.929
M204 S1000
G1 F1200 X119.427 Y127.069 E3634.06772
M204 S10000
G0 F9600 X119.003 Y127.069
M204 S1000
G1 F1200 X150.143 Y95.929 E3635.16627
M204 S10000
G0 F9600 X149.719 Y95.929
M204 S1000
G1 F1200 X118.578 Y127.069 E3636.26483
M204 S10000
G0 F9600 X118.154 Y127.069
M204 S1000
G1 F1200 X149.294 Y95.929 E3637.36338
M204 S10000
G0 F9600 X148.87 Y95.929
M204 S1000
G1 F1200 X117.73 Y127.069 E3638.46193
M204 S10000
G0 F9600 X117.306 Y127.069
M204 S1000
G1 F1200 X148.446 Y95.929 E3639.56047
M204 S10000
G0 F9600 X148.022 Y95.929
M204 S1000
G1 F1200 X116.881 Y127.069 E3640.65904
M204 S10000
G0 F9600 X116.457 Y127.069
M204 S1000
G1 F1200 X147.597 Y95.929 E3641.75759
M204 S10000
G0 F9600 X147.173 Y95.929
M204 S1000
G1 F1200 X116.033 Y127.069 E3642.85613
M204 S10000
G0 F9600 X115.609 Y127.069
M204 S1000
G1 F1200 X146.749 Y95.929 E3643.95468
M204 S10000
G0 F9600 X146.325 Y95.929
M204 S1000
G1 F1200 X115.184 Y127.069 E3645.05325
M204 S10000
G0 F9600 X114.76 Y127.069
M204 S1000
G1 F1200 X145.9 Y95.929 E3646.1518
M204 S10000
G0 F9600 X145.476 Y95.929
M204 S1000
G1 F1200 X114.336 Y127.069 E3647.25034
M204 S10000
G0 F9600 X113.912 Y127.069
M204 S1000
G1 F1200 X145.052 Y95.929 E3648.34889
M204 S10000
G0 F9600 X144.628 Y95.929
M204 S1000
G1 F1200 X113.487 Y127.069 E3649.44746
M204 S10000
G0 F9600 X113.063 Y127.069
M204 S1000
G1 F1200 X144.203 Y95.929 E3650.546
M204 S10000
G0 F9600 X143.779 Y95.929
M204 S1000
G1 F1200 X112.639 Y127.069 E3651.64455
M204 S10000
G0 F9600 X112.215 Y127.069
M204 S1000
G1 F1200 X143.355 Y95.929 E3652.7431
M204 S10000
G0 F9600 X142.931 Y95.929
M204 S1000
G1 F1200 X111.79 Y127.069 E3653.84166
M204 S10000
G0 F9600 X111.366 Y127.069
M204 S1000
G1 F1200 X142.506 Y95.929 E3654.94021
M204 S10000
G0 F9600 X142.082 Y95.929
M204 S1000
G1 F1200 X110.942 Y127.069 E3656.03876
M204 S10000
G0 F9600 X110.517 Y127.069
M204 S1000
G1 F1200 X141.658 Y95.929 E3657.13732
M204 S10000
G0 F9600 X141.233 Y95.929
M204 S1000
G1 F1200 X110.093 Y127.069 E3658.23587
M204 S10000
G0 F9600 X109.669 Y127.069
M204 S1000
G1 F1200 X140.809 Y95.929 E3659.33442
M204 S10000
G0 F9600 X140.385 Y95.929
M204 S1000
G1 F1200 X109.245 Y127.069 E3660.43297
M204 S10000
G0 F9600 X108.82 Y127.069
M204 S1000
G1 F1200 X139.961 Y95.929 E3661.53153
M204 S10000
G0 F9600 X139.536 Y95.929
M204 S1000
G1 F1200 X108.396 Y127.069 E3662.63008
M204 S10000
G0 F9600 X107.972 Y127.069
M204 S1000
G1 F1200 X139.112 Y95.929 E3663.72863
M204 S10000
G0 F9600 X138.688 Y95.929
M204 S1000
G1 F1200 X107.548 Y127.069 E3664.82718
M204 S10000
G0 F9600 X107.123 Y127.069
M204 S1000
G1 F1200 X138.264 Y95.929 E3665.92574
M204 S10000
G0 F9600 X137.839 Y95.929
M204 S1000
G1 F1200 X106.699 Y127.069 E3667.02429
M204 S10000
G0 F9600 X106.275 Y127.069
M204 S1000
G1 F1200 X137.415 Y95.929 E3668.12284
M204 S10000
G0 F9600 X136.991 Y95.929
M204 S1000
G1 F1200 X105.851 Y127.069 E3669.22138
M204 S10000
G0 F9600 X105.426 Y127.069
M204 S1000
G1 F1200 X136.567 Y95.929 E3670.31995
M204 S10000
G0 F9600 X136.142 Y95.929
M204 S1000
G1 F1200 X105.002 Y127.069 E3671.4185
M204 S10000
G0 F9600 X104.578 Y127.069
M204 S1000
G1 F1200 X135.718 Y95.929 E3672.51704
M204 S10000
G0 F9600 X135.294 Y95.929
M204 S1000
G1 F1200 X104.154 Y127.069 E3673.61559
M204 S10000
G0 F9600 X103.729 Y127.069
M204 S1000
G1 F1200 X134.87 Y95.929 E3674.71416
M204 S10000
G0 F9600 X134.445 Y95.929
M204 S1000
G1 F1200 X103.529 Y126.845 E3675.8048
M204 S10000
G0 F9600 X103.529 Y126.421
M204 S1000
G1 F1200 X134.021 Y95.929 E3676.88049
M204 S10000
G0 F9600 X133.597 Y95.929
M204 S1000
G1 F1200 X103.529 Y125.997 E3677.94122
M204 S10000
G0 F9600 X103.529 Y125.572
M204 S1000
G1 F1200 X133.172 Y95.929 E3678.98696
M204 S10000
G0 F9600 X132.748 Y95.929
M204 S1000
G1 F1200 X103.529 Y125.148 E3680.01774
M204 S10000
G0 F9600 X103.529 Y124.724
M204 S1000
G1 F1200 X132.324 Y95.929 E3681.03356
M204 S10000
G0 F9600 X131.9 Y95.929
M204 S1000
G1 F1200 X103.529 Y124.3 E3682.03442
M204 S10000
G0 F9600 X103.529 Y123.875
M204 S1000
G1 F1200 X131.475 Y95.929 E3683.02029
M204 S10000
G0 F9600 X131.051 Y95.929
M204 S1000
G1 F1200 X103.529 Y123.451 E3683.9912
M204 S10000
G0 F9600 X103.529 Y123.027
M204 S1000
G1 F1200 X130.627 Y95.929 E3684.94716
M204 S10000
G0 F9600 X130.203 Y95.929
M204 S1000
G1 F1200 X103.529 Y122.603 E3685.88816
M204 S10000
G0 F9600 X103.529 Y122.178
M204 S1000
G1 F1200 X129.778 Y95.929 E3686.81416
M204 S10000
G0 F9600 X129.354 Y95.929
M204 S1000
G1 F1200 X103.529 Y121.754 E3687.72521
M204 S10000
G0 F9600 X103.529 Y121.33
M204 S1000
G1 F1200 X128.93 Y95.929 E3688.6213
M204 S10000
G0 F9600 X128.506 Y95.929
M204 S1000
G1 F1200 X103.529 Y120.906 E3689.50243
M204 S10000
G0 F9600 X103.529 Y120.481
M204 S1000
G1 F1200 X128.081 Y95.929 E3690.36857
M204 S10000
G0 F9600 X127.657 Y95.929
M204 S1000
G1 F1200 X103.529 Y120.057 E3691.21975
M204 S10000
G0 F9600 X103.529 Y119.633
M204 S1000
G1 F1200 X127.233 Y95.929 E3692.05597
M204 S10000
G0 F9600 X126.808 Y95.929
M204 S1000
G1 F1200 X103.529 Y119.209 E3692.87722
M204 S10000
G0 F9600 X103.529 Y118.784
M204 S1000
G1 F1200 X126.384 Y95.929 E3693.68349
M204 S10000
G0 F9600 X125.96 Y95.929
M204 S1000
G1 F1200 X103.529 Y118.36 E3694.4748
M204 S10000
G0 F9600 X103.529 Y117.936
M204 S1000
G1 F1200 X125.536 Y95.929 E3695.25116
M204 S10000
G0 F9600 X125.111 Y95.929
M204 S1000
G1 F1200 X103.529 Y117.511 E3696.01252
M204 S10000
G0 F9600 X103.529 Y117.087
M204 S1000
G1 F1200 X124.687 Y95.929 E3696.75893
M204 S10000
G0 F9600 X124.263 Y95.929
M204 S1000
G1 F1200 X103.529 Y116.663 E3697.49037
M204 S10000
G0 F9600 X103.529 Y116.239
M204 S1000
G1 F1200 X123.839 Y95.929 E3698.20686
M204 S10000
G0 F9600 X123.414 Y95.929
M204 S1000
G1 F1200 X103.529 Y115.814 E3698.90836
M204 S10000
G0 F9600 X103.529 Y115.39
M204 S1000
G1 F1200 X122.99 Y95.929 E3699.5949
M204 S10000
G0 F9600 X122.566 Y95.929
M204 S1000
G1 F1200 X103.529 Y114.966 E3700.26648
M204 S10000
G0 F9600 X103.529 Y114.542
M204 S1000
G1 F1200 X122.142 Y95.929 E3700.92311
M204 S10000
G0 F9600 X121.717 Y95.929
M204 S1000
G1 F1200 X103.529 Y114.117 E3701.56474
M204 S10000
G0 F9600 X103.529 Y113.693
M204 S1000
G1 F1200 X121.293 Y95.929 E3702.19141
M204 S10000
G0 F9600 X120.869 Y95.929
M204 S1000
G1 F1200 X103.529 Y113.269 E3702.80313
M204 S10000
G0 F9600 X103.529 Y112.845
M204 S1000
G1 F1200 X120.445 Y95.929 E3703.39988
M204 S10000
G0 F9600 X120.02 Y95.929
M204 S1000
G1 F1200 X103.529 Y112.42 E3703.98165
M204 S10000
G0 F9600 X103.529 Y111.996
M204 S1000
G1 F1200 X119.596 Y95.929 E3704.54845
M204 S10000
G0 F9600 X119.172 Y95.929
M204 S1000
G1 F1200 X103.529 Y111.572 E3705.1003
M204 S10000
G0 F9600 X103.529 Y111.147
M204 S1000
G1 F1200 X118.747 Y95.929 E3705.63716
M204 S10000
G0 F9600 X118.323 Y95.929
M204 S1000
G1 F1200 X103.529 Y110.723 E3706.15906
M204 S10000
G0 F9600 X103.529 Y110.299
M204 S1000
G1 F1200 X117.899 Y95.929 E3706.666
M204 S10000
G0 F9600 X117.475 Y95.929
M204 S1000
G1 F1200 X103.529 Y109.875 E3707.15798
M204 S10000
G0 F9600 X103.529 Y109.45
M204 S1000
G1 F1200 X117.05 Y95.929 E3707.63497
M204 S10000
G0 F9600 X116.626 Y95.929
M204 S1000
G1 F1200 X103.529 Y109.026 E3708.097
M204 S10000
G0 F9600 X103.529 Y108.602
M204 S1000
G1 F1200 X116.202 Y95.929 E3708.54408
M204 S10000
G0 F9600 X115.778 Y95.929
M204 S1000
G1 F1200 X103.529 Y108.178 E3708.97619
M204 S10000
G0 F9600 X103.529 Y107.753
M204 S1000
G1 F1200 X115.353 Y95.929 E3709.39332
M204 S10000
G0 F9600 X114.929 Y95.929
M204 S1000
G1 F1200 X103.529 Y107.329 E3709.79548
M204 S10000
G0 F9600 X103.529 Y106.905
M204 S1000
G1 F1200 X114.505 Y95.929 E3710.18269
M204 S10000
G0 F9600 X114.081 Y95.929
M204 S1000
G1 F1200 X103.529 Y106.481 E3710.55494
M204 S10000
G0 F9600 X103.529 Y106.056
M204 S1000
G1 F1200 X113.656 Y95.929 E3710.9122
M204 S10000
G0 F9600 X113.232 Y95.929
M204 S1000
G1 F1200 X103.529 Y105.632 E3711.2545
M204 S10000
G0 F9600 X103.529 Y105.208
M204 S1000
G1 F1200 X112.808 Y95.929 E3711.58184
M204 S10000
G0 F9600 X112.384 Y95.929
M204 S1000
G1 F1200 X103.529 Y104.784 E3711.89422
M204 S10000
G0 F9600 X103.529 Y104.359
M204 S1000
G1 F1200 X111.959 Y95.929 E3712.19162
M204 S10000
G0 F9600 X111.535 Y95.929
M204 S1000
G1 F1200 X103.529 Y103.935 E3712.47405
M204 S10000
G0 F9600 X103.529 Y103.511
M204 S1000
G1 F1200 X111.111 Y95.929 E3712.74152
M204 S10000
G0 F9600 X110.686 Y95.929
M204 S1000
G1 F1200 X103.529 Y103.086 E3712.99401
M204 S10000
G0 F9600 X103.529 Y102.662
M204 S1000
G1 F1200 X110.262 Y95.929 E3713.23153
M204 S10000
G0 F9600 X109.838 Y95.929
M204 S1000
G1 F1200 X103.529 Y102.238 E3713.4541
M204 S10000
G0 F9600 X103.529 Y101.814
M204 S1000
G1 F1200 X109.414 Y95.929 E3713.66171
M204 S10000
G0 F9600 X108.989 Y95.929
M204 S1000
G1 F1200 X103.529 Y101.389 E3713.85432
M204 S10000
G0 F9600 X103.529 Y100.965
M204 S1000
G1 F1200 X108.565 Y95.929 E3714.03198
M204 S10000
G0 F9600 X108.141 Y95.929
M204 S1000
G1 F1200 X103.529 Y100.541 E3714.19468
M204 S10000
G0 F9600 X103.529 Y100.117
M204 S1000
G1 F1200 X107.717 Y95.929 E3714.34243
M204 S10000
G0 F9600 X107.292 Y95.929
M204 S1000
G1 F1200 X103.529 Y99.692 E3714.47518
M204 S10000
G0 F9600 X103.529 Y99.268
M204 S1000
G1 F1200 X106.868 Y95.929 E3714.59297
M204 S10000
G0 F9600 X106.444 Y95.929
M204 S1000
G1 F1200 X103.529 Y98.844 E3714.6958
M204 S10000
G0 F9600 X103.529 Y98.42
M204 S1000
G1 F1200 X106.02 Y95.929 E3714.78368
M204 S10000
G0 F9600 X105.595 Y95.929
M204 S1000
G1 F1200 X103.529 Y97.995 E3714.85656
M204 S10000
G0 F9600 X103.529 Y97.571
M204 S1000
G1 F1200 X105.171 Y95.929 E3714.91449
M204 S10000
G0 F9600 X104.747 Y95.929
M204 S1000
G1 F1200 X103.529 Y97.147 E3714.95746
M204 S10000
G0 F9600 X103.529 Y96.723
M204 S1000
G1 F1200 X104.322 Y95.929 E3714.98545
M204 S10000
G0 F9600 X103.898 Y95.929
M204 S1000
G1 F1200 X103.529 Y96.298 E3714.99847
M204 S10000
G0 F9600 X103.11 Y96.298
G1 F3000 E3708.99847
;MESH:Bottom_panel_x3.stl
G0 F9600 X103.232 Y127.368
G0 X159.29 Y128.17
G0 X159.29 Y133.33
G0 X159.29 Y165.99
M204 S1000
;TYPE:WALL-INNER
G1 F3000 E3714.99847
G1 F1800 X159.29 Y134.01 E3715.79621
G1 X103.11 Y134.01 E3717.19763
G1 X103.11 Y165.99 E3717.99537
G1 X159.29 Y165.99 E3719.39679
M204 S10000
G0 F9600 X159.59 Y166.29
M204 S1000
G1 F1800 X159.59 Y133.71 E3720.2095
G1 X102.81 Y133.71 E3721.62588
G1 X102.81 Y166.29 E3722.43859
G1 X159.59 Y166.29 E3723.85498
M204 S10000
G0 F9600 X159.89 Y166.59
M204 S1000
G1 F1800 X159.89 Y133.41 E3724.68266
G1 X102.51 Y133.41 E3726.11401
G1 X102.51 Y166.59 E3726.94168
G1 X159.89 Y166.59 E3728.37303
M204 S10000
G0 F9600 X160.14 Y166.84
M204 S1000
;TYPE:WALL-OUTER
G1 F1800 X160.14 Y133.16 E3729.21318
G1 X102.26 Y133.16 E3730.65701
G1 X102.26 Y166.84 E3731.49716
G1 X160.14 Y166.84 E3732.94098
M204 S10000
G0 F9600 X160.14 Y166.64
G0 X159.89 Y166.64
G0 X159.24 Y165.72
G0 X159.02 Y165.72
M204 S1000
;TYPE:SKIN
G1 F1200 X103.38 Y165.72 E3734.32893
G1 X103.38 Y134.28 E3735.1132
G1 X159.02 Y134.28 E3736.50115
G1 X159.02 Y165.72 E3737.28542
M204 S10000
G0 F9600 X158.568 Y165.569
M204 S1000
G1 F1200 X158.869 Y165.268 E3737.29604
M204 S10000
G0 F9600 X158.869 Y164.844
M204 S1000
G1 F1200 X158.144 Y165.569 E3737.32161
M204 S10000
G0 F9600 X157.72 Y165.569
M204 S1000
G1 F1200 X158.869 Y164.42 E3737.36215
M204 S10000
G0 F9600 X158.869 Y163.995
M204 S1000
G1 F1200 X157.295 Y165.569 E3737.41768
M204 S10000
G0 F9600 X156.871 Y165.569
M204 S1000
G1 F1200 X158.869 Y163.571 E3737.48816
M204 S10000
G0 F9600 X158.869 Y163.147
M204 S1000
G1 F1200 X156.447 Y165.569 E3737.5736
M204 S10000
G0 F9600 X156.023 Y165.569
M204 S1000
G1 F1200 X158.869 Y162.722 E3737.67402
M204 S10000
G0 F9600 X158.869 Y162.298
M204 S1000
G1 F1200 X155.598 Y165.569 E3737.78941
M204 S10000
G0 F9600 X155.174 Y165.569
M204 S1000
G1 F1200 X158.869 Y161.874 E3737.91977
M204 S10000
G0 F9600 X158.869 Y161.45
M204 S1000
G1 F1200 X154.75 Y165.569 E3738.06507
M204 S10000
G0 F9600 X154.326 Y165.569
M204 S1000
G1 F1200 X158.869 Y161.025 E3738.22536
M204 S10000
G0 F9600 X158.869 Y160.601
M204 S1000
G1 F1200 X153.901 Y165.569 E3738.40062
M204 S10000
G0 F9600 X153.477 Y165.569
M204 S1000
G1 F1200 X158.869 Y160.177 E3738.59084
M204 S10000
G0 F9600 X158.869 Y159.753
M204 S1000
G1 F1200 X153.053 Y165.569 E3738.79601
M204 S10000
G0 F9600 X152.628 Y165.569
M204 S1000
G1 F1200 X158.869 Y159.328 E3739.01618
M204 S10000
G0 F9600 X158.869 Y158.904
M204 S1000
G1 F1200 X152.204 Y165.569 E3739.2513
M204 S10000
G0 F9600 X151.78 Y165.569
M204 S1000
G1 F1200 X158.869 Y158.48 E3739.50139
M204 S10000
G0 F9600 X158.869 Y158.056
M204 S1000
G1 F1200 X151.356 Y165.569 E3739.76643
M204 S10000
G0 F9600 X150.931 Y165.569
M204 S1000
G1 F1200 X158.869 Y157.631 E3740.04646
M204 S10000
G0 F9600 X158.869 Y157.207
M204 S1000
G1 F1200 X150.507 Y165.569 E3740.34146
M204 S10000
G0 F9600 X150.083 Y165.569
M204 S1000
G1 F1200 X158.869 Y156.783 E3740.65141
M204 S10000
G0 F9600 X158.869 Y156.358
M204 S1000
G1 F1200 X149.659 Y165.569 E3740.97633
M204 S10000
G0 F9600 X149.234 Y165.569
M204 S1000
G1 F1200 X158.869 Y155.934 E3741.31623
M204 S10000
G0 F9600 X158.869 Y155.51
M204 S1000
G1 F1200 X148.81 Y165.569 E3741.67109
M204 S10000
G0 F9600 X148.386 Y165.569
M204 S1000
G1 F1200 X158.869 Y155.086 E3742.04091
M204 S10000
G0 F9600 X158.869 Y154.661
M204 S1000
G1 F1200 X147.962 Y165.569 E3742.4257
M204 S10000
G0 F9600 X147.537 Y165.569
M204 S1000
G1 F1200 X158.869 Y154.237 E3742.82546
M204 S10000
G0 F9600 X158.869 Y153.813
M204 S1000
G1 F1200 X147.113 Y165.569 E3743.24019
M204 S10000
G0 F9600 X146.689 Y165.569
M204 S1000
G1 F1200 X158.869 Y153.389 E3743.66987
M204 S10000
G0 F9600 X158.869 Y152.964
M204 S1000
G1 F1200 X146.265 Y165.569 E3744.11453
M204 S10000
G0 F9600 X145.84 Y165.569
M204 S1000
G1 F1200 X158.869 Y152.54 E3744.57416
M204 S10000
G0 F9600 X158.869 Y152.116
M204 S1000
G1 F1200 X145.416 Y165.569 E3745.04875
M204 S10000
G0 F9600 X144.992 Y165.569
M204 S1000
G1 F1200 X158.869 Y151.692 E3745.5383
M204 S10000
G0 F9600 X158.869 Y151.267
M204 S1000
G1 F1200 X144.567 Y165.569 E3746.04284
M204 S10000
G0 F9600 X144.143 Y165.569
M204 S1000
G1 F1200 X158.869 Y150.843 E3746.56234
M204 S10000
G0 F9600 X158.869 Y150.419
M204 S1000
G1 F1200 X143.719 Y165.569 E3747.0968
M204 S10000
G0 F9600 X143.295 Y165.569
M204 S1000
G1 F1200 X158.869 Y149.995 E3747.64622
M204 S10000
G0 F9600 X158.869 Y149.57
M204 S1000
G1 F1200 X142.87 Y165.569 E3748.21062
M204 S10000
G0 F9600 X142.446 Y165.569
M204 S1000
G1 F1200 X158.869 Y149.146 E3748.78999
M204 S10000
G0 F9600 X158.869 Y148.722
M204 S1000
G1 F1200 X142.022 Y165.569 E3749.38431
M204 S10000
G0 F9600 X141.598 Y165.569
M204 S1000
G1 F1200 X158.869 Y148.297 E3749.99361
M204 S10000
G0 F9600 X158.869 Y147.873
M204 S1000
G1 F1200 X141.173 Y165.569 E3750.61789
M204 S10000
G0 F9600 X140.749 Y165.569
M204 S1000
G1 F1200 X158.869 Y147.449 E3751.25712
M204 S10000
G0 F9600 X158.869 Y147.025
M204 S1000
G1 F1200 X140.325 Y165.569 E3751.91131
M204 S10000
G0 F9600 X139.901 Y165.569
M204 S1000
G1 F1200 X158.869 Y146.6 E3752.58047
M204 S10000
G0 F9600 X158.869 Y146.176
M204 S1000
G1 F1200 X139.476 Y165.569 E3753.26461
M204 S10000
G0 F9600 X139.052 Y165.569
M204 S1000
G1 F1200 X158.869 Y145.752 E3753.96371
M204 S10000
G0 F9600 X158.869 Y145.328
M204 S1000
G1 F1200 X138.628 Y165.569 E3754.67777
M204 S10000
G0 F9600 X138.204 Y165.569
M204 S1000
G1 F1200 X158.869 Y144.903 E3755.4068
M204 S10000
G0 F9600 X158.869 Y144.479
M204 S1000
G1 F1200 X137.779 Y165.569 E3756.1508
M204 S10000
G0 F9600 X137.355 Y165.569
M204 S1000
G1 F1200 X158.869 Y144.055 E3756.90977
M204 S10000
G0 F9600 X158.869 Y143.631
M204 S1000
G1 F1200 X136.931 Y165.569 E3757.68369
M204 S10000
G0 F9600 X136.506 Y165.569
M204 S1000
G1 F1200 X158.869 Y143.206 E3758.47261
M204 S10000
G0 F9600 X158.869 Y142.782
M204 S1000
G1 F1200 X136.082 Y165.569 E3759.27648
M204 S10000
G0 F9600 X135.658 Y165.569
M204 S1000
G1 F1200 X158.869 Y142.358 E3760.09531
M204 S10000
G0 F9600 X158.869 Y141.934
M204 S1000
G1 F1200 X135.234 Y165.569 E3760.9291
M204 S10000
G0 F9600 X134.809 Y165.569
M204 S1000
G1 F1200 X158.869 Y141.509 E3761.77788
M204 S10000
G0 F9600 X158.869 Y141.085
M204 S1000
G1 F1200 X134.385 Y165.569 E3762.64162
M204 S10000
G0 F9600 X133.961 Y165.569
M204 S1000
G1 F1200 X158.869 Y140.661 E3763.52032
M204 S10000
G0 F9600 X158.869 Y140.236
M204 S1000
G1 F1200 X133.537 Y165.569 E3764.41399
M204 S10000
G0 F9600 X133.112 Y165.569
M204 S1000
G1 F1200 X158.869 Y139.812 E3765.32264
M204 S10000
G0 F9600 X158.869 Y139.388
M204 S1000
G1 F1200 X132.688 Y165.569 E3766.24624
M204 S10000
G0 F9600 X132.264 Y165.569
M204 S1000
G1 F1200 X158.869 Y138.964 E3767.18481
M204 S10000
G0 F9600 X158.869 Y138.539
M204 S1000
G1 F1200 X131.84 Y165.569 E3768.13834
M204 S10000
G0 F9600 X131.415 Y165.569
M204 S1000
G1 F1200 X158.869 Y138.115 E3769.10686
M204 S10000
G0 F9600 X158.869 Y137.691
M204 S1000
G1 F1200 X130.991 Y165.569 E3770.09033
M204 S10000
G0 F9600 X130.567 Y165.569
M204 S1000
G1 F1200 X158.869 Y137.267 E3771.08876
M204 S10000
G0 F9600 X158.869 Y136.842
M204 S1000
G1 F1200 X130.143 Y165.569 E3772.10216
M204 S10000
G0 F9600 X129.718 Y165.569
M204 S1000
G1 F1200 X158.869 Y136.418 E3773.13054
M204 S10000
G0 F9600 X158.869 Y135.994
M204 S1000
G1 F1200 X129.294 Y165.569 E3774.17388
M204 S10000
G0 F9600 X128.87 Y165.569
M204 S1000
G1 F1200 X158.869 Y135.57 E3775.23218
M204 S10000
G0 F9600 X158.869 Y135.145
M204 S1000
G1 F1200 X128.445 Y165.569 E3776.30547
M204 S10000
G0 F9600 X128.021 Y165.569
M204 S1000
G1 F1200 X158.869 Y134.721 E3777.39371
M204 S10000
G0 F9600 X158.736 Y134.429
M204 S1000
G1 F1200 X127.597 Y165.569 E3778.49224
M204 S10000
G0 F9600 X127.173 Y165.569
M204 S1000
G1 F1200 X158.312 Y134.429 E3779.59077
M204 S10000
G0 F9600 X157.888 Y134.429
M204 S1000
G1 F1200 X126.748 Y165.569 E3780.68932
M204 S10000
G0 F9600 X126.324 Y165.569
M204 S1000
G1 F1200 X157.464 Y134.429 E3781.78787
M204 S10000
G0 F9600 X157.039 Y134.429
M204 S1000
G1 F1200 X125.9 Y165.569 E3782.8864
M204 S10000
G0 F9600 X125.476 Y165.569
M204 S1000
G1 F1200 X156.615 Y134.429 E3783.98493
M204 S10000
G0 F9600 X156.191 Y134.429
M204 S1000
G1 F1200 X125.051 Y165.569 E3785.08348
M204 S10000
G0 F9600 X124.627 Y165.569
M204 S1000
G1 F1200 X155.767 Y134.429 E3786.18202
M204 S10000
G0 F9600 X155.342 Y134.429
M204 S1000
G1 F1200 X124.203 Y165.569 E3787.28055
M204 S10000
G0 F9600 X123.779 Y165.569
M204 S1000
G1 F1200 X154.918 Y134.429 E3788.37908
M204 S10000
G0 F9600 X154.494 Y134.429
M204 S1000
G1 F1200 X123.354 Y165.569 E3789.47763
M204 S10000
G0 F9600 X122.93 Y165.569
M204 S1000
G1 F1200 X154.07 Y134.429 E3790.57618
M204 S10000
G0 F9600 X153.645 Y134.429
M204 S1000
G1 F1200 X122.506 Y165.569 E3791.67471
M204 S10000
G0 F9600 X122.081 Y165.569
M204 S1000
G1 F1200 X153.221 Y134.429 E3792.77326
M204 S10000
G0 F9600 X152.797 Y134.429
M204 S1000
G1 F1200 X121.657 Y165.569 E3793.8718
M204 S10000
G0 F9600 X121.233 Y165.569
M204 S1000
G1 F1200 X152.373 Y134.429 E3794.97035
M204 S10000
G0 F9600 X151.948 Y134.429
M204 S1000
G1 F1200 X120.809 Y165.569 E3796.06888
M204 S10000
G0 F9600 X120.384 Y165.569
M204 S1000
G1 F1200 X151.524 Y134.429 E3797.16743
M204 S10000
G0 F9600 X151.1 Y134.429
M204 S1000
G1 F1200 X119.96 Y165.569 E3798.26598
M204 S10000
G0 F9600 X119.536 Y165.569
M204 S1000
G1 F1200 X150.675 Y134.429 E3799.36451
M204 S10000
G0 F9600 X150.251 Y134.429
M204 S1000
G1 F1200 X119.112 Y165.569 E3800.46304
M204 S10000
G0 F9600 X118.687 Y165.569
M204 S1000
G1 F1200 X149.827 Y134.429 E3801.56158
M204 S10000
G0 F9600 X149.403 Y134.429
M204 S1000
G1 F1200 X118.263 Y165.569 E3802.66013
M204 S10000
G0 F9600 X117.839 Y165.569
M204 S1000
G1 F1200 X148.978 Y134.429 E3803.75866
M204 S10000
G0 F9600 X148.554 Y134.429
M204 S1000
G1 F1200 X117.415 Y165.569 E3804.85719
M204 S10000
G0 F9600 X116.99 Y165.569
M204 S1000
G1 F1200 X148.13 Y134.429 E3805.95574
M204 S10000
G0 F9600 X147.706 Y134.429
M204 S1000
G1 F1200 X116.566 Y165.569 E3807.05429
M204 S10000
G0 F9600 X116.142 Y165.569
M204 S1000
G1 F1200 X147.281 Y134.429 E3808.15282
M204 S10000
G0 F9600 X146.857 Y134.429
M204 S1000
G1 F1200 X115.718 Y165.569 E3809.25135
M204 S10000
G0 F9600 X115.293 Y165.569
M204 S1000
G1 F1200 X146.433 Y134.429 E3810.34989
M204 S10000
G0 F9600 X146.009 Y134.429
M204 S1000
G1 F1200 X114.869 Y165.569 E3811.44844
M204 S10000
G0 F9600 X114.445 Y165.569
M204 S1000
G1 F1200 X145.584 Y134.429 E3812.54697
M204 S10000
G0 F9600 X145.16 Y134.429
M204 S1000
G1 F1200 X114.02 Y165.569 E3813.64552
M204 S10000
G0 F9600 X113.596 Y165.569
M204 S1000
G1 F1200 X144.736 Y134.429 E3814.74407
M204 S10000
G0 F9600 X144.312 Y134.429
M204 S1000
G1 F1200 X113.172 Y165.569 E3815.84261
M204 S10000
G0 F9600 X112.748 Y165.569
M204 S1000
G1 F1200 X143.887 Y134.429 E3816.94114
M204 S10000
G0 F9600 X143.463 Y134.429
M204 S1000
G1 F1200 X112.323 Y165.569 E3818.03969
M204 S10000
G0 F9600 X111.899 Y165.569
M204 S1000
G1 F1200 X143.039 Y134.429 E3819.13824
M204 S10000
G0 F9600 X142.614 Y134.429
M204 S1000
G1 F1200 X111.475 Y165.569 E3820.23677
M204 S10000
G0 F9600 X111.051 Y165.569
M204 S1000
G1 F1200 X142.19 Y134.429 E3821.3353
M204 S10000
G0 F9600 X141.766 Y134.429
M204 S1000
G1 F1200 X110.626 Y165.569 E3822.43385
M204 S10000
G0 F9600 X110.202 Y165.569
M204 S1000
G1 F1200 X141.342 Y134.429 E3823.53239
M204 S10000
G0 F9600 X140.917 Y134.429
M204 S1000
G1 F1200 X109.778 Y165.569 E3824.63092
M204 S10000
G0 F9600 X109.354 Y165.569
M204 S1000
G1 F1200 X140.493 Y134.429 E3825.72945
M204 S10000
G0 F9600 X140.069 Y134.429
M204 S1000
G1 F1200 X108.929 Y165.569 E3826.828
M204 S10000
G0 F9600 X108.505 Y165.569
M204 S1000
G1 F1200 X139.645 Y134.429 E3827.92655
M204 S10000
G0 F9600 X139.22 Y134.429
M204 S1000
G1 F1200 X108.081 Y165.569 E3829.02508
M204 S10000
G0 F9600 X107.657 Y165.569
M204 S1000
G1 F1200 X138.796 Y134.429 E3830.12361
M204 S10000
G0 F9600 X138.372 Y134.429
M204 S1000
G1 F1200 X107.232 Y165.569 E3831.22216
M204 S10000
G0 F9600 X106.808 Y165.569
M204 S1000
G1 F1200 X137.948 Y134.429 E3832.3207
M204 S10000
G0 F9600 X137.523 Y134.429
M204 S1000
G1 F1200 X106.384 Y165.569 E3833.41923
M204 S10000
G0 F9600 X105.959 Y165.569
M204 S1000
G1 F1200 X137.099 Y134.429 E3834.51778
M204 S10000
G0 F9600 X136.675 Y134.429
M204 S1000
G1 F1200 X105.535 Y165.569 E3835.61633
M204 S10000
G0 F9600 X105.111 Y165.569
M204 S1000
G1 F1200 X136.25 Y134.429 E3836.71486
M204 S10000
G0 F9600 X135.826 Y134.429
M204 S1000
G1 F1200 X104.687 Y165.569 E3837.81339
M204 S10000
G0 F9600 X104.262 Y165.569
M204 S1000
G1 F1200 X135.402 Y134.429 E3838.91194
M204 S10000
G0 F9600 X134.978 Y134.429
M204 S1000
G1 F1200 X103.838 Y165.569 E3840.01049
M204 S10000
G0 F9600 X103.53 Y165.453
M204 S1000
G1 F1200 X134.553 Y134.429 E3841.10492
M204 S10000
G0 F9600 X134.129 Y134.429
M204 S1000
G1 F1200 X103.53 Y165.028 E3842.18439
M204 S10000
G0 F9600 X103.53 Y164.604
M204 S1000
G1 F1200 X133.705 Y134.429 E3843.24889
M204 S10000
G0 F9600 X133.281 Y134.429
M204 S1000
G1 F1200 X103.53 Y164.18 E3844.29844
M204 S10000
G0 F9600 X103.53 Y163.756
M204 S1000
G1 F1200 X132.856 Y134.429 E3845.33301
M204 S10000
G0 F9600 X132.432 Y134.429
M204 S1000
G1 F1200 X103.53 Y163.331 E3846.3526
M204 S10000
G0 F9600 X103.53 Y162.907
M204 S1000
G1 F1200 X132.008 Y134.429 E3847.35724
M204 S10000
G0 F9600 X131.584 Y134.429
M204 S1000
G1 F1200 X103.53 Y162.483 E3848.34692
M204 S10000
G0 F9600 X103.53 Y162.058
M204 S1000
G1 F1200 X131.159 Y134.429 E3849.32161
M204 S10000
G0 F9600 X130.735 Y134.429
M204 S1000
G1 F1200 X103.53 Y161.634 E3850.28134
M204 S10000
G0 F9600 X103.53 Y161.21
M204 S1000
G1 F1200 X130.311 Y134.429 E3851.22611
M204 S10000
G0 F9600 X129.887 Y134.429
M204 S1000
G1 F1200 X103.53 Y160.786 E3852.15593
M204 S10000
G0 F9600 X103.53 Y160.361
M204 S1000
G1 F1200 X129.462 Y134.429 E3853.07075
M204 S10000
G0 F9600 X129.038 Y134.429
M204 S1000
G1 F1200 X103.53 Y159.937 E3853.97061
M204 S10000
G0 F9600 X103.53 Y159.513
M204 S1000
G1 F1200 X128.614 Y134.429 E3854.85552
M204 S10000
G0 F9600 X128.189 Y134.429
M204 S1000
G1 F1200 X103.53 Y159.089 E3855.72545
M204 S10000
G0 F9600 X103.53 Y158.664
M204 S1000
G1 F1200 X127.765 Y134.429 E3856.5804
M204 S10000
G0 F9600 X127.341 Y134.429
M204 S1000
G1 F1200 X103.53 Y158.24 E3857.4204
M204 S10000
G0 F9600 X103.53 Y157.816
M204 S1000
G1 F1200 X126.917 Y134.429 E3858.24544
M204 S10000
G0 F9600 X126.492 Y134.429
M204 S1000
G1 F1200 X103.53 Y157.392 E3859.0555
M204 S10000
G0 F9600 X103.53 Y156.967
M204 S1000
G1 F1200 X126.068 Y134.429 E3859.85059
M204 S10000
G0 F9600 X125.644 Y134.429
M204 S1000
G1 F1200 X103.53 Y156.543 E3860.63072
M204 S10000
G0 F9600 X103.53 Y156.119
M204 S1000
G1 F1200 X125.22 Y134.429 E3861.3959
M204 S10000
G0 F9600 X124.795 Y134.429
M204 S1000
G1 F1200 X103.53 Y155.695 E3862.1461
M204 S10000
G0 F9600 X103.53 Y155.27
M204 S1000
G1 F1200 X124.371 Y134.429 E3862.88132
M204 S10000
G0 F9600 X123.947 Y134.429
M204 S1000
G1 F1200 X103.53 Y154.846 E3863.60158
M204 S10000
G0 F9600 X103.53 Y154.422
M204 S1000
G1 F1200 X123.523 Y134.429 E3864.30689
M204 S10000
G0 F9600 X123.098 Y134.429
M204 S1000
G1 F1200 X103.53 Y153.997 E3864.9972
M204 S10000
G0 F9600 X103.53 Y153.573
M204 S1000
G1 F1200 X122.674 Y134.429 E3865.67256
M204 S10000
G0 F9600 X122.25 Y134.429
M204 S1000
G1 F1200 X103.53 Y153.149 E3866.33296
M204 S10000
G0 F9600 X103.53 Y152.725
M204 S1000
G1 F1200 X121.826 Y134.429 E3866.9784
M204 S10000
G0 F9600 X121.401 Y134.429
M204 S1000
G1 F1200 X103.53 Y152.3 E3867.60885
M204 S10000
G0 F9600 X103.53 Y151.876
M204 S1000
G1 F1200 X120.977 Y134.429 E3868.22434
M204 S10000
G0 F9600 X120.553 Y134.429
M204 S1000
G1 F1200 X103.53 Y151.452 E3868.82487
M204 S10000
G0 F9600 X103.53 Y151.028
M204 S1000
G1 F1200 X120.128 Y134.429 E3869.41043
M204 S10000
G0 F9600 X119.704 Y134.429
M204 S1000
G1 F1200 X103.53 Y150.603 E3869.98101
M204 S10000
G0 F9600 X103.53 Y150.179
M204 S1000
G1 F1200 X119.28 Y134.429 E3870.53663
M204 S10000
G0 F9600 X118.856 Y134.429
M204 S1000
G1 F1200 X103.53 Y149.755 E3871.0773
M204 S10000
G0 F9600 X103.53 Y149.331
M204 S1000
G1 F1200 X118.431 Y134.429 E3871.60299
M204 S10000
G0 F9600 X118.007 Y134.429
M204 S1000
G1 F1200 X103.53 Y148.906 E3872.1137
M204 S10000
G0 F9600 X103.53 Y148.482
M204 S1000
G1 F1200 X117.583 Y134.429 E3872.60946
M204 S10000
G0 F9600 X117.159 Y134.429
M204 S1000
G1 F1200 X103.53 Y148.058 E3873.09026
M204 S10000
G0 F9600 X103.53 Y147.633
M204 S1000
G1 F1200 X116.734 Y134.429 E3873.55607
M204 S10000
G0 F9600 X116.31 Y134.429
M204 S1000
G1 F1200 X103.53 Y147.209 E3874.00692
M204 S10000
G0 F9600 X103.53 Y146.785
M204 S1000
G1 F1200 X115.886 Y134.429 E3874.44281
M204 S10000
G0 F9600 X115.462 Y134.429
M204 S1000
G1 F1200 X103.53 Y146.361 E3874.86374
M204 S10000
G0 F9600 X103.53 Y145.936
M204 S1000
G1 F1200 X115.037 Y134.429 E3875.26968
M204 S10000
G0 F9600 X114.613 Y134.429
M204 S1000
G1 F1200 X103.53 Y145.512 E3875.66067
M204 S10000
G0 F9600 X103.53 Y145.088
M204 S1000
G1 F1200 X114.189 Y134.429 E3876.03669
M204 S10000
G0 F9600 X113.764 Y134.429
M204 S1000
G1 F1200 X103.53 Y144.664 E3876.39774
M204 S10000
G0 F9600 X103.53 Y144.239
M204 S1000
G1 F1200 X113.34 Y134.429 E3876.74381
M204 S10000
G0 F9600 X112.916 Y134.429
M204 S1000
G1 F1200 X103.53 Y143.815 E3877.07493
M204 S10000
G0 F9600 X103.53 Y143.391
M204 S1000
G1 F1200 X112.492 Y134.429 E3877.39109
M204 S10000
G0 F9600 X112.067 Y134.429
M204 S1000
G1 F1200 X103.53 Y142.967 E3877.69227
M204 S10000
G0 F9600 X103.53 Y142.542
M204 S1000
G1 F1200 X111.643 Y134.429 E3877.97848
M204 S10000
G0 F9600 X111.219 Y134.429
M204 S1000
G1 F1200 X103.53 Y142.118 E3878.24973
M204 S10000
G0 F9600 X103.53 Y141.694
M204 S1000
G1 F1200 X110.795 Y134.429 E3878.50602
M204 S10000
G0 F9600 X110.37 Y134.429
M204 S1000
G1 F1200 X103.53 Y141.27 E3878.74734
M204 S10000
G0 F9600 X103.53 Y140.845
M204 S1000
G1 F1200 X109.946 Y134.429 E3878.97368
M204 S10000
G0 F9600 X109.522 Y134.429
M204 S1000
G1 F1200 X103.53 Y140.421 E3879.18507
M204 S10000
G0 F9600 X103.53 Y139.997
M204 S1000
G1 F1200 X109.098 Y134.429 E3879.38149
M204 S10000
G0 F9600 X108.673 Y134.429
M204 S1000
G1 F1200 X103.53 Y139.572 E3879.56293
M204 S10000
G0 F9600 X103.53 Y139.148
M204 S1000
G1 F1200 X108.249 Y134.429 E3879.7294
M204 S10000
G0 F9600 X107.825 Y134.429
M204 S1000
G1 F1200 X103.53 Y138.724 E3879.88092
M204 S10000
G0 F9600 X103.53 Y138.3
M204 S1000
G1 F1200 X107.401 Y134.429 E3880.01748
M204 S10000
G0 F9600 X106.976 Y134.429
M204 S1000
G1 F1200 X103.53 Y137.875 E3880.13905
M204 S10000
G0 F9600 X103.53 Y137.451
M204 S1000
G1 F1200 X106.552 Y134.429 E3880.24566
M204 S10000
G0 F9600 X106.128 Y134.429
M204 S1000
G1 F1200 X103.53 Y137.027 E3880.33731
M204 S10000
G0 F9600 X103.53 Y136.603
M204 S1000
G1 F1200 X105.703 Y134.429 E3880.41398
M204 S10000
G0 F9600 X105.279 Y134.429
M204 S1000
G1 F1200 X103.53 Y136.178 E3880.47568
M204 S10000
G0 F9600 X103.53 Y135.754
M204 S1000
G1 F1200 X104.855 Y134.429 E3880.52243
M204 S10000
G0 F9600 X104.431 Y134.429
M204 S1000
G1 F1200 X103.53 Y135.33 E3880.55421
M204 S10000
G0 F9600 X103.53 Y134.906
M204 S1000
G1 F1200 X104.006 Y134.429 E3880.57102
M204 S10000
G0 F9600 X103.582 Y134.429
M204 S1000
G1 F1200 X103.53 Y134.481 E3880.57286
M204 S10000
G0 F9600 X103.11 Y134.481
G1 F3000 E3874.57286
;MESH:Bottom_panel_x3.stl(1)
G0 F9600 X103.232 Y165.868
G0 X159.29 Y166.67
G0 X159.29 Y171.831
G0 X159.29 Y204.491
M204 S1000
;TYPE:WALL-INNER
G1 F3000 E3880.57286
G1 F1800 X159.29 Y172.511 E3881.3706
G1 X103.11 Y172.511 E3882.77202
G1 X103.11 Y204.491 E3883.56976
G1 X159.29 Y204.491 E3884.97118
M204 S10000
G0 F9600 X159.59 Y204.791
M204 S1000
G1 F1800 X159.59 Y172.211 E3885.78389
G1 X102.81 Y172.211 E3887.20027
G1 X102.81 Y204.791 E3888.01298
G1 X159.59 Y204.791 E3889.42936
M204 S10000
G0 F9600 X159.89 Y205.091
M204 S1000
G1 F1800 X159.89 Y171.911 E3890.25704
G1 X102.51 Y171.911 E3891.68839
G1 X102.51 Y205.091 E3892.51607
G1 X159.89 Y205.091 E3893.94742
M204 S10000
G0 F9600 X160.14 Y205.341
M204 S1000
;TYPE:WALL-OUTER
G1 F1800 X160.14 Y171.661 E3894.78757
G1 X102.26 Y171.661 E3896.23139
G1 X102.26 Y205.341 E3897.07155
G1 X160.14 Y205.341 E3898.51537
M204 S10000
G0 F9600 X160.14 Y205.141
G0 X159.89 Y205.141
G0 X159.24 Y204.221
G0 X159.02 Y204.221
M204 S1000
;TYPE:SKIN
G1 F1200 X103.38 Y204.221 E3899.90331
G1 X103.38 Y172.781 E3900.68759
G1 X159.02 Y172.781 E3902.07553
G1 X159.02 Y204.221 E3902.85981
M204 S10000
G0 F9600 X158.675 Y204.07
M204 S1000
G1 F1200 X158.869 Y203.875 E3902.86667
M204 S10000
G0 F9600 X158.869 Y203.451
M204 S1000
G1 F1200 X158.251 Y204.07 E3902.88849
M204 S10000
G0 F9600 X157.826 Y204.07
M204 S1000
G1 F1200 X158.869 Y203.027 E3902.92528
M204 S10000
G0 F9600 X158.869 Y202.603
M204 S1000
G1 F1200 X157.402 Y204.07 E3902.97703
M204 S10000
G0 F9600 X156.978 Y204.07
M204 S1000
G1 F1200 X158.869 Y202.178 E3903.04376
M204 S10000
G0 F9600 X158.869 Y201.754
M204 S1000
G1 F1200 X156.554 Y204.07 E3903.12545
M204 S10000
G0 F9600 X156.129 Y204.07
M204 S1000
G1 F1200 X158.869 Y201.33 E3903.22211
M204 S10000
G0 F9600 X158.869 Y200.906
M204 S1000
G1 F1200 X155.705 Y204.07 E3903.33373
M204 S10000
G0 F9600 X155.281 Y204.07
M204 S1000
G1 F1200 X158.869 Y200.481 E3903.46032
M204 S10000
G0 F9600 X158.869 Y200.057
M204 S1000
G1 F1200 X154.857 Y204.07 E3903.60187
M204 S10000
G0 F9600 X154.432 Y204.07
M204 S1000
G1 F1200 X158.869 Y199.633 E3903.7584
M204 S10000
G0 F9600 X158.869 Y199.208
M204 S1000
G1 F1200 X154.008 Y204.07 E3903.9299
M204 S10000
G0 F9600 X153.584 Y204.07
M204 S1000
G1 F1200 X158.869 Y198.784 E3904.11636
M204 S10000
G0 F9600 X158.869 Y198.36
M204 S1000
G1 F1200 X153.16 Y204.07 E3904.31778
M204 S10000
G0 F9600 X152.735 Y204.07
M204 S1000
G1 F1200 X158.869 Y197.936 E3904.53417
M204 S10000
G0 F9600 X158.869 Y197.511
M204 S1000
G1 F1200 X152.311 Y204.07 E3904.76554
M204 S10000
G0 F9600 X151.887 Y204.07
M204 S1000
G1 F1200 X158.869 Y197.087 E3905.01187
M204 S10000
G0 F9600 X158.869 Y196.663
M204 S1000
G1 F1200 X151.462 Y204.07 E3905.27317
M204 S10000
G0 F9600 X151.038 Y204.07
M204 S1000
G1 F1200 X158.869 Y196.239 E3905.54943
M204 S10000
G0 F9600 X158.869 Y195.814
M204 S1000
G1 F1200 X150.614 Y204.07 E3905.84067
M204 S10000
G0 F9600 X150.19 Y204.07
M204 S1000
G1 F1200 X158.869 Y195.39 E3906.14686
M204 S10000
G0 F9600 X158.869 Y194.966
M204 S1000
G1 F1200 X149.765 Y204.07 E3906.46803
M204 S10000
G0 F9600 X149.341 Y204.07
M204 S1000
G1 F1200 X158.869 Y194.542 E3906.80415
M204 S10000
G0 F9600 X158.869 Y194.117
M204 S1000
G1 F1200 X148.917 Y204.07 E3907.15526
M204 S10000
G0 F9600 X148.493 Y204.07
M204 S1000
G1 F1200 X158.869 Y193.693 E3907.52131
M204 S10000
G0 F9600 X158.869 Y193.269
M204 S1000
G1 F1200 X148.068 Y204.07 E3907.90235
M204 S10000
G0 F9600 X147.644 Y204.07
M204 S1000
G1 F1200 X158.869 Y192.844 E3908.29836
M204 S10000
G0 F9600 X158.869 Y192.42
M204 S1000
G1 F1200 X147.22 Y204.07 E3908.70933
M204 S10000
G0 F9600 X146.796 Y204.07
M204 S1000
G1 F1200 X158.869 Y191.996 E3909.13525
M204 S10000
G0 F9600 X158.869 Y191.572
M204 S1000
G1 F1200 X146.371 Y204.07 E3909.57615
M204 S10000
G0 F9600 X145.947 Y204.07
M204 S1000
G1 F1200 X158.869 Y191.147 E3910.03203
M204 S10000
G0 F9600 X158.869 Y190.723
M204 S1000
G1 F1200 X145.523 Y204.07 E3910.50286
M204 S10000
G0 F9600 X145.099 Y204.07
M204 S1000
G1 F1200 X158.869 Y190.299 E3910.98865
M204 S10000
G0 F9600 X158.869 Y189.875
M204 S1000
G1 F1200 X144.674 Y204.07 E3911.48942
M204 S10000
G0 F9600 X144.25 Y204.07
M204 S1000
G1 F1200 X158.869 Y189.45 E3912.00516
M204 S10000
G0 F9600 X158.869 Y189.026
M204 S1000
G1 F1200 X143.826 Y204.07 E3912.53586
M204 S10000
G0 F9600 X143.401 Y204.07
M204 S1000
G1 F1200 X158.869 Y188.602 E3913.08154
M204 S10000
G0 F9600 X158.869 Y188.178
M204 S1000
G1 F1200 X142.977 Y204.07 E3913.64217
M204 S10000
G0 F9600 X142.553 Y204.07
M204 S1000
G1 F1200 X158.869 Y187.753 E3914.21778
M204 S10000
G0 F9600 X158.869 Y187.329
M204 S1000
G1 F1200 X142.129 Y204.07 E3914.80835
M204 S10000
G0 F9600 X141.704 Y204.07
M204 S1000
G1 F1200 X158.869 Y186.905 E3915.41389
M204 S10000
G0 F9600 X158.869 Y186.481
M204 S1000
G1 F1200 X141.28 Y204.07 E3916.03439
M204 S10000
G0 F9600 X140.856 Y204.07
M204 S1000
G1 F1200 X158.869 Y186.056 E3916.66986
M204 S10000
G0 F9600 X158.869 Y185.632
M204 S1000
G1 F1200 X140.432 Y204.07 E3917.3203
M204 S10000
G0 F9600 X140.007 Y204.07
M204 S1000
G1 F1200 X158.869 Y185.208 E3917.9857
M204 S10000
G0 F9600 X158.869 Y184.783
M204 S1000
G1 F1200 X139.583 Y204.07 E3918.66609
M204 S10000
G0 F9600 X139.159 Y204.07
M204 S1000
G1 F1200 X158.869 Y184.359 E3919.36143
M204 S10000
G0 F9600 X158.869 Y183.935
M204 S1000
G1 F1200 X138.735 Y204.07 E3920.07173
M204 S10000
G0 F9600 X138.31 Y204.07
M204 S1000
G1 F1200 X158.869 Y183.511 E3920.797
M204 S10000
G0 F9600 X158.869 Y183.086
M204 S1000
G1 F1200 X137.886 Y204.07 E3921.53725
M204 S10000
G0 F9600 X137.462 Y204.07
M204 S1000
G1 F1200 X158.869 Y182.662 E3922.29246
M204 S10000
G0 F9600 X158.869 Y182.238
M204 S1000
G1 F1200 X137.038 Y204.07 E3923.06262
M204 S10000
G0 F9600 X136.613 Y204.07
M204 S1000
G1 F1200 X158.869 Y181.814 E3923.84776
M204 S10000
G0 F9600 X158.869 Y181.389
M204 S1000
G1 F1200 X136.189 Y204.07 E3924.64788
M204 S10000
G0 F9600 X135.765 Y204.07
M204 S1000
G1 F1200 X158.869 Y180.965 E3925.46295
M204 S10000
G0 F9600 X158.869 Y180.541
M204 S1000
G1 F1200 X135.34 Y204.07 E3926.293
M204 S10000
G0 F9600 X134.916 Y204.07
M204 S1000
G1 F1200 X158.869 Y180.117 E3927.13801
M204 S10000
G0 F9600 X158.869 Y179.692
M204 S1000
G1 F1200 X134.492 Y204.07 E3927.99799
M204 S10000
G0 F9600 X134.068 Y204.07
M204 S1000
G1 F1200 X158.869 Y179.268 E3928.87293
M204 S10000
G0 F9600 X158.869 Y178.844
M204 S1000
G1 F1200 X133.643 Y204.07 E3929.76285
M204 S10000
G0 F9600 X133.219 Y204.07
M204 S1000
G1 F1200 X158.869 Y178.42 E3930.66772
M204 S10000
G0 F9600 X158.869 Y177.995
M204 S1000
G1 F1200 X132.795 Y204.07 E3931.58757
M204 S10000
G0 F9600 X132.371 Y204.07
M204 S1000
G1 F1200 X158.869 Y177.571 E3932.52237
M204 S10000
G0 F9600 X158.869 Y177.147
M204 S1000
G1 F1200 X131.946 Y204.07 E3933.47216
M204 S10000
G0 F9600 X131.522 Y204.07
M204 S1000
G1 F1200 X158.869 Y176.722 E3934.43691
M204 S10000
G0 F9600 X158.869 Y176.298
M204 S1000
G1 F1200 X131.098 Y204.07 E3935.41663
M204 S10000
G0 F9600 X130.674 Y204.07
M204 S1000
G1 F1200 X158.869 Y175.874 E3936.4113
M204 S10000
G0 F9600 X158.869 Y175.45
M204 S1000
G1 F1200 X130.249 Y204.07 E3937.42095
M204 S10000
G0 F9600 X129.825 Y204.07
M204 S1000
G1 F1200 X158.869 Y175.025 E3938.44557
M204 S10000
G0 F9600 X158.869 Y174.601
M204 S1000
G1 F1200 X129.401 Y204.07 E3939.48515
M204 S10000
G0 F9600 X128.976 Y204.07
M204 S1000
G1 F1200 X158.869 Y174.177 E3940.53971
M204 S10000
G0 F9600 X158.869 Y173.753
M204 S1000
G1 F1200 X128.552 Y204.07 E3941.60922
M204 S10000
G0 F9600 X128.128 Y204.07
M204 S1000
G1 F1200 X158.869 Y173.328 E3942.69371
M204 S10000
G0 F9600 X158.844 Y172.93
M204 S1000
G1 F1200 X127.704 Y204.07 E3943.79226
M204 S10000
G0 F9600 X127.279 Y204.07
M204 S1000
G1 F1200 X158.42 Y172.93 E3944.89082
M204 S10000
G0 F9600 X157.995 Y172.93
M204 S1000
G1 F1200 X126.855 Y204.07 E3945.98937
M204 S10000
G0 F9600 X126.431 Y204.07
M204 S1000
G1 F1200 X157.571 Y172.93 E3947.08792
M204 S10000
G0 F9600 X157.147 Y172.93
M204 S1000
G1 F1200 X126.007 Y204.07 E3948.18647
M204 S10000
G0 F9600 X125.582 Y204.07
M204 S1000
G1 F1200 X156.723 Y172.93 E3949.28503
M204 S10000
G0 F9600 X156.298 Y172.93
M204 S1000
G1 F1200 X125.158 Y204.07 E3950.38358
M204 S10000
G0 F9600 X124.734 Y204.07
M204 S1000
G1 F1200 X155.874 Y172.93 E3951.48213
M204 S10000
G0 F9600 X155.45 Y172.93
M204 S1000
G1 F1200 X124.31 Y204.07 E3952.58067
M204 S10000
G0 F9600 X123.885 Y204.07
M204 S1000
G1 F1200 X155.026 Y172.93 E3953.67924
M204 S10000
G0 F9600 X154.601 Y172.93
M204 S1000
G1 F1200 X123.461 Y204.07 E3954.77779
M204 S10000
G0 F9600 X123.037 Y204.07
M204 S1000
G1 F1200 X154.177 Y172.93 E3955.87633
M204 S10000
G0 F9600 X153.753 Y172.93
M204 S1000
G1 F1200 X122.613 Y204.07 E3956.97488
M204 S10000
G0 F9600 X122.188 Y204.07
M204 S1000
G1 F1200 X153.329 Y172.93 E3958.07345
M204 S10000
G0 F9600 X152.904 Y172.93
M204 S1000
G1 F1200 X121.764 Y204.07 E3959.172
M204 S10000
G0 F9600 X121.34 Y204.07
M204 S1000
G1 F1200 X152.48 Y172.93 E3960.27054
M204 S10000
G0 F9600 X152.056 Y172.93
M204 S1000
G1 F1200 X120.915 Y204.07 E3961.36911
M204 S10000
G0 F9600 X120.491 Y204.07
M204 S1000
G1 F1200 X151.631 Y172.93 E3962.46766
M204 S10000
G0 F9600 X151.207 Y172.93
M204 S1000
G1 F1200 X120.067 Y204.07 E3963.5662
M204 S10000
G0 F9600 X119.643 Y204.07
M204 S1000
G1 F1200 X150.783 Y172.93 E3964.66475
M204 S10000
G0 F9600 X150.359 Y172.93
M204 S1000
G1 F1200 X119.218 Y204.07 E3965.76332
M204 S10000
G0 F9600 X118.794 Y204.07
M204 S1000
G1 F1200 X149.934 Y172.93 E3966.86186
M204 S10000
G0 F9600 X149.51 Y172.93
M204 S1000
G1 F1200 X118.37 Y204.07 E3967.96041
M204 S10000
G0 F9600 X117.946 Y204.07
M204 S1000
G1 F1200 X149.086 Y172.93 E3969.05896
M204 S10000
G0 F9600 X148.662 Y172.93
M204 S1000
G1 F1200 X117.521 Y204.07 E3970.15752
M204 S10000
G0 F9600 X117.097 Y204.07
M204 S1000
G1 F1200 X148.237 Y172.93 E3971.25607
M204 S10000
G0 F9600 X147.813 Y172.93
M204 S1000
G1 F1200 X116.673 Y204.07 E3972.35462
M204 S10000
G0 F9600 X116.249 Y204.07
M204 S1000
G1 F1200 X147.389 Y172.93 E3973.45317
M204 S10000
G0 F9600 X146.965 Y172.93
M204 S1000
G1 F1200 X115.824 Y204.07 E3974.55173
M204 S10000
G0 F9600 X115.4 Y204.07
M204 S1000
G1 F1200 X146.54 Y172.93 E3975.65028
M204 S10000
G0 F9600 X146.116 Y172.93
M204 S1000
G1 F1200 X114.976 Y204.07 E3976.74883
M204 S10000
G0 F9600 X114.552 Y204.07
M204 S1000
G1 F1200 X145.692 Y172.93 E3977.84738
M204 S10000
G0 F9600 X145.268 Y172.93
M204 S1000
G1 F1200 X114.127 Y204.07 E3978.94594
M204 S10000
G0 F9600 X113.703 Y204.07
M204 S1000
G1 F1200 X144.843 Y172.93 E3980.04449
M204 S10000
G0 F9600 X144.419 Y172.93
M204 S1000
G1 F1200 X113.279 Y204.07 E3981.14304
M204 S10000
G0 F9600 X112.854 Y204.07
M204 S1000
G1 F1200 X143.995 Y172.93 E3982.2416
M204 S10000
G0 F9600 X143.57 Y172.93
M204 S1000
G1 F1200 X112.43 Y204.07 E3983.34015
M204 S10000
G0 F9600 X112.006 Y204.07
M204 S1000
G1 F1200 X143.146 Y172.93 E3984.4387
M204 S10000
G0 F9600 X142.722 Y172.93
M204 S1000
G1 F1200 X111.582 Y204.07 E3985.53724
M204 S10000
G0 F9600 X111.157 Y204.07
M204 S1000
G1 F1200 X142.298 Y172.93 E3986.63581
M204 S10000
G0 F9600 X141.873 Y172.93
M204 S1000
G1 F1200 X110.733 Y204.07 E3987.73436
M204 S10000
G0 F9600 X110.309 Y204.07
M204 S1000
G1 F1200 X141.449 Y172.93 E3988.8329
M204 S10000
G0 F9600 X141.025 Y172.93
M204 S1000
G1 F1200 X109.885 Y204.07 E3989.93145
M204 S10000
G0 F9600 X109.46 Y204.07
M204 S1000
G1 F1200 X140.601 Y172.93 E3991.03002
M204 S10000
G0 F9600 X140.176 Y172.93
M204 S1000
G1 F1200 X109.036 Y204.07 E3992.12856
M204 S10000
G0 F9600 X108.612 Y204.07
M204 S1000
G1 F1200 X139.752 Y172.93 E3993.22711
M204 S10000
G0 F9600 X139.328 Y172.93
M204 S1000
G1 F1200 X108.188 Y204.07 E3994.32566
M204 S10000
G0 F9600 X107.763 Y204.07
M204 S1000
G1 F1200 X138.904 Y172.93 E3995.42422
M204 S10000
G0 F9600 X138.479 Y172.93
M204 S1000
G1 F1200 X107.339 Y204.07 E3996.52277
M204 S10000
G0 F9600 X106.915 Y204.07
M204 S1000
G1 F1200 X138.055 Y172.93 E3997.62132
M204 S10000
G0 F9600 X137.631 Y172.93
M204 S1000
G1 F1200 X106.49 Y204.07 E3998.71989
M204 S10000
G0 F9600 X106.066 Y204.07
M204 S1000
G1 F1200 X137.206 Y172.93 E3999.81843
M204 S10000
G0 F9600 X136.782 Y172.93
M204 S1000
G1 F1200 X105.642 Y204.07 E4000.91698
M204 S10000
G0 F9600 X105.218 Y204.07
M204 S1000
G1 F1200 X136.358 Y172.93 E4002.01553
M204 S10000
G0 F9600 X135.934 Y172.93
M204 S1000
G1 F1200 X104.793 Y204.07 E4003.11409
M204 S10000
G0 F9600 X104.369 Y204.07
M204 S1000
G1 F1200 X135.509 Y172.93 E4004.21264
M204 S10000
G0 F9600 X135.085 Y172.93
M204 S1000
G1 F1200 X103.945 Y204.07 E4005.31119
M204 S10000
G0 F9600 X103.53 Y204.061
M204 S1000
G1 F1200 X134.661 Y172.93 E4006.40942
M204 S10000
G0 F9600 X134.237 Y172.93
M204 S1000
G1 F1200 X103.53 Y203.636 E4007.49267
M204 S10000
G0 F9600 X103.53 Y203.212
M204 S1000
G1 F1200 X133.812 Y172.93 E4008.56095
M204 S10000
G0 F9600 X133.388 Y172.93
M204 S1000
G1 F1200 X103.53 Y202.788 E4009.61427
M204 S10000
G0 F9600 X103.53 Y202.364
M204 S1000
G1 F1200 X132.964 Y172.93 E4010.65264
M204 S10000
G0 F9600 X132.54 Y172.93
M204 S1000
G1 F1200 X103.53 Y201.939 E4011.67603
M204 S10000
G0 F9600 X103.53 Y201.515
M204 S1000
G1 F1200 X132.115 Y172.93 E4012.68444
M204 S10000
G0 F9600 X131.691 Y172.93
M204 S1000
G1 F1200 X103.53 Y201.091 E4013.67789
M204 S10000
G0 F9600 X103.53 Y200.667
M204 S1000
G1 F1200 X131.267 Y172.93 E4014.65639
M204 S10000
G0 F9600 X130.843 Y172.93
M204 S1000
G1 F1200 X103.53 Y200.242 E4015.61991
M204 S10000
G0 F9600 X103.53 Y199.818
M204 S1000
G1 F1200 X130.418 Y172.93 E4016.56846
M204 S10000
G0 F9600 X129.994 Y172.93
M204 S1000
G1 F1200 X103.53 Y199.394 E4017.50205
M204 S10000
G0 F9600 X103.53 Y198.969
M204 S1000
G1 F1200 X129.57 Y172.93 E4018.42066
M204 S10000
G0 F9600 X129.145 Y172.93
M204 S1000
G1 F1200 X103.53 Y198.545 E4019.3243
M204 S10000
G0 F9600 X103.53 Y198.121
M204 S1000
G1 F1200 X128.721 Y172.93 E4020.21298
M204 S10000
G0 F9600 X128.297 Y172.93
M204 S1000
G1 F1200 X103.53 Y197.697 E4021.08671
M204 S10000
G0 F9600 X103.53 Y197.272
M204 S1000
G1 F1200 X127.873 Y172.93 E4021.94545
M204 S10000
G0 F9600 X127.448 Y172.93
M204 S1000
G1 F1200 X103.53 Y196.848 E4022.78923
M204 S10000
G0 F9600 X103.53 Y196.424
M204 S1000
G1 F1200 X127.024 Y172.93 E4023.61804
M204 S10000
G0 F9600 X126.6 Y172.93
M204 S1000
G1 F1200 X103.53 Y196 E4024.4319
M204 S10000
G0 F9600 X103.53 Y195.575
M204 S1000
G1 F1200 X126.176 Y172.93 E4025.23078
M204 S10000
G0 F9600 X125.751 Y172.93
M204 S1000
G1 F1200 X103.53 Y195.151 E4026.01468
M204 S10000
G0 F9600 X103.53 Y194.727
M204 S1000
G1 F1200 X125.327 Y172.93 E4026.78363
M204 S10000
G0 F9600 X124.903 Y172.93
M204 S1000
G1 F1200 X103.53 Y194.303 E4027.53762
M204 S10000
G0 F9600 X103.53 Y193.878
M204 S1000
G1 F1200 X124.479 Y172.93 E4028.27664
M204 S10000
G0 F9600 X124.054 Y172.93
M204 S1000
G1 F1200 X103.53 Y193.454 E4029.00068
M204 S10000
G0 F9600 X103.53 Y193.03
M204 S1000
G1 F1200 X123.63 Y172.93 E4029.70976
M204 S10000
G0 F9600 X123.206 Y172.93
M204 S1000
G1 F1200 X103.53 Y192.605 E4030.40386
M204 S10000
G0 F9600 X103.53 Y192.181
M204 S1000
G1 F1200 X122.782 Y172.93 E4031.08301
M204 S10000
G0 F9600 X122.357 Y172.93
M204 S1000
G1 F1200 X103.53 Y191.757 E4031.74719
M204 S10000
G0 F9600 X103.53 Y191.333
M204 S1000
G1 F1200 X121.933 Y172.93 E4032.3964
M204 S10000
G0 F9600 X121.509 Y172.93
M204 S1000
G1 F1200 X103.53 Y190.908 E4033.03064
M204 S10000
G0 F9600 X103.53 Y190.484
M204 S1000
G1 F1200 X121.084 Y172.93 E4033.64991
M204 S10000
G0 F9600 X120.66 Y172.93
M204 S1000
G1 F1200 X103.53 Y190.06 E4034.25421
M204 S10000
G0 F9600 X103.53 Y189.636
M204 S1000
G1 F1200 X120.236 Y172.93 E4034.84356
M204 S10000
G0 F9600 X119.812 Y172.93
M204 S1000
G1 F1200 X103.53 Y189.211 E4035.41794
M204 S10000
G0 F9600 X103.53 Y188.787
M204 S1000
G1 F1200 X119.387 Y172.93 E4035.97733
M204 S10000
G0 F9600 X118.963 Y172.93
M204 S1000
G1 F1200 X103.53 Y188.363 E4036.52178
M204 S10000
G0 F9600 X103.53 Y187.939
M204 S1000
G1 F1200 X118.539 Y172.93 E4037.05126
M204 S10000
G0 F9600 X118.115 Y172.93
M204 S1000
G1 F1200 X103.53 Y187.514 E4037.56577
M204 S10000
G0 F9600 X103.53 Y187.09
M204 S1000
G1 F1200 X117.69 Y172.93 E4038.0653
M204 S10000
G0 F9600 X117.266 Y172.93
M204 S1000
G1 F1200 X103.53 Y186.666 E4038.54987
M204 S10000
G0 F9600 X103.53 Y186.242
M204 S1000
G1 F1200 X116.842 Y172.93 E4039.01949
M204 S10000
G0 F9600 X116.418 Y172.93
M204 S1000
G1 F1200 X103.53 Y185.817 E4039.47413
M204 S10000
G0 F9600 X103.53 Y185.393
M204 S1000
G1 F1200 X115.993 Y172.93 E4039.9138
M204 S10000
G0 F9600 X115.569 Y172.93
M204 S1000
G1 F1200 X103.53 Y184.969 E4040.33851
M204 S10000
G0 F9600 X103.53 Y184.544
M204 S1000
G1 F1200 X115.145 Y172.93 E4040.74824
M204 S10000
G0 F9600 X114.721 Y172.93
M204 S1000
G1 F1200 X103.53 Y184.12 E4041.14301
M204 S10000
G0 F9600 X103.53 Y183.696
M204 S1000
G1 F1200 X114.296 Y172.93 E4041.52281
M204 S10000
G0 F9600 X113.872 Y172.93
M204 S1000
G1 F1200 X103.53 Y183.272 E4041.88766
M204 S10000
G0 F9600 X103.53 Y182.847
M204 S1000
G1 F1200 X113.448 Y172.93 E4042.23752
M204 S10000
G0 F9600 X113.023 Y172.93
M204 S1000
G1 F1200 X103.53 Y182.423 E4042.57241
M204 S10000
G0 F9600 X103.53 Y181.999
M204 S1000
G1 F1200 X112.599 Y172.93 E4042.89235
M204 S10000
G0 F9600 X112.175 Y172.93
M204 S1000
G1 F1200 X103.53 Y181.575 E4043.19732
M204 S10000
G0 F9600 X103.53 Y181.15
M204 S1000
G1 F1200 X111.751 Y172.93 E4043.48732
M204 S10000
G0 F9600 X111.326 Y172.93
M204 S1000
G1 F1200 X103.53 Y180.726 E4043.76235
M204 S10000
G0 F9600 X103.53 Y180.302
M204 S1000
G1 F1200 X110.902 Y172.93 E4044.02241
M204 S10000
G0 F9600 X110.478 Y172.93
M204 S1000
G1 F1200 X103.53 Y179.878 E4044.26752
M204 S10000
G0 F9600 X103.53 Y179.453
M204 S1000
G1 F1200 X110.054 Y172.93 E4044.49766
M204 S10000
G0 F9600 X109.629 Y172.93
M204 S1000
G1 F1200 X103.53 Y179.029 E4044.71282
M204 S10000
G0 F9600 X103.53 Y178.605
M204 S1000
G1 F1200 X109.205 Y172.93 E4044.91302
M204 S10000
G0 F9600 X108.781 Y172.93
M204 S1000
G1 F1200 X103.53 Y178.181 E4045.09826
M204 S10000
G0 F9600 X103.53 Y177.756
M204 S1000
G1 F1200 X108.357 Y172.93 E4045.26853
M204 S10000
G0 F9600 X107.932 Y172.93
M204 S1000
G1 F1200 X103.53 Y177.332 E4045.42382
M204 S10000
G0 F9600 X103.53 Y176.908
M204 S1000
G1 F1200 X107.508 Y172.93 E4045.56416
M204 S10000
G0 F9600 X107.084 Y172.93
M204 S1000
G1 F1200 X103.53 Y176.483 E4045.68952
M204 S10000
G0 F9600 X103.53 Y176.059
M204 S1000
G1 F1200 X106.659 Y172.93 E4045.7999
M204 S10000
G0 F9600 X106.235 Y172.93
M204 S1000
G1 F1200 X103.53 Y175.635 E4045.89533
M204 S10000
G0 F9600 X103.53 Y175.211
M204 S1000
G1 F1200 X105.811 Y172.93 E4045.97579
M204 S10000
G0 F9600 X105.387 Y172.93
M204 S1000
G1 F1200 X103.53 Y174.786 E4046.04129
M204 S10000
G0 F9600 X103.53 Y174.362
M204 S1000
G1 F1200 X104.962 Y172.93 E4046.0918
M204 S10000
G0 F9600 X104.538 Y172.93
M204 S1000
G1 F1200 X103.53 Y173.938 E4046.12736
M204 S10000
G0 F9600 X103.53 Y173.514
M204 S1000
G1 F1200 X104.114 Y172.93 E4046.14797
M204 S10000
G0 F9600 X103.69 Y172.93
M204 S1000
G1 F1200 X103.53 Y173.089 E4046.15359
M204 S10000
G0 F9600 X103.11 Y173.089
G1 F3000 E4040.15359
;MESH:Bottom_back_panel.stl
G0 F9600 X103.232 Y172.633
G0 X159.168 Y172.633
G0 X159.97 Y178.089
G0 X165.099 Y178.089
G0 X165.78 Y178.089
M204 S1000
;TYPE:WALL-INNER
G1 F3000 E4046.15359
G1 F1800 X195.715 Y178.089 E4046.90033
G1 X195.717 Y165.15 E4047.22309
G1 X195.745 Y164.951 E4047.2281
G1 X195.879 Y164.602 E4047.23743
G1 X196.237 Y164.293 E4047.24923
G1 X196.445 Y164.201 E4047.2549
G1 X196.766 Y164.15 E4047.26301
G1 X197.759 Y164.15 E4047.28778
G1 X197.758 Y135.85 E4047.99372
G1 X196.766 Y135.85 E4048.01847
G1 X196.446 Y135.8 E4048.02655
G1 X196.237 Y135.708 E4048.03224
G1 X195.933 Y135.47 E4048.04188
G1 X195.745 Y135.049 E4048.05338
G1 X195.717 Y134.85 E4048.05839
G1 X195.716 Y121.91 E4048.38118
G1 X165.78 Y121.911 E4049.12794
G1 X165.78 Y178.089 E4050.5293
M204 S10000
G0 F9600 X165.48 Y178.389
M204 S1000
G1 F1800 X196.015 Y178.389 E4051.291
G1 X196.016 Y165.164 E4051.6209
G1 X196.059 Y164.947 E4051.62642
G1 X196.147 Y164.775 E4051.63124
G1 X196.29 Y164.62 E4051.6365
G1 X196.536 Y164.486 E4051.64349
G1 X196.766 Y164.45 E4051.64929
G1 X198.059 Y164.45 E4051.68155
G1 X198.058 Y135.55 E4052.40246
G1 X196.766 Y135.55 E4052.43469
G1 X196.537 Y135.515 E4052.44047
G1 X196.225 Y135.321 E4052.44963
G1 X196.105 Y135.157 E4052.4547
G1 X196.016 Y134.906 E4052.46135
G1 X196.016 Y121.61 E4052.79302
G1 X165.48 Y121.611 E4053.55474
G1 X165.48 Y178.389 E4054.97107
M204 S10000
G0 F9600 X165.18 Y178.689
M204 S1000
G1 F1800 X196.315 Y178.689 E4055.74774
G1 X196.317 Y165.158 E4056.08527
G1 X196.38 Y164.967 E4056.09029
G1 X196.539 Y164.811 E4056.09584
G1 X196.766 Y164.75 E4056.10171
G1 X198.359 Y164.75 E4056.14144
G1 X198.358 Y135.25 E4056.87732
G1 X196.66 Y135.25 E4056.91968
G1 X196.414 Y135.082 E4056.92711
G1 X196.317 Y134.898 E4056.9323
G1 X196.316 Y121.31 E4057.27126
G1 X165.18 Y121.311 E4058.04795
G1 X165.18 Y178.689 E4059.47925
M204 S10000
G0 F9600 X164.93 Y178.939
M204 S1000
;TYPE:WALL-OUTER
G1 F1800 X196.565 Y178.939 E4060.26838
G1 X196.567 Y165.173 E4060.61178
G1 X196.621 Y165.061 E4060.61488
G1 X196.718 Y165 E4060.61774
G1 X198.609 Y165 E4060.66491
G1 X198.608 Y135 E4061.41326
G1 X196.72 Y135 E4061.46036
G1 X196.621 Y134.939 E4061.46326
G1 X196.566 Y134.819 E4061.46655
G1 X196.566 Y121.06 E4061.80977
G1 X164.93 Y121.061 E4062.59894
G1 X164.93 Y178.939 E4064.04271
M204 S10000
G0 F9600 X165.13 Y178.939
G0 X165.13 Y178.689
G0 X165.83 Y177.818
G0 X166.051 Y177.818
M204 S1000
;TYPE:SKIN
G1 F1200 X166.051 Y122.181 E4065.43058
G1 X195.446 Y122.18 E4066.16384
G1 X195.448 Y134.941 E4066.48216
G1 X195.551 Y135.365 E4066.49305
G1 X195.812 Y135.715 E4066.50394
G1 X196.088 Y135.933 E4066.51271
G1 X196.343 Y136.051 E4066.51972
G1 X196.746 Y136.119 E4066.52992
G1 X197.488 Y136.12 E4066.54843
G1 X197.489 Y163.88 E4067.2409
G1 X196.748 Y163.881 E4067.25939
G1 X196.38 Y163.938 E4067.26868
G1 X196.001 Y164.106 E4067.27902
G1 X195.734 Y164.376 E4067.28849
G1 X195.522 Y164.755 E4067.29932
G1 X195.449 Y165.051 E4067.30693
G1 X195.445 Y177.819 E4067.62543
G1 X166.051 Y177.818 E4068.35866
M204 S10000
G1 F3000 E4062.35866
G0 F9600 X165.83 Y177.818
G0 X195.593 Y177.967
G0 X195.665 Y177.21
G0 X195.294 Y177.209
M204 S1000
G1 F3000 E4068.35866
G1 F1200 X194.834 Y177.669 E4068.37489
M204 S10000
G0 F9600 X194.41 Y177.669
M204 S1000
G1 F1200 X195.294 Y176.785 E4068.40608
M204 S10000
G0 F9600 X195.294 Y176.36
M204 S1000
G1 F1200 X193.986 Y177.669 E4068.45224
M204 S10000
G0 F9600 X193.561 Y177.669
M204 S1000
G1 F1200 X195.294 Y175.936 E4068.51337
M204 S10000
G0 F9600 X195.294 Y175.512
M204 S1000
G1 F1200 X193.137 Y177.669 E4068.58947
M204 S10000
G0 F9600 X192.713 Y177.669
M204 S1000
G1 F1200 X195.294 Y175.088 E4068.68052
M204 S10000
G0 F9600 X195.294 Y174.663
M204 S1000
G1 F1200 X192.289 Y177.669 E4068.78655
M204 S10000
G0 F9600 X191.864 Y177.669
M204 S1000
G1 F1200 X195.294 Y174.239 E4068.90755
M204 S10000
G0 F9600 X195.294 Y173.815
M204 S1000
G1 F1200 X191.44 Y177.669 E4069.04351
M204 S10000
G0 F9600 X191.016 Y177.669
M204 S1000
G1 F1200 X195.294 Y173.391 E4069.19443
M204 S10000
G0 F9600 X195.294 Y172.966
M204 S1000
G1 F1200 X190.592 Y177.669 E4069.36032
M204 S10000
G0 F9600 X190.167 Y177.669
M204 S1000
G1 F1200 X195.294 Y172.542 E4069.54119
M204 S10000
G0 F9600 X195.294 Y172.118
M204 S1000
G1 F1200 X189.743 Y177.669 E4069.73702
M204 S10000
G0 F9600 X189.319 Y177.669
M204 S1000
G1 F1200 X195.294 Y171.694 E4069.9478
M204 S10000
G0 F9600 X195.295 Y171.269
M204 S1000
G1 F1200 X188.895 Y177.669 E4070.17358
M204 S10000
G0 F9600 X188.47 Y177.669
M204 S1000
G1 F1200 X195.295 Y170.844 E4070.41435
M204 S10000
G0 F9600 X195.295 Y170.42
M204 S1000
G1 F1200 X188.046 Y177.669 E4070.67008
M204 S10000
G0 F9600 X187.622 Y177.669
M204 S1000
G1 F1200 X195.295 Y169.996 E4070.94076
M204 S10000
G0 F9600 X195.295 Y169.571
M204 S1000
G1 F1200 X187.198 Y177.669 E4071.22642
M204 S10000
G0 F9600 X186.773 Y177.669
M204 S1000
G1 F1200 X195.295 Y169.147 E4071.52706
M204 S10000
G0 F9600 X195.295 Y168.723
M204 S1000
G1 F1200 X186.349 Y177.669 E4071.84265
M204 S10000
G0 F9600 X185.925 Y177.669
M204 S1000
G1 F1200 X195.295 Y168.299 E4072.17321
M204 S10000
G0 F9600 X195.295 Y167.874
M204 S1000
G1 F1200 X185.5 Y177.669 E4072.51875
M204 S10000
G0 F9600 X185.076 Y177.669
M204 S1000
G1 F1200 X195.295 Y167.45 E4072.87925
M204 S10000
G0 F9600 X195.295 Y167.026
M204 S1000
G1 F1200 X184.652 Y177.669 E4073.25471
M204 S10000
G0 F9600 X184.228 Y177.669
M204 S1000
G1 F1200 X195.295 Y166.602 E4073.64513
M204 S10000
G0 F9600 X195.295 Y166.177
M204 S1000
G1 F1200 X183.803 Y177.669 E4074.05054
M204 S10000
G0 F9600 X183.379 Y177.669
M204 S1000
G1 F1200 X195.295 Y165.753 E4074.47091
M204 S10000
G0 F9600 X195.295 Y165.329
M204 S1000
G1 F1200 X182.955 Y177.669 E4074.90624
M204 S10000
G0 F9600 X182.531 Y177.669
M204 S1000
G1 F1200 X195.342 Y164.857 E4075.3582
M204 S10000
G0 F9600 X195.701 Y164.944
G0 X195.959 Y164.474
G0 X196.476 Y164.147
G0 X196.419 Y163.78
M204 S1000
G1 F1200 X197.337 Y162.862 E4075.39058
M204 S10000
G0 F9600 X197.337 Y162.438
M204 S1000
G1 F1200 X182.106 Y177.669 E4075.9279
M204 S10000
G0 F9600 X181.682 Y177.669
M204 S1000
G1 F1200 X197.337 Y162.014 E4076.48017
M204 S10000
G0 F9600 X197.337 Y161.59
M204 S1000
G1 F1200 X181.258 Y177.669 E4077.0474
M204 S10000
G0 F9600 X180.834 Y177.669
M204 S1000
G1 F1200 X197.337 Y161.165 E4077.62961
M204 S10000
G0 F9600 X197.337 Y160.741
M204 S1000
G1 F1200 X180.41 Y177.668 E4078.22675
M204 S10000
G0 F9600 X179.986 Y177.668
M204 S1000
G1 F1200 X197.337 Y160.317 E4078.83886
M204 S10000
G0 F9600 X197.337 Y159.893
M204 S1000
G1 F1200 X179.561 Y177.668 E4079.46593
M204 S10000
G0 F9600 X179.137 Y177.668
M204 S1000
G1 F1200 X197.337 Y159.468 E4080.10799
M204 S10000
G0 F9600 X197.337 Y159.044
M204 S1000
G1 F1200 X178.713 Y177.668 E4080.765
M204 S10000
G0 F9600 X178.289 Y177.668
M204 S1000
G1 F1200 X197.337 Y158.62 E4081.43697
M204 S10000
G0 F9600 X197.337 Y158.196
M204 S1000
G1 F1200 X177.864 Y177.668 E4082.12392
M204 S10000
G0 F9600 X177.44 Y177.668
M204 S1000
G1 F1200 X197.337 Y157.771 E4082.82584
M204 S10000
G0 F9600 X197.337 Y157.347
M204 S1000
G1 F1200 X177.016 Y177.668 E4083.54271
M204 S10000
G0 F9600 X176.592 Y177.668
M204 S1000
G1 F1200 X197.337 Y156.923 E4084.27455
M204 S10000
G0 F9600 X197.337 Y156.498
M204 S1000
G1 F1200 X176.167 Y177.668 E4085.02138
M204 S10000
G0 F9600 X175.743 Y177.668
M204 S1000
G1 F1200 X197.337 Y156.074 E4085.78317
M204 S10000
G0 F9600 X197.337 Y155.65
M204 S1000
G1 F1200 X175.319 Y177.668 E4086.55991
M204 S10000
G0 F9600 X174.895 Y177.668
M204 S1000
G1 F1200 X197.337 Y155.226 E4087.35161
M204 S10000
G0 F9600 X197.337 Y154.801
M204 S1000
G1 F1200 X174.47 Y177.668 E4088.15831
M204 S10000
G0 F9600 X174.046 Y177.668
M204 S1000
G1 F1200 X197.337 Y154.377 E4088.97996
M204 S10000
G0 F9600 X197.337 Y153.953
M204 S1000
G1 F1200 X173.622 Y177.668 E4089.81657
M204 S10000
G0 F9600 X173.198 Y177.668
M204 S1000
G1 F1200 X197.337 Y153.529 E4090.66814
M204 S10000
G0 F9600 X197.337 Y153.104
M204 S1000
G1 F1200 X172.773 Y177.668 E4091.5347
M204 S10000
G0 F9600 X172.349 Y177.668
M204 S1000
G1 F1200 X197.337 Y152.68 E4092.41622
M204 S10000
G0 F9600 X197.337 Y152.256
M204 S1000
G1 F1200 X171.925 Y177.668 E4093.3127
M204 S10000
G0 F9600 X171.5 Y177.668
M204 S1000
G1 F1200 X197.337 Y151.832 E4094.22415
M204 S10000
G0 F9600 X197.337 Y151.407
M204 S1000
G1 F1200 X171.076 Y177.668 E4095.15058
M204 S10000
G0 F9600 X170.652 Y177.668
M204 S1000
G1 F1200 X197.337 Y150.983 E4096.09196
M204 S10000
G0 F9600 X197.337 Y150.559
M204 S1000
G1 F1200 X170.228 Y177.668 E4097.04831
M204 S10000
G0 F9600 X169.803 Y177.668
M204 S1000
G1 F1200 X197.337 Y150.135 E4098.01962
M204 S10000
G0 F9600 X197.337 Y149.71
M204 S1000
G1 F1200 X169.379 Y177.668 E4099.00592
M204 S10000
G0 F9600 X168.955 Y177.668
M204 S1000
G1 F1200 X197.337 Y149.286 E4100.00717
M204 S10000
G0 F9600 X197.337 Y148.862
M204 S1000
G1 F1200 X168.531 Y177.668 E4101.02338
M204 S10000
G0 F9600 X168.106 Y177.668
M204 S1000
G1 F1200 X197.337 Y148.437 E4102.05458
M204 S10000
G0 F9600 X197.337 Y148.013
M204 S1000
G1 F1200 X167.682 Y177.668 E4103.10074
M204 S10000
G0 F9600 X167.258 Y177.668
M204 S1000
G1 F1200 X197.337 Y147.589 E4104.16186
M204 S10000
G0 F9600 X197.337 Y147.165
M204 S1000
G1 F1200 X166.834 Y177.668 E4105.23794
M204 S10000
G0 F9600 X166.409 Y177.668
M204 S1000
G1 F1200 X197.337 Y146.74 E4106.329
M204 S10000
G0 F9600 X197.337 Y146.316
M204 S1000
G1 F1200 X166.201 Y177.452 E4107.42741
M204 S10000
G0 F9600 X166.201 Y177.028
M204 S1000
G1 F1200 X197.337 Y145.892 E4108.52582
M204 S10000
G0 F9600 X197.337 Y145.468
M204 S1000
G1 F1200 X166.201 Y176.604 E4109.62422
M204 S10000
G0 F9600 X166.201 Y176.179
M204 S1000
G1 F1200 X197.337 Y145.043 E4110.72263
M204 S10000
G0 F9600 X197.337 Y144.619
M204 S1000
G1 F1200 X166.201 Y175.755 E4111.82104
M204 S10000
G0 F9600 X166.201 Y175.331
M204 S1000
G1 F1200 X197.337 Y144.195 E4112.91944
M204 S10000
G0 F9600 X197.337 Y143.771
M204 S1000
G1 F1200 X166.201 Y174.907 E4114.01785
M204 S10000
G0 F9600 X166.201 Y174.482
M204 S1000
G1 F1200 X197.337 Y143.346 E4115.11626
M204 S10000
G0 F9600 X197.337 Y142.922
M204 S1000
G1 F1200 X166.201 Y174.058 E4116.21466
M204 S10000
G0 F9600 X166.201 Y173.634
M204 S1000
G1 F1200 X197.337 Y142.498 E4117.31307
M204 S10000
G0 F9600 X197.337 Y142.074
M204 S1000
G1 F1200 X166.201 Y173.21 E4118.41148
M204 S10000
G0 F9600 X166.201 Y172.785
M204 S1000
G1 F1200 X197.337 Y141.649 E4119.50988
M204 S10000
G0 F9600 X197.337 Y141.225
M204 S1000
G1 F1200 X166.201 Y172.361 E4120.60829
M204 S10000
G0 F9600 X166.201 Y171.937
M204 S1000
G1 F1200 X197.337 Y140.801 E4121.7067
M204 S10000
G0 F9600 X197.337 Y140.376
M204 S1000
G1 F1200 X166.201 Y171.512 E4122.8051
M204 S10000
G0 F9600 X166.201 Y171.088
M204 S1000
G1 F1200 X197.337 Y139.952 E4123.90351
M204 S10000
G0 F9600 X197.337 Y139.528
M204 S1000
G1 F1200 X166.201 Y170.664 E4125.00191
M204 S10000
G0 F9600 X166.201 Y170.24
M204 S1000
G1 F1200 X197.337 Y139.104 E4126.10032
M204 S10000
G0 F9600 X197.337 Y138.679
M204 S1000
G1 F1200 X166.201 Y169.815 E4127.19873
M204 S10000
G0 F9600 X166.201 Y169.391
M204 S1000
G1 F1200 X197.337 Y138.255 E4128.29713
M204 S10000
G0 F9600 X197.337 Y137.831
M204 S1000
G1 F1200 X166.201 Y168.967 E4129.39554
M204 S10000
G0 F9600 X166.201 Y168.543
M204 S1000
G1 F1200 X197.337 Y137.407 E4130.49395
M204 S10000
G0 F9600 X197.337 Y136.982
M204 S1000
G1 F1200 X166.201 Y168.118 E4131.59235
M204 S10000
G0 F9600 X166.201 Y167.694
M204 S1000
G1 F1200 X197.337 Y136.558 E4132.69076
M204 S10000
G0 F9600 X197.2 Y136.27
M204 S1000
G1 F1200 X166.201 Y167.27 E4133.78435
M204 S10000
G0 F9600 X166.201 Y166.846
M204 S1000
G1 F1200 X196.779 Y136.267 E4134.86309
M204 S10000
G0 F9600 X196.404 Y136.218
M204 S1000
G1 F1200 X166.201 Y166.421 E4135.92858
M204 S10000
G0 F9600 X166.201 Y165.997
M204 S1000
G1 F1200 X196.094 Y136.104 E4136.98314
M204 S10000
G0 F9600 X195.843 Y135.931
M204 S1000
G1 F1200 X166.201 Y165.573 E4138.02884
M204 S10000
G0 F9600 X166.201 Y165.149
M204 S1000
G1 F1200 X195.627 Y135.722 E4139.06694
M204 S10000
G0 F9600 X195.442 Y135.483
M204 S1000
G1 F1200 X166.201 Y164.724 E4140.09849
M204 S10000
G0 F9600 X166.201 Y164.3
M204 S1000
G1 F1200 X195.344 Y135.157 E4141.12659
M204 S10000
G0 F9600 X195.297 Y134.779
M204 S1000
G1 F1200 X166.201 Y163.876 E4142.15305
M204 S10000
G0 F9600 X166.201 Y163.451
M204 S1000
G1 F1200 X195.297 Y134.355 E4143.17949
M204 S10000
G0 F9600 X195.297 Y133.93
M204 S1000
G1 F1200 X166.201 Y163.027 E4144.20595
M204 S10000
G0 F9600 X166.201 Y162.603
M204 S1000
G1 F1200 X195.297 Y133.506 E4145.23241
M204 S10000
G0 F9600 X195.297 Y133.082
M204 S1000
G1 F1200 X166.201 Y162.179 E4146.25886
M204 S10000
G0 F9600 X166.201 Y161.754
M204 S1000
G1 F1200 X195.297 Y132.658 E4147.2853
M204 S10000
G0 F9600 X195.297 Y132.234
M204 S1000
G1 F1200 X166.201 Y161.33 E4148.31174
M204 S10000
G0 F9600 X166.201 Y160.906
M204 S1000
G1 F1200 X195.297 Y131.81 E4149.33818
M204 S10000
G0 F9600 X195.297 Y131.386
M204 S1000
G1 F1200 X166.201 Y160.482 E4150.36462
M204 S10000
G0 F9600 X166.201 Y160.057
M204 S1000
G1 F1200 X195.297 Y130.961 E4151.39106
M204 S10000
G0 F9600 X195.297 Y130.537
M204 S1000
G1 F1200 X166.201 Y159.633 E4152.4175
M204 S10000
G0 F9600 X166.201 Y159.209
M204 S1000
G1 F1200 X195.297 Y130.113 E4153.44394
M204 S10000
G0 F9600 X195.296 Y129.689
M204 S1000
G1 F1200 X166.201 Y158.785 E4154.47037
M204 S10000
G0 F9600 X166.201 Y158.36
M204 S1000
G1 F1200 X195.296 Y129.265 E4155.49677
M204 S10000
G0 F9600 X195.296 Y128.841
M204 S1000
G1 F1200 X166.201 Y157.936 E4156.52317
M204 S10000
G0 F9600 X166.201 Y157.512
M204 S1000
G1 F1200 X195.296 Y128.416 E4157.5496
M204 S10000
G0 F9600 X195.296 Y127.992
M204 S1000
G92 E0
G1 F1200 X166.201 Y157.088 E1.02642
M204 S10000
G0 F9600 X166.201 Y156.663
M204 S1000
G1 F1200 X195.296 Y127.568 E2.05283
M204 S10000
G0 F9600 X195.295 Y127.144
M204 S1000
G1 F1200 X166.201 Y156.239 E3.07921
M204 S10000
G0 F9600 X166.201 Y155.815
M204 S1000
G1 F1200 X195.295 Y126.72 E4.1056
M204 S10000
G0 F9600 X195.295 Y126.296
M204 S1000
G1 F1200 X166.201 Y155.39 E5.13197
M204 S10000
G0 F9600 X166.201 Y154.966
M204 S1000
G1 F1200 X195.295 Y125.872 E6.15834
M204 S10000
G0 F9600 X195.295 Y125.447
M204 S1000
G1 F1200 X166.201 Y154.542 E7.18473
M204 S10000
G0 F9600 X166.201 Y154.118
M204 S1000
G1 F1200 X195.295 Y125.023 E8.21111
M204 S10000
G0 F9600 X195.295 Y124.599
M204 S1000
G1 F1200 X166.201 Y153.693 E9.23748
M204 S10000
G0 F9600 X166.201 Y153.269
M204 S1000
G1 F1200 X195.295 Y124.175 E10.26385
M204 S10000
G0 F9600 X195.295 Y123.751
M204 S1000
G1 F1200 X166.201 Y152.845 E11.29022
M204 S10000
G0 F9600 X166.201 Y152.421
M204 S1000
G1 F1200 X195.295 Y123.327 E12.31659
M204 S10000
G0 F9600 X195.295 Y122.902
M204 S1000
G1 F1200 X166.201 Y151.996 E13.34296
M204 S10000
G0 F9600 X166.201 Y151.572
M204 S1000
G1 F1200 X195.295 Y122.478 E14.36933
M204 S10000
G0 F9600 X195.019 Y122.33
M204 S1000
G1 F1200 X166.201 Y151.148 E15.38596
M204 S10000
G0 F9600 X166.201 Y150.724
M204 S1000
G1 F1200 X194.595 Y122.33 E16.38764
M204 S10000
G0 F9600 X194.17 Y122.33
M204 S1000
G1 F1200 X166.201 Y150.299 E17.37432
M204 S10000
G0 F9600 X166.2 Y149.876
M204 S1000
G1 F1200 X193.746 Y122.33 E18.34608
M204 S10000
G0 F9600 X193.322 Y122.33
M204 S1000
G1 F1200 X166.2 Y149.451 E19.30286
M204 S10000
G0 F9600 X166.2 Y149.027
M204 S1000
G1 F1200 X192.898 Y122.33 E20.24469
M204 S10000
G0 F9600 X192.473 Y122.33
M204 S1000
G1 F1200 X166.2 Y148.603 E21.17154
M204 S10000
G0 F9600 X166.2 Y148.179
M204 S1000
G1 F1200 X192.049 Y122.33 E22.08343
M204 S10000
G0 F9600 X191.625 Y122.33
M204 S1000
G1 F1200 X166.2 Y147.754 E22.98035
M204 S10000
G0 F9600 X166.2 Y147.33
M204 S1000
G1 F1200 X191.2 Y122.33 E23.8623
M204 S10000
G0 F9600 X190.776 Y122.33
M204 S1000
G1 F1200 X166.2 Y146.906 E24.72928
M204 S10000
G0 F9600 X166.2 Y146.482
M204 S1000
G1 F1200 X190.352 Y122.33 E25.58131
M204 S10000
G0 F9600 X189.928 Y122.33
M204 S1000
G1 F1200 X166.2 Y146.057 E26.41836
M204 S10000
G0 F9600 X166.2 Y145.633
M204 S1000
G1 F1200 X189.503 Y122.33 E27.24043
M204 S10000
G0 F9600 X189.079 Y122.33
M204 S1000
G1 F1200 X166.2 Y145.209 E28.04755
M204 S10000
G0 F9600 X166.2 Y144.785
M204 S1000
G1 F1200 X188.655 Y122.33 E28.83971
M204 S10000
G0 F9600 X188.231 Y122.33
M204 S1000
G1 F1200 X166.2 Y144.36 E29.6169
M204 S10000
G0 F9600 X166.2 Y143.936
M204 S1000
G1 F1200 X187.806 Y122.33 E30.37911
M204 S10000
G0 F9600 X187.382 Y122.33
M204 S1000
G1 F1200 X166.2 Y143.512 E31.12636
M204 S10000
G0 F9600 X166.2 Y143.088
M204 S1000
G1 F1200 X186.958 Y122.33 E31.85866
M204 S10000
G0 F9600 X186.534 Y122.33
M204 S1000
G1 F1200 X166.2 Y142.663 E32.57598
M204 S10000
G0 F9600 X166.2 Y142.239
M204 S1000
G1 F1200 X186.109 Y122.33 E33.27832
M204 S10000
G0 F9600 X185.685 Y122.33
M204 S1000
G1 F1200 X166.2 Y141.815 E33.96571
M204 S10000
G0 F9600 X166.2 Y141.39
M204 S1000
G1 F1200 X185.261 Y122.33 E34.63812
M204 S10000
G0 F9600 X184.837 Y122.33
M204 S1000
G1 F1200 X166.2 Y140.966 E35.29557
M204 S10000
G0 F9600 X166.2 Y140.542
M204 S1000
G1 F1200 X184.412 Y122.33 E35.93805
M204 S10000
G0 F9600 X183.988 Y122.33
M204 S1000
G1 F1200 X166.2 Y140.118 E36.56557
M204 S10000
G0 F9600 X166.2 Y139.693
M204 S1000
G1 F1200 X183.564 Y122.33 E37.17811
M204 S10000
G0 F9600 X183.139 Y122.33
M204 S1000
G1 F1200 X166.2 Y139.269 E37.77568
M204 S10000
G0 F9600 X166.2 Y138.845
M204 S1000
G1 F1200 X182.715 Y122.33 E38.35829
M204 S10000
G0 F9600 X182.291 Y122.33
M204 S1000
G1 F1200 X166.2 Y138.421 E38.92594
M204 S10000
G0 F9600 X166.2 Y137.996
M204 S1000
G1 F1200 X181.867 Y122.33 E39.47862
M204 S10000
G0 F9600 X181.442 Y122.33
M204 S1000
G1 F1200 X166.2 Y137.572 E40.01632
M204 S10000
G0 F9600 X166.2 Y137.148
M204 S1000
G1 F1200 X181.018 Y122.33 E40.53907
M204 S10000
G0 F9600 X180.594 Y122.33
M204 S1000
G1 F1200 X166.2 Y136.724 E41.04686
M204 S10000
G0 F9600 X166.2 Y136.299
M204 S1000
G1 F1200 X180.17 Y122.33 E41.53967
M204 S10000
G0 F9600 X179.745 Y122.33
M204 S1000
G1 F1200 X166.2 Y135.875 E42.01751
M204 S10000
G0 F9600 X166.2 Y135.451
M204 S1000
G1 F1200 X179.321 Y122.33 E42.48038
M204 S10000
G0 F9600 X178.897 Y122.33
M204 S1000
G1 F1200 X166.2 Y135.026 E42.92829
M204 S10000
G0 F9600 X166.2 Y134.602
M204 S1000
G1 F1200 X178.473 Y122.33 E43.36123
M204 S10000
G0 F9600 X178.048 Y122.33
M204 S1000
G1 F1200 X166.2 Y134.178 E43.7792
M204 S10000
G0 F9600 X166.2 Y133.754
M204 S1000
G1 F1200 X177.624 Y122.33 E44.18222
M204 S10000
G0 F9600 X177.2 Y122.33
M204 S1000
G1 F1200 X166.2 Y133.329 E44.57025
M204 S10000
G0 F9600 X166.2 Y132.905
M204 S1000
G1 F1200 X176.775 Y122.33 E44.94331
M204 S10000
G0 F9600 X176.351 Y122.33
M204 S1000
G1 F1200 X166.2 Y132.481 E45.30142
M204 S10000
G0 F9600 X166.2 Y132.057
M204 S1000
G1 F1200 X175.927 Y122.33 E45.64456
M204 S10000
G0 F9600 X175.503 Y122.33
M204 S1000
G1 F1200 X166.2 Y131.632 E45.97274
M204 S10000
G0 F9600 X166.2 Y131.208
M204 S1000
G1 F1200 X175.078 Y122.33 E46.28593
M204 S10000
G0 F9600 X174.654 Y122.33
M204 S1000
G1 F1200 X166.2 Y130.784 E46.58417
M204 S10000
G0 F9600 X166.2 Y130.36
M204 S1000
G1 F1200 X174.23 Y122.33 E46.86745
M204 S10000
G0 F9600 X173.806 Y122.33
M204 S1000
G1 F1200 X166.2 Y129.935 E47.13575
M204 S10000
G0 F9600 X166.2 Y129.511
M204 S1000
G1 F1200 X173.381 Y122.33 E47.38908
M204 S10000
G0 F9600 X172.957 Y122.33
M204 S1000
G1 F1200 X166.2 Y129.087 E47.62745
M204 S10000
G0 F9600 X166.2 Y128.663
M204 S1000
G1 F1200 X172.533 Y122.33 E47.85087
M204 S10000
G0 F9600 X172.109 Y122.33
M204 S1000
G1 F1200 X166.2 Y128.238 E48.05931
M204 S10000
G0 F9600 X166.2 Y127.814
M204 S1000
G1 F1200 X171.684 Y122.33 E48.25277
M204 S10000
G0 F9600 X171.26 Y122.33
M204 S1000
G1 F1200 X166.2 Y127.39 E48.43127
M204 S10000
G0 F9600 X166.2 Y126.965
M204 S1000
G1 F1200 X170.836 Y122.33 E48.5948
M204 S10000
G0 F9600 X170.412 Y122.33
M204 S1000
G1 F1200 X166.2 Y126.541 E48.74338
M204 S10000
G0 F9600 X166.2 Y126.117
M204 S1000
G1 F1200 X169.987 Y122.33 E48.87697
M204 S10000
G0 F9600 X169.563 Y122.33
M204 S1000
G1 F1200 X166.2 Y125.693 E48.99561
M204 S10000
G0 F9600 X166.2 Y125.268
M204 S1000
G1 F1200 X169.139 Y122.33 E49.09927
M204 S10000
G0 F9600 X168.714 Y122.33
M204 S1000
G1 F1200 X166.2 Y124.844 E49.18796
M204 S10000
G0 F9600 X166.2 Y124.42
M204 S1000
G1 F1200 X168.29 Y122.33 E49.26169
M204 S10000
G0 F9600 X167.866 Y122.33
M204 S1000
G1 F1200 X166.2 Y123.996 E49.32047
M204 S10000
G0 F9600 X166.2 Y123.571
M204 S1000
G1 F1200 X167.442 Y122.33 E49.36426
M204 S10000
G0 F9600 X167.017 Y122.33
M204 S1000
G1 F1200 X166.2 Y123.147 E49.39308
M204 S10000
G0 F9600 X166.2 Y122.723
M204 S1000
G1 F1200 X166.593 Y122.33 E49.40695
M204 S10000
G1 F3000 E43.40695
G0 F9600 X166.593 Y121.96
G0 X195.594 Y122.032
G0 X195.929 Y135.605
G0 X197.636 Y135.972
G0 X197.709 Y163.287
G0 X197.337 Y163.287
M204 S1000
G1 F3000 E49.40695
G1 F1200 X196.892 Y163.731 E49.42263
M204 S10000
G0 F9600 X196.892 Y164.15
G1 F3000 E43.42263
;MESH:NONMESH
G0 F300 X196.892 Y164.15 Z1.76
G0 F9600 X197.637 Y164.028
G0 X197.636 Y135.972
G0 X195.606 Y134.92
G0 X195.594 Y122.032
G0 X165.902 Y122.033
G0 X165.099 Y127.29
G0 X159.97 Y127.29
G0 X159.24 Y127.29
G0 X159.09 Y127.29
;TIME_ELAPSED:8405.056564
;LAYER:8
M204 S1000
;TYPE:WALL-INNER
;MESH:Bottom_panel_x3.stl(2)
G1 F3000 E49.42263
G1 F1800 X159.09 Y95.71 E50.2104
G1 X103.31 Y95.71 E51.60183
G1 X103.31 Y127.29 E52.3896
G1 X159.09 Y127.29 E53.78104
M204 S10000
G0 F9600 X159.39 Y127.59
M204 S1000
G1 F1800 X159.39 Y95.41 E54.58377
G1 X103.01 Y95.41 E55.99018
G1 X103.01 Y127.59 E56.79291
G1 X159.39 Y127.59 E58.19931
M204 S10000
G0 F9600 X159.69 Y127.89
M204 S1000
G1 F1800 X159.69 Y95.11 E59.01701
G1 X102.71 Y95.11 E60.43839
G1 X102.71 Y127.89 E61.25609
G1 X159.69 Y127.89 E62.67746
M204 S10000
G0 F9600 X159.94 Y128.14
M204 S1000
;TYPE:WALL-OUTER
G1 F1800 X159.94 Y94.86 E63.50763
G1 X102.46 Y94.86 E64.94148
G1 X102.46 Y128.14 E65.77165
G1 X159.94 Y128.14 E67.20549
M204 S10000
G0 F9600 X159.94 Y127.94
G0 X159.69 Y127.94
G0 X159.04 Y127.02
G0 X158.82 Y127.02
M204 S1000
;TYPE:SKIN
G1 F1200 X103.58 Y127.02 E68.58346
G1 X103.58 Y95.98 E69.35776
G1 X158.82 Y95.98 E70.73572
G1 X158.82 Y127.02 E71.51002
M204 S10000
G1 F3000 E65.51002
G0 F9600 X159.04 Y127.02
G0 X159.04 Y96.302
G0 X158.669 Y96.302
M204 S1000
G1 F3000 E71.51002
G1 F1200 X158.496 Y96.129 E71.51612
M204 S10000
G0 F9600 X158.072 Y96.129
M204 S1000
G1 F1200 X158.669 Y96.726 E71.53718
M204 S10000
G0 F9600 X158.669 Y97.15
M204 S1000
G1 F1200 X157.648 Y96.129 E71.5732
M204 S10000
G0 F9600 X157.223 Y96.129
M204 S1000
G1 F1200 X158.669 Y97.575 E71.62421
M204 S10000
G0 F9600 X158.669 Y97.999
M204 S1000
G1 F1200 X156.799 Y96.129 E71.69018
M204 S10000
G0 F9600 X156.375 Y96.129
M204 S1000
G1 F1200 X158.669 Y98.423 E71.77111
M204 S10000
G0 F9600 X158.669 Y98.847
M204 S1000
G1 F1200 X155.95 Y96.129 E71.86701
M204 S10000
G0 F9600 X155.526 Y96.129
M204 S1000
G1 F1200 X158.669 Y99.272 E71.97789
M204 S10000
G0 F9600 X158.669 Y99.696
M204 S1000
G1 F1200 X155.102 Y96.129 E72.10373
M204 S10000
G0 F9600 X154.678 Y96.129
M204 S1000
G1 F1200 X158.669 Y100.12 E72.24452
M204 S10000
G0 F9600 X158.669 Y100.544
M204 S1000
G1 F1200 X154.253 Y96.129 E72.40029
M204 S10000
G0 F9600 X153.829 Y96.129
M204 S1000
G1 F1200 X158.669 Y100.969 E72.57103
M204 S10000
G0 F9600 X158.669 Y101.393
M204 S1000
G1 F1200 X153.405 Y96.129 E72.75673
M204 S10000
G0 F9600 X152.981 Y96.129
M204 S1000
G1 F1200 X158.669 Y101.817 E72.95739
M204 S10000
G0 F9600 X158.669 Y102.241
M204 S1000
G1 F1200 X152.556 Y96.129 E73.17303
M204 S10000
G0 F9600 X152.132 Y96.129
M204 S1000
G1 F1200 X158.669 Y102.666 E73.40364
M204 S10000
G0 F9600 X158.669 Y103.09
M204 S1000
G1 F1200 X151.708 Y96.129 E73.64921
M204 S10000
G0 F9600 X151.284 Y96.129
M204 S1000
G1 F1200 X158.669 Y103.514 E73.90973
M204 S10000
G0 F9600 X158.669 Y103.939
M204 S1000
G1 F1200 X150.859 Y96.129 E74.18525
M204 S10000
G0 F9600 X150.435 Y96.129
M204 S1000
G1 F1200 X158.669 Y104.363 E74.47573
M204 S10000
G0 F9600 X158.669 Y104.787
M204 S1000
G1 F1200 X150.011 Y96.129 E74.78116
M204 S10000
G0 F9600 X149.587 Y96.129
M204 S1000
G1 F1200 X158.669 Y105.211 E75.10155
M204 S10000
G0 F9600 X158.669 Y105.636
M204 S1000
G1 F1200 X149.162 Y96.129 E75.43694
M204 S10000
G0 F9600 X148.738 Y96.129
M204 S1000
G1 F1200 X158.669 Y106.06 E75.78728
M204 S10000
G0 F9600 X158.669 Y106.484
M204 S1000
G1 F1200 X148.314 Y96.129 E76.15258
M204 S10000
G0 F9600 X147.889 Y96.129
M204 S1000
G1 F1200 X158.669 Y106.908 E76.53286
M204 S10000
G0 F9600 X158.669 Y107.333
M204 S1000
G1 F1200 X147.465 Y96.129 E76.92811
M204 S10000
G0 F9600 X147.041 Y96.129
M204 S1000
G1 F1200 X158.669 Y107.757 E77.33832
M204 S10000
G0 F9600 X158.669 Y108.181
M204 S1000
G1 F1200 X146.617 Y96.129 E77.76349
M204 S10000
G0 F9600 X146.192 Y96.129
M204 S1000
G1 F1200 X158.669 Y108.605 E78.20363
M204 S10000
G0 F9600 X158.669 Y109.03
M204 S1000
G1 F1200 X145.768 Y96.129 E78.65875
M204 S10000
G0 F9600 X145.344 Y96.129
M204 S1000
G1 F1200 X158.669 Y109.454 E79.12882
M204 S10000
G0 F9600 X158.669 Y109.878
M204 S1000
G1 F1200 X144.92 Y96.129 E79.61385
M204 S10000
G0 F9600 X144.495 Y96.129
M204 S1000
G1 F1200 X158.669 Y110.303 E80.11388
M204 S10000
G0 F9600 X158.669 Y110.727
M204 S1000
G1 F1200 X144.071 Y96.129 E80.62886
M204 S10000
G0 F9600 X143.647 Y96.129
M204 S1000
G1 F1200 X158.669 Y111.151 E81.15881
M204 S10000
G0 F9600 X158.669 Y111.575
M204 S1000
G1 F1200 X143.223 Y96.129 E81.70371
M204 S10000
G0 F9600 X142.798 Y96.129
M204 S1000
G1 F1200 X158.669 Y112 E82.2636
M204 S10000
G0 F9600 X158.669 Y112.424
M204 S1000
G1 F1200 X142.374 Y96.129 E82.83845
M204 S10000
G0 F9600 X141.95 Y96.129
M204 S1000
G1 F1200 X158.669 Y112.848 E83.42826
M204 S10000
G0 F9600 X158.669 Y113.272
M204 S1000
G1 F1200 X141.526 Y96.129 E84.03302
M204 S10000
G0 F9600 X141.101 Y96.129
M204 S1000
G1 F1200 X158.669 Y113.697 E84.65278
M204 S10000
G0 F9600 X158.669 Y114.121
M204 S1000
G1 F1200 X140.677 Y96.129 E85.2875
M204 S10000
G0 F9600 X140.253 Y96.129
M204 S1000
G1 F1200 X158.669 Y114.545 E85.93717
M204 S10000
G0 F9600 X158.669 Y114.969
M204 S1000
G1 F1200 X139.828 Y96.129 E86.60182
M204 S10000
G0 F9600 X139.404 Y96.129
M204 S1000
G1 F1200 X158.669 Y115.394 E87.28145
M204 S10000
G0 F9600 X158.669 Y115.818
M204 S1000
G1 F1200 X138.98 Y96.129 E87.97603
M204 S10000
G0 F9600 X138.556 Y96.129
M204 S1000
G1 F1200 X158.669 Y116.242 E88.68557
M204 S10000
G0 F9600 X158.669 Y116.666
M204 S1000
G1 F1200 X138.131 Y96.129 E89.41008
M204 S10000
G0 F9600 X137.707 Y96.129
M204 S1000
G1 F1200 X158.669 Y117.091 E90.14958
M204 S10000
G0 F9600 X158.669 Y117.515
M204 S1000
G1 F1200 X137.283 Y96.129 E90.90402
M204 S10000
G0 F9600 X136.859 Y96.129
M204 S1000
G1 F1200 X158.669 Y117.939 E91.67343
M204 S10000
G0 F9600 X158.669 Y118.364
M204 S1000
G1 F1200 X136.434 Y96.129 E92.45783
M204 S10000
G0 F9600 X136.01 Y96.129
M204 S1000
G1 F1200 X158.669 Y118.788 E93.25719
M204 S10000
G0 F9600 X158.669 Y119.212
M204 S1000
G1 F1200 X135.586 Y96.129 E94.0715
M204 S10000
G0 F9600 X135.162 Y96.129
M204 S1000
G1 F1200 X158.669 Y119.636 E94.90078
M204 S10000
G0 F9600 X158.669 Y120.061
M204 S1000
G1 F1200 X134.737 Y96.129 E95.74504
M204 S10000
G0 F9600 X134.313 Y96.129
M204 S1000
G1 F1200 X158.669 Y120.485 E96.60427
M204 S10000
G0 F9600 X158.669 Y120.909
M204 S1000
G1 F1200 X133.889 Y96.129 E97.47845
M204 S10000
G0 F9600 X133.464 Y96.129
M204 S1000
G1 F1200 X158.669 Y121.333 E98.3676
M204 S10000
G0 F9600 X158.669 Y121.758
M204 S1000
G1 F1200 X133.04 Y96.129 E99.27174
M204 S10000
G0 F9600 X132.616 Y96.129
M204 S1000
G1 F1200 X158.669 Y122.182 E100.19083
M204 S10000
G0 F9600 X158.669 Y122.606
M204 S1000
G1 F1200 X132.192 Y96.129 E101.12487
M204 S10000
G0 F9600 X131.767 Y96.129
M204 S1000
G1 F1200 X158.669 Y123.03 E102.0739
M204 S10000
G0 F9600 X158.669 Y123.455
M204 S1000
G1 F1200 X131.343 Y96.129 E103.0379
M204 S10000
G0 F9600 X130.919 Y96.129
M204 S1000
G1 F1200 X158.669 Y123.879 E104.01685
M204 S10000
G0 F9600 X158.669 Y124.303
M204 S1000
G1 F1200 X130.495 Y96.129 E105.01077
M204 S10000
G0 F9600 X130.07 Y96.129
M204 S1000
G1 F1200 X158.669 Y124.727 E106.01965
M204 S10000
G0 F9600 X158.669 Y125.152
M204 S1000
G1 F1200 X129.646 Y96.129 E107.04352
M204 S10000
G0 F9600 X129.222 Y96.129
M204 S1000
G1 F1200 X158.669 Y125.576 E108.08234
M204 S10000
G0 F9600 X158.669 Y126
M204 S1000
G1 F1200 X128.798 Y96.129 E109.13612
M204 S10000
G0 F9600 X128.373 Y96.129
M204 S1000
G1 F1200 X158.669 Y126.425 E110.2049
M204 S10000
G0 F9600 X158.669 Y126.849
M204 S1000
G1 F1200 X127.949 Y96.129 E111.28863
M204 S10000
G0 F9600 X127.525 Y96.129
M204 S1000
G1 F1200 X158.265 Y126.869 E112.37306
M204 S10000
G0 F9600 X157.841 Y126.869
M204 S1000
G1 F1200 X127.101 Y96.129 E113.4575
M204 S10000
G0 F9600 X126.676 Y96.129
M204 S1000
G1 F1200 X157.416 Y126.869 E114.54194
M204 S10000
G0 F9600 X156.992 Y126.869
M204 S1000
G1 F1200 X126.252 Y96.129 E115.62637
M204 S10000
G0 F9600 X125.828 Y96.129
M204 S1000
G1 F1200 X156.568 Y126.869 E116.71081
M204 S10000
G0 F9600 X156.144 Y126.869
M204 S1000
G1 F1200 X125.403 Y96.129 E117.79526
M204 S10000
G0 F9600 X124.979 Y96.129
M204 S1000
G1 F1200 X155.719 Y126.869 E118.8797
M204 S10000
G0 F9600 X155.295 Y126.869
M204 S1000
G1 F1200 X124.555 Y96.129 E119.96414
M204 S10000
G0 F9600 X124.131 Y96.129
M204 S1000
G1 F1200 X154.871 Y126.869 E121.04857
M204 S10000
G0 F9600 X154.446 Y126.869
M204 S1000
G1 F1200 X123.706 Y96.129 E122.13301
M204 S10000
G0 F9600 X123.282 Y96.129
M204 S1000
G1 F1200 X154.022 Y126.869 E123.21745
M204 S10000
G0 F9600 X153.598 Y126.869
M204 S1000
G1 F1200 X122.858 Y96.129 E124.30188
M204 S10000
G0 F9600 X122.434 Y96.129
M204 S1000
G1 F1200 X153.174 Y126.869 E125.38632
M204 S10000
G0 F9600 X152.749 Y126.869
M204 S1000
G1 F1200 X122.009 Y96.129 E126.47076
M204 S10000
G0 F9600 X121.585 Y96.129
M204 S1000
G1 F1200 X152.325 Y126.869 E127.55519
M204 S10000
G0 F9600 X151.901 Y126.869
M204 S1000
G1 F1200 X121.161 Y96.129 E128.63963
M204 S10000
G0 F9600 X120.737 Y96.129
M204 S1000
G1 F1200 X151.477 Y126.869 E129.72406
M204 S10000
G0 F9600 X151.052 Y126.869
M204 S1000
G1 F1200 X120.312 Y96.129 E130.8085
M204 S10000
G0 F9600 X119.888 Y96.129
M204 S1000
G1 F1200 X150.628 Y126.869 E131.89294
M204 S10000
G0 F9600 X150.204 Y126.869
M204 S1000
G1 F1200 X119.464 Y96.129 E132.97737
M204 S10000
G0 F9600 X119.04 Y96.129
M204 S1000
G1 F1200 X149.78 Y126.869 E134.06181
M204 S10000
G0 F9600 X149.355 Y126.869
M204 S1000
G1 F1200 X118.615 Y96.129 E135.14625
M204 S10000
G0 F9600 X118.191 Y96.129
M204 S1000
G1 F1200 X148.931 Y126.869 E136.23068
M204 S10000
G0 F9600 X148.507 Y126.869
M204 S1000
G1 F1200 X117.767 Y96.129 E137.31512
M204 S10000
G0 F9600 X117.342 Y96.129
M204 S1000
G1 F1200 X148.083 Y126.869 E138.39957
M204 S10000
G0 F9600 X147.658 Y126.869
M204 S1000
G1 F1200 X116.918 Y96.129 E139.48401
M204 S10000
G0 F9600 X116.494 Y96.129
M204 S1000
G1 F1200 X147.234 Y126.869 E140.56845
M204 S10000
G0 F9600 X146.81 Y126.869
M204 S1000
G1 F1200 X116.07 Y96.129 E141.65288
M204 S10000
G0 F9600 X115.645 Y96.129
M204 S1000
G1 F1200 X146.385 Y126.869 E142.73732
M204 S10000
G0 F9600 X145.961 Y126.869
M204 S1000
G1 F1200 X115.221 Y96.129 E143.82176
M204 S10000
G0 F9600 X114.797 Y96.129
M204 S1000
G1 F1200 X145.537 Y126.869 E144.90619
M204 S10000
G0 F9600 X145.113 Y126.869
M204 S1000
G1 F1200 X114.373 Y96.129 E145.99063
M204 S10000
G0 F9600 X113.948 Y96.129
M204 S1000
G1 F1200 X144.688 Y126.869 E147.07507
M204 S10000
G0 F9600 X144.264 Y126.869
M204 S1000
G1 F1200 X113.524 Y96.129 E148.1595
M204 S10000
G0 F9600 X113.1 Y96.129
M204 S1000
G1 F1200 X143.84 Y126.869 E149.24394
M204 S10000
G0 F9600 X143.416 Y126.869
M204 S1000
G1 F1200 X112.676 Y96.129 E150.32838
M204 S10000
G0 F9600 X112.251 Y96.129
M204 S1000
G1 F1200 X142.991 Y126.869 E151.41281
M204 S10000
G0 F9600 X142.567 Y126.869
M204 S1000
G1 F1200 X111.827 Y96.129 E152.49725
M204 S10000
G0 F9600 X111.403 Y96.129
M204 S1000
G1 F1200 X142.143 Y126.869 E153.58169
M204 S10000
G0 F9600 X141.719 Y126.869
M204 S1000
G1 F1200 X110.978 Y96.129 E154.66614
M204 S10000
G0 F9600 X110.554 Y96.129
M204 S1000
G1 F1200 X141.294 Y126.869 E155.75058
M204 S10000
G0 F9600 X140.87 Y126.869
M204 S1000
G1 F1200 X110.13 Y96.129 E156.83501
M204 S10000
G0 F9600 X109.706 Y96.129
M204 S1000
G1 F1200 X140.446 Y126.869 E157.91945
M204 S10000
G0 F9600 X140.021 Y126.869
M204 S1000
G1 F1200 X109.281 Y96.129 E159.00389
M204 S10000
G0 F9600 X108.857 Y96.129
M204 S1000
G1 F1200 X139.597 Y126.869 E160.08832
M204 S10000
G0 F9600 X139.173 Y126.869
M204 S1000
G1 F1200 X108.433 Y96.129 E161.17276
M204 S10000
G0 F9600 X108.009 Y96.129
M204 S1000
G1 F1200 X138.749 Y126.869 E162.2572
M204 S10000
G0 F9600 X138.324 Y126.869
M204 S1000
G1 F1200 X107.584 Y96.129 E163.34163
M204 S10000
G0 F9600 X107.16 Y96.129
M204 S1000
G1 F1200 X137.9 Y126.869 E164.42607
M204 S10000
G0 F9600 X137.476 Y126.869
M204 S1000
G1 F1200 X106.736 Y96.129 E165.5105
M204 S10000
G0 F9600 X106.312 Y96.129
M204 S1000
G1 F1200 X137.052 Y126.869 E166.59494
M204 S10000
G0 F9600 X136.627 Y126.869
M204 S1000
G1 F1200 X105.887 Y96.129 E167.67938
M204 S10000
G0 F9600 X105.463 Y96.129
M204 S1000
G1 F1200 X136.203 Y126.869 E168.76381
M204 S10000
G0 F9600 X135.779 Y126.869
M204 S1000
G1 F1200 X105.039 Y96.129 E169.84825
M204 S10000
G0 F9600 X104.615 Y96.129
M204 S1000
G1 F1200 X135.355 Y126.869 E170.93269
M204 S10000
G0 F9600 X134.93 Y126.869
M204 S1000
G1 F1200 X104.19 Y96.129 E172.01712
M204 S10000
G0 F9600 X103.766 Y96.129
M204 S1000
G1 F1200 X134.506 Y126.869 E173.10156
M204 S10000
G0 F9600 X134.082 Y126.869
M204 S1000
G1 F1200 X103.729 Y96.517 E174.17233
M204 S10000
G0 F9600 X103.729 Y96.941
M204 S1000
G1 F1200 X133.658 Y126.869 E175.22814
M204 S10000
G0 F9600 X133.233 Y126.869
M204 S1000
G1 F1200 X103.729 Y97.365 E176.26897
M204 S10000
G0 F9600 X103.729 Y97.79
M204 S1000
G1 F1200 X132.809 Y126.869 E177.29483
M204 S10000
G0 F9600 X132.385 Y126.869
M204 S1000
G1 F1200 X103.729 Y98.214 E178.30573
M204 S10000
G0 F9600 X103.729 Y98.638
M204 S1000
G1 F1200 X131.96 Y126.869 E179.30165
M204 S10000
G0 F9600 X131.536 Y126.869
M204 S1000
G1 F1200 X103.729 Y99.062 E180.28262
M204 S10000
G0 F9600 X103.729 Y99.487
M204 S1000
G1 F1200 X131.111 Y126.869 E181.24859
M204 S10000
G0 F9600 X130.687 Y126.869
M204 S1000
G1 F1200 X103.729 Y99.911 E182.19961
M204 S10000
G0 F9600 X103.729 Y100.335
M204 S1000
G1 F1200 X130.263 Y126.869 E183.13567
M204 S10000
G0 F9600 X129.838 Y126.869
M204 S1000
G1 F1200 X103.729 Y100.759 E184.05675
M204 S10000
G0 F9600 X103.729 Y101.184
M204 S1000
G1 F1200 X129.414 Y126.869 E184.96286
M204 S10000
G0 F9600 X128.99 Y126.869
M204 S1000
G1 F1200 X103.729 Y101.608 E185.85401
M204 S10000
G0 F9600 X103.729 Y102.032
M204 S1000
G1 F1200 X128.566 Y126.869 E186.7302
M204 S10000
G0 F9600 X128.141 Y126.869
M204 S1000
G1 F1200 X103.729 Y102.456 E187.59142
M204 S10000
G0 F9600 X103.729 Y102.881
M204 S1000
G1 F1200 X127.717 Y126.869 E188.43766
M204 S10000
G0 F9600 X127.293 Y126.869
M204 S1000
G1 F1200 X103.729 Y103.305 E189.26894
M204 S10000
G0 F9600 X103.729 Y103.729
M204 S1000
G1 F1200 X126.869 Y126.869 E190.08527
M204 S10000
G0 F9600 X126.444 Y126.869
M204 S1000
G1 F1200 X103.729 Y104.154 E190.8866
M204 S10000
G0 F9600 X103.729 Y104.578
M204 S1000
G1 F1200 X126.02 Y126.869 E191.67298
M204 S10000
G0 F9600 X125.596 Y126.869
M204 S1000
G1 F1200 X103.729 Y105.002 E192.44439
M204 S10000
G0 F9600 X103.729 Y105.426
M204 S1000
G1 F1200 X125.172 Y126.869 E193.20085
M204 S10000
G0 F9600 X124.747 Y126.869
M204 S1000
G1 F1200 X103.729 Y105.851 E193.94232
M204 S10000
G0 F9600 X103.729 Y106.275
M204 S1000
G1 F1200 X124.323 Y126.869 E194.66883
M204 S10000
G0 F9600 X123.899 Y126.869
M204 S1000
G1 F1200 X103.729 Y106.699 E195.38038
M204 S10000
G0 F9600 X103.729 Y107.123
M204 S1000
G1 F1200 X123.474 Y126.869 E196.07696
M204 S10000
G0 F9600 X123.05 Y126.869
M204 S1000
G1 F1200 X103.729 Y107.548 E196.75856
M204 S10000
G0 F9600 X103.729 Y107.972
M204 S1000
G1 F1200 X122.626 Y126.869 E197.4252
M204 S10000
G0 F9600 X122.202 Y126.869
M204 S1000
G1 F1200 X103.729 Y108.396 E198.07688
M204 S10000
G0 F9600 X103.729 Y108.82
M204 S1000
G1 F1200 X121.777 Y126.869 E198.71359
M204 S10000
G0 F9600 X121.353 Y126.869
M204 S1000
G1 F1200 X103.729 Y109.245 E199.33533
M204 S10000
G0 F9600 X103.729 Y109.669
M204 S1000
G1 F1200 X120.929 Y126.869 E199.94211
M204 S10000
G0 F9600 X120.505 Y126.869
M204 S1000
G1 F1200 X103.729 Y110.093 E200.53392
M204 S10000
G0 F9600 X103.729 Y110.517
M204 S1000
G1 F1200 X120.08 Y126.869 E201.11077
M204 S10000
G0 F9600 X119.656 Y126.869
M204 S1000
G1 F1200 X103.729 Y110.942 E201.67264
M204 S10000
G0 F9600 X103.729 Y111.366
M204 S1000
G1 F1200 X119.232 Y126.869 E202.21955
M204 S10000
G0 F9600 X118.808 Y126.869
M204 S1000
G1 F1200 X103.729 Y111.79 E202.7515
M204 S10000
G0 F9600 X103.729 Y112.215
M204 S1000
G1 F1200 X118.383 Y126.869 E203.26846
M204 S10000
G0 F9600 X117.959 Y126.869
M204 S1000
G1 F1200 X103.729 Y112.639 E203.77046
M204 S10000
G0 F9600 X103.729 Y113.063
M204 S1000
G1 F1200 X117.535 Y126.869 E204.2575
M204 S10000
G0 F9600 X117.111 Y126.869
M204 S1000
G1 F1200 X103.729 Y113.487 E204.72959
M204 S10000
G0 F9600 X103.729 Y113.912
M204 S1000
G1 F1200 X116.686 Y126.869 E205.18668
M204 S10000
G0 F9600 X116.262 Y126.869
M204 S1000
G1 F1200 X103.729 Y114.336 E205.62882
M204 S10000
G0 F9600 X103.729 Y114.76
M204 S1000
G1 F1200 X115.838 Y126.869 E206.056
M204 S10000
G0 F9600 X115.413 Y126.869
M204 S1000
G1 F1200 X103.729 Y115.184 E206.4682
M204 S10000
G0 F9600 X103.729 Y115.609
M204 S1000
G1 F1200 X114.989 Y126.869 E206.86542
M204 S10000
G0 F9600 X114.565 Y126.869
M204 S1000
G1 F1200 X103.729 Y116.033 E207.24769
M204 S10000
G0 F9600 X103.729 Y116.457
M204 S1000
G1 F1200 X114.141 Y126.869 E207.615
M204 S10000
G0 F9600 X113.716 Y126.869
M204 S1000
G1 F1200 X103.729 Y116.881 E207.96734
M204 S10000
G0 F9600 X103.729 Y117.306
M204 S1000
G1 F1200 X113.292 Y126.869 E208.3047
M204 S10000
G0 F9600 X112.868 Y126.869
M204 S1000
G1 F1200 X103.729 Y117.73 E208.6271
M204 S10000
G0 F9600 X103.729 Y118.154
M204 S1000
G1 F1200 X112.444 Y126.869 E208.93455
M204 S10000
G0 F9600 X112.019 Y126.869
M204 S1000
G1 F1200 X103.729 Y118.578 E209.22702
M204 S10000
G0 F9600 X103.729 Y119.003
M204 S1000
G1 F1200 X111.595 Y126.869 E209.50451
M204 S10000
G0 F9600 X111.171 Y126.869
M204 S1000
G1 F1200 X103.729 Y119.427 E209.76705
M204 S10000
G0 F9600 X103.729 Y119.851
M204 S1000
G1 F1200 X110.747 Y126.869 E210.01463
M204 S10000
G0 F9600 X110.322 Y126.869
M204 S1000
G1 F1200 X103.729 Y120.276 E210.24722
M204 S10000
G0 F9600 X103.729 Y120.7
M204 S1000
G1 F1200 X109.898 Y126.869 E210.46484
M204 S10000
G0 F9600 X109.474 Y126.869
M204 S1000
G1 F1200 X103.729 Y121.124 E210.66751
M204 S10000
G0 F9600 X103.729 Y121.548
M204 S1000
G1 F1200 X109.05 Y126.869 E210.85523
M204 S10000
G0 F9600 X108.625 Y126.869
M204 S1000
G1 F1200 X103.729 Y121.973 E211.02795
M204 S10000
G0 F9600 X103.729 Y122.397
M204 S1000
G1 F1200 X108.201 Y126.869 E211.18571
M204 S10000
G0 F9600 X107.777 Y126.869
M204 S1000
G1 F1200 X103.729 Y122.821 E211.32851
M204 S10000
G0 F9600 X103.729 Y123.245
M204 S1000
G1 F1200 X107.352 Y126.869 E211.45634
M204 S10000
G0 F9600 X106.928 Y126.869
M204 S1000
G1 F1200 X103.729 Y123.67 E211.56919
M204 S10000
G0 F9600 X103.729 Y124.094
M204 S1000
G1 F1200 X106.504 Y126.869 E211.66709
M204 S10000
G0 F9600 X106.08 Y126.869
M204 S1000
G1 F1200 X103.729 Y124.518 E211.75003
M204 S10000
G0 F9600 X103.729 Y124.942
M204 S1000
G1 F1200 X105.655 Y126.869 E211.81799
M204 S10000
G0 F9600 X105.231 Y126.869
M204 S1000
G1 F1200 X103.729 Y125.367 E211.87098
M204 S10000
G0 F9600 X103.729 Y125.791
M204 S1000
G1 F1200 X104.807 Y126.869 E211.90901
M204 S10000
G0 F9600 X104.383 Y126.869
M204 S1000
G1 F1200 X103.729 Y126.215 E211.93208
M204 S10000
G0 F9600 X103.729 Y126.639
M204 S1000
G1 F1200 X103.958 Y126.869 E211.94017
M204 S10000
G0 F9600 X103.958 Y127.29
G1 F3000 E205.94017
;MESH:Bottom_panel_x3.stl
G0 F9600 X159.09 Y127.97
G0 X159.09 Y133.53
G0 X159.09 Y165.79
M204 S1000
;TYPE:WALL-INNER
G1 F3000 E211.94017
G1 F1800 X159.09 Y134.21 E212.72794
G1 X103.31 Y134.21 E214.11938
G1 X103.31 Y165.79 E214.90714
G1 X159.09 Y165.79 E216.29858
M204 S10000
G0 F9600 X159.39 Y166.09
M204 S1000
G1 F1800 X159.39 Y133.91 E217.10132
G1 X103.01 Y133.91 E218.50772
G1 X103.01 Y166.09 E219.31045
G1 X159.39 Y166.09 E220.71686
M204 S10000
G0 F9600 X159.69 Y166.39
M204 S1000
G1 F1800 X159.69 Y133.61 E221.53456
G1 X102.71 Y133.61 E222.95593
G1 X102.71 Y166.39 E223.77363
G1 X159.69 Y166.39 E225.195
M204 S10000
G0 F9600 X159.94 Y166.64
M204 S1000
;TYPE:WALL-OUTER
G1 F1800 X159.94 Y133.36 E226.02518
G1 X102.46 Y133.36 E227.45902
G1 X102.46 Y166.64 E228.28919
G1 X159.94 Y166.64 E229.72304
M204 S10000
G0 F9600 X159.94 Y166.44
G0 X159.69 Y166.44
G0 X159.04 Y165.52
G0 X158.82 Y165.52
M204 S1000
;TYPE:SKIN
G1 F1200 X103.58 Y165.52 E231.10101
G1 X103.58 Y134.48 E231.8753
G1 X158.82 Y134.48 E233.25327
G1 X158.82 Y165.52 E234.02756
M204 S10000
G1 F3000 E228.02756
G0 F9600 X159.04 Y165.52
G0 X158.968 Y134.332
G0 X158.389 Y134.26
G0 X158.389 Y134.63
M204 S1000
G1 F3000 E234.02756
G1 F1200 X158.669 Y134.911 E234.03746
M204 S10000
G0 F9600 X158.669 Y135.335
M204 S1000
G1 F1200 X157.964 Y134.63 E234.06233
M204 S10000
G0 F9600 X157.54 Y134.63
M204 S1000
G1 F1200 X158.669 Y135.759 E234.10216
M204 S10000
G0 F9600 X158.669 Y136.183
M204 S1000
G1 F1200 X157.116 Y134.63 E234.15695
M204 S10000
G0 F9600 X156.692 Y134.63
M204 S1000
G1 F1200 X158.669 Y136.608 E234.22671
M204 S10000
G0 F9600 X158.669 Y137.032
M204 S1000
G1 F1200 X156.267 Y134.63 E234.31144
M204 S10000
G0 F9600 X155.843 Y134.63
M204 S1000
G1 F1200 X158.669 Y137.456 E234.41114
M204 S10000
G0 F9600 X158.669 Y137.88
M204 S1000
G1 F1200 X155.419 Y134.63 E234.52579
M204 S10000
G0 F9600 X154.994 Y134.63
M204 S1000
G1 F1200 X158.669 Y138.305 E234.65544
M204 S10000
G0 F9600 X158.669 Y138.729
M204 S1000
G1 F1200 X154.57 Y134.63 E234.80004
M204 S10000
G0 F9600 X154.146 Y134.63
M204 S1000
G1 F1200 X158.669 Y139.153 E234.9596
M204 S10000
G0 F9600 X158.669 Y139.577
M204 S1000
G1 F1200 X153.722 Y134.63 E235.13412
M204 S10000
G0 F9600 X153.297 Y134.63
M204 S1000
G1 F1200 X158.669 Y140.002 E235.32363
M204 S10000
G0 F9600 X158.669 Y140.426
M204 S1000
G1 F1200 X152.873 Y134.63 E235.5281
M204 S10000
G0 F9600 X152.449 Y134.63
M204 S1000
G1 F1200 X158.669 Y140.85 E235.74753
M204 S10000
G0 F9600 X158.669 Y141.274
M204 S1000
G1 F1200 X152.025 Y134.63 E235.98191
M204 S10000
G0 F9600 X151.6 Y134.63
M204 S1000
G1 F1200 X158.669 Y141.699 E236.23129
M204 S10000
G0 F9600 X158.669 Y142.123
M204 S1000
G1 F1200 X151.176 Y134.63 E236.49563
M204 S10000
G0 F9600 X150.752 Y134.63
M204 S1000
G1 F1200 X158.669 Y142.547 E236.77492
M204 S10000
G0 F9600 X158.669 Y142.972
M204 S1000
G1 F1200 X150.328 Y134.63 E237.06919
M204 S10000
G0 F9600 X149.903 Y134.63
M204 S1000
G1 F1200 X158.669 Y143.396 E237.37844
M204 S10000
G0 F9600 X158.669 Y143.82
M204 S1000
G1 F1200 X149.479 Y134.63 E237.70264
M204 S10000
G0 F9600 X149.055 Y134.63
M204 S1000
G1 F1200 X158.669 Y144.244 E238.0418
M204 S10000
G0 F9600 X158.669 Y144.669
M204 S1000
G1 F1200 X148.631 Y134.63 E238.39593
M204 S10000
G0 F9600 X148.206 Y134.63
M204 S1000
G1 F1200 X158.669 Y145.093 E238.76504
M204 S10000
G0 F9600 X158.669 Y145.517
M204 S1000
G1 F1200 X147.782 Y134.63 E239.14911
M204 S10000
G0 F9600 X147.358 Y134.63
M204 S1000
G1 F1200 X158.669 Y145.941 E239.54814
M204 S10000
G0 F9600 X158.669 Y146.366
M204 S1000
G1 F1200 X146.933 Y134.63 E239.96216
M204 S10000
G0 F9600 X146.509 Y134.63
M204 S1000
G1 F1200 X158.669 Y146.79 E240.39113
M204 S10000
G0 F9600 X158.669 Y147.214
M204 S1000
G1 F1200 X146.085 Y134.63 E240.83507
M204 S10000
G0 F9600 X145.661 Y134.63
M204 S1000
G1 F1200 X158.669 Y147.638 E241.29396
M204 S10000
G0 F9600 X158.669 Y148.063
M204 S1000
G1 F1200 X145.236 Y134.63 E241.76785
M204 S10000
G0 F9600 X144.812 Y134.63
M204 S1000
G1 F1200 X158.669 Y148.487 E242.25669
M204 S10000
G0 F9600 X158.669 Y148.911
M204 S1000
G1 F1200 X144.388 Y134.63 E242.76049
M204 S10000
G0 F9600 X143.964 Y134.63
M204 S1000
G1 F1200 X158.669 Y149.336 E243.27927
M204 S10000
G0 F9600 X158.669 Y149.76
M204 S1000
G1 F1200 X143.539 Y134.63 E243.81302
M204 S10000
G0 F9600 X143.115 Y134.63
M204 S1000
G1 F1200 X158.669 Y150.184 E244.36173
M204 S10000
G0 F9600 X158.669 Y150.608
M204 S1000
G1 F1200 X142.691 Y134.63 E244.92539
M204 S10000
G0 F9600 X142.267 Y134.63
M204 S1000
G1 F1200 X158.669 Y151.033 E245.50404
M204 S10000
G0 F9600 X158.669 Y151.457
M204 S1000
G1 F1200 X141.842 Y134.63 E246.09765
M204 S10000
G0 F9600 X141.418 Y134.63
M204 S1000
G1 F1200 X158.669 Y151.881 E246.70623
M204 S10000
G0 F9600 X158.669 Y152.305
M204 S1000
G1 F1200 X140.994 Y134.63 E247.32976
M204 S10000
G0 F9600 X140.569 Y134.63
M204 S1000
G1 F1200 X158.669 Y152.73 E247.96829
M204 S10000
G0 F9600 X158.669 Y153.154
M204 S1000
G1 F1200 X140.145 Y134.63 E248.62177
M204 S10000
G0 F9600 X139.721 Y134.63
M204 S1000
G1 F1200 X158.669 Y153.578 E249.29022
M204 S10000
G0 F9600 X158.669 Y154.002
M204 S1000
G1 F1200 X139.297 Y134.63 E249.97361
M204 S10000
G0 F9600 X138.872 Y134.63
M204 S1000
G1 F1200 X158.669 Y154.427 E250.67201
M204 S10000
G0 F9600 X158.669 Y154.851
M204 S1000
G1 F1200 X138.448 Y134.63 E251.38536
M204 S10000
G0 F9600 X138.024 Y134.63
M204 S1000
G1 F1200 X158.669 Y155.275 E252.11367
M204 S10000
G0 F9600 X158.669 Y155.699
M204 S1000
G1 F1200 X137.6 Y134.63 E252.85693
M204 S10000
G0 F9600 X137.175 Y134.63
M204 S1000
G1 F1200 X158.669 Y156.124 E253.61519
M204 S10000
G0 F9600 X158.669 Y156.548
M204 S1000
G1 F1200 X136.751 Y134.63 E254.38841
M204 S10000
G0 F9600 X136.327 Y134.63
M204 S1000
G1 F1200 X158.669 Y156.972 E255.17658
M204 S10000
G0 F9600 X158.669 Y157.397
M204 S1000
G1 F1200 X135.903 Y134.63 E255.97973
M204 S10000
G0 F9600 X135.478 Y134.63
M204 S1000
G1 F1200 X158.669 Y157.821 E256.79786
M204 S10000
G0 F9600 X158.669 Y158.245
M204 S1000
G1 F1200 X135.054 Y134.63 E257.63094
M204 S10000
G0 F9600 X134.63 Y134.63
M204 S1000
G1 F1200 X158.669 Y158.669 E258.47898
M204 S10000
G0 F9600 X158.669 Y159.094
M204 S1000
G1 F1200 X134.206 Y134.63 E259.342
M204 S10000
G0 F9600 X133.781 Y134.63
M204 S1000
G1 F1200 X158.669 Y159.518 E260.21999
M204 S10000
G0 F9600 X158.669 Y159.942
M204 S1000
G1 F1200 X133.357 Y134.63 E261.11294
M204 S10000
G0 F9600 X132.933 Y134.63
M204 S1000
G1 F1200 X158.669 Y160.366 E262.02084
M204 S10000
G0 F9600 X158.669 Y160.791
M204 S1000
G1 F1200 X132.508 Y134.63 E262.94374
M204 S10000
G0 F9600 X132.084 Y134.63
M204 S1000
G1 F1200 X158.669 Y161.215 E263.8816
M204 S10000
G0 F9600 X158.669 Y161.639
M204 S1000
G1 F1200 X131.66 Y134.63 E264.83442
M204 S10000
G0 F9600 X131.236 Y134.63
M204 S1000
G1 F1200 X158.669 Y162.063 E265.80219
M204 S10000
G0 F9600 X158.669 Y162.488
M204 S1000
G1 F1200 X130.811 Y134.629 E266.78497
M204 S10000
G0 F9600 X130.386 Y134.629
M204 S1000
G1 F1200 X158.669 Y162.912 E267.78273
M204 S10000
G0 F9600 X158.669 Y163.336
M204 S1000
G1 F1200 X129.962 Y134.629 E268.79545
M204 S10000
G0 F9600 X129.538 Y134.629
M204 S1000
G1 F1200 X158.669 Y163.76 E269.82312
M204 S10000
G0 F9600 X158.669 Y164.185
M204 S1000
G1 F1200 X129.114 Y134.629 E270.86577
M204 S10000
G0 F9600 X128.689 Y134.629
M204 S1000
G1 F1200 X158.669 Y164.609 E271.9234
M204 S10000
G0 F9600 X158.669 Y165.033
M204 S1000
G1 F1200 X128.265 Y134.629 E272.99598
M204 S10000
G0 F9600 X127.841 Y134.629
M204 S1000
G1 F1200 X158.58 Y165.368 E274.08038
M204 S10000
G0 F9600 X158.156 Y165.368
M204 S1000
G1 F1200 X127.417 Y134.629 E275.16479
M204 S10000
G0 F9600 X126.992 Y134.629
M204 S1000
G1 F1200 X157.732 Y165.368 E276.2492
M204 S10000
G0 F9600 X157.307 Y165.368
M204 S1000
G1 F1200 X126.568 Y134.629 E277.33361
M204 S10000
G0 F9600 X126.144 Y134.629
M204 S1000
G1 F1200 X156.883 Y165.368 E278.41801
M204 S10000
G0 F9600 X156.459 Y165.368
M204 S1000
G1 F1200 X125.72 Y134.629 E279.50241
M204 S10000
G0 F9600 X125.295 Y134.629
M204 S1000
G1 F1200 X156.035 Y165.368 E280.58683
M204 S10000
G0 F9600 X155.61 Y165.368
M204 S1000
G1 F1200 X124.871 Y134.629 E281.67123
M204 S10000
G0 F9600 X124.447 Y134.629
M204 S1000
G1 F1200 X155.186 Y165.368 E282.75563
M204 S10000
G0 F9600 X154.762 Y165.368
M204 S1000
G1 F1200 X124.022 Y134.629 E283.84005
M204 S10000
G0 F9600 X123.598 Y134.629
M204 S1000
G1 F1200 X154.338 Y165.368 E284.92447
M204 S10000
G0 F9600 X153.913 Y165.368
M204 S1000
G1 F1200 X123.174 Y134.629 E286.00887
M204 S10000
G0 F9600 X122.75 Y134.629
M204 S1000
G1 F1200 X153.489 Y165.368 E287.09327
M204 S10000
G0 F9600 X153.065 Y165.368
M204 S1000
G1 F1200 X122.325 Y134.629 E288.17769
M204 S10000
G0 F9600 X121.901 Y134.629
M204 S1000
G1 F1200 X152.641 Y165.368 E289.26211
M204 S10000
G0 F9600 X152.216 Y165.368
M204 S1000
G1 F1200 X121.477 Y134.629 E290.34651
M204 S10000
G0 F9600 X121.053 Y134.629
M204 S1000
G1 F1200 X151.792 Y165.368 E291.43091
M204 S10000
G0 F9600 X151.368 Y165.368
M204 S1000
G1 F1200 X120.628 Y134.629 E292.51533
M204 S10000
G0 F9600 X120.204 Y134.629
M204 S1000
G1 F1200 X150.943 Y165.368 E293.59973
M204 S10000
G0 F9600 X150.519 Y165.368
M204 S1000
G1 F1200 X119.78 Y134.629 E294.68413
M204 S10000
G0 F9600 X119.356 Y134.629
M204 S1000
G1 F1200 X150.095 Y165.368 E295.76853
M204 S10000
G0 F9600 X149.671 Y165.368
M204 S1000
G1 F1200 X118.931 Y134.629 E296.85295
M204 S10000
G0 F9600 X118.507 Y134.629
M204 S1000
G1 F1200 X149.246 Y165.368 E297.93735
M204 S10000
G0 F9600 X148.822 Y165.368
M204 S1000
G1 F1200 X118.083 Y134.629 E299.02175
M204 S10000
G0 F9600 X117.659 Y134.629
M204 S1000
G1 F1200 X148.398 Y165.368 E300.10616
M204 S10000
G0 F9600 X147.974 Y165.368
M204 S1000
G1 F1200 X117.234 Y134.629 E301.19057
M204 S10000
G0 F9600 X116.81 Y134.629
M204 S1000
G1 F1200 X147.549 Y165.368 E302.27498
M204 S10000
G0 F9600 X147.125 Y165.368
M204 S1000
G1 F1200 X116.386 Y134.629 E303.35938
M204 S10000
G0 F9600 X115.961 Y134.629
M204 S1000
G1 F1200 X146.701 Y165.368 E304.4438
M204 S10000
G0 F9600 X146.277 Y165.368
M204 S1000
G1 F1200 X115.537 Y134.629 E305.52821
M204 S10000
G0 F9600 X115.113 Y134.629
M204 S1000
G1 F1200 X145.852 Y165.368 E306.61262
M204 S10000
G0 F9600 X145.428 Y165.368
M204 S1000
G1 F1200 X114.689 Y134.629 E307.69702
M204 S10000
G0 F9600 X114.264 Y134.629
M204 S1000
G1 F1200 X145.004 Y165.368 E308.78144
M204 S10000
G0 F9600 X144.58 Y165.368
M204 S1000
G1 F1200 X113.84 Y134.629 E309.86585
M204 S10000
G0 F9600 X113.416 Y134.629
M204 S1000
G1 F1200 X144.155 Y165.368 E310.95026
M204 S10000
G0 F9600 X143.731 Y165.368
M204 S1000
G1 F1200 X112.992 Y134.629 E312.03466
M204 S10000
G0 F9600 X112.567 Y134.629
M204 S1000
G1 F1200 X143.307 Y165.368 E313.11908
M204 S10000
G0 F9600 X142.882 Y165.368
M204 S1000
G1 F1200 X112.143 Y134.629 E314.20348
M204 S10000
G0 F9600 X111.719 Y134.629
M204 S1000
G1 F1200 X142.458 Y165.368 E315.28788
M204 S10000
G0 F9600 X142.034 Y165.368
M204 S1000
G1 F1200 X111.295 Y134.629 E316.37228
M204 S10000
G0 F9600 X110.87 Y134.629
M204 S1000
G1 F1200 X141.61 Y165.368 E317.4567
M204 S10000
G0 F9600 X141.185 Y165.368
M204 S1000
G1 F1200 X110.446 Y134.629 E318.5411
M204 S10000
G0 F9600 X110.022 Y134.629
M204 S1000
G1 F1200 X140.761 Y165.368 E319.6255
M204 S10000
G0 F9600 X140.337 Y165.368
M204 S1000
G1 F1200 X109.598 Y134.629 E320.7099
M204 S10000
G0 F9600 X109.173 Y134.629
M204 S1000
G1 F1200 X139.913 Y165.368 E321.79432
M204 S10000
G0 F9600 X139.488 Y165.368
M204 S1000
G1 F1200 X108.749 Y134.629 E322.87872
M204 S10000
G0 F9600 X108.325 Y134.629
M204 S1000
G1 F1200 X139.064 Y165.368 E323.96312
M204 S10000
G0 F9600 X138.64 Y165.368
M204 S1000
G1 F1200 X107.9 Y134.629 E325.04754
M204 S10000
G0 F9600 X107.476 Y134.629
M204 S1000
G1 F1200 X138.216 Y165.368 E326.13196
M204 S10000
G0 F9600 X137.791 Y165.368
M204 S1000
G1 F1200 X107.052 Y134.629 E327.21636
M204 S10000
G0 F9600 X106.628 Y134.629
M204 S1000
G1 F1200 X137.367 Y165.368 E328.30076
M204 S10000
G0 F9600 X136.943 Y165.368
M204 S1000
G1 F1200 X106.203 Y134.629 E329.38518
M204 S10000
G0 F9600 X105.779 Y134.629
M204 S1000
G1 F1200 X136.518 Y165.368 E330.46958
M204 S10000
G0 F9600 X136.094 Y165.368
M204 S1000
G1 F1200 X105.355 Y134.629 E331.55399
M204 S10000
G0 F9600 X104.931 Y134.629
M204 S1000
G1 F1200 X135.67 Y165.368 E332.63839
M204 S10000
G0 F9600 X135.246 Y165.368
M204 S1000
G1 F1200 X104.506 Y134.629 E333.72281
M204 S10000
G0 F9600 X104.082 Y134.629
M204 S1000
G1 F1200 X134.821 Y165.368 E334.80721
M204 S10000
G0 F9600 X134.397 Y165.368
M204 S1000
G1 F1200 X103.729 Y134.701 E335.88909
M204 S10000
G0 F9600 X103.729 Y135.125
M204 S1000
G1 F1200 X133.973 Y165.368 E336.95601
M204 S10000
G0 F9600 X133.549 Y165.368
M204 S1000
G1 F1200 X103.729 Y135.549 E338.00797
M204 S10000
G0 F9600 X103.729 Y135.973
M204 S1000
G1 F1200 X133.124 Y165.368 E339.04496
M204 S10000
G0 F9600 X132.7 Y165.368
M204 S1000
G1 F1200 X103.729 Y136.398 E340.06697
M204 S10000
G0 F9600 X103.729 Y136.822
M204 S1000
G1 F1200 X132.276 Y165.368 E341.07403
M204 S10000
G0 F9600 X131.852 Y165.368
M204 S1000
G1 F1200 X103.729 Y137.246 E342.06612
M204 S10000
G0 F9600 X103.729 Y137.67
M204 S1000
G1 F1200 X131.427 Y165.368 E343.04324
M204 S10000
G0 F9600 X131.003 Y165.368
M204 S1000
G1 F1200 X103.729 Y138.095 E344.00539
M204 S10000
G0 F9600 X103.729 Y138.519
M204 S1000
G1 F1200 X130.579 Y165.368 E344.95258
M204 S10000
G0 F9600 X130.155 Y165.368
M204 S1000
G1 F1200 X103.729 Y138.943 E345.88481
M204 S10000
G0 F9600 X103.729 Y139.367
M204 S1000
G1 F1200 X129.73 Y165.368 E346.80207
M204 S10000
G0 F9600 X129.306 Y165.368
M204 S1000
G1 F1200 X103.729 Y139.792 E347.70435
M204 S10000
G0 F9600 X103.729 Y140.216
M204 S1000
G1 F1200 X128.882 Y165.368 E348.59167
M204 S10000
G0 F9600 X128.457 Y165.368
M204 S1000
G1 F1200 X103.729 Y140.64 E349.46402
M204 S10000
G0 F9600 X103.729 Y141.064
M204 S1000
G1 F1200 X128.033 Y165.368 E350.3214
M204 S10000
G0 F9600 X127.609 Y165.368
M204 S1000
G1 F1200 X103.729 Y141.489 E351.16382
M204 S10000
G0 F9600 X103.729 Y141.913
M204 S1000
G1 F1200 X127.185 Y165.368 E351.99127
M204 S10000
G0 F9600 X126.76 Y165.368
M204 S1000
G1 F1200 X103.729 Y142.337 E352.80376
M204 S10000
G0 F9600 X103.729 Y142.762
M204 S1000
G1 F1200 X126.336 Y165.368 E353.60126
M204 S10000
G0 F9600 X125.912 Y165.368
M204 S1000
G1 F1200 X103.729 Y143.186 E354.38381
M204 S10000
G0 F9600 X103.729 Y143.61
M204 S1000
G1 F1200 X125.488 Y165.368 E355.1514
M204 S10000
G0 F9600 X125.063 Y165.368
M204 S1000
G1 F1200 X103.729 Y144.034 E355.90401
M204 S10000
G0 F9600 X103.729 Y144.459
M204 S1000
G1 F1200 X124.639 Y165.368 E356.64165
M204 S10000
G0 F9600 X124.215 Y165.368
M204 S1000
G1 F1200 X103.729 Y144.883 E357.36433
M204 S10000
G0 F9600 X103.729 Y145.307
M204 S1000
G1 F1200 X123.791 Y165.368 E358.07206
M204 S10000
G0 F9600 X123.366 Y165.368
M204 S1000
G1 F1200 X103.729 Y145.731 E358.7648
M204 S10000
G0 F9600 X103.729 Y146.156
M204 S1000
G1 F1200 X122.942 Y165.368 E359.44258
M204 S10000
G0 F9600 X122.518 Y165.368
M204 S1000
G1 F1200 X103.729 Y146.58 E360.10539
M204 S10000
G0 F9600 X103.729 Y147.004
M204 S1000
G1 F1200 X122.094 Y165.368 E360.75325
M204 S10000
G0 F9600 X121.669 Y165.368
M204 S1000
G1 F1200 X103.729 Y147.428 E361.38613
M204 S10000
G0 F9600 X103.729 Y147.853
M204 S1000
G1 F1200 X121.245 Y165.368 E362.00404
M204 S10000
G0 F9600 X120.821 Y165.368
M204 S1000
G1 F1200 X103.729 Y148.277 E362.60699
M204 S10000
G0 F9600 X103.729 Y148.701
M204 S1000
G1 F1200 X120.396 Y165.368 E363.19496
M204 S10000
G0 F9600 X119.972 Y165.368
M204 S1000
G1 F1200 X103.729 Y149.125 E363.76798
M204 S10000
G0 F9600 X103.729 Y149.55
M204 S1000
G1 F1200 X119.548 Y165.368 E364.32602
M204 S10000
G0 F9600 X119.124 Y165.368
M204 S1000
G1 F1200 X103.729 Y149.974 E364.8691
M204 S10000
G0 F9600 X103.729 Y150.398
M204 S1000
G1 F1200 X118.699 Y165.368 E365.39721
M204 S10000
G0 F9600 X118.275 Y165.368
M204 S1000
G1 F1200 X103.729 Y150.823 E365.91034
M204 S10000
G0 F9600 X103.729 Y151.247
M204 S1000
G1 F1200 X117.851 Y165.368 E366.40851
M204 S10000
G0 F9600 X117.427 Y165.368
M204 S1000
G1 F1200 X103.729 Y151.671 E366.89173
M204 S10000
G0 F9600 X103.729 Y152.095
M204 S1000
G1 F1200 X117.002 Y165.368 E367.35997
M204 S10000
G0 F9600 X116.578 Y165.368
M204 S1000
G1 F1200 X103.729 Y152.52 E367.81323
M204 S10000
G0 F9600 X103.729 Y152.944
M204 S1000
G1 F1200 X116.154 Y165.368 E368.25154
M204 S10000
G0 F9600 X115.73 Y165.368
M204 S1000
G1 F1200 X103.729 Y153.368 E368.67489
M204 S10000
G0 F9600 X103.729 Y153.792
M204 S1000
G1 F1200 X115.305 Y165.368 E369.08327
M204 S10000
G0 F9600 X114.881 Y165.368
M204 S1000
G1 F1200 X103.729 Y154.217 E369.47667
M204 S10000
G0 F9600 X103.729 Y154.641
M204 S1000
G1 F1200 X114.457 Y165.368 E369.85511
M204 S10000
G0 F9600 X114.032 Y165.368
M204 S1000
G1 F1200 X103.729 Y155.065 E370.21857
M204 S10000
G0 F9600 X103.729 Y155.489
M204 S1000
G1 F1200 X113.608 Y165.368 E370.56708
M204 S10000
G0 F9600 X113.184 Y165.368
M204 S1000
G1 F1200 X103.729 Y155.914 E370.90062
M204 S10000
G0 F9600 X103.729 Y156.338
M204 S1000
G1 F1200 X112.76 Y165.368 E371.21919
M204 S10000
G0 F9600 X112.335 Y165.368
M204 S1000
G1 F1200 X103.729 Y156.762 E371.52279
M204 S10000
G0 F9600 X103.729 Y157.187
M204 S1000
G1 F1200 X111.911 Y165.368 E371.81142
M204 S10000
G0 F9600 X111.487 Y165.368
M204 S1000
G1 F1200 X103.729 Y157.611 E372.08508
M204 S10000
G0 F9600 X103.729 Y158.035
M204 S1000
G1 F1200 X111.063 Y165.368 E372.34379
M204 S10000
G0 F9600 X110.638 Y165.368
M204 S1000
G1 F1200 X103.729 Y158.459 E372.58752
M204 S10000
G0 F9600 X103.729 Y158.884
M204 S1000
G1 F1200 X110.214 Y165.368 E372.81628
M204 S10000
G0 F9600 X109.79 Y165.368
M204 S1000
G1 F1200 X103.729 Y159.308 E373.03008
M204 S10000
G0 F9600 X103.729 Y159.732
M204 S1000
G1 F1200 X109.366 Y165.368 E373.22893
M204 S10000
G0 F9600 X108.941 Y165.368
M204 S1000
G1 F1200 X103.729 Y160.156 E373.41279
M204 S10000
G0 F9600 X103.729 Y160.581
M204 S1000
G1 F1200 X108.517 Y165.368 E373.58169
M204 S10000
G0 F9600 X108.093 Y165.368
M204 S1000
G1 F1200 X103.729 Y161.005 E373.73562
M204 S10000
G0 F9600 X103.729 Y161.429
M204 S1000
G1 F1200 X107.669 Y165.368 E373.8746
M204 S10000
G0 F9600 X107.244 Y165.368
M204 S1000
G1 F1200 X103.729 Y161.853 E373.9986
M204 S10000
G0 F9600 X103.729 Y162.278
M204 S1000
G1 F1200 X106.82 Y165.368 E374.10762
M204 S10000
G0 F9600 X106.396 Y165.368
M204 S1000
G1 F1200 X103.729 Y162.702 E374.20169
M204 S10000
G0 F9600 X103.729 Y163.126
M204 S1000
G1 F1200 X105.971 Y165.368 E374.28078
M204 S10000
G0 F9600 X105.547 Y165.368
M204 S1000
G1 F1200 X103.729 Y163.55 E374.34492
M204 S10000
G0 F9600 X103.729 Y163.975
M204 S1000
G1 F1200 X105.123 Y165.368 E374.39408
M204 S10000
G0 F9600 X104.699 Y165.368
M204 S1000
G1 F1200 X103.729 Y164.399 E374.42828
M204 S10000
G0 F9600 X103.729 Y164.823
M204 S1000
G1 F1200 X104.274 Y165.368 E374.44751
M204 S10000
G0 F9600 X103.85 Y165.368
M204 S1000
G1 F1200 X103.729 Y165.248 E374.45176
M204 S10000
G0 F9600 X103.31 Y165.248
G1 F3000 E368.45176
;MESH:Bottom_panel_x3.stl(1)
G0 F9600 X103.432 Y165.668
G0 X159.09 Y166.47
G0 X159.09 Y172.031
G0 X159.09 Y204.291
M204 S1000
;TYPE:WALL-INNER
G1 F3000 E374.45176
G1 F1800 X159.09 Y172.711 E375.23952
G1 X103.31 Y172.711 E376.63096
G1 X103.31 Y204.291 E377.41873
G1 X159.09 Y204.291 E378.81017
M204 S10000
G0 F9600 X159.39 Y204.591
M204 S1000
G1 F1800 X159.39 Y172.411 E379.6129
G1 X103.01 Y172.411 E381.0193
G1 X103.01 Y204.591 E381.82204
G1 X159.39 Y204.591 E383.22844
M204 S10000
G0 F9600 X159.69 Y204.891
M204 S1000
G1 F1800 X159.69 Y172.111 E384.04614
G1 X102.71 Y172.111 E385.46751
G1 X102.71 Y204.891 E386.28521
G1 X159.69 Y204.891 E387.70659
M204 S10000
G0 F9600 X159.94 Y205.141
M204 S1000
;TYPE:WALL-OUTER
G1 F1800 X159.94 Y171.861 E388.53676
G1 X102.46 Y171.861 E389.9706
G1 X102.46 Y205.141 E390.80078
G1 X159.94 Y205.141 E392.23462
M204 S10000
G0 F9600 X159.94 Y204.941
G0 X159.69 Y204.941
G0 X159.04 Y204.021
G0 X158.82 Y204.021
M204 S1000
;TYPE:SKIN
G1 F1200 X103.58 Y204.021 E393.61259
G1 X103.58 Y172.981 E394.38688
G1 X158.82 Y172.981 E395.76485
G1 X158.82 Y204.021 E396.53915
M204 S10000
G1 F3000 E390.53915
G0 F9600 X159.04 Y204.021
G0 X159.04 Y173.519
G0 X158.67 Y173.519
M204 S1000
G1 F3000 E396.53915
G1 F1200 X158.28 Y173.13 E396.55289
M204 S10000
G0 F9600 X157.856 Y173.13
M204 S1000
G1 F1200 X158.67 Y173.944 E396.5816
M204 S10000
G0 F9600 X158.67 Y174.368
M204 S1000
G1 F1200 X157.432 Y173.13 E396.62528
M204 S10000
G0 F9600 X157.008 Y173.13
M204 S1000
G1 F1200 X158.67 Y174.792 E396.68391
M204 S10000
G0 F9600 X158.67 Y175.216
M204 S1000
G1 F1200 X156.583 Y173.13 E396.75752
M204 S10000
G0 F9600 X156.159 Y173.13
M204 S1000
G1 F1200 X158.67 Y175.641 E396.8461
M204 S10000
G0 F9600 X158.67 Y176.065
M204 S1000
G1 F1200 X155.735 Y173.13 E396.94964
M204 S10000
G0 F9600 X155.311 Y173.13
M204 S1000
G1 F1200 X158.67 Y176.489 E397.06814
M204 S10000
G0 F9600 X158.67 Y176.913
M204 S1000
G1 F1200 X154.886 Y173.13 E397.20161
M204 S10000
G0 F9600 X154.462 Y173.13
M204 S1000
G1 F1200 X158.67 Y177.338 E397.35006
M204 S10000
G0 F9600 X158.67 Y177.762
M204 S1000
G1 F1200 X154.038 Y173.13 E397.51347
M204 S10000
G0 F9600 X153.613 Y173.13
M204 S1000
G1 F1200 X158.67 Y178.186 E397.69185
M204 S10000
G0 F9600 X158.67 Y178.61
M204 S1000
G1 F1200 X153.189 Y173.13 E397.88519
M204 S10000
G0 F9600 X152.765 Y173.13
M204 S1000
G1 F1200 X158.67 Y179.035 E398.0935
M204 S10000
G0 F9600 X158.67 Y179.459
M204 S1000
G1 F1200 X152.341 Y173.13 E398.31677
M204 S10000
G0 F9600 X151.916 Y173.13
M204 S1000
G1 F1200 X158.67 Y179.883 E398.55502
M204 S10000
G0 F9600 X158.67 Y180.307
M204 S1000
G1 F1200 X151.492 Y173.13 E398.80823
M204 S10000
G0 F9600 X151.068 Y173.13
M204 S1000
G1 F1200 X158.67 Y180.732 E399.07641
M204 S10000
G0 F9600 X158.67 Y181.156
M204 S1000
G1 F1200 X150.644 Y173.13 E399.35955
M204 S10000
G0 F9600 X150.219 Y173.13
M204 S1000
G1 F1200 X158.67 Y181.58 E399.65766
M204 S10000
G0 F9600 X158.67 Y182.005
M204 S1000
G1 F1200 X149.795 Y173.13 E399.97075
M204 S10000
G0 F9600 X149.371 Y173.13
M204 S1000
G1 F1200 X158.67 Y182.429 E400.2988
M204 S10000
G0 F9600 X158.67 Y182.853
M204 S1000
G1 F1200 X148.947 Y173.13 E400.6418
M204 S10000
G0 F9600 X148.522 Y173.13
M204 S1000
G1 F1200 X158.67 Y183.277 E400.99978
M204 S10000
G0 F9600 X158.67 Y183.702
M204 S1000
G1 F1200 X148.098 Y173.13 E401.37274
M204 S10000
G0 F9600 X147.674 Y173.13
M204 S1000
G1 F1200 X158.67 Y184.126 E401.76065
M204 S10000
G0 F9600 X158.67 Y184.55
M204 S1000
G1 F1200 X147.25 Y173.13 E402.16352
M204 S10000
G0 F9600 X146.825 Y173.13
M204 S1000
G1 F1200 X158.67 Y184.974 E402.58137
M204 S10000
G0 F9600 X158.67 Y185.399
M204 S1000
G1 F1200 X146.401 Y173.13 E403.01419
M204 S10000
G0 F9600 X145.977 Y173.13
M204 S1000
G1 F1200 X158.67 Y185.823 E403.46197
M204 S10000
G0 F9600 X158.67 Y186.247
M204 S1000
G1 F1200 X145.552 Y173.13 E403.92473
M204 S10000
G0 F9600 X145.128 Y173.13
M204 S1000
G1 F1200 X158.67 Y186.671 E404.40244
M204 S10000
G0 F9600 X158.67 Y187.096
M204 S1000
G1 F1200 X144.704 Y173.13 E404.89513
M204 S10000
G0 F9600 X144.28 Y173.13
M204 S1000
G1 F1200 X158.67 Y187.52 E405.40278
M204 S10000
G0 F9600 X158.67 Y187.944
M204 S1000
G1 F1200 X143.855 Y173.13 E405.9254
M204 S10000
G0 F9600 X143.431 Y173.13
M204 S1000
G1 F1200 X158.67 Y188.369 E406.46299
M204 S10000
G0 F9600 X158.67 Y188.793
M204 S1000
G1 F1200 X143.007 Y173.13 E407.01555
M204 S10000
G0 F9600 X142.583 Y173.13
M204 S1000
G1 F1200 X158.67 Y189.217 E407.58306
M204 S10000
G0 F9600 X158.67 Y189.641
M204 S1000
G1 F1200 X142.158 Y173.13 E408.16555
M204 S10000
G0 F9600 X141.734 Y173.13
M204 S1000
G1 F1200 X158.67 Y190.066 E408.76301
M204 S10000
G0 F9600 X158.67 Y190.49
M204 S1000
G1 F1200 X141.31 Y173.13 E409.37543
M204 S10000
G0 F9600 X140.886 Y173.13
M204 S1000
G1 F1200 X158.67 Y190.914 E410.00281
M204 S10000
G0 F9600 X158.67 Y191.338
M204 S1000
G1 F1200 X140.461 Y173.13 E410.64517
M204 S10000
G0 F9600 X140.037 Y173.13
M204 S1000
G1 F1200 X158.67 Y191.763 E411.3025
M204 S10000
G0 F9600 X158.67 Y192.187
M204 S1000
G1 F1200 X139.613 Y173.13 E411.97478
M204 S10000
G0 F9600 X139.189 Y173.13
M204 S1000
G1 F1200 X158.67 Y192.611 E412.66203
M204 S10000
G0 F9600 X158.67 Y193.035
M204 S1000
G1 F1200 X138.764 Y173.13 E413.36425
M204 S10000
G0 F9600 X138.34 Y173.13
M204 S1000
G1 F1200 X158.67 Y193.46 E414.08144
M204 S10000
G0 F9600 X158.67 Y193.884
M204 S1000
G1 F1200 X137.916 Y173.13 E414.8136
M204 S10000
G0 F9600 X137.491 Y173.13
M204 S1000
G1 F1200 X158.67 Y194.308 E415.56073
M204 S10000
G0 F9600 X158.67 Y194.732
M204 S1000
G1 F1200 X137.067 Y173.13 E416.32281
M204 S10000
G0 F9600 X136.643 Y173.13
M204 S1000
G1 F1200 X158.67 Y195.157 E417.09987
M204 S10000
G0 F9600 X158.67 Y195.581
M204 S1000
G1 F1200 X136.219 Y173.13 E417.89189
M204 S10000
G0 F9600 X135.794 Y173.13
M204 S1000
G1 F1200 X158.67 Y196.005 E418.69889
M204 S10000
G0 F9600 X158.67 Y196.43
M204 S1000
G1 F1200 X135.37 Y173.13 E419.52086
M204 S10000
G0 F9600 X134.946 Y173.13
M204 S1000
G1 F1200 X158.67 Y196.854 E420.35779
M204 S10000
G0 F9600 X158.67 Y197.278
M204 S1000
G1 F1200 X134.522 Y173.13 E421.20967
M204 S10000
G0 F9600 X134.097 Y173.13
M204 S1000
G1 F1200 X158.67 Y197.702 E422.07653
M204 S10000
G0 F9600 X158.67 Y198.127
M204 S1000
G1 F1200 X133.673 Y173.13 E422.95837
M204 S10000
G0 F9600 X133.249 Y173.13
M204 S1000
G1 F1200 X158.67 Y198.551 E423.85517
M204 S10000
G0 F9600 X158.67 Y198.975
M204 S1000
G1 F1200 X132.825 Y173.13 E424.76692
M204 S10000
G0 F9600 X132.4 Y173.13
M204 S1000
G1 F1200 X158.67 Y199.399 E425.69365
M204 S10000
G0 F9600 X158.67 Y199.824
M204 S1000
G1 F1200 X131.976 Y173.13 E426.63535
M204 S10000
G0 F9600 X131.552 Y173.13
M204 S1000
G1 F1200 X158.67 Y200.248 E427.59201
M204 S10000
G0 F9600 X158.67 Y200.672
M204 S1000
G1 F1200 X131.128 Y173.13 E428.56363
M204 S10000
G0 F9600 X130.703 Y173.13
M204 S1000
G1 F1200 X158.67 Y201.096 E429.55022
M204 S10000
G0 F9600 X158.67 Y201.521
M204 S1000
G1 F1200 X130.279 Y173.13 E430.55179
M204 S10000
G0 F9600 X129.855 Y173.13
M204 S1000
G1 F1200 X158.67 Y201.945 E431.56832
M204 S10000
G0 F9600 X158.67 Y202.369
M204 S1000
G1 F1200 X129.43 Y173.13 E432.59982
M204 S10000
G0 F9600 X129.006 Y173.13
M204 S1000
G1 F1200 X158.67 Y202.793 E433.64628
M204 S10000
G0 F9600 X158.67 Y203.218
M204 S1000
G1 F1200 X128.582 Y173.13 E434.70771
M204 S10000
G0 F9600 X128.158 Y173.13
M204 S1000
G1 F1200 X158.67 Y203.642 E435.78411
M204 S10000
G0 F9600 X158.473 Y203.87
M204 S1000
G1 F1200 X127.733 Y173.13 E436.86854
M204 S10000
G0 F9600 X127.309 Y173.13
M204 S1000
G1 F1200 X158.049 Y203.87 E437.95298
M204 S10000
G0 F9600 X157.625 Y203.87
M204 S1000
G1 F1200 X126.885 Y173.13 E439.03742
M204 S10000
G0 F9600 X126.461 Y173.13
M204 S1000
G1 F1200 X157.201 Y203.87 E440.12185
M204 S10000
G0 F9600 X156.776 Y203.87
M204 S1000
G1 F1200 X126.036 Y173.13 E441.20629
M204 S10000
G0 F9600 X125.612 Y173.13
M204 S1000
G1 F1200 X156.352 Y203.87 E442.29073
M204 S10000
G0 F9600 X155.928 Y203.87
M204 S1000
G1 F1200 X125.188 Y173.13 E443.37516
M204 S10000
G0 F9600 X124.764 Y173.13
M204 S1000
G1 F1200 X155.504 Y203.87 E444.4596
M204 S10000
G0 F9600 X155.079 Y203.87
M204 S1000
G1 F1200 X124.339 Y173.13 E445.54404
M204 S10000
G0 F9600 X123.915 Y173.13
M204 S1000
G1 F1200 X154.655 Y203.87 E446.62847
M204 S10000
G0 F9600 X154.231 Y203.87
M204 S1000
G1 F1200 X123.491 Y173.13 E447.71291
M204 S10000
G0 F9600 X123.066 Y173.13
M204 S1000
G1 F1200 X153.807 Y203.87 E448.79736
M204 S10000
G0 F9600 X153.382 Y203.87
M204 S1000
G1 F1200 X122.642 Y173.13 E449.8818
M204 S10000
G0 F9600 X122.218 Y173.13
M204 S1000
G1 F1200 X152.958 Y203.87 E450.96624
M204 S10000
G0 F9600 X152.534 Y203.87
M204 S1000
G1 F1200 X121.794 Y173.13 E452.05067
M204 S10000
G0 F9600 X121.369 Y173.13
M204 S1000
G1 F1200 X152.109 Y203.87 E453.13511
M204 S10000
G0 F9600 X151.685 Y203.87
M204 S1000
G1 F1200 X120.945 Y173.13 E454.21955
M204 S10000
G0 F9600 X120.521 Y173.13
M204 S1000
G1 F1200 X151.261 Y203.87 E455.30398
M204 S10000
G0 F9600 X150.837 Y203.87
M204 S1000
G1 F1200 X120.097 Y173.13 E456.38842
M204 S10000
G0 F9600 X119.672 Y173.13
M204 S1000
G1 F1200 X150.412 Y203.87 E457.47286
M204 S10000
G0 F9600 X149.988 Y203.87
M204 S1000
G1 F1200 X119.248 Y173.13 E458.55729
M204 S10000
G0 F9600 X118.824 Y173.13
M204 S1000
G1 F1200 X149.564 Y203.87 E459.64173
M204 S10000
G0 F9600 X149.14 Y203.87
M204 S1000
G1 F1200 X118.4 Y173.13 E460.72617
M204 S10000
G0 F9600 X117.975 Y173.13
M204 S1000
G1 F1200 X148.715 Y203.87 E461.8106
M204 S10000
G0 F9600 X148.291 Y203.87
M204 S1000
G1 F1200 X117.551 Y173.13 E462.89504
M204 S10000
G0 F9600 X117.127 Y173.13
M204 S1000
G1 F1200 X147.867 Y203.87 E463.97948
M204 S10000
G0 F9600 X147.443 Y203.87
M204 S1000
G1 F1200 X116.703 Y173.13 E465.06391
M204 S10000
G0 F9600 X116.278 Y173.13
M204 S1000
G1 F1200 X147.018 Y203.87 E466.14835
M204 S10000
G0 F9600 X146.594 Y203.87
M204 S1000
G1 F1200 X115.854 Y173.13 E467.23278
M204 S10000
G0 F9600 X115.43 Y173.13
M204 S1000
G1 F1200 X146.17 Y203.87 E468.31722
M204 S10000
G0 F9600 X145.746 Y203.87
M204 S1000
G1 F1200 X115.005 Y173.13 E469.40168
M204 S10000
G0 F9600 X114.581 Y173.13
M204 S1000
G1 F1200 X145.321 Y203.87 E470.48611
M204 S10000
G0 F9600 X144.897 Y203.87
M204 S1000
G1 F1200 X114.157 Y173.13 E471.57055
M204 S10000
G0 F9600 X113.733 Y173.13
M204 S1000
G1 F1200 X144.473 Y203.87 E472.65498
M204 S10000
G0 F9600 X144.048 Y203.87
M204 S1000
G1 F1200 X113.308 Y173.13 E473.73942
M204 S10000
G0 F9600 X112.884 Y173.13
M204 S1000
G1 F1200 X143.624 Y203.87 E474.82386
M204 S10000
G0 F9600 X143.2 Y203.87
M204 S1000
G1 F1200 X112.46 Y173.13 E475.90829
M204 S10000
G0 F9600 X112.036 Y173.13
M204 S1000
G1 F1200 X142.776 Y203.87 E476.99273
M204 S10000
G0 F9600 X142.351 Y203.87
M204 S1000
G1 F1200 X111.611 Y173.13 E478.07717
M204 S10000
G0 F9600 X111.187 Y173.13
M204 S1000
G1 F1200 X141.927 Y203.87 E479.1616
M204 S10000
G0 F9600 X141.503 Y203.87
M204 S1000
G1 F1200 X110.763 Y173.13 E480.24604
M204 S10000
G0 F9600 X110.339 Y173.13
M204 S1000
G1 F1200 X141.079 Y203.87 E481.33048
M204 S10000
G0 F9600 X140.654 Y203.87
M204 S1000
G1 F1200 X109.914 Y173.13 E482.41491
M204 S10000
G0 F9600 X109.49 Y173.13
M204 S1000
G1 F1200 X140.23 Y203.87 E483.49935
M204 S10000
G0 F9600 X139.806 Y203.87
M204 S1000
G1 F1200 X109.066 Y173.13 E484.58379
M204 S10000
G0 F9600 X108.642 Y173.13
M204 S1000
G1 F1200 X139.382 Y203.87 E485.66822
M204 S10000
G0 F9600 X138.957 Y203.87
M204 S1000
G1 F1200 X108.217 Y173.13 E486.75266
M204 S10000
G0 F9600 X107.793 Y173.13
M204 S1000
G1 F1200 X138.533 Y203.87 E487.8371
M204 S10000
G0 F9600 X138.109 Y203.87
M204 S1000
G1 F1200 X107.369 Y173.13 E488.92153
M204 S10000
G0 F9600 X106.944 Y173.13
M204 S1000
G1 F1200 X137.685 Y203.87 E490.00599
M204 S10000
G0 F9600 X137.26 Y203.87
M204 S1000
G1 F1200 X106.52 Y173.13 E491.09042
M204 S10000
G0 F9600 X106.096 Y173.13
M204 S1000
G1 F1200 X136.836 Y203.87 E492.17486
M204 S10000
G0 F9600 X136.412 Y203.87
M204 S1000
G1 F1200 X105.672 Y173.13 E493.2593
M204 S10000
G0 F9600 X105.247 Y173.13
M204 S1000
G1 F1200 X135.987 Y203.87 E494.34373
M204 S10000
G0 F9600 X135.563 Y203.87
M204 S1000
G1 F1200 X104.823 Y173.13 E495.42817
M204 S10000
G0 F9600 X104.399 Y173.13
M204 S1000
G1 F1200 X135.139 Y203.87 E496.51261
M204 S10000
G0 F9600 X134.715 Y203.87
M204 S1000
G1 F1200 X103.975 Y173.13 E497.59704
M204 S10000
G0 F9600 X103.729 Y173.309
M204 S1000
G1 F1200 X134.29 Y203.87 E498.67516
M204 S10000
G0 F9600 X133.866 Y203.87
M204 S1000
G1 F1200 X103.729 Y173.733 E499.73833
M204 S10000
G0 F9600 X103.729 Y174.157
M204 S1000
G1 F1200 X133.442 Y203.87 E500.78653
M204 S10000
G0 F9600 X133.018 Y203.87
M204 S1000
G1 F1200 X103.729 Y174.581 E501.81978
M204 S10000
G0 F9600 X103.729 Y175.006
M204 S1000
G1 F1200 X132.593 Y203.87 E502.83804
M204 S10000
G0 F9600 X132.169 Y203.87
M204 S1000
G1 F1200 X103.729 Y175.43 E503.84134
M204 S10000
G0 F9600 X103.729 Y175.854
M204 S1000
G1 F1200 X131.745 Y203.87 E504.82968
M204 S10000
G0 F9600 X131.321 Y203.87
M204 S1000
G1 F1200 X103.729 Y176.278 E505.80306
M204 S10000
G0 F9600 X103.729 Y176.703
M204 S1000
G1 F1200 X130.896 Y203.87 E506.76145
M204 S10000
G0 F9600 X130.472 Y203.87
M204 S1000
G1 F1200 X103.729 Y177.127 E507.70488
M204 S10000
G0 F9600 X103.729 Y177.551
M204 S1000
G1 F1200 X130.048 Y203.87 E508.63335
M204 S10000
G0 F9600 X129.623 Y203.87
M204 S1000
G1 F1200 X103.729 Y177.975 E509.54685
M204 S10000
G0 F9600 X103.729 Y178.4
M204 S1000
G1 F1200 X129.199 Y203.87 E510.44537
M204 S10000
G0 F9600 X128.775 Y203.87
M204 S1000
G1 F1200 X103.729 Y178.824 E511.32894
M204 S10000
G0 F9600 X103.729 Y179.248
M204 S1000
G1 F1200 X128.351 Y203.87 E512.19755
M204 S10000
G0 F9600 X127.926 Y203.87
M204 S1000
G1 F1200 X103.729 Y179.673 E513.05116
M204 S10000
G0 F9600 X103.729 Y180.097
M204 S1000
G1 F1200 X127.502 Y203.87 E513.88982
M204 S10000
G0 F9600 X127.078 Y203.87
M204 S1000
G1 F1200 X103.729 Y180.521 E514.71352
M204 S10000
G0 F9600 X103.729 Y180.945
M204 S1000
G1 F1200 X126.654 Y203.87 E515.52226
M204 S10000
G0 F9600 X126.229 Y203.87
M204 S1000
G1 F1200 X103.729 Y181.37 E516.31601
M204 S10000
G0 F9600 X103.729 Y181.794
M204 S1000
G1 F1200 X125.805 Y203.87 E517.0948
M204 S10000
G0 F9600 X125.381 Y203.87
M204 S1000
G1 F1200 X103.729 Y182.218 E517.85863
M204 S10000
G0 F9600 X103.729 Y182.642
M204 S1000
G1 F1200 X124.957 Y203.87 E518.60751
M204 S10000
G0 F9600 X124.532 Y203.87
M204 S1000
G1 F1200 X103.729 Y183.067 E519.34139
M204 S10000
G0 F9600 X103.729 Y183.491
M204 S1000
G1 F1200 X124.108 Y203.87 E520.06031
M204 S10000
G0 F9600 X123.684 Y203.87
M204 S1000
G1 F1200 X103.729 Y183.915 E520.76428
M204 S10000
G0 F9600 X103.729 Y184.339
M204 S1000
G1 F1200 X123.26 Y203.87 E521.45329
M204 S10000
G0 F9600 X122.835 Y203.87
M204 S1000
G1 F1200 X103.729 Y184.764 E522.1273
M204 S10000
G0 F9600 X103.729 Y185.188
M204 S1000
G1 F1200 X122.411 Y203.87 E522.78636
M204 S10000
G0 F9600 X121.987 Y203.87
M204 S1000
G1 F1200 X103.729 Y185.612 E523.43046
M204 S10000
G0 F9600 X103.729 Y186.036
M204 S1000
G1 F1200 X121.562 Y203.87 E524.05959
M204 S10000
G0 F9600 X121.138 Y203.87
M204 S1000
G1 F1200 X103.729 Y186.461 E524.67374
M204 S10000
G0 F9600 X103.729 Y186.885
M204 S1000
G1 F1200 X120.714 Y203.87 E525.27293
M204 S10000
G0 F9600 X120.29 Y203.87
M204 S1000
G1 F1200 X103.729 Y187.309 E525.85716
M204 S10000
G0 F9600 X103.729 Y187.734
M204 S1000
G1 F1200 X119.865 Y203.87 E526.4264
M204 S10000
G0 F9600 X119.441 Y203.87
M204 S1000
G1 F1200 X103.729 Y188.158 E526.98069
M204 S10000
G0 F9600 X103.729 Y188.582
M204 S1000
G1 F1200 X119.017 Y203.87 E527.52001
M204 S10000
G0 F9600 X118.593 Y203.87
M204 S1000
G1 F1200 X103.729 Y189.006 E528.04438
M204 S10000
G0 F9600 X103.729 Y189.431
M204 S1000
G1 F1200 X118.168 Y203.87 E528.55375
M204 S10000
G0 F9600 X117.744 Y203.87
M204 S1000
G1 F1200 X103.729 Y189.855 E529.04817
M204 S10000
G0 F9600 X103.729 Y190.279
M204 S1000
G1 F1200 X117.32 Y203.87 E529.52763
M204 S10000
G0 F9600 X116.896 Y203.87
M204 S1000
G1 F1200 X103.729 Y190.703 E529.99213
M204 S10000
G0 F9600 X103.729 Y191.128
M204 S1000
G1 F1200 X116.471 Y203.87 E530.44164
M204 S10000
G0 F9600 X116.047 Y203.87
M204 S1000
G1 F1200 X103.729 Y191.552 E530.87619
M204 S10000
G0 F9600 X103.729 Y191.976
M204 S1000
G1 F1200 X115.623 Y203.87 E531.29578
M204 S10000
G0 F9600 X115.199 Y203.87
M204 S1000
G1 F1200 X103.729 Y192.4 E531.70042
M204 S10000
G0 F9600 X103.729 Y192.825
M204 S1000
G1 F1200 X114.774 Y203.87 E532.09006
M204 S10000
G0 F9600 X114.35 Y203.87
M204 S1000
G1 F1200 X103.729 Y193.249 E532.46475
M204 S10000
G0 F9600 X103.729 Y193.673
M204 S1000
G1 F1200 X113.926 Y203.87 E532.82447
M204 S10000
G0 F9600 X113.501 Y203.87
M204 S1000
G1 F1200 X103.729 Y194.097 E533.16922
M204 S10000
G0 F9600 X103.729 Y194.522
M204 S1000
G1 F1200 X113.077 Y203.87 E533.499
M204 S10000
G0 F9600 X112.653 Y203.87
M204 S1000
G1 F1200 X103.729 Y194.946 E533.81382
M204 S10000
G0 F9600 X103.729 Y195.37
M204 S1000
G1 F1200 X112.229 Y203.87 E534.11368
M204 S10000
G0 F9600 X111.804 Y203.87
M204 S1000
G1 F1200 X103.729 Y195.795 E534.39855
M204 S10000
G0 F9600 X103.729 Y196.219
M204 S1000
G1 F1200 X111.38 Y203.87 E534.66846
M204 S10000
G0 F9600 X110.956 Y203.87
M204 S1000
G1 F1200 X103.729 Y196.643 E534.92341
M204 S10000
G0 F9600 X103.729 Y197.067
M204 S1000
G1 F1200 X110.532 Y203.87 E535.1634
M204 S10000
G0 F9600 X110.107 Y203.87
M204 S1000
G1 F1200 X103.729 Y197.492 E535.3884
M204 S10000
G0 F9600 X103.729 Y197.916
M204 S1000
G1 F1200 X109.683 Y203.87 E535.59845
M204 S10000
G0 F9600 X109.259 Y203.87
M204 S1000
G1 F1200 X103.729 Y198.34 E535.79353
M204 S10000
G0 F9600 X103.729 Y198.764
M204 S1000
G1 F1200 X108.835 Y203.87 E535.97366
M204 S10000
G0 F9600 X108.41 Y203.87
M204 S1000
G1 F1200 X103.729 Y199.189 E536.13879
M204 S10000
G0 F9600 X103.729 Y199.613
M204 S1000
G1 F1200 X107.986 Y203.87 E536.28897
M204 S10000
G0 F9600 X107.562 Y203.87
M204 S1000
G1 F1200 X103.729 Y200.037 E536.42419
M204 S10000
G0 F9600 X103.729 Y200.461
M204 S1000
G1 F1200 X107.137 Y203.87 E536.54444
M204 S10000
G0 F9600 X106.713 Y203.87
M204 S1000
G1 F1200 X103.729 Y200.886 E536.6497
M204 S10000
G0 F9600 X103.729 Y201.31
M204 S1000
G1 F1200 X106.289 Y203.87 E536.74001
M204 S10000
G0 F9600 X105.865 Y203.87
M204 S1000
G1 F1200 X103.729 Y201.734 E536.81537
M204 S10000
G0 F9600 X103.729 Y202.159
M204 S1000
G1 F1200 X105.44 Y203.87 E536.87573
M204 S10000
G0 F9600 X105.016 Y203.87
M204 S1000
G1 F1200 X103.729 Y202.583 E536.92113
M204 S10000
G0 F9600 X103.729 Y203.007
M204 S1000
G1 F1200 X104.592 Y203.87 E536.95158
M204 S10000
G0 F9600 X104.168 Y203.87
M204 S1000
G1 F1200 X103.729 Y203.431 E536.96706
M204 S10000
G0 F9600 X103.31 Y203.431
G1 F3000 E530.96706
;MESH:Bottom_back_panel.stl
G0 F9600 X103.432 Y204.169
G0 X158.968 Y204.169
G0 X159.77 Y177.889
G0 X165.299 Y177.889
G0 X165.98 Y177.889
M204 S1000
;TYPE:WALL-INNER
G1 F3000 E536.96706
G1 F1800 X195.515 Y177.889 E537.70382
G1 X195.517 Y165.15 E538.02159
G1 X195.546 Y164.949 E538.02666
G1 X195.714 Y164.586 E538.03663
G1 X195.994 Y164.319 E538.04629
G1 X196.212 Y164.212 E538.05234
G1 X196.566 Y164.15 E538.06131
G1 X197.559 Y164.15 E538.08608
G1 X197.558 Y135.85 E538.79203
G1 X196.566 Y135.85 E538.81677
G1 X196.213 Y135.789 E538.82571
G1 X195.995 Y135.682 E538.83177
G1 X195.714 Y135.415 E538.84143
G1 X195.56 Y135.104 E538.85009
G1 X195.517 Y134.85 E538.85652
G1 X195.516 Y122.11 E539.17432
G1 X165.98 Y122.111 E539.9111
G1 X165.98 Y177.889 E541.30248
M204 S10000
G0 F9600 X165.68 Y178.189
M204 S1000
G1 F1800 X195.815 Y178.189 E542.05421
G1 X195.816 Y165.164 E542.37912
G1 X195.906 Y164.841 E542.38748
G1 X196.061 Y164.645 E542.39371
G1 X196.313 Y164.494 E542.40104
G1 X196.566 Y164.45 E542.40745
G1 X197.859 Y164.45 E542.4397
G1 X197.858 Y135.55 E543.16061
G1 X196.566 Y135.55 E543.19284
G1 X196.314 Y135.507 E543.19922
G1 X196.158 Y135.43 E543.20356
G1 X195.957 Y135.239 E543.21048
G1 X195.816 Y134.935 E543.21884
G1 X195.816 Y121.81 E543.54624
G1 X165.68 Y121.811 E544.29799
G1 X165.68 Y178.189 E545.70434
M204 S10000
G0 F9600 X165.38 Y178.489
M204 S1000
G1 F1800 X196.115 Y178.489 E546.47103
G1 X196.117 Y165.158 E546.80357
G1 X196.226 Y164.905 E546.81044
G1 X196.452 Y164.75 E546.81728
G1 X198.159 Y164.75 E546.85986
G1 X198.158 Y135.25 E547.59574
G1 X196.458 Y135.25 E547.63815
G1 X196.263 Y135.134 E547.64381
G1 X196.15 Y134.974 E547.64869
G1 X196.117 Y134.842 E547.65209
G1 X196.116 Y121.51 E547.98466
G1 X165.38 Y121.511 E548.75137
G1 X165.38 Y178.489 E550.17269
M204 S10000
G0 F9600 X165.13 Y178.739
M204 S1000
;TYPE:WALL-OUTER
G1 F1800 X196.365 Y178.739 E550.95185
G1 X196.367 Y165.172 E551.29028
G1 X196.395 Y165.094 E551.29235
G1 X196.512 Y165 E551.29609
G1 X198.409 Y165 E551.34341
G1 X198.408 Y135 E552.09177
G1 X196.516 Y135 E552.13896
G1 X196.395 Y134.906 E552.14278
G1 X196.367 Y134.828 E552.14485
G1 X196.366 Y121.26 E552.48331
G1 X165.13 Y121.261 E553.26249
G1 X165.13 Y178.739 E554.69629
M204 S10000
G0 F9600 X165.33 Y178.739
G0 X165.33 Y178.489
G0 X166.03 Y177.618
G0 X166.251 Y177.618
M204 S1000
;TYPE:SKIN
G1 F1200 X166.251 Y122.381 E556.07418
G1 X195.246 Y122.38 E556.79746
G1 X195.247 Y134.867 E557.10895
G1 X195.325 Y135.256 E557.11885
G1 X195.503 Y135.609 E557.12871
G1 X195.833 Y135.897 E557.13964
G1 X196.104 Y136.038 E557.14726
G1 X196.543 Y136.118 E557.15839
G1 X197.288 Y136.12 E557.17697
G1 X197.289 Y163.88 E557.86945
G1 X196.545 Y163.882 E557.88801
G1 X196.141 Y163.953 E557.89824
G1 X195.833 Y164.102 E557.90677
G1 X195.56 Y164.343 E557.91586
G1 X195.38 Y164.62 E557.9241
G1 X195.249 Y165.116 E557.9369
G1 X195.245 Y177.619 E558.24879
G1 X166.251 Y177.618 E558.97204
M204 S10000
G0 F9600 X166.86 Y177.467
M204 S1000
G1 F1200 X166.4 Y177.007 E558.98827
M204 S10000
G0 F9600 X166.4 Y176.582
M204 S1000
G1 F1200 X167.285 Y177.467 E559.01949
M204 S10000
G0 F9600 X167.709 Y177.467
M204 S1000
G1 F1200 X166.4 Y176.158 E559.06567
M204 S10000
G0 F9600 X166.4 Y175.734
M204 S1000
G1 F1200 X168.133 Y177.467 E559.12681
M204 S10000
G0 F9600 X168.557 Y177.467
M204 S1000
G1 F1200 X166.4 Y175.31 E559.2029
M204 S10000
G0 F9600 X166.4 Y174.885
M204 S1000
G1 F1200 X168.982 Y177.467 E559.29399
M204 S10000
G0 F9600 X169.406 Y177.467
M204 S1000
G1 F1200 X166.4 Y174.461 E559.40003
M204 S10000
G0 F9600 X166.4 Y174.037
M204 S1000
G1 F1200 X169.83 Y177.467 E559.52103
M204 S10000
G0 F9600 X170.255 Y177.467
M204 S1000
G1 F1200 X166.4 Y173.613 E559.65701
M204 S10000
G0 F9600 X166.4 Y173.188
M204 S1000
G1 F1200 X170.679 Y177.467 E559.80797
M204 S10000
G0 F9600 X171.103 Y177.467
M204 S1000
G1 F1200 X166.4 Y172.764 E559.97388
M204 S10000
G0 F9600 X166.4 Y172.34
M204 S1000
G1 F1200 X171.527 Y177.467 E560.15475
M204 S10000
G0 F9600 X171.952 Y177.467
M204 S1000
G1 F1200 X166.4 Y171.916 E560.35059
M204 S10000
G0 F9600 X166.4 Y171.491
M204 S1000
G1 F1200 X172.376 Y177.467 E560.56141
M204 S10000
G0 F9600 X172.8 Y177.467
M204 S1000
G1 F1200 X166.4 Y171.067 E560.78719
M204 S10000
G0 F9600 X166.4 Y170.643
M204 S1000
G1 F1200 X173.224 Y177.467 E561.02792
M204 S10000
G0 F9600 X173.649 Y177.467
M204 S1000
G1 F1200 X166.4 Y170.218 E561.28365
M204 S10000
G0 F9600 X166.4 Y169.794
M204 S1000
G1 F1200 X174.073 Y177.467 E561.55434
M204 S10000
G0 F9600 X174.497 Y177.467
M204 S1000
G1 F1200 X166.4 Y169.37 E561.83998
M204 S10000
G0 F9600 X166.4 Y168.946
M204 S1000
G1 F1200 X174.921 Y177.467 E562.14058
M204 S10000
G0 F9600 X175.346 Y177.467
M204 S1000
G1 F1200 X166.4 Y168.521 E562.45617
M204 S10000
G0 F9600 X166.4 Y168.097
M204 S1000
G1 F1200 X175.77 Y177.467 E562.78673
M204 S10000
G0 F9600 X176.194 Y177.467
M204 S1000
G1 F1200 X166.4 Y167.673 E563.13224
M204 S10000
G0 F9600 X166.4 Y167.249
M204 S1000
G1 F1200 X176.619 Y177.467 E563.49272
M204 S10000
G0 F9600 X177.043 Y177.467
M204 S1000
G1 F1200 X166.4 Y166.824 E563.86818
M204 S10000
G0 F9600 X166.4 Y166.4
M204 S1000
G1 F1200 X177.467 Y177.467 E564.2586
M204 S10000
G0 F9600 X177.891 Y177.467
M204 S1000
G1 F1200 X166.4 Y165.976 E564.66398
M204 S10000
G0 F9600 X166.4 Y165.552
M204 S1000
G1 F1200 X178.316 Y177.467 E565.08433
M204 S10000
G0 F9600 X178.74 Y177.467
M204 S1000
G1 F1200 X166.4 Y165.127 E565.51966
M204 S10000
G0 F9600 X166.4 Y164.703
M204 S1000
G1 F1200 X179.164 Y177.467 E565.96994
M204 S10000
G0 F9600 X179.588 Y177.467
M204 S1000
G1 F1200 X166.4 Y164.279 E566.43518
M204 S10000
G0 F9600 X166.4 Y163.855
M204 S1000
G1 F1200 X180.013 Y177.467 E566.9154
M204 S10000
G0 F9600 X180.437 Y177.467
M204 S1000
G1 F1200 X166.4 Y163.43 E567.41059
M204 S10000
G0 F9600 X166.4 Y163.006
M204 S1000
G1 F1200 X180.862 Y177.468 E567.92078
M204 S10000
G0 F9600 X181.286 Y177.468
M204 S1000
G1 F1200 X166.4 Y162.582 E568.44592
M204 S10000
G0 F9600 X166.4 Y162.157
M204 S1000
G1 F1200 X181.71 Y177.468 E568.98604
M204 S10000
G0 F9600 X182.135 Y177.468
M204 S1000
G1 F1200 X166.4 Y161.733 E569.54114
M204 S10000
G0 F9600 X166.4 Y161.309
M204 S1000
G1 F1200 X182.559 Y177.468 E570.11119
M204 S10000
G0 F9600 X182.983 Y177.468
M204 S1000
G1 F1200 X166.4 Y160.885 E570.6962
M204 S10000
G0 F9600 X166.4 Y160.46
M204 S1000
G1 F1200 X183.407 Y177.468 E571.29618
M204 S10000
G0 F9600 X183.832 Y177.468
M204 S1000
G1 F1200 X166.4 Y160.036 E571.91115
M204 S10000
G0 F9600 X166.4 Y159.612
M204 S1000
G1 F1200 X184.256 Y177.468 E572.54106
M204 S10000
G0 F9600 X184.68 Y177.468
M204 S1000
G1 F1200 X166.4 Y159.188 E573.18594
M204 S10000
G0 F9600 X166.4 Y158.763
M204 S1000
G1 F1200 X185.104 Y177.468 E573.84579
M204 S10000
G0 F9600 X185.529 Y177.468
M204 S1000
G1 F1200 X166.4 Y158.339 E574.52062
M204 S10000
G0 F9600 X166.4 Y157.915
M204 S1000
G1 F1200 X185.953 Y177.468 E575.2104
M204 S10000
G0 F9600 X186.377 Y177.468
M204 S1000
G1 F1200 X166.4 Y157.491 E575.91515
M204 S10000
G0 F9600 X166.4 Y157.066
M204 S1000
G1 F1200 X186.802 Y177.468 E576.63488
M204 S10000
G0 F9600 X187.226 Y177.468
M204 S1000
G1 F1200 X166.4 Y156.642 E577.36958
M204 S10000
G0 F9600 X166.4 Y156.218
M204 S1000
G1 F1200 X187.65 Y177.468 E578.11923
M204 S10000
G0 F9600 X188.074 Y177.468
M204 S1000
G1 F1200 X166.4 Y155.794 E578.88384
M204 S10000
G0 F9600 X166.4 Y155.369
M204 S1000
G1 F1200 X188.499 Y177.468 E579.66344
M204 S10000
G0 F9600 X188.923 Y177.468
M204 S1000
G1 F1200 X166.4 Y154.945 E580.458
M204 S10000
G0 F9600 X166.4 Y154.521
M204 S1000
G1 F1200 X189.347 Y177.468 E581.26751
M204 S10000
G0 F9600 X189.771 Y177.468
M204 S1000
G1 F1200 X166.4 Y154.096 E582.09201
M204 S10000
G0 F9600 X166.4 Y153.672
M204 S1000
G1 F1200 X190.196 Y177.468 E582.93148
M204 S10000
G0 F9600 X190.62 Y177.468
M204 S1000
G1 F1200 X166.4 Y153.248 E583.7859
M204 S10000
G0 F9600 X166.4 Y152.824
M204 S1000
G1 F1200 X191.044 Y177.468 E584.65529
M204 S10000
G0 F9600 X191.468 Y177.468
M204 S1000
G1 F1200 X166.4 Y152.399 E585.53964
M204 S10000
G0 F9600 X166.4 Y151.975
M204 S1000
G1 F1200 X191.893 Y177.468 E586.43898
M204 S10000
G0 F9600 X192.317 Y177.468
M204 S1000
G1 F1200 X166.4 Y151.551 E587.35327
M204 S10000
G0 F9600 X166.4 Y151.127
M204 S1000
G1 F1200 X192.741 Y177.468 E588.28252
M204 S10000
G0 F9600 X193.166 Y177.468
M204 S1000
G1 F1200 X166.4 Y150.702 E589.22676
M204 S10000
G0 F9600 X166.4 Y150.278
M204 S1000
G1 F1200 X193.59 Y177.468 E590.18596
M204 S10000
G0 F9600 X194.014 Y177.468
M204 S1000
G1 F1200 X166.399 Y149.853 E591.16016
M204 S10000
G0 F9600 X166.399 Y149.429
M204 S1000
G1 F1200 X194.438 Y177.468 E592.14931
M204 S10000
G0 F9600 X194.863 Y177.468
M204 S1000
G1 F1200 X166.399 Y149.005 E593.15344
M204 S10000
G0 F9600 X166.399 Y148.58
M204 S1000
G1 F1200 X195.095 Y177.275 E594.16575
M204 S10000
G0 F9600 X195.095 Y176.851
M204 S1000
G1 F1200 X166.399 Y148.156 E595.17806
M204 S10000
G0 F9600 X166.399 Y147.732
M204 S1000
G1 F1200 X195.095 Y176.427 E596.19037
M204 S10000
G0 F9600 X195.095 Y176.003
M204 S1000
G1 F1200 X166.399 Y147.308 E597.20268
M204 S10000
G0 F9600 X166.399 Y146.883
M204 S1000
G1 F1200 X195.095 Y175.578 E598.21499
M204 S10000
G0 F9600 X195.095 Y175.154
M204 S1000
G1 F1200 X166.399 Y146.459 E599.2273
M204 S10000
G0 F9600 X166.399 Y146.035
M204 S1000
G1 F1200 X195.095 Y174.73 E600.23962
M204 S10000
G0 F9600 X195.095 Y174.306
M204 S1000
G1 F1200 X166.399 Y145.61 E601.25194
M204 S10000
G0 F9600 X166.399 Y145.186
M204 S1000
G1 F1200 X195.095 Y173.881 E602.26426
M204 S10000
G0 F9600 X195.095 Y173.457
M204 S1000
G1 F1200 X166.399 Y144.762 E603.27657
M204 S10000
G0 F9600 X166.399 Y144.338
M204 S1000
G1 F1200 X195.095 Y173.033 E604.28888
M204 S10000
G0 F9600 X195.095 Y172.609
M204 S1000
G1 F1200 X166.399 Y143.913 E605.30121
M204 S10000
G0 F9600 X166.399 Y143.489
M204 S1000
G1 F1200 X195.095 Y172.185 E606.31354
M204 S10000
G0 F9600 X195.095 Y171.761
M204 S1000
G1 F1200 X166.399 Y143.065 E607.32586
M204 S10000
G0 F9600 X166.399 Y142.641
M204 S1000
G1 F1200 X195.095 Y171.336 E608.33818
M204 S10000
G0 F9600 X195.095 Y170.912
M204 S1000
G1 F1200 X166.399 Y142.216 E609.3505
M204 S10000
G0 F9600 X166.399 Y141.792
M204 S1000
G1 F1200 X195.095 Y170.488 E610.36283
M204 S10000
G0 F9600 X195.095 Y170.064
M204 S1000
G1 F1200 X166.399 Y141.368 E611.37516
M204 S10000
G0 F9600 X166.399 Y140.944
M204 S1000
G1 F1200 X195.095 Y169.639 E612.38747
M204 S10000
G0 F9600 X195.096 Y169.216
M204 S1000
G1 F1200 X166.399 Y140.519 E613.39984
M204 S10000
G0 F9600 X166.399 Y140.095
M204 S1000
G1 F1200 X195.096 Y168.792 E614.4122
M204 S10000
G0 F9600 X195.096 Y168.367
M204 S1000
G1 F1200 X166.399 Y139.671 E615.42455
M204 S10000
G0 F9600 X166.399 Y139.247
M204 S1000
G1 F1200 X195.096 Y167.943 E616.4369
M204 S10000
G0 F9600 X195.096 Y167.519
M204 S1000
G1 F1200 X166.399 Y138.822 E617.44926
M204 S10000
G0 F9600 X166.399 Y138.398
M204 S1000
G1 F1200 X195.096 Y167.094 E618.46161
M204 S10000
G0 F9600 X195.096 Y166.67
M204 S1000
G1 F1200 X166.399 Y137.974 E619.47395
M204 S10000
G0 F9600 X166.399 Y137.549
M204 S1000
G1 F1200 X195.096 Y166.246 E620.48632
M204 S10000
G0 F9600 X195.096 Y165.822
M204 S1000
G1 F1200 X166.399 Y137.125 E621.49868
M204 S10000
G0 F9600 X166.399 Y136.701
M204 S1000
G1 F1200 X195.096 Y165.397 E622.51103
M204 S10000
G0 F9600 X195.126 Y165.003
M204 S1000
G1 F1200 X166.399 Y136.277 E623.52443
M204 S10000
G0 F9600 X166.399 Y135.852
M204 S1000
G1 F1200 X195.21 Y164.663 E624.54082
M204 S10000
G0 F9600 X195.355 Y164.383
M204 S1000
G1 F1200 X166.399 Y135.428 E625.5623
M204 S10000
G0 F9600 X166.399 Y135.004
M204 S1000
G1 F1200 X195.549 Y164.154 E626.59065
M204 S10000
G0 F9600 X195.776 Y163.956
M204 S1000
G1 F1200 X166.399 Y134.58 E627.62698
M204 S10000
G0 F9600 X166.399 Y134.155
M204 S1000
G1 F1200 X196.061 Y163.817 E628.67339
M204 S10000
G0 F9600 X196.419 Y163.751
M204 S1000
G1 F1200 X166.399 Y133.731 E629.73243
M204 S10000
G0 F9600 X166.399 Y133.307
M204 S1000
G1 F1200 X196.824 Y163.731 E630.80573
M204 S10000
G0 F9600 X197.137 Y163.62
M204 S1000
G1 F1200 X166.399 Y132.883 E631.89008
M204 S10000
G0 F9600 X166.399 Y132.458
M204 S1000
G1 F1200 X197.137 Y163.196 E632.97445
M204 S10000
G0 F9600 X197.137 Y162.772
M204 S1000
G1 F1200 X166.399 Y132.034 E634.05881
M204 S10000
G0 F9600 X166.399 Y131.61
M204 S1000
G1 F1200 X197.137 Y162.348 E635.14318
M204 S10000
G0 F9600 X197.137 Y161.923
M204 S1000
G1 F1200 X166.399 Y131.185 E636.22754
M204 S10000
G0 F9600 X166.399 Y130.761
M204 S1000
G1 F1200 X197.137 Y161.499 E637.31191
M204 S10000
G0 F9600 X197.137 Y161.075
M204 S1000
G1 F1200 X166.399 Y130.337 E638.39628
M204 S10000
G0 F9600 X166.399 Y129.913
M204 S1000
G1 F1200 X197.137 Y160.651 E639.48064
M204 S10000
G0 F9600 X197.137 Y160.226
M204 S1000
G1 F1200 X166.399 Y129.488 E640.56501
M204 S10000
G0 F9600 X166.399 Y129.064
M204 S1000
G1 F1200 X197.137 Y159.802 E641.64937
M204 S10000
G0 F9600 X197.137 Y159.378
M204 S1000
G1 F1200 X166.399 Y128.64 E642.73374
M204 S10000
G0 F9600 X166.399 Y128.216
M204 S1000
G1 F1200 X197.137 Y158.954 E643.81811
M204 S10000
G0 F9600 X197.137 Y158.529
M204 S1000
G1 F1200 X166.399 Y127.791 E644.90247
M204 S10000
G0 F9600 X166.399 Y127.367
M204 S1000
G1 F1200 X197.137 Y158.105 E645.98684
M204 S10000
G0 F9600 X197.137 Y157.681
M204 S1000
G1 F1200 X166.399 Y126.943 E647.0712
M204 S10000
G0 F9600 X166.399 Y126.519
M204 S1000
G1 F1200 X197.137 Y157.257 E648.15557
M204 S10000
G0 F9600 X197.137 Y156.832
M204 S1000
G1 F1200 X166.399 Y126.094 E649.23994
M204 S10000
G0 F9600 X166.399 Y125.67
M204 S1000
G1 F1200 X197.137 Y156.408 E650.3243
M204 S10000
G0 F9600 X197.137 Y155.984
M204 S1000
G1 F1200 X166.399 Y125.246 E651.40867
M204 S10000
G0 F9600 X166.399 Y124.822
M204 S1000
G1 F1200 X197.137 Y155.559 E652.49302
M204 S10000
G0 F9600 X197.137 Y155.135
M204 S1000
G1 F1200 X166.399 Y124.397 E653.57738
M204 S10000
G0 F9600 X166.399 Y123.973
M204 S1000
G1 F1200 X197.137 Y154.711 E654.66175
M204 S10000
G0 F9600 X197.137 Y154.287
M204 S1000
G1 F1200 X166.399 Y123.549 E655.74611
M204 S10000
G0 F9600 X166.399 Y123.124
M204 S1000
G1 F1200 X197.137 Y153.862 E656.83048
M204 S10000
G0 F9600 X197.137 Y153.438
M204 S1000
G1 F1200 X166.399 Y122.7 E657.91485
M204 S10000
G0 F9600 X166.654 Y122.53
M204 S1000
G1 F1200 X197.137 Y153.014 E658.99023
M204 S10000
G0 F9600 X197.137 Y152.59
M204 S1000
G1 F1200 X167.078 Y122.53 E660.05066
M204 S10000
G0 F9600 X167.502 Y122.53
M204 S1000
G1 F1200 X197.137 Y152.165 E661.09612
M204 S10000
G0 F9600 X197.137 Y151.741
M204 S1000
G1 F1200 X167.927 Y122.53 E662.1266
M204 S10000
G0 F9600 X168.351 Y122.53
M204 S1000
G1 F1200 X197.137 Y151.317 E663.14212
M204 S10000
G0 F9600 X197.137 Y150.893
M204 S1000
G1 F1200 X168.775 Y122.53 E664.14268
M204 S10000
G0 F9600 X169.2 Y122.53
M204 S1000
G1 F1200 X197.137 Y150.468 E665.12825
M204 S10000
G0 F9600 X197.137 Y150.044
M204 S1000
G1 F1200 X169.624 Y122.53 E666.09887
M204 S10000
G0 F9600 X170.048 Y122.53
M204 S1000
G1 F1200 X197.137 Y149.62 E667.05452
M204 S10000
G0 F9600 X197.137 Y149.195
M204 S1000
G1 F1200 X170.472 Y122.53 E667.9952
M204 S10000
G0 F9600 X170.897 Y122.53
M204 S1000
G1 F1200 X197.137 Y148.771 E668.92091
M204 S10000
G0 F9600 X197.137 Y148.347
M204 S1000
G1 F1200 X171.321 Y122.53 E669.83165
M204 S10000
G0 F9600 X171.745 Y122.53
M204 S1000
G1 F1200 X197.137 Y147.923 E670.72744
M204 S10000
G0 F9600 X197.137 Y147.498
M204 S1000
G1 F1200 X172.169 Y122.53 E671.60826
M204 S10000
G0 F9600 X172.594 Y122.53
M204 S1000
G1 F1200 X197.137 Y147.074 E672.47409
M204 S10000
G0 F9600 X197.137 Y146.65
M204 S1000
G1 F1200 X173.018 Y122.53 E673.32497
M204 S10000
G0 F9600 X173.442 Y122.53
M204 S1000
G1 F1200 X197.137 Y146.226 E674.1609
M204 S10000
G0 F9600 X197.137 Y145.801
M204 S1000
G1 F1200 X173.866 Y122.53 E674.98184
M204 S10000
G0 F9600 X174.291 Y122.53
M204 S1000
G1 F1200 X197.137 Y145.377 E675.78782
M204 S10000
G0 F9600 X197.137 Y144.953
M204 S1000
G1 F1200 X174.715 Y122.53 E676.57883
M204 S10000
G0 F9600 X175.139 Y122.53
M204 S1000
G1 F1200 X197.137 Y144.529 E677.35489
M204 S10000
G0 F9600 X197.137 Y144.104
M204 S1000
G1 F1200 X175.564 Y122.53 E678.11595
M204 S10000
G0 F9600 X175.988 Y122.53
M204 S1000
G1 F1200 X197.137 Y143.68 E678.86206
M204 S10000
G0 F9600 X197.137 Y143.256
M204 S1000
G1 F1200 X176.412 Y122.53 E679.5932
M204 S10000
G0 F9600 X176.836 Y122.53
M204 S1000
G1 F1200 X197.137 Y142.832 E680.30939
M204 S10000
G0 F9600 X197.137 Y142.407
M204 S1000
G1 F1200 X177.261 Y122.53 E681.01059
M204 S10000
G0 F9600 X177.685 Y122.53
M204 S1000
G1 F1200 X197.137 Y141.983 E681.69683
M204 S10000
G0 F9600 X197.137 Y141.559
M204 S1000
G1 F1200 X178.109 Y122.53 E682.36811
M204 S10000
G0 F9600 X178.533 Y122.53
M204 S1000
G1 F1200 X197.137 Y141.134 E683.02442
M204 S10000
G0 F9600 X197.137 Y140.71
M204 S1000
G1 F1200 X178.958 Y122.53 E683.66575
M204 S10000
G0 F9600 X179.382 Y122.53
M204 S1000
G1 F1200 X197.137 Y140.286 E684.29212
M204 S10000
G0 F9600 X197.137 Y139.862
M204 S1000
G1 F1200 X179.806 Y122.53 E684.90354
M204 S10000
G0 F9600 X180.23 Y122.53
M204 S1000
G1 F1200 X197.137 Y139.437 E685.49998
M204 S10000
G0 F9600 X197.137 Y139.013
M204 S1000
G1 F1200 X180.655 Y122.53 E686.08144
M204 S10000
G0 F9600 X181.079 Y122.53
M204 S1000
G1 F1200 X197.137 Y138.589 E686.64795
M204 S10000
G0 F9600 X197.137 Y138.165
M204 S1000
G1 F1200 X181.503 Y122.53 E687.1995
M204 S10000
G0 F9600 X181.927 Y122.53
M204 S1000
G1 F1200 X197.137 Y137.74 E687.73607
M204 S10000
G0 F9600 X197.137 Y137.316
M204 S1000
G1 F1200 X195.95 Y136.129 E687.77795
M204 S10000
G0 F9600 X196.51 Y136.265
M204 S1000
G1 F1200 X197.137 Y136.892 E687.80007
M204 S10000
G0 F9600 X197.137 Y136.468
M204 S1000
G1 F1200 X196.939 Y136.269 E687.80707
M204 S10000
G1 F3000 E681.80707
G0 F9600 X196.939 Y135.9
G0 X195.788 Y135.578
G0 X195.569 Y135.252
G0 X195.235 Y135.413
M204 S1000
G1 F3000 E687.80707
G1 F1200 X182.352 Y122.53 E688.26155
M204 S10000
G0 F9600 X182.776 Y122.53
M204 S1000
G1 F1200 X195.096 Y134.85 E688.69617
M204 S10000
G0 F9600 X195.096 Y134.426
M204 S1000
G1 F1200 X183.2 Y122.53 E689.11584
M204 S10000
G0 F9600 X183.625 Y122.53
M204 S1000
G1 F1200 X195.096 Y134.002 E689.52053
M204 S10000
G0 F9600 X195.096 Y133.578
M204 S1000
G1 F1200 X184.049 Y122.53 E689.91026
M204 S10000
G0 F9600 X184.473 Y122.53
M204 S1000
G1 F1200 X195.096 Y133.153 E690.28501
M204 S10000
G0 F9600 X195.096 Y132.729
M204 S1000
G1 F1200 X184.897 Y122.53 E690.64481
M204 S10000
G0 F9600 X185.322 Y122.53
M204 S1000
G1 F1200 X195.096 Y132.305 E690.98963
M204 S10000
G0 F9600 X195.096 Y131.881
M204 S1000
G1 F1200 X185.746 Y122.53 E691.31949
M204 S10000
G0 F9600 X186.17 Y122.53
M204 S1000
G1 F1200 X195.096 Y131.456 E691.63438
M204 S10000
G0 F9600 X195.096 Y131.032
M204 S1000
G1 F1200 X186.594 Y122.53 E691.93431
M204 S10000
G0 F9600 X187.019 Y122.53
M204 S1000
G1 F1200 X195.096 Y130.608 E692.21927
M204 S10000
G0 F9600 X195.096 Y130.184
M204 S1000
G1 F1200 X187.443 Y122.53 E692.48927
M204 S10000
G0 F9600 X187.867 Y122.53
M204 S1000
G1 F1200 X195.096 Y129.759 E692.74429
M204 S10000
G0 F9600 X195.096 Y129.335
M204 S1000
G1 F1200 X188.291 Y122.53 E692.98435
M204 S10000
G0 F9600 X188.716 Y122.53
M204 S1000
G1 F1200 X195.096 Y128.911 E693.20944
M204 S10000
G0 F9600 X195.095 Y128.486
M204 S1000
G1 F1200 X189.14 Y122.53 E693.41954
M204 S10000
G0 F9600 X189.564 Y122.53
M204 S1000
G1 F1200 X195.095 Y128.061 E693.61466
M204 S10000
G0 F9600 X195.095 Y127.637
M204 S1000
G1 F1200 X189.988 Y122.53 E693.79482
M204 S10000
G0 F9600 X190.413 Y122.53
M204 S1000
G1 F1200 X195.095 Y127.213 E693.96001
M204 S10000
G0 F9600 X195.095 Y126.789
M204 S1000
G1 F1200 X190.837 Y122.53 E694.11024
M204 S10000
G0 F9600 X191.261 Y122.53
M204 S1000
G1 F1200 X195.095 Y126.364 E694.2455
M204 S10000
G0 F9600 X195.095 Y125.94
M204 S1000
G1 F1200 X191.686 Y122.53 E694.36578
M204 S10000
G0 F9600 X192.11 Y122.53
M204 S1000
G1 F1200 X195.095 Y125.516 E694.4711
M204 S10000
G0 F9600 X195.095 Y125.092
M204 S1000
G1 F1200 X192.534 Y122.53 E694.56146
M204 S10000
G0 F9600 X192.958 Y122.53
M204 S1000
G1 F1200 X195.095 Y124.667 E694.63685
M204 S10000
G0 F9600 X195.095 Y124.243
M204 S1000
G1 F1200 X193.383 Y122.53 E694.69726
M204 S10000
G0 F9600 X193.807 Y122.53
M204 S1000
G1 F1200 X195.095 Y123.819 E694.74272
M204 S10000
G0 F9600 X195.095 Y123.395
M204 S1000
G1 F1200 X194.231 Y122.53 E694.77322
M204 S10000
G0 F9600 X194.655 Y122.53
M204 S1000
G1 F1200 X195.095 Y122.97 E694.78874
M204 S10000
G0 F9600 X195.516 Y122.97
G1 F3000 E688.78874
;MESH:NONMESH
G0 F300 X195.516 Y122.97 Z1.96
G0 F9600 X195.394 Y122.232
G0 X166.102 Y122.233
G0 X165.299 Y127.09
G0 X159.77 Y127.09
G0 X159.04 Y127.09
G0 X158.89 Y127.09
;TIME_ELAPSED:9715.993619
;LAYER:9
M204 S1000
;TYPE:WALL-INNER
;MESH:Bottom_panel_x3.stl(2)
G1 F3000 E694.78874
G1 F1800 X158.89 Y95.91 E695.56653
G1 X103.51 Y95.91 E696.94799
G1 X103.51 Y127.09 E697.72577
G1 X158.89 Y127.09 E699.10723
M204 S10000
G0 F9600 X159.19 Y127.39
M204 S1000
G1 F1800 X159.19 Y95.61 E699.89999
G1 X103.21 Y95.61 E701.29642
G1 X103.21 Y127.39 E702.08917
G1 X159.19 Y127.39 E703.4856
M204 S10000
G0 F9600 X159.49 Y127.69
M204 S1000
G1 F1800 X159.49 Y95.31 E704.29332
G1 X102.91 Y95.31 E705.70472
G1 X102.91 Y127.69 E706.51244
G1 X159.49 Y127.69 E707.92383
M204 S10000
G0 F9600 X159.74 Y127.94
M204 S1000
;TYPE:WALL-OUTER
G1 F1800 X159.74 Y95.06 E708.74403
G1 X102.66 Y95.06 E710.16789
G1 X102.66 Y127.94 E710.98809
G1 X159.74 Y127.94 E712.41195
M204 S10000
G0 F9600 X159.74 Y127.74
G0 X159.49 Y127.74
G0 X158.84 Y126.82
G0 X158.62 Y126.82
M204 S1000
;TYPE:SKIN
G1 F1200 X103.78 Y126.82 E713.77994
G1 X103.78 Y96.18 E714.54426
G1 X158.62 Y96.18 E715.91225
G1 X158.62 Y126.82 E716.67657
M204 S10000
G0 F9600 X158.468 Y126.212
M204 S1000
G1 F1200 X158.01 Y126.67 E716.69273
M204 S10000
G0 F9600 X157.586 Y126.67
M204 S1000
G1 F1200 X158.468 Y125.787 E716.72386
M204 S10000
G0 F9600 X158.468 Y125.363
M204 S1000
G1 F1200 X157.162 Y126.67 E716.76995
M204 S10000
G0 F9600 X156.737 Y126.67
M204 S1000
G1 F1200 X158.468 Y124.939 E716.83101
M204 S10000
G0 F9600 X158.468 Y124.515
M204 S1000
G1 F1200 X156.313 Y126.67 E716.90704
M204 S10000
G0 F9600 X155.889 Y126.67
M204 S1000
G1 F1200 X158.468 Y124.09 E716.99804
M204 S10000
G0 F9600 X158.468 Y123.666
M204 S1000
G1 F1200 X155.465 Y126.67 E717.10399
M204 S10000
G0 F9600 X155.04 Y126.67
M204 S1000
G1 F1200 X158.468 Y123.242 E717.22492
M204 S10000
G0 F9600 X158.468 Y122.818
M204 S1000
G1 F1200 X154.616 Y126.67 E717.36081
M204 S10000
G0 F9600 X154.192 Y126.67
M204 S1000
G1 F1200 X158.468 Y122.393 E717.51168
M204 S10000
G0 F9600 X158.468 Y121.969
M204 S1000
G1 F1200 X153.768 Y126.67 E717.6775
M204 S10000
G0 F9600 X153.343 Y126.67
M204 S1000
G1 F1200 X158.468 Y121.545 E717.8583
M204 S10000
G0 F9600 X158.468 Y121.121
M204 S1000
G1 F1200 X152.919 Y126.67 E718.05406
M204 S10000
G0 F9600 X152.495 Y126.67
M204 S1000
G1 F1200 X158.468 Y120.696 E718.26479
M204 S10000
G0 F9600 X158.468 Y120.272
M204 S1000
G1 F1200 X152.071 Y126.67 E718.49048
M204 S10000
G0 F9600 X151.646 Y126.67
M204 S1000
G1 F1200 X158.468 Y119.848 E718.73114
M204 S10000
G0 F9600 X158.468 Y119.423
M204 S1000
G1 F1200 X151.222 Y126.67 E718.98678
M204 S10000
G0 F9600 X150.798 Y126.67
M204 S1000
G1 F1200 X158.468 Y118.999 E719.25738
M204 S10000
G0 F9600 X158.468 Y118.575
M204 S1000
G1 F1200 X150.374 Y126.67 E719.54293
M204 S10000
G0 F9600 X149.949 Y126.67
M204 S1000
G1 F1200 X158.468 Y118.151 E719.84347
M204 S10000
G0 F9600 X158.468 Y117.726
M204 S1000
G1 F1200 X149.525 Y126.67 E720.15897
M204 S10000
G0 F9600 X149.101 Y126.67
M204 S1000
G1 F1200 X158.468 Y117.302 E720.48944
M204 S10000
G0 F9600 X158.468 Y116.878
M204 S1000
G1 F1200 X148.676 Y126.67 E720.83487
M204 S10000
G0 F9600 X148.252 Y126.67
M204 S1000
G1 F1200 X158.468 Y116.454 E721.19527
M204 S10000
G0 F9600 X158.468 Y116.029
M204 S1000
G1 F1200 X147.828 Y126.67 E721.57064
M204 S10000
G0 F9600 X147.404 Y126.67
M204 S1000
G1 F1200 X158.468 Y115.605 E721.96097
M204 S10000
G0 F9600 X158.468 Y115.181
M204 S1000
G1 F1200 X146.979 Y126.67 E722.36628
M204 S10000
G0 F9600 X146.555 Y126.67
M204 S1000
G1 F1200 X158.468 Y114.757 E722.78654
M204 S10000
G0 F9600 X158.468 Y114.332
M204 S1000
G1 F1200 X146.131 Y126.67 E723.22178
M204 S10000
G0 F9600 X145.707 Y126.67
M204 S1000
G1 F1200 X158.468 Y113.908 E723.67198
M204 S10000
G0 F9600 X158.468 Y113.484
M204 S1000
G1 F1200 X145.282 Y126.67 E724.13715
M204 S10000
G0 F9600 X144.858 Y126.67
M204 S1000
G1 F1200 X158.468 Y113.06 E724.61728
M204 S10000
G0 F9600 X158.468 Y112.635
M204 S1000
G1 F1200 X144.434 Y126.67 E725.11238
M204 S10000
G0 F9600 X144.01 Y126.67
M204 S1000
G1 F1200 X158.468 Y112.211 E725.62245
M204 S10000
G0 F9600 X158.468 Y111.787
M204 S1000
G1 F1200 X143.585 Y126.67 E726.14748
M204 S10000
G0 F9600 X143.161 Y126.67
M204 S1000
G1 F1200 X158.468 Y111.362 E726.6875
M204 S10000
G0 F9600 X158.468 Y110.938
M204 S1000
G1 F1200 X142.737 Y126.67 E727.24247
M204 S10000
G0 F9600 X142.313 Y126.67
M204 S1000
G1 F1200 X158.468 Y110.514 E727.8124
M204 S10000
G0 F9600 X158.468 Y110.09
M204 S1000
G1 F1200 X141.888 Y126.67 E728.3973
M204 S10000
G0 F9600 X141.464 Y126.67
M204 S1000
G1 F1200 X158.468 Y109.665 E728.99718
M204 S10000
G0 F9600 X158.468 Y109.241
M204 S1000
G1 F1200 X141.04 Y126.67 E729.61202
M204 S10000
G0 F9600 X140.615 Y126.67
M204 S1000
G1 F1200 X158.468 Y108.817 E730.24183
M204 S10000
G0 F9600 X158.468 Y108.393
M204 S1000
G1 F1200 X140.191 Y126.67 E730.8866
M204 S10000
G0 F9600 X139.767 Y126.67
M204 S1000
G1 F1200 X158.468 Y107.968 E731.54635
M204 S10000
G0 F9600 X158.468 Y107.544
M204 S1000
G1 F1200 X139.343 Y126.67 E732.22105
M204 S10000
G0 F9600 X138.918 Y126.67
M204 S1000
G1 F1200 X158.468 Y107.12 E732.91073
M204 S10000
G0 F9600 X158.468 Y106.696
M204 S1000
G1 F1200 X138.494 Y126.67 E733.61537
M204 S10000
G0 F9600 X138.07 Y126.67
M204 S1000
G1 F1200 X158.468 Y106.271 E734.33498
M204 S10000
G0 F9600 X158.468 Y105.847
M204 S1000
G1 F1200 X137.646 Y126.67 E735.06955
M204 S10000
G0 F9600 X137.221 Y126.67
M204 S1000
G1 F1200 X158.468 Y105.423 E735.8191
M204 S10000
G0 F9600 X158.468 Y104.998
M204 S1000
G1 F1200 X136.797 Y126.67 E736.58362
M204 S10000
G0 F9600 X136.373 Y126.67
M204 S1000
G1 F1200 X158.468 Y104.574 E737.36309
M204 S10000
G0 F9600 X158.468 Y104.15
M204 S1000
G1 F1200 X135.949 Y126.67 E738.15753
M204 S10000
G0 F9600 X135.524 Y126.67
M204 S1000
G1 F1200 X158.468 Y103.726 E738.96694
M204 S10000
G0 F9600 X158.468 Y103.301
M204 S1000
G1 F1200 X135.1 Y126.67 E739.79133
M204 S10000
G0 F9600 X134.676 Y126.67
M204 S1000
G1 F1200 X158.468 Y102.877 E740.63067
M204 S10000
G0 F9600 X158.468 Y102.453
M204 S1000
G1 F1200 X134.252 Y126.67 E741.48498
M204 S10000
G0 F9600 X133.827 Y126.67
M204 S1000
G1 F1200 X158.468 Y102.029 E742.35425
M204 S10000
G0 F9600 X158.468 Y101.604
M204 S1000
G1 F1200 X133.403 Y126.67 E743.23851
M204 S10000
G0 F9600 X132.979 Y126.67
M204 S1000
G1 F1200 X158.468 Y101.18 E744.13772
M204 S10000
G0 F9600 X158.468 Y100.756
M204 S1000
G1 F1200 X132.554 Y126.67 E745.0519
M204 S10000
G0 F9600 X132.13 Y126.67
M204 S1000
G1 F1200 X158.468 Y100.332 E745.98105
M204 S10000
G0 F9600 X158.468 Y99.907
M204 S1000
G1 F1200 X131.706 Y126.67 E746.92517
M204 S10000
G0 F9600 X131.282 Y126.67
M204 S1000
G1 F1200 X158.468 Y99.483 E747.88425
M204 S10000
G0 F9600 X158.468 Y99.059
M204 S1000
G1 F1200 X130.858 Y126.669 E748.85826
M204 S10000
G0 F9600 X130.434 Y126.669
M204 S1000
G1 F1200 X158.468 Y98.635 E749.84724
M204 S10000
G0 F9600 X158.468 Y98.21
M204 S1000
G1 F1200 X130.01 Y126.669 E750.85119
M204 S10000
G0 F9600 X129.585 Y126.669
M204 S1000
G1 F1200 X158.468 Y97.786 E751.87011
M204 S10000
G0 F9600 X158.468 Y97.362
M204 S1000
G1 F1200 X129.161 Y126.669 E752.904
M204 S10000
G0 F9600 X128.737 Y126.669
M204 S1000
G1 F1200 X158.468 Y96.937 E753.95286
M204 S10000
G0 F9600 X158.468 Y96.513
M204 S1000
G1 F1200 X128.313 Y126.669 E755.01667
M204 S10000
G0 F9600 X127.888 Y126.669
M204 S1000
G1 F1200 X158.228 Y96.329 E756.087
M204 S10000
G0 F9600 X157.804 Y96.329
M204 S1000
G1 F1200 X127.464 Y126.669 E757.15732
M204 S10000
G0 F9600 X127.04 Y126.669
M204 S1000
G1 F1200 X157.38 Y96.329 E758.22765
M204 S10000
G0 F9600 X156.955 Y96.329
M204 S1000
G1 F1200 X126.615 Y126.669 E759.29797
M204 S10000
G0 F9600 X126.191 Y126.669
M204 S1000
G1 F1200 X156.531 Y96.329 E760.3683
M204 S10000
G0 F9600 X156.107 Y96.329
M204 S1000
G1 F1200 X125.767 Y126.669 E761.43863
M204 S10000
G0 F9600 X125.343 Y126.669
M204 S1000
G1 F1200 X155.682 Y96.329 E762.50893
M204 S10000
G0 F9600 X155.258 Y96.329
M204 S1000
G1 F1200 X124.918 Y126.669 E763.57926
M204 S10000
G0 F9600 X124.494 Y126.669
M204 S1000
G1 F1200 X154.834 Y96.329 E764.64958
M204 S10000
G0 F9600 X154.41 Y96.329
M204 S1000
G1 F1200 X124.07 Y126.669 E765.71991
M204 S10000
G0 F9600 X123.646 Y126.669
M204 S1000
G1 F1200 X153.985 Y96.329 E766.79022
M204 S10000
G0 F9600 X153.561 Y96.329
M204 S1000
G1 F1200 X123.221 Y126.669 E767.86054
M204 S10000
G0 F9600 X122.797 Y126.669
M204 S1000
G1 F1200 X153.137 Y96.329 E768.93087
M204 S10000
G0 F9600 X152.713 Y96.329
M204 S1000
G1 F1200 X122.373 Y126.669 E770.00119
M204 S10000
G0 F9600 X121.949 Y126.669
M204 S1000
G1 F1200 X152.288 Y96.329 E771.0715
M204 S10000
G0 F9600 X151.864 Y96.329
M204 S1000
G1 F1200 X121.524 Y126.669 E772.14183
M204 S10000
G0 F9600 X121.1 Y126.669
M204 S1000
G1 F1200 X151.44 Y96.329 E773.21215
M204 S10000
G0 F9600 X151.016 Y96.329
M204 S1000
G1 F1200 X120.676 Y126.669 E774.28248
M204 S10000
G0 F9600 X120.251 Y126.669
M204 S1000
G1 F1200 X150.591 Y96.329 E775.3528
M204 S10000
G0 F9600 X150.167 Y96.329
M204 S1000
G1 F1200 X119.827 Y126.669 E776.42313
M204 S10000
G0 F9600 X119.403 Y126.669
M204 S1000
G1 F1200 X149.743 Y96.329 E777.49345
M204 S10000
G0 F9600 X149.319 Y96.329
M204 S1000
G1 F1200 X118.979 Y126.669 E778.56378
M204 S10000
G0 F9600 X118.554 Y126.669
M204 S1000
G1 F1200 X148.894 Y96.329 E779.63411
M204 S10000
G0 F9600 X148.47 Y96.329
M204 S1000
G1 F1200 X118.13 Y126.669 E780.70443
M204 S10000
G0 F9600 X117.706 Y126.669
M204 S1000
G1 F1200 X148.046 Y96.329 E781.77476
M204 S10000
G0 F9600 X147.621 Y96.329
M204 S1000
G1 F1200 X117.282 Y126.669 E782.84506
M204 S10000
G0 F9600 X116.857 Y126.669
M204 S1000
G1 F1200 X147.197 Y96.329 E783.91539
M204 S10000
G0 F9600 X146.773 Y96.329
M204 S1000
G1 F1200 X116.433 Y126.669 E784.98571
M204 S10000
G0 F9600 X116.009 Y126.669
M204 S1000
G1 F1200 X146.349 Y96.329 E786.05604
M204 S10000
G0 F9600 X145.924 Y96.329
M204 S1000
G1 F1200 X115.585 Y126.669 E787.12635
M204 S10000
G0 F9600 X115.16 Y126.669
M204 S1000
G1 F1200 X145.5 Y96.329 E788.19667
M204 S10000
G0 F9600 X145.076 Y96.329
M204 S1000
G1 F1200 X114.736 Y126.669 E789.267
M204 S10000
G0 F9600 X114.312 Y126.669
M204 S1000
G1 F1200 X144.652 Y96.329 E790.33732
M204 S10000
G0 F9600 X144.227 Y96.329
M204 S1000
G1 F1200 X113.888 Y126.669 E791.40763
M204 S10000
G0 F9600 X113.463 Y126.669
M204 S1000
G1 F1200 X143.803 Y96.329 E792.47796
M204 S10000
G0 F9600 X143.379 Y96.329
M204 S1000
G1 F1200 X113.039 Y126.669 E793.54828
M204 S10000
G0 F9600 X112.615 Y126.669
M204 S1000
G1 F1200 X142.955 Y96.329 E794.61861
M204 S10000
G0 F9600 X142.53 Y96.329
M204 S1000
G1 F1200 X112.19 Y126.669 E795.68893
M204 S10000
G0 F9600 X111.766 Y126.669
M204 S1000
G1 F1200 X142.106 Y96.329 E796.75926
M204 S10000
G0 F9600 X141.682 Y96.329
M204 S1000
G1 F1200 X111.342 Y126.669 E797.82958
M204 S10000
G0 F9600 X110.918 Y126.669
M204 S1000
G1 F1200 X141.258 Y96.329 E798.89991
M204 S10000
G0 F9600 X140.833 Y96.329
M204 S1000
G1 F1200 X110.493 Y126.669 E799.97024
M204 S10000
G0 F9600 X110.069 Y126.669
M204 S1000
G1 F1200 X140.409 Y96.329 E801.04056
M204 S10000
G0 F9600 X139.985 Y96.329
M204 S1000
G1 F1200 X109.645 Y126.669 E802.11089
M204 S10000
G0 F9600 X109.221 Y126.669
M204 S1000
G1 F1200 X139.56 Y96.329 E803.18119
M204 S10000
G0 F9600 X139.136 Y96.329
M204 S1000
G1 F1200 X108.796 Y126.669 E804.25152
M204 S10000
G0 F9600 X108.372 Y126.669
M204 S1000
G1 F1200 X138.712 Y96.329 E805.32185
M204 S10000
G0 F9600 X138.288 Y96.329
M204 S1000
G1 F1200 X107.948 Y126.669 E806.39217
M204 S10000
G0 F9600 X107.524 Y126.669
M204 S1000
G1 F1200 X137.863 Y96.329 E807.46248
M204 S10000
G0 F9600 X137.439 Y96.329
M204 S1000
G1 F1200 X107.099 Y126.669 E808.5328
M204 S10000
G0 F9600 X106.675 Y126.669
M204 S1000
G1 F1200 X137.015 Y96.329 E809.60313
M204 S10000
G0 F9600 X136.591 Y96.329
M204 S1000
G1 F1200 X106.251 Y126.669 E810.67345
M204 S10000
G0 F9600 X105.827 Y126.669
M204 S1000
G1 F1200 X136.166 Y96.329 E811.74376
M204 S10000
G0 F9600 X135.742 Y96.329
M204 S1000
G1 F1200 X105.402 Y126.669 E812.81409
M204 S10000
G0 F9600 X104.978 Y126.669
M204 S1000
G1 F1200 X135.318 Y96.329 E813.88441
M204 S10000
G0 F9600 X134.894 Y96.329
M204 S1000
G1 F1200 X104.554 Y126.669 E814.95474
M204 S10000
G0 F9600 X104.129 Y126.669
M204 S1000
G1 F1200 X134.469 Y96.329 E816.02506
M204 S10000
G0 F9600 X134.045 Y96.329
M204 S1000
G1 F1200 X103.929 Y126.445 E817.08749
M204 S10000
G0 F9600 X103.929 Y126.021
M204 S1000
G1 F1200 X133.621 Y96.329 E818.13495
M204 S10000
G0 F9600 X133.196 Y96.329
M204 S1000
G1 F1200 X103.929 Y125.597 E819.16744
M204 S10000
G0 F9600 X103.929 Y125.172
M204 S1000
G1 F1200 X132.772 Y96.329 E820.18496
M204 S10000
G0 F9600 X132.348 Y96.329
M204 S1000
G1 F1200 X103.929 Y124.748 E821.18751
M204 S10000
G0 F9600 X103.929 Y124.324
M204 S1000
G1 F1200 X131.924 Y96.329 E822.17511
M204 S10000
G0 F9600 X131.499 Y96.329
M204 S1000
G1 F1200 X103.929 Y123.899 E823.14772
M204 S10000
G0 F9600 X103.929 Y123.475
M204 S1000
G1 F1200 X131.075 Y96.329 E824.10537
M204 S10000
G0 F9600 X130.651 Y96.329
M204 S1000
G1 F1200 X103.929 Y123.051 E825.04806
M204 S10000
G0 F9600 X103.929 Y122.627
M204 S1000
G1 F1200 X130.227 Y96.329 E825.97579
M204 S10000
G0 F9600 X129.802 Y96.329
M204 S1000
G1 F1200 X103.929 Y122.202 E826.88853
M204 S10000
G0 F9600 X103.929 Y121.778
M204 S1000
G1 F1200 X129.378 Y96.329 E827.78631
M204 S10000
G0 F9600 X128.954 Y96.329
M204 S1000
G1 F1200 X103.929 Y121.354 E828.66914
M204 S10000
G0 F9600 X103.929 Y120.93
M204 S1000
G1 F1200 X128.53 Y96.329 E829.53701
M204 S10000
G0 F9600 X128.105 Y96.329
M204 S1000
G1 F1200 X103.929 Y120.505 E830.38988
M204 S10000
G0 F9600 X103.929 Y120.081
M204 S1000
G1 F1200 X127.681 Y96.329 E831.2278
M204 S10000
G0 F9600 X127.257 Y96.329
M204 S1000
G1 F1200 X103.929 Y119.657 E832.05075
M204 S10000
G0 F9600 X103.929 Y119.233
M204 S1000
G1 F1200 X126.833 Y96.329 E832.85875
M204 S10000
G0 F9600 X126.408 Y96.329
M204 S1000
G1 F1200 X103.929 Y118.808 E833.65176
M204 S10000
G0 F9600 X103.929 Y118.384
M204 S1000
G1 F1200 X125.984 Y96.329 E834.42981
M204 S10000
G0 F9600 X125.56 Y96.329
M204 S1000
G1 F1200 X103.929 Y117.96 E835.1929
M204 S10000
G0 F9600 X103.929 Y117.535
M204 S1000
G1 F1200 X125.135 Y96.329 E835.941
M204 S10000
G0 F9600 X124.711 Y96.329
M204 S1000
G1 F1200 X103.929 Y117.111 E836.67414
M204 S10000
G0 F9600 X103.929 Y116.687
M204 S1000
G1 F1200 X124.287 Y96.329 E837.39233
M204 S10000
G0 F9600 X123.863 Y96.329
M204 S1000
G1 F1200 X103.929 Y116.263 E838.09555
M204 S10000
G0 F9600 X103.929 Y115.838
M204 S1000
G1 F1200 X123.438 Y96.329 E838.78378
M204 S10000
G0 F9600 X123.014 Y96.329
M204 S1000
G1 F1200 X103.929 Y115.414 E839.45706
M204 S10000
G0 F9600 X103.929 Y114.99
M204 S1000
G1 F1200 X122.59 Y96.329 E840.11538
M204 S10000
G0 F9600 X122.166 Y96.329
M204 S1000
G1 F1200 X103.929 Y114.566 E840.75874
M204 S10000
G0 F9600 X103.929 Y114.141
M204 S1000
G1 F1200 X121.741 Y96.329 E841.3871
M204 S10000
G0 F9600 X121.317 Y96.329
M204 S1000
G1 F1200 X103.929 Y113.717 E842.00051
M204 S10000
G0 F9600 X103.929 Y113.293
M204 S1000
G1 F1200 X120.893 Y96.329 E842.59896
M204 S10000
G0 F9600 X120.469 Y96.329
M204 S1000
G1 F1200 X103.929 Y112.869 E843.18246
M204 S10000
G0 F9600 X103.929 Y112.444
M204 S1000
G1 F1200 X120.044 Y96.329 E843.75096
M204 S10000
G0 F9600 X119.62 Y96.329
M204 S1000
G1 F1200 X103.929 Y112.02 E844.3045
M204 S10000
G0 F9600 X103.929 Y111.596
M204 S1000
G1 F1200 X119.196 Y96.329 E844.84308
M204 S10000
G0 F9600 X118.772 Y96.329
M204 S1000
G1 F1200 X103.929 Y111.172 E845.36671
M204 S10000
G0 F9600 X103.929 Y110.747
M204 S1000
G1 F1200 X118.347 Y96.329 E845.87534
M204 S10000
G0 F9600 X117.923 Y96.329
M204 S1000
G1 F1200 X103.929 Y110.323 E846.36902
M204 S10000
G0 F9600 X103.929 Y109.899
M204 S1000
G1 F1200 X117.499 Y96.329 E846.84774
M204 S10000
G0 F9600 X117.074 Y96.329
M204 S1000
G1 F1200 X103.929 Y109.474 E847.31146
M204 S10000
G0 F9600 X103.929 Y109.05
M204 S1000
G1 F1200 X116.65 Y96.329 E847.76023
M204 S10000
G0 F9600 X116.226 Y96.329
M204 S1000
G1 F1200 X103.929 Y108.626 E848.19404
M204 S10000
G0 F9600 X103.929 Y108.202
M204 S1000
G1 F1200 X115.802 Y96.329 E848.61289
M204 S10000
G0 F9600 X115.377 Y96.329
M204 S1000
G1 F1200 X103.929 Y107.777 E849.01675
M204 S10000
G0 F9600 X103.929 Y107.353
M204 S1000
G1 F1200 X114.953 Y96.329 E849.40565
M204 S10000
G0 F9600 X114.529 Y96.329
M204 S1000
G1 F1200 X103.929 Y106.929 E849.7796
M204 S10000
G0 F9600 X103.929 Y106.505
M204 S1000
G1 F1200 X114.105 Y96.329 E850.13858
M204 S10000
G0 F9600 X113.68 Y96.329
M204 S1000
G1 F1200 X103.929 Y106.08 E850.48258
M204 S10000
G0 F9600 X103.929 Y105.656
M204 S1000
G1 F1200 X113.256 Y96.329 E850.81161
M204 S10000
G0 F9600 X112.832 Y96.329
M204 S1000
G1 F1200 X103.929 Y105.232 E851.12569
M204 S10000
G0 F9600 X103.929 Y104.808
M204 S1000
G1 F1200 X112.408 Y96.329 E851.42481
M204 S10000
G0 F9600 X111.983 Y96.329
M204 S1000
G1 F1200 X103.929 Y104.383 E851.70893
M204 S10000
G0 F9600 X103.929 Y103.959
M204 S1000
G1 F1200 X111.559 Y96.329 E851.9781
M204 S10000
G0 F9600 X111.135 Y96.329
M204 S1000
G1 F1200 X103.929 Y103.535 E852.23231
M204 S10000
G0 F9600 X103.929 Y103.111
M204 S1000
G1 F1200 X110.711 Y96.329 E852.47157
M204 S10000
G0 F9600 X110.286 Y96.329
M204 S1000
G1 F1200 X103.929 Y102.686 E852.69583
M204 S10000
G0 F9600 X103.929 Y102.262
M204 S1000
G1 F1200 X109.862 Y96.329 E852.90513
M204 S10000
G0 F9600 X109.438 Y96.329
M204 S1000
G1 F1200 X103.929 Y101.838 E853.09948
M204 S10000
G0 F9600 X103.929 Y101.413
M204 S1000
G1 F1200 X109.013 Y96.329 E853.27883
M204 S10000
G0 F9600 X108.589 Y96.329
M204 S1000
G1 F1200 X103.929 Y100.989 E853.44322
M204 S10000
G0 F9600 X103.929 Y100.565
M204 S1000
G1 F1200 X108.165 Y96.329 E853.59266
M204 S10000
G0 F9600 X107.741 Y96.329
M204 S1000
G1 F1200 X103.929 Y100.141 E853.72714
M204 S10000
G0 F9600 X103.929 Y99.716
M204 S1000
G1 F1200 X107.316 Y96.329 E853.84662
M204 S10000
G0 F9600 X106.892 Y96.329
M204 S1000
G1 F1200 X103.929 Y99.292 E853.95115
M204 S10000
G0 F9600 X103.929 Y98.868
M204 S1000
G1 F1200 X106.468 Y96.329 E854.04072
M204 S10000
G0 F9600 X106.044 Y96.329
M204 S1000
G1 F1200 X103.929 Y98.444 E854.11533
M204 S10000
G0 F9600 X103.929 Y98.019
M204 S1000
G1 F1200 X105.619 Y96.329 E854.17495
M204 S10000
G0 F9600 X105.195 Y96.329
M204 S1000
G1 F1200 X103.929 Y97.595 E854.21961
M204 S10000
G0 F9600 X103.929 Y97.171
M204 S1000
G1 F1200 X104.771 Y96.329 E854.24932
M204 S10000
G0 F9600 X104.347 Y96.329
M204 S1000
G1 F1200 X103.929 Y96.747 E854.26406
M204 S10000
G0 F9600 X103.51 Y96.747
G1 F3000 E848.26406
;MESH:Bottom_panel_x3.stl
G0 F9600 X103.632 Y126.968
G0 X158.89 Y127.77
G0 X158.89 Y133.73
G0 X158.89 Y165.59
M204 S1000
;TYPE:WALL-INNER
G1 F3000 E854.26406
G1 F1800 X158.89 Y134.41 E855.04185
G1 X103.51 Y134.41 E856.42331
G1 X103.51 Y165.59 E857.2011
G1 X158.89 Y165.59 E858.58256
M204 S10000
G0 F9600 X159.19 Y165.89
M204 S1000
G1 F1800 X159.19 Y134.11 E859.37531
G1 X103.21 Y134.11 E860.77174
G1 X103.21 Y165.89 E861.5645
G1 X159.19 Y165.89 E862.96092
M204 S10000
G0 F9600 X159.49 Y166.19
M204 S1000
G1 F1800 X159.49 Y133.81 E863.76865
G1 X102.91 Y133.81 E865.18004
G1 X102.91 Y166.19 E865.98776
G1 X159.49 Y166.19 E867.39916
M204 S10000
G0 F9600 X159.74 Y166.44
M204 S1000
;TYPE:WALL-OUTER
G1 F1800 X159.74 Y133.56 E868.21935
G1 X102.66 Y133.56 E869.64322
G1 X102.66 Y166.44 E870.46341
G1 X159.74 Y166.44 E871.88728
M204 S10000
G0 F9600 X159.74 Y166.24
G0 X159.49 Y166.24
G0 X158.84 Y165.32
G0 X158.62 Y165.32
M204 S1000
;TYPE:SKIN
G1 F1200 X103.78 Y165.32 E873.25527
G1 X103.78 Y134.68 E874.01959
G1 X158.62 Y134.68 E875.38757
G1 X158.62 Y165.32 E876.15189
M204 S10000
G0 F9600 X158.119 Y165.169
M204 S1000
G1 F1200 X158.469 Y164.819 E876.16424
M204 S10000
G0 F9600 X158.469 Y164.395
M204 S1000
G1 F1200 X157.695 Y165.169 E876.19154
M204 S10000
G0 F9600 X157.271 Y165.169
M204 S1000
G1 F1200 X158.469 Y163.97 E876.23383
M204 S10000
G0 F9600 X158.469 Y163.546
M204 S1000
G1 F1200 X156.846 Y165.169 E876.29108
M204 S10000
G0 F9600 X156.422 Y165.169
M204 S1000
G1 F1200 X158.469 Y163.122 E876.36329
M204 S10000
G0 F9600 X158.469 Y162.698
M204 S1000
G1 F1200 X155.998 Y165.169 E876.45047
M204 S10000
G0 F9600 X155.574 Y165.169
M204 S1000
G1 F1200 X158.469 Y162.273 E876.55261
M204 S10000
G0 F9600 X158.469 Y161.849
M204 S1000
G1 F1200 X155.149 Y165.169 E876.66973
M204 S10000
G0 F9600 X154.725 Y165.169
M204 S1000
G1 F1200 X158.469 Y161.425 E876.80181
M204 S10000
G0 F9600 X158.469 Y161.001
M204 S1000
G1 F1200 X154.301 Y165.169 E876.94885
M204 S10000
G0 F9600 X153.877 Y165.169
M204 S1000
G1 F1200 X158.469 Y160.576 E877.11086
M204 S10000
G0 F9600 X158.469 Y160.152
M204 S1000
G1 F1200 X153.452 Y165.169 E877.28785
M204 S10000
G0 F9600 X153.028 Y165.169
M204 S1000
G1 F1200 X158.469 Y159.728 E877.4798
M204 S10000
G0 F9600 X158.469 Y159.304
M204 S1000
G1 F1200 X152.604 Y165.169 E877.6867
M204 S10000
G0 F9600 X152.179 Y165.169
M204 S1000
G1 F1200 X158.469 Y158.879 E877.9086
M204 S10000
G0 F9600 X158.469 Y158.455
M204 S1000
G1 F1200 X151.755 Y165.169 E878.14545
M204 S10000
G0 F9600 X151.331 Y165.169
M204 S1000
G1 F1200 X158.469 Y158.031 E878.39727
M204 S10000
G0 F9600 X158.469 Y157.607
M204 S1000
G1 F1200 X150.907 Y165.169 E878.66404
M204 S10000
G0 F9600 X150.482 Y165.169
M204 S1000
G1 F1200 X158.469 Y157.182 E878.9458
M204 S10000
G0 F9600 X158.469 Y156.758
M204 S1000
G1 F1200 X150.058 Y165.169 E879.24252
M204 S10000
G0 F9600 X149.634 Y165.169
M204 S1000
G1 F1200 X158.469 Y156.334 E879.5542
M204 S10000
G0 F9600 X158.469 Y155.909
M204 S1000
G1 F1200 X149.21 Y165.169 E879.88085
M204 S10000
G0 F9600 X148.785 Y165.169
M204 S1000
G1 F1200 X158.469 Y155.485 E880.22248
M204 S10000
G0 F9600 X158.469 Y155.061
M204 S1000
G1 F1200 X148.361 Y165.169 E880.57907
M204 S10000
G0 F9600 X147.937 Y165.169
M204 S1000
G1 F1200 X158.469 Y154.637 E880.95061
M204 S10000
G0 F9600 X158.469 Y154.212
M204 S1000
G1 F1200 X147.513 Y165.169 E881.33713
M204 S10000
G0 F9600 X147.088 Y165.169
M204 S1000
G1 F1200 X158.469 Y153.788 E881.73863
M204 S10000
G0 F9600 X158.469 Y153.364
M204 S1000
G1 F1200 X146.664 Y165.169 E882.15508
M204 S10000
G0 F9600 X146.24 Y165.169
M204 S1000
G1 F1200 X158.469 Y152.94 E882.58649
M204 S10000
G0 F9600 X158.469 Y152.515
M204 S1000
G1 F1200 X145.816 Y165.169 E883.03288
M204 S10000
G0 F9600 X145.391 Y165.169
M204 S1000
G1 F1200 X158.469 Y152.091 E883.49424
M204 S10000
G0 F9600 X158.469 Y151.667
M204 S1000
G1 F1200 X144.967 Y165.169 E883.97056
M204 S10000
G0 F9600 X144.543 Y165.169
M204 S1000
G1 F1200 X158.469 Y151.243 E884.46184
M204 S10000
G0 F9600 X158.469 Y150.818
M204 S1000
G1 F1200 X144.118 Y165.169 E884.96811
M204 S10000
G0 F9600 X143.694 Y165.169
M204 S1000
G1 F1200 X158.469 Y150.394 E885.48934
M204 S10000
G0 F9600 X158.469 Y149.97
M204 S1000
G1 F1200 X143.27 Y165.169 E886.02552
M204 S10000
G0 F9600 X142.846 Y165.169
M204 S1000
G1 F1200 X158.469 Y149.546 E886.57667
M204 S10000
G0 F9600 X158.469 Y149.121
M204 S1000
G1 F1200 X142.421 Y165.169 E887.1428
M204 S10000
G0 F9600 X141.997 Y165.169
M204 S1000
G1 F1200 X158.469 Y148.697 E887.7239
M204 S10000
G0 F9600 X158.469 Y148.273
M204 S1000
G1 F1200 X141.573 Y165.169 E888.31995
M204 S10000
G0 F9600 X141.149 Y165.169
M204 S1000
G1 F1200 X158.469 Y147.848 E888.93098
M204 S10000
G0 F9600 X158.469 Y147.424
M204 S1000
G1 F1200 X140.724 Y165.169 E889.55698
M204 S10000
G0 F9600 X140.3 Y165.169
M204 S1000
G1 F1200 X158.469 Y147 E890.19794
M204 S10000
G0 F9600 X158.469 Y146.576
M204 S1000
G1 F1200 X139.876 Y165.169 E890.85386
M204 S10000
G0 F9600 X139.452 Y165.169
M204 S1000
G1 F1200 X158.469 Y146.151 E891.52475
M204 S10000
G0 F9600 X158.469 Y145.727
M204 S1000
G1 F1200 X139.027 Y165.169 E892.21062
M204 S10000
G0 F9600 X138.603 Y165.169
M204 S1000
G1 F1200 X158.469 Y145.303 E892.91145
M204 S10000
G0 F9600 X158.469 Y144.879
M204 S1000
G1 F1200 X138.179 Y165.169 E893.62723
M204 S10000
G0 F9600 X137.755 Y165.169
M204 S1000
G1 F1200 X158.469 Y144.454 E894.35799
M204 S10000
G0 F9600 X158.469 Y144.03
M204 S1000
G1 F1200 X137.33 Y165.169 E895.10373
M204 S10000
G0 F9600 X136.906 Y165.169
M204 S1000
G1 F1200 X158.469 Y143.606 E895.86442
M204 S10000
G0 F9600 X158.469 Y143.182
M204 S1000
G1 F1200 X136.482 Y165.169 E896.64007
M204 S10000
G0 F9600 X136.057 Y165.169
M204 S1000
G1 F1200 X158.469 Y142.757 E897.43071
M204 S10000
G0 F9600 X158.469 Y142.333
M204 S1000
G1 F1200 X135.633 Y165.169 E898.23632
M204 S10000
G0 F9600 X135.209 Y165.169
M204 S1000
G1 F1200 X158.469 Y141.909 E899.05687
M204 S10000
G0 F9600 X158.469 Y141.484
M204 S1000
G1 F1200 X134.785 Y165.169 E899.89241
M204 S10000
G0 F9600 X134.36 Y165.169
M204 S1000
G1 F1200 X158.469 Y141.06 E900.74292
M204 S10000
G0 F9600 X158.469 Y140.636
M204 S1000
G1 F1200 X133.936 Y165.169 E901.60839
M204 S10000
G0 F9600 X133.512 Y165.169
M204 S1000
G1 F1200 X158.469 Y140.212 E902.48881
M204 S10000
G0 F9600 X158.469 Y139.787
M204 S1000
G1 F1200 X133.088 Y165.169 E903.38421
M204 S10000
G0 F9600 X132.663 Y165.169
M204 S1000
G1 F1200 X158.469 Y139.363 E904.29459
M204 S10000
G0 F9600 X158.469 Y138.939
M204 S1000
G1 F1200 X132.239 Y165.169 E905.21992
M204 S10000
G0 F9600 X131.815 Y165.169
M204 S1000
G1 F1200 X158.469 Y138.515 E906.16022
M204 S10000
G0 F9600 X158.469 Y138.09
M204 S1000
G1 F1200 X131.391 Y165.169 E907.11548
M204 S10000
G0 F9600 X130.966 Y165.169
M204 S1000
G1 F1200 X158.469 Y137.666 E908.08573
M204 S10000
G0 F9600 X158.469 Y137.242
M204 S1000
G1 F1200 X130.542 Y165.169 E909.07093
M204 S10000
G0 F9600 X130.118 Y165.169
M204 S1000
G1 F1200 X158.469 Y136.818 E910.07108
M204 S10000
G0 F9600 X158.469 Y136.393
M204 S1000
G1 F1200 X129.693 Y165.169 E911.08624
M204 S10000
G0 F9600 X129.269 Y165.169
M204 S1000
G1 F1200 X158.469 Y135.969 E912.11634
M204 S10000
G0 F9600 X158.469 Y135.545
M204 S1000
G1 F1200 X128.845 Y165.169 E913.16141
M204 S10000
G0 F9600 X128.421 Y165.169
M204 S1000
G1 F1200 X158.469 Y135.121 E914.22144
M204 S10000
G0 F9600 X158.337 Y134.828
M204 S1000
G1 F1200 X127.996 Y165.169 E915.2918
M204 S10000
G0 F9600 X127.572 Y165.169
M204 S1000
G1 F1200 X157.913 Y134.828 E916.36216
M204 S10000
G0 F9600 X157.488 Y134.828
M204 S1000
G1 F1200 X127.148 Y165.169 E917.4325
M204 S10000
G0 F9600 X126.724 Y165.169
M204 S1000
G1 F1200 X157.064 Y134.828 E918.50284
M204 S10000
G0 F9600 X156.64 Y134.828
M204 S1000
G1 F1200 X126.299 Y165.169 E919.5732
M204 S10000
G0 F9600 X125.875 Y165.169
M204 S1000
G1 F1200 X156.216 Y134.828 E920.64356
M204 S10000
G0 F9600 X155.791 Y134.828
M204 S1000
G1 F1200 X125.451 Y165.169 E921.71391
M204 S10000
G0 F9600 X125.027 Y165.169
M204 S1000
G1 F1200 X155.367 Y134.828 E922.78425
M204 S10000
G0 F9600 X154.943 Y134.828
M204 S1000
G1 F1200 X124.602 Y165.169 E923.85461
M204 S10000
G0 F9600 X124.178 Y165.169
M204 S1000
G1 F1200 X154.519 Y134.828 E924.92497
M204 S10000
G0 F9600 X154.094 Y134.828
M204 S1000
G1 F1200 X123.754 Y165.169 E925.99532
M204 S10000
G0 F9600 X123.33 Y165.169
M204 S1000
G1 F1200 X153.67 Y134.828 E927.06566
M204 S10000
G0 F9600 X153.246 Y134.828
M204 S1000
G1 F1200 X122.905 Y165.169 E928.13602
M204 S10000
G0 F9600 X122.481 Y165.169
M204 S1000
G1 F1200 X152.822 Y134.828 E929.20638
M204 S10000
G0 F9600 X152.397 Y134.828
M204 S1000
G1 F1200 X122.057 Y165.169 E930.27672
M204 S10000
G0 F9600 X121.632 Y165.169
M204 S1000
G1 F1200 X151.973 Y134.828 E931.34708
M204 S10000
G0 F9600 X151.549 Y134.828
M204 S1000
G1 F1200 X121.208 Y165.169 E932.41744
M204 S10000
G0 F9600 X120.784 Y165.169
M204 S1000
G1 F1200 X151.124 Y134.828 E933.48779
M204 S10000
G0 F9600 X150.7 Y134.828
M204 S1000
G1 F1200 X120.36 Y165.169 E934.55813
M204 S10000
G0 F9600 X119.935 Y165.169
M204 S1000
G1 F1200 X150.276 Y134.828 E935.62849
M204 S10000
G0 F9600 X149.852 Y134.828
M204 S1000
G1 F1200 X119.511 Y165.169 E936.69885
M204 S10000
G0 F9600 X119.087 Y165.169
M204 S1000
G1 F1200 X149.427 Y134.828 E937.76919
M204 S10000
G0 F9600 X149.003 Y134.828
M204 S1000
G1 F1200 X118.663 Y165.169 E938.83954
M204 S10000
G0 F9600 X118.238 Y165.169
M204 S1000
G1 F1200 X148.579 Y134.828 E939.9099
M204 S10000
G0 F9600 X148.155 Y134.828
M204 S1000
G1 F1200 X117.814 Y165.169 E940.98026
M204 S10000
G0 F9600 X117.39 Y165.169
M204 S1000
G1 F1200 X147.73 Y134.828 E942.0506
M204 S10000
G0 F9600 X147.306 Y134.828
M204 S1000
G1 F1200 X116.966 Y165.169 E943.12095
M204 S10000
G0 F9600 X116.541 Y165.169
M204 S1000
G1 F1200 X146.882 Y134.828 E944.19131
M204 S10000
G0 F9600 X146.458 Y134.828
M204 S1000
G1 F1200 X116.117 Y165.169 E945.26167
M204 S10000
G0 F9600 X115.693 Y165.169
M204 S1000
G1 F1200 X146.033 Y134.828 E946.33201
M204 S10000
G0 F9600 X145.609 Y134.828
M204 S1000
G1 F1200 X115.269 Y165.169 E947.40235
M204 S10000
G0 F9600 X114.844 Y165.169
M204 S1000
G1 F1200 X145.185 Y134.828 E948.47271
M204 S10000
G0 F9600 X144.761 Y134.828
M204 S1000
G1 F1200 X114.42 Y165.169 E949.54307
M204 S10000
G0 F9600 X113.996 Y165.169
M204 S1000
G1 F1200 X144.336 Y134.828 E950.61342
M204 S10000
G0 F9600 X143.912 Y134.828
M204 S1000
G1 F1200 X113.571 Y165.169 E951.68378
M204 S10000
G0 F9600 X113.147 Y165.169
M204 S1000
G1 F1200 X143.488 Y134.828 E952.75414
M204 S10000
G0 F9600 X143.063 Y134.828
M204 S1000
G1 F1200 X112.723 Y165.169 E953.82448
M204 S10000
G0 F9600 X112.299 Y165.169
M204 S1000
G1 F1200 X142.639 Y134.828 E954.89482
M204 S10000
G0 F9600 X142.215 Y134.828
M204 S1000
G1 F1200 X111.874 Y165.169 E955.96519
M204 S10000
G0 F9600 X111.45 Y165.169
M204 S1000
G1 F1200 X141.791 Y134.828 E957.03555
M204 S10000
G0 F9600 X141.366 Y134.828
M204 S1000
G1 F1200 X111.026 Y165.169 E958.10589
M204 S10000
G0 F9600 X110.602 Y165.169
M204 S1000
G1 F1200 X140.942 Y134.828 E959.17623
M204 S10000
G0 F9600 X140.518 Y134.828
M204 S1000
G1 F1200 X110.177 Y165.169 E960.24659
M204 S10000
G0 F9600 X109.753 Y165.169
M204 S1000
G1 F1200 X140.094 Y134.828 E961.31695
M204 S10000
G0 F9600 X139.669 Y134.828
M204 S1000
G1 F1200 X109.329 Y165.169 E962.3873
M204 S10000
G0 F9600 X108.905 Y165.169
M204 S1000
G1 F1200 X139.245 Y134.828 E963.45764
M204 S10000
G0 F9600 X138.821 Y134.828
M204 S1000
G1 F1200 X108.48 Y165.169 E964.528
M204 S10000
G0 F9600 X108.056 Y165.169
M204 S1000
G1 F1200 X138.397 Y134.828 E965.59836
M204 S10000
G0 F9600 X137.972 Y134.828
M204 S1000
G1 F1200 X107.632 Y165.169 E966.6687
M204 S10000
G0 F9600 X107.207 Y165.169
M204 S1000
G1 F1200 X137.548 Y134.828 E967.73907
M204 S10000
G0 F9600 X137.124 Y134.828
M204 S1000
G1 F1200 X106.783 Y165.169 E968.80943
M204 S10000
G0 F9600 X106.359 Y165.169
M204 S1000
G1 F1200 X136.7 Y134.828 E969.87979
M204 S10000
G0 F9600 X136.275 Y134.828
M204 S1000
G1 F1200 X105.935 Y165.169 E970.95013
M204 S10000
G0 F9600 X105.51 Y165.169
M204 S1000
G1 F1200 X135.851 Y134.828 E972.02049
M204 S10000
G0 F9600 X135.427 Y134.828
M204 S1000
G1 F1200 X105.086 Y165.169 E973.09085
M204 S10000
G0 F9600 X104.662 Y165.169
M204 S1000
G1 F1200 X135.002 Y134.828 E974.16119
M204 S10000
G0 F9600 X134.578 Y134.828
M204 S1000
G1 F1200 X104.238 Y165.169 E975.23154
M204 S10000
G0 F9600 X103.929 Y165.053
M204 S1000
G1 F1200 X134.154 Y134.828 E976.29781
M204 S10000
G0 F9600 X133.73 Y134.828
M204 S1000
G1 F1200 X103.929 Y164.629 E977.34912
M204 S10000
G0 F9600 X103.929 Y164.205
M204 S1000
G1 F1200 X133.305 Y134.828 E978.38545
M204 S10000
G0 F9600 X132.881 Y134.828
M204 S1000
G1 F1200 X103.929 Y163.78 E979.40681
M204 S10000
G0 F9600 X103.929 Y163.356
M204 S1000
G1 F1200 X132.457 Y134.828 E980.41321
M204 S10000
G0 F9600 X132.033 Y134.828
M204 S1000
G1 F1200 X103.929 Y162.932 E981.40466
M204 S10000
G0 F9600 X103.929 Y162.507
M204 S1000
G1 F1200 X131.608 Y134.828 E982.38111
M204 S10000
G0 F9600 X131.184 Y134.828
M204 S1000
G1 F1200 X103.929 Y162.083 E983.3426
M204 S10000
G0 F9600 X103.929 Y161.659
M204 S1000
G1 F1200 X130.76 Y134.828 E984.28914
M204 S10000
G0 F9600 X130.336 Y134.828
M204 S1000
G1 F1200 X103.929 Y161.235 E985.22072
M204 S10000
G0 F9600 X103.929 Y160.81
M204 S1000
G1 F1200 X129.911 Y134.828 E986.1373
M204 S10000
G0 F9600 X129.487 Y134.828
M204 S1000
G1 F1200 X103.929 Y160.386 E987.03893
M204 S10000
G0 F9600 X103.929 Y159.962
M204 S1000
G1 F1200 X129.063 Y134.828 E987.9256
M204 S10000
G0 F9600 X128.638 Y134.828
M204 S1000
G1 F1200 X103.929 Y159.538 E988.79729
M204 S10000
G0 F9600 X103.929 Y159.113
M204 S1000
G1 F1200 X128.214 Y134.828 E989.65401
M204 S10000
G0 F9600 X127.79 Y134.828
M204 S1000
G1 F1200 X103.929 Y158.689 E990.49578
M204 S10000
G0 F9600 X103.929 Y158.265
M204 S1000
G1 F1200 X127.366 Y134.828 E991.32258
M204 S10000
G0 F9600 X126.941 Y134.828
M204 S1000
G1 F1200 X103.929 Y157.841 E992.13441
M204 S10000
G0 F9600 X103.929 Y157.416
M204 S1000
G1 F1200 X126.517 Y134.828 E992.93126
M204 S10000
G0 F9600 X126.093 Y134.828
M204 S1000
G1 F1200 X103.929 Y156.992 E993.71315
M204 S10000
G0 F9600 X103.929 Y156.568
M204 S1000
G1 F1200 X125.669 Y134.828 E994.48009
M204 S10000
G0 F9600 X125.244 Y134.828
M204 S1000
G1 F1200 X103.929 Y156.144 E995.23205
M204 S10000
G0 F9600 X103.929 Y155.719
M204 S1000
G1 F1200 X124.82 Y134.828 E995.96904
M204 S10000
G0 F9600 X124.396 Y134.828
M204 S1000
G1 F1200 X103.929 Y155.295 E996.69107
M204 S10000
G0 F9600 X103.929 Y154.871
M204 S1000
G1 F1200 X123.972 Y134.828 E997.39814
M204 S10000
G0 F9600 X123.547 Y134.828
M204 S1000
G1 F1200 X103.929 Y154.446 E998.09022
M204 S10000
G0 F9600 X103.929 Y154.022
M204 S1000
G1 F1200 X123.123 Y134.828 E998.76734
M204 S10000
G0 F9600 X122.699 Y134.828
M204 S1000
G1 F1200 X103.929 Y153.598 E999.4295
M204 S10000
G0 F9600 X103.929 Y153.174
M204 S1000
G1 F1200 X122.275 Y134.828 E1000.0767
M204 S10000
G0 F9600 X121.85 Y134.828
M204 S1000
G1 F1200 X103.929 Y152.749 E1000.70892
M204 S10000
G0 F9600 X103.929 Y152.325
M204 S1000
G1 F1200 X121.426 Y134.828 E1001.32617
M204 S10000
G0 F9600 X121.002 Y134.828
M204 S1000
G1 F1200 X103.929 Y151.901 E1001.92847
M204 S10000
G0 F9600 X103.929 Y151.477
M204 S1000
G1 F1200 X120.577 Y134.828 E1002.51579
M204 S10000
G0 F9600 X120.153 Y134.828
M204 S1000
G1 F1200 X103.929 Y151.052 E1003.08813
M204 S10000
G0 F9600 X103.929 Y150.628
M204 S1000
G1 F1200 X119.729 Y134.828 E1003.64552
M204 S10000
G0 F9600 X119.305 Y134.828
M204 S1000
G1 F1200 X103.929 Y150.204 E1004.18795
M204 S10000
G0 F9600 X103.929 Y149.78
M204 S1000
G1 F1200 X118.88 Y134.828 E1004.7154
M204 S10000
G0 F9600 X118.456 Y134.828
M204 S1000
G1 F1200 X103.929 Y149.355 E1005.22788
M204 S10000
G0 F9600 X103.929 Y148.931
M204 S1000
G1 F1200 X118.032 Y134.828 E1005.72541
M204 S10000
G0 F9600 X117.608 Y134.828
M204 S1000
G1 F1200 X103.929 Y148.507 E1006.20797
M204 S10000
G0 F9600 X103.929 Y148.083
M204 S1000
G1 F1200 X117.183 Y134.828 E1006.67556
M204 S10000
G0 F9600 X116.759 Y134.828
M204 S1000
G1 F1200 X103.929 Y147.658 E1007.12817
M204 S10000
G0 F9600 X103.929 Y147.234
M204 S1000
G1 F1200 X116.335 Y134.828 E1007.56583
M204 S10000
G0 F9600 X115.911 Y134.828
M204 S1000
G1 F1200 X103.929 Y146.81 E1007.98852
M204 S10000
G0 F9600 X103.929 Y146.385
M204 S1000
G1 F1200 X115.486 Y134.828 E1008.39623
M204 S10000
G0 F9600 X115.062 Y134.828
M204 S1000
G1 F1200 X103.929 Y145.961 E1008.78897
M204 S10000
G0 F9600 X103.929 Y145.537
M204 S1000
G1 F1200 X114.638 Y134.828 E1009.16676
M204 S10000
G0 F9600 X114.214 Y134.828
M204 S1000
G1 F1200 X103.929 Y145.113 E1009.52959
M204 S10000
G0 F9600 X103.929 Y144.688
M204 S1000
G1 F1200 X113.789 Y134.828 E1009.87743
M204 S10000
G0 F9600 X113.365 Y134.828
M204 S1000
G1 F1200 X103.929 Y144.264 E1010.21031
M204 S10000
G0 F9600 X103.929 Y143.84
M204 S1000
G1 F1200 X112.941 Y134.828 E1010.52823
M204 S10000
G0 F9600 X112.516 Y134.828
M204 S1000
G1 F1200 X103.929 Y143.416 E1010.83118
M204 S10000
G0 F9600 X103.929 Y142.991
M204 S1000
G1 F1200 X112.092 Y134.828 E1011.11915
M204 S10000
G0 F9600 X111.668 Y134.828
M204 S1000
G1 F1200 X103.929 Y142.567 E1011.39217
M204 S10000
G0 F9600 X103.929 Y142.143
M204 S1000
G1 F1200 X111.244 Y134.828 E1011.65022
M204 S10000
G0 F9600 X110.819 Y134.828
M204 S1000
G1 F1200 X103.929 Y141.719 E1011.89331
M204 S10000
G0 F9600 X103.929 Y141.294
M204 S1000
G1 F1200 X110.395 Y134.828 E1012.12141
M204 S10000
G0 F9600 X109.971 Y134.828
M204 S1000
G1 F1200 X103.929 Y140.87 E1012.33456
M204 S10000
G0 F9600 X103.929 Y140.446
M204 S1000
G1 F1200 X109.547 Y134.828 E1012.53275
M204 S10000
G0 F9600 X109.122 Y134.828
M204 S1000
G1 F1200 X103.929 Y140.021 E1012.71595
M204 S10000
G0 F9600 X103.929 Y139.597
M204 S1000
G1 F1200 X108.698 Y134.828 E1012.88419
M204 S10000
G0 F9600 X108.274 Y134.828
M204 S1000
G1 F1200 X103.929 Y139.173 E1013.03747
M204 S10000
G0 F9600 X103.929 Y138.749
M204 S1000
G1 F1200 X107.85 Y134.828 E1013.17579
M204 S10000
G0 F9600 X107.425 Y134.828
M204 S1000
G1 F1200 X103.929 Y138.324 E1013.29912
M204 S10000
G0 F9600 X103.929 Y137.9
M204 S1000
G1 F1200 X107.001 Y134.828 E1013.4075
M204 S10000
G0 F9600 X106.577 Y134.828
M204 S1000
G1 F1200 X103.929 Y137.476 E1013.50091
M204 S10000
G0 F9600 X103.929 Y137.052
M204 S1000
G1 F1200 X106.152 Y134.828 E1013.57935
M204 S10000
G0 F9600 X105.728 Y134.828
M204 S1000
G1 F1200 X103.929 Y136.627 E1013.64281
M204 S10000
G0 F9600 X103.929 Y136.203
M204 S1000
G1 F1200 X105.304 Y134.828 E1013.69132
M204 S10000
G0 F9600 X104.88 Y134.828
M204 S1000
G1 F1200 X103.929 Y135.779 E1013.72487
M204 S10000
G0 F9600 X103.929 Y135.355
M204 S1000
G1 F1200 X104.455 Y134.828 E1013.74344
M204 S10000
G0 F9600 X104.031 Y134.828
M204 S1000
G1 F1200 X103.929 Y134.93 E1013.74704
M204 S10000
G0 F9600 X103.51 Y134.93
G1 F3000 E1007.74704
;MESH:Bottom_panel_x3.stl(1)
G0 F9600 X103.632 Y165.468
G0 X158.89 Y166.27
G0 X158.89 Y172.231
G0 X158.89 Y204.091
M204 S1000
;TYPE:WALL-INNER
G1 F3000 E1013.74704
G1 F1800 X158.89 Y172.911 E1014.52483
G1 X103.51 Y172.911 E1015.90629
G1 X103.51 Y204.091 E1016.68408
G1 X158.89 Y204.091 E1018.06554
M204 S10000
G0 F9600 X159.19 Y204.391
M204 S1000
G1 F1800 X159.19 Y172.611 E1018.85829
G1 X103.21 Y172.611 E1020.25472
G1 X103.21 Y204.391 E1021.04748
G1 X159.19 Y204.391 E1022.4439
M204 S10000
G0 F9600 X159.49 Y204.691
M204 S1000
G1 F1800 X159.49 Y172.311 E1023.25163
G1 X102.91 Y172.311 E1024.66302
G1 X102.91 Y204.691 E1025.47074
G1 X159.49 Y204.691 E1026.88214
M204 S10000
G0 F9600 X159.74 Y204.941
M204 S1000
;TYPE:WALL-OUTER
G1 F1800 X159.74 Y172.061 E1027.70233
G1 X102.66 Y172.061 E1029.1262
G1 X102.66 Y204.941 E1029.94639
G1 X159.74 Y204.941 E1031.37026
M204 S10000
G0 F9600 X159.74 Y204.741
G0 X159.49 Y204.741
G0 X158.84 Y203.821
G0 X158.62 Y203.821
M204 S1000
;TYPE:SKIN
G1 F1200 X103.78 Y203.821 E1032.73825
G1 X103.78 Y173.181 E1033.50257
G1 X158.62 Y173.181 E1034.87055
G1 X158.62 Y203.821 E1035.63487
M204 S10000
G0 F9600 X158.227 Y203.67
M204 S1000
G1 F1200 X158.469 Y203.427 E1035.64343
M204 S10000
G0 F9600 X158.469 Y203.003
M204 S1000
G1 F1200 X157.802 Y203.67 E1035.66696
M204 S10000
G0 F9600 X157.378 Y203.67
M204 S1000
G1 F1200 X158.469 Y202.579 E1035.70545
M204 S10000
G0 F9600 X158.469 Y202.154
M204 S1000
G1 F1200 X156.954 Y203.67 E1035.75891
M204 S10000
G0 F9600 X156.53 Y203.67
M204 S1000
G1 F1200 X158.469 Y201.73 E1035.82733
M204 S10000
G0 F9600 X158.469 Y201.306
M204 S1000
G1 F1200 X156.105 Y203.67 E1035.91073
M204 S10000
G0 F9600 X155.681 Y203.67
M204 S1000
G1 F1200 X158.469 Y200.881 E1036.0091
M204 S10000
G0 F9600 X158.469 Y200.457
M204 S1000
G1 F1200 X155.257 Y203.67 E1036.12243
M204 S10000
G0 F9600 X154.833 Y203.67
M204 S1000
G1 F1200 X158.469 Y200.033 E1036.25072
M204 S10000
G0 F9600 X158.469 Y199.609
M204 S1000
G1 F1200 X154.408 Y203.67 E1036.39398
M204 S10000
G0 F9600 X153.984 Y203.67
M204 S1000
G1 F1200 X158.469 Y199.184 E1036.55222
M204 S10000
G0 F9600 X158.469 Y198.76
M204 S1000
G1 F1200 X153.56 Y203.67 E1036.72541
M204 S10000
G0 F9600 X153.135 Y203.67
M204 S1000
G1 F1200 X158.469 Y198.336 E1036.91358
M204 S10000
G0 F9600 X158.469 Y197.912
M204 S1000
G1 F1200 X152.711 Y203.67 E1037.11671
M204 S10000
G0 F9600 X152.287 Y203.67
M204 S1000
G1 F1200 X158.469 Y197.487 E1037.33482
M204 S10000
G0 F9600 X158.469 Y197.063
M204 S1000
G1 F1200 X151.863 Y203.67 E1037.56788
M204 S10000
G0 F9600 X151.438 Y203.67
M204 S1000
G1 F1200 X158.469 Y196.639 E1037.81592
M204 S10000
G0 F9600 X158.469 Y196.215
M204 S1000
G1 F1200 X151.014 Y203.67 E1038.07891
M204 S10000
G0 F9600 X150.59 Y203.67
M204 S1000
G1 F1200 X158.469 Y195.79 E1038.35688
M204 S10000
G0 F9600 X158.469 Y195.366
M204 S1000
G1 F1200 X150.166 Y203.67 E1038.64981
M204 S10000
G0 F9600 X149.741 Y203.67
M204 S1000
G1 F1200 X158.469 Y194.942 E1038.95771
M204 S10000
G0 F9600 X158.469 Y194.518
M204 S1000
G1 F1200 X149.317 Y203.67 E1039.28058
M204 S10000
G0 F9600 X148.893 Y203.67
M204 S1000
G1 F1200 X158.469 Y194.093 E1039.61841
M204 S10000
G0 F9600 X158.469 Y193.669
M204 S1000
G1 F1200 X148.469 Y203.67 E1039.97121
M204 S10000
G0 F9600 X148.044 Y203.67
M204 S1000
G1 F1200 X158.469 Y193.245 E1040.33898
M204 S10000
G0 F9600 X158.469 Y192.82
M204 S1000
G1 F1200 X147.62 Y203.67 E1040.72172
M204 S10000
G0 F9600 X147.196 Y203.67
M204 S1000
G1 F1200 X158.469 Y192.396 E1041.11943
M204 S10000
G0 F9600 X158.469 Y191.972
M204 S1000
G1 F1200 X146.772 Y203.67 E1041.53209
M204 S10000
G0 F9600 X146.347 Y203.67
M204 S1000
G1 F1200 X158.469 Y191.548 E1041.95972
M204 S10000
G0 F9600 X158.469 Y191.123
M204 S1000
G1 F1200 X145.923 Y203.67 E1042.40234
M204 S10000
G0 F9600 X145.499 Y203.67
M204 S1000
G1 F1200 X158.469 Y190.699 E1042.8599
M204 S10000
G0 F9600 X158.469 Y190.275
M204 S1000
G1 F1200 X145.074 Y203.67 E1043.33245
M204 S10000
G0 F9600 X144.65 Y203.67
M204 S1000
G1 F1200 X158.469 Y189.851 E1043.81995
M204 S10000
G0 F9600 X158.469 Y189.426
M204 S1000
G1 F1200 X144.226 Y203.67 E1044.32243
M204 S10000
G0 F9600 X143.802 Y203.67
M204 S1000
G1 F1200 X158.469 Y189.002 E1044.83987
M204 S10000
G0 F9600 X158.469 Y188.578
M204 S1000
G1 F1200 X143.377 Y203.67 E1045.37228
M204 S10000
G0 F9600 X142.953 Y203.67
M204 S1000
G1 F1200 X158.469 Y188.154 E1045.91965
M204 S10000
G0 F9600 X158.469 Y187.729
M204 S1000
G1 F1200 X142.529 Y203.67 E1046.48199
M204 S10000
G0 F9600 X142.105 Y203.67
M204 S1000
G1 F1200 X158.469 Y187.305 E1047.05929
M204 S10000
G0 F9600 X158.469 Y186.881
M204 S1000
G1 F1200 X141.68 Y203.67 E1047.65157
M204 S10000
G0 F9600 X141.256 Y203.67
M204 S1000
G1 F1200 X158.469 Y186.456 E1048.25882
M204 S10000
G0 F9600 X158.469 Y186.032
M204 S1000
G1 F1200 X140.832 Y203.67 E1048.88103
M204 S10000
G0 F9600 X140.408 Y203.67
M204 S1000
G1 F1200 X158.469 Y185.608 E1049.5182
M204 S10000
G0 F9600 X158.469 Y185.184
M204 S1000
G1 F1200 X139.983 Y203.67 E1050.17034
M204 S10000
G0 F9600 X139.559 Y203.67
M204 S1000
G1 F1200 X158.469 Y184.759 E1050.83746
M204 S10000
G0 F9600 X158.469 Y184.335
M204 S1000
G1 F1200 X139.135 Y203.67 E1051.51954
M204 S10000
G0 F9600 X138.711 Y203.67
M204 S1000
G1 F1200 X158.469 Y183.911 E1052.21657
M204 S10000
G0 F9600 X158.469 Y183.487
M204 S1000
G1 F1200 X138.286 Y203.67 E1052.92858
M204 S10000
G0 F9600 X137.862 Y203.67
M204 S1000
G1 F1200 X158.469 Y183.062 E1053.65557
M204 S10000
G0 F9600 X158.469 Y182.638
M204 S1000
G1 F1200 X137.438 Y203.67 E1054.39751
M204 S10000
G0 F9600 X137.013 Y203.67
M204 S1000
G1 F1200 X158.469 Y182.214 E1055.15443
M204 S10000
G0 F9600 X158.469 Y181.79
M204 S1000
G1 F1200 X136.589 Y203.67 E1055.92631
M204 S10000
G0 F9600 X136.165 Y203.67
M204 S1000
G1 F1200 X158.469 Y181.365 E1056.71316
M204 S10000
G0 F9600 X158.469 Y180.941
M204 S1000
G1 F1200 X135.741 Y203.67 E1057.51497
M204 S10000
G0 F9600 X135.316 Y203.67
M204 S1000
G1 F1200 X158.469 Y180.517 E1058.33175
M204 S10000
G0 F9600 X158.469 Y180.093
M204 S1000
G1 F1200 X134.892 Y203.67 E1059.16349
M204 S10000
G0 F9600 X134.468 Y203.67
M204 S1000
G1 F1200 X158.469 Y179.668 E1060.01021
M204 S10000
G0 F9600 X158.469 Y179.244
M204 S1000
G1 F1200 X134.044 Y203.67 E1060.87189
M204 S10000
G0 F9600 X133.619 Y203.67
M204 S1000
G1 F1200 X158.469 Y178.82 E1061.74854
M204 S10000
G0 F9600 X158.469 Y178.395
M204 S1000
G1 F1200 X133.195 Y203.67 E1062.64016
M204 S10000
G0 F9600 X132.771 Y203.67
M204 S1000
G1 F1200 X158.469 Y177.971 E1063.54675
M204 S10000
G0 F9600 X158.469 Y177.547
M204 S1000
G1 F1200 X132.347 Y203.67 E1064.46829
M204 S10000
G0 F9600 X131.922 Y203.67
M204 S1000
G1 F1200 X158.469 Y177.123 E1065.40481
M204 S10000
G0 F9600 X158.469 Y176.698
M204 S1000
G1 F1200 X131.498 Y203.67 E1066.3563
M204 S10000
G0 F9600 X131.074 Y203.67
M204 S1000
G1 F1200 X158.469 Y176.274 E1067.32275
M204 S10000
G0 F9600 X158.469 Y175.85
M204 S1000
G1 F1200 X130.649 Y203.67 E1068.30418
M204 S10000
G0 F9600 X130.225 Y203.67
M204 S1000
G1 F1200 X158.469 Y175.426 E1069.30056
M204 S10000
G0 F9600 X158.469 Y175.001
M204 S1000
G1 F1200 X129.801 Y203.67 E1070.31192
M204 S10000
G0 F9600 X129.377 Y203.67
M204 S1000
G1 F1200 X158.469 Y174.577 E1071.33823
M204 S10000
G0 F9600 X158.469 Y174.153
M204 S1000
G1 F1200 X128.952 Y203.67 E1072.37953
M204 S10000
G0 F9600 X128.528 Y203.67
M204 S1000
G1 F1200 X158.469 Y173.729 E1073.43578
M204 S10000
G0 F9600 X158.444 Y173.33
M204 S1000
G1 F1200 X128.104 Y203.67 E1074.5061
M204 S10000
G0 F9600 X127.68 Y203.67
M204 S1000
G1 F1200 X158.019 Y173.33 E1075.57641
M204 S10000
G0 F9600 X157.595 Y173.33
M204 S1000
G1 F1200 X127.255 Y203.67 E1076.64673
M204 S10000
G0 F9600 X126.831 Y203.67
M204 S1000
G1 F1200 X157.171 Y173.33 E1077.71706
M204 S10000
G0 F9600 X156.747 Y173.33
M204 S1000
G1 F1200 X126.407 Y203.67 E1078.78738
M204 S10000
G0 F9600 X125.983 Y203.67
M204 S1000
G1 F1200 X156.322 Y173.33 E1079.85769
M204 S10000
G0 F9600 X155.898 Y173.33
M204 S1000
G1 F1200 X125.558 Y203.67 E1080.92802
M204 S10000
G0 F9600 X125.134 Y203.67
M204 S1000
G1 F1200 X155.474 Y173.33 E1081.99834
M204 S10000
G0 F9600 X155.05 Y173.33
M204 S1000
G1 F1200 X124.71 Y203.67 E1083.06867
M204 S10000
G0 F9600 X124.286 Y203.67
M204 S1000
G1 F1200 X154.625 Y173.33 E1084.13898
M204 S10000
G0 F9600 X154.201 Y173.33
M204 S1000
G1 F1200 X123.861 Y203.67 E1085.2093
M204 S10000
G0 F9600 X123.437 Y203.67
M204 S1000
G1 F1200 X153.777 Y173.33 E1086.27963
M204 S10000
G0 F9600 X153.353 Y173.33
M204 S1000
G1 F1200 X123.013 Y203.67 E1087.34995
M204 S10000
G0 F9600 X122.588 Y203.67
M204 S1000
G1 F1200 X152.928 Y173.33 E1088.42028
M204 S10000
G0 F9600 X152.504 Y173.33
M204 S1000
G1 F1200 X122.164 Y203.67 E1089.4906
M204 S10000
G0 F9600 X121.74 Y203.67
M204 S1000
G1 F1200 X152.08 Y173.33 E1090.56093
M204 S10000
G0 F9600 X151.656 Y173.33
M204 S1000
G1 F1200 X121.316 Y203.67 E1091.63125
M204 S10000
G0 F9600 X120.891 Y203.67
M204 S1000
G1 F1200 X151.231 Y173.33 E1092.70158
M204 S10000
G0 F9600 X150.807 Y173.33
M204 S1000
G1 F1200 X120.467 Y203.67 E1093.77191
M204 S10000
G0 F9600 X120.043 Y203.67
M204 S1000
G1 F1200 X150.383 Y173.33 E1094.84223
M204 S10000
G0 F9600 X149.958 Y173.33
M204 S1000
G1 F1200 X119.619 Y203.67 E1095.91254
M204 S10000
G0 F9600 X119.194 Y203.67
M204 S1000
G1 F1200 X149.534 Y173.33 E1096.98286
M204 S10000
G0 F9600 X149.11 Y173.33
M204 S1000
G1 F1200 X118.77 Y203.67 E1098.05319
M204 S10000
G0 F9600 X118.346 Y203.67
M204 S1000
G1 F1200 X148.686 Y173.33 E1099.12352
M204 S10000
G0 F9600 X148.261 Y173.33
M204 S1000
G1 F1200 X117.922 Y203.67 E1100.19382
M204 S10000
G0 F9600 X117.497 Y203.67
M204 S1000
G1 F1200 X147.837 Y173.33 E1101.26415
M204 S10000
G0 F9600 X147.413 Y173.33
M204 S1000
G1 F1200 X117.073 Y203.67 E1102.33447
M204 S10000
G0 F9600 X116.649 Y203.67
M204 S1000
G1 F1200 X146.989 Y173.33 E1103.4048
M204 S10000
G0 F9600 X146.564 Y173.33
M204 S1000
G1 F1200 X116.225 Y203.67 E1104.47511
M204 S10000
G0 F9600 X115.8 Y203.67
M204 S1000
G1 F1200 X146.14 Y173.33 E1105.54543
M204 S10000
G0 F9600 X145.716 Y173.33
M204 S1000
G1 F1200 X115.376 Y203.67 E1106.61576
M204 S10000
G0 F9600 X114.952 Y203.67
M204 S1000
G1 F1200 X145.292 Y173.33 E1107.68608
M204 S10000
G0 F9600 X144.867 Y173.33
M204 S1000
G1 F1200 X114.527 Y203.67 E1108.75641
M204 S10000
G0 F9600 X114.103 Y203.67
M204 S1000
G1 F1200 X144.443 Y173.33 E1109.82673
M204 S10000
G0 F9600 X144.019 Y173.33
M204 S1000
G1 F1200 X113.679 Y203.67 E1110.89706
M204 S10000
G0 F9600 X113.255 Y203.67
M204 S1000
G1 F1200 X143.595 Y173.33 E1111.96739
M204 S10000
G0 F9600 X143.17 Y173.33
M204 S1000
G1 F1200 X112.83 Y203.67 E1113.03771
M204 S10000
G0 F9600 X112.406 Y203.67
M204 S1000
G1 F1200 X142.746 Y173.33 E1114.10804
M204 S10000
G0 F9600 X142.322 Y173.33
M204 S1000
G1 F1200 X111.982 Y203.67 E1115.17836
M204 S10000
G0 F9600 X111.558 Y203.67
M204 S1000
G1 F1200 X141.897 Y173.33 E1116.24867
M204 S10000
G0 F9600 X141.473 Y173.33
M204 S1000
G1 F1200 X111.133 Y203.67 E1117.31899
M204 S10000
G0 F9600 X110.709 Y203.67
M204 S1000
G1 F1200 X141.049 Y173.33 E1118.38932
M204 S10000
G0 F9600 X140.625 Y173.33
M204 S1000
G1 F1200 X110.285 Y203.67 E1119.45965
M204 S10000
G0 F9600 X109.861 Y203.67
M204 S1000
G1 F1200 X140.2 Y173.33 E1120.52995
M204 S10000
G0 F9600 X139.776 Y173.33
M204 S1000
G1 F1200 X109.436 Y203.67 E1121.60028
M204 S10000
G0 F9600 X109.012 Y203.67
M204 S1000
G1 F1200 X139.352 Y173.33 E1122.6706
M204 S10000
G0 F9600 X138.928 Y173.33
M204 S1000
G1 F1200 X108.588 Y203.67 E1123.74093
M204 S10000
G0 F9600 X108.164 Y203.67
M204 S1000
G1 F1200 X138.503 Y173.33 E1124.81124
M204 S10000
G0 F9600 X138.079 Y173.33
M204 S1000
G1 F1200 X107.739 Y203.67 E1125.88156
M204 S10000
G0 F9600 X107.315 Y203.67
M204 S1000
G1 F1200 X137.655 Y173.33 E1126.95189
M204 S10000
G0 F9600 X137.231 Y173.33
M204 S1000
G1 F1200 X106.891 Y203.67 E1128.02221
M204 S10000
G0 F9600 X106.466 Y203.67
M204 S1000
G1 F1200 X136.806 Y173.33 E1129.09254
M204 S10000
G0 F9600 X136.382 Y173.33
M204 S1000
G1 F1200 X106.042 Y203.67 E1130.16286
M204 S10000
G0 F9600 X105.618 Y203.67
M204 S1000
G1 F1200 X135.958 Y173.33 E1131.23319
M204 S10000
G0 F9600 X135.533 Y173.33
M204 S1000
G1 F1200 X105.194 Y203.67 E1132.3035
M204 S10000
G0 F9600 X104.769 Y203.67
M204 S1000
G1 F1200 X135.109 Y173.33 E1133.37382
M204 S10000
G0 F9600 X134.685 Y173.33
M204 S1000
G1 F1200 X104.345 Y203.67 E1134.44415
M204 S10000
G0 F9600 X103.93 Y203.66
M204 S1000
G1 F1200 X134.261 Y173.33 E1135.51414
M204 S10000
G0 F9600 X133.836 Y173.33
M204 S1000
G1 F1200 X103.93 Y203.236 E1136.56915
M204 S10000
G0 F9600 X103.93 Y202.812
M204 S1000
G1 F1200 X133.412 Y173.33 E1137.60921
M204 S10000
G0 F9600 X132.988 Y173.33
M204 S1000
G1 F1200 X103.93 Y202.388 E1138.63431
M204 S10000
G0 F9600 X103.93 Y201.963
M204 S1000
G1 F1200 X132.564 Y173.33 E1139.64443
M204 S10000
G0 F9600 X132.139 Y173.33
M204 S1000
G1 F1200 X103.93 Y201.539 E1140.63958
M204 S10000
G0 F9600 X103.93 Y201.115
M204 S1000
G1 F1200 X131.715 Y173.33 E1141.61977
M204 S10000
G0 F9600 X131.291 Y173.33
M204 S1000
G1 F1200 X103.93 Y200.691 E1142.58501
M204 S10000
G0 F9600 X103.93 Y200.266
M204 S1000
G1 F1200 X130.867 Y173.33 E1143.53527
M204 S10000
G0 F9600 X130.442 Y173.33
M204 S1000
G1 F1200 X103.93 Y199.842 E1144.47055
M204 S10000
G0 F9600 X103.93 Y199.418
M204 S1000
G1 F1200 X130.018 Y173.33 E1145.39087
M204 S10000
G0 F9600 X129.594 Y173.33
M204 S1000
G1 F1200 X103.93 Y198.993 E1146.29622
M204 S10000
G0 F9600 X103.93 Y198.569
M204 S1000
G1 F1200 X129.17 Y173.33 E1147.18661
M204 S10000
G0 F9600 X128.745 Y173.33
M204 S1000
G1 F1200 X103.93 Y198.145 E1148.06203
M204 S10000
G0 F9600 X103.93 Y197.721
M204 S1000
G1 F1200 X128.321 Y173.33 E1148.92249
M204 S10000
G0 F9600 X127.897 Y173.33
M204 S1000
G1 F1200 X103.93 Y197.296 E1149.76797
M204 S10000
G0 F9600 X103.93 Y196.872
M204 S1000
G1 F1200 X127.472 Y173.33 E1150.59848
M204 S10000
G0 F9600 X127.048 Y173.33
M204 S1000
G1 F1200 X103.93 Y196.448 E1151.41403
M204 S10000
G0 F9600 X103.93 Y196.024
M204 S1000
G1 F1200 X126.624 Y173.33 E1152.21462
M204 S10000
G0 F9600 X126.2 Y173.33
M204 S1000
G1 F1200 X103.93 Y195.599 E1153.00024
M204 S10000
G0 F9600 X103.93 Y195.175
M204 S1000
G1 F1200 X125.775 Y173.33 E1153.77088
M204 S10000
G0 F9600 X125.351 Y173.33
M204 S1000
G1 F1200 X103.93 Y194.751 E1154.52656
M204 S10000
G0 F9600 X103.93 Y194.327
M204 S1000
G1 F1200 X124.927 Y173.33 E1155.26729
M204 S10000
G0 F9600 X124.503 Y173.33
M204 S1000
G1 F1200 X103.93 Y193.902 E1155.99304
M204 S10000
G0 F9600 X103.93 Y193.478
M204 S1000
G1 F1200 X124.078 Y173.33 E1156.70381
M204 S10000
G0 F9600 X123.654 Y173.33
M204 S1000
G1 F1200 X103.93 Y193.054 E1157.39963
M204 S10000
G0 F9600 X103.93 Y192.63
M204 S1000
G1 F1200 X123.23 Y173.33 E1158.08049
M204 S10000
G0 F9600 X122.806 Y173.33
M204 S1000
G1 F1200 X103.93 Y192.205 E1158.74637
M204 S10000
G0 F9600 X103.93 Y191.781
M204 S1000
G1 F1200 X122.381 Y173.33 E1159.39728
M204 S10000
G0 F9600 X121.957 Y173.33
M204 S1000
G1 F1200 X103.93 Y191.357 E1160.03323
M204 S10000
G0 F9600 X103.93 Y190.932
M204 S1000
G1 F1200 X121.533 Y173.33 E1160.65421
M204 S10000
G0 F9600 X121.109 Y173.33
M204 S1000
G1 F1200 X103.93 Y190.508 E1161.26023
M204 S10000
G0 F9600 X103.93 Y190.084
M204 S1000
G1 F1200 X120.684 Y173.33 E1161.85127
M204 S10000
G0 F9600 X120.26 Y173.33
M204 S1000
G1 F1200 X103.93 Y189.66 E1162.42736
M204 S10000
G0 F9600 X103.93 Y189.235
M204 S1000
G1 F1200 X119.836 Y173.33 E1162.98847
M204 S10000
G0 F9600 X119.411 Y173.33
M204 S1000
G1 F1200 X103.93 Y188.811 E1163.5346
M204 S10000
G0 F9600 X103.93 Y188.387
M204 S1000
G1 F1200 X118.987 Y173.33 E1164.06578
M204 S10000
G0 F9600 X118.563 Y173.33
M204 S1000
G1 F1200 X103.93 Y187.963 E1164.58199
M204 S10000
G0 F9600 X103.93 Y187.538
M204 S1000
G1 F1200 X118.139 Y173.33 E1165.08324
M204 S10000
G0 F9600 X117.714 Y173.33
M204 S1000
G1 F1200 X103.93 Y187.114 E1165.56951
M204 S10000
G0 F9600 X103.93 Y186.69
M204 S1000
G1 F1200 X117.29 Y173.33 E1166.04082
M204 S10000
G0 F9600 X116.866 Y173.33
M204 S1000
G1 F1200 X103.93 Y186.266 E1166.49717
M204 S10000
G0 F9600 X103.93 Y185.841
M204 S1000
G1 F1200 X116.442 Y173.33 E1166.93854
M204 S10000
G0 F9600 X116.017 Y173.33
M204 S1000
G1 F1200 X103.93 Y185.417 E1167.36495
M204 S10000
G0 F9600 X103.93 Y184.993
M204 S1000
G1 F1200 X115.593 Y173.33 E1167.77639
M204 S10000
G0 F9600 X115.169 Y173.33
M204 S1000
G1 F1200 X103.93 Y184.569 E1168.17288
M204 S10000
G0 F9600 X103.93 Y184.144
M204 S1000
G1 F1200 X114.745 Y173.33 E1168.55439
M204 S10000
G0 F9600 X114.32 Y173.33
M204 S1000
G1 F1200 X103.93 Y183.72 E1168.92092
M204 S10000
G0 F9600 X103.93 Y183.296
M204 S1000
G1 F1200 X113.896 Y173.33 E1169.2725
M204 S10000
G0 F9600 X113.472 Y173.33
M204 S1000
G1 F1200 X103.93 Y182.871 E1169.6091
M204 S10000
G0 F9600 X103.93 Y182.447
M204 S1000
G1 F1200 X113.047 Y173.33 E1169.93073
M204 S10000
G0 F9600 X112.623 Y173.33
M204 S1000
G1 F1200 X103.93 Y182.023 E1170.2374
M204 S10000
G0 F9600 X103.93 Y181.599
M204 S1000
G1 F1200 X112.199 Y173.33 E1170.52911
M204 S10000
G0 F9600 X111.775 Y173.33
M204 S1000
G1 F1200 X103.93 Y181.174 E1170.80584
M204 S10000
G0 F9600 X103.93 Y180.75
M204 S1000
G1 F1200 X111.35 Y173.33 E1171.06761
M204 S10000
G0 F9600 X110.926 Y173.33
M204 S1000
G1 F1200 X103.93 Y180.326 E1171.31441
M204 S10000
G0 F9600 X103.93 Y179.902
M204 S1000
G1 F1200 X110.502 Y173.33 E1171.54625
M204 S10000
G0 F9600 X110.078 Y173.33
M204 S1000
G1 F1200 X103.93 Y179.477 E1171.76312
M204 S10000
G0 F9600 X103.93 Y179.053
M204 S1000
G1 F1200 X109.653 Y173.33 E1171.96502
M204 S10000
G0 F9600 X109.229 Y173.33
M204 S1000
G1 F1200 X103.93 Y178.629 E1172.15195
M204 S10000
G0 F9600 X103.93 Y178.205
M204 S1000
G1 F1200 X108.805 Y173.33 E1172.32393
M204 S10000
G0 F9600 X108.381 Y173.33
M204 S1000
G1 F1200 X103.93 Y177.78 E1172.48094
M204 S10000
G0 F9600 X103.93 Y177.356
M204 S1000
G1 F1200 X107.956 Y173.33 E1172.62296
M204 S10000
G0 F9600 X107.532 Y173.33
M204 S1000
G1 F1200 X103.93 Y176.932 E1172.75003
M204 S10000
G0 F9600 X103.93 Y176.507
M204 S1000
G1 F1200 X107.108 Y173.33 E1172.86213
M204 S10000
G0 F9600 X106.684 Y173.33
M204 S1000
G1 F1200 X103.93 Y176.083 E1172.95927
M204 S10000
G0 F9600 X103.93 Y175.659
M204 S1000
G1 F1200 X106.259 Y173.33 E1173.04143
M204 S10000
G0 F9600 X105.835 Y173.33
M204 S1000
G1 F1200 X103.93 Y175.235 E1173.10863
M204 S10000
G0 F9600 X103.93 Y174.81
M204 S1000
G1 F1200 X105.411 Y173.33 E1173.16086
M204 S10000
G0 F9600 X104.986 Y173.33
M204 S1000
G1 F1200 X103.93 Y174.386 E1173.19811
M204 S10000
G0 F9600 X103.93 Y173.962
M204 S1000
G1 F1200 X104.562 Y173.33 E1173.22041
M204 S10000
G0 F9600 X104.138 Y173.33
M204 S1000
G1 F1200 X103.93 Y173.538 E1173.22775
M204 S10000
G0 F9600 X103.51 Y173.538
G1 F3000 E1167.22775
;MESH:Bottom_back_panel.stl
G0 F9600 X103.632 Y173.033
G0 X158.768 Y173.033
G0 X159.57 Y177.689
G0 X165.499 Y177.689
G0 X166.18 Y177.689
M204 S1000
;TYPE:WALL-INNER
G1 F3000 E1173.22775
G1 F1800 X195.315 Y177.689 E1173.95452
G1 X195.317 Y165.149 E1174.26733
G1 X195.42 Y164.742 E1174.27781
G1 X195.662 Y164.42 E1174.28785
G1 X196.014 Y164.211 E1174.29807
G1 X196.366 Y164.15 E1174.30698
G1 X197.359 Y164.15 E1174.33175
G1 X197.358 Y135.85 E1175.0377
G1 X196.366 Y135.85 E1175.06244
G1 X196.015 Y135.79 E1175.07132
G1 X195.798 Y135.684 E1175.07735
G1 X195.575 Y135.492 E1175.08469
G1 X195.361 Y135.107 E1175.09568
G1 X195.317 Y134.851 E1175.10216
G1 X195.316 Y122.31 E1175.41499
G1 X166.18 Y122.311 E1176.14179
G1 X166.18 Y177.689 E1177.5232
M204 S10000
G0 F9600 X165.88 Y177.989
M204 S1000
G1 F1800 X195.615 Y177.989 E1178.26495
G1 X195.616 Y165.096 E1178.58656
G1 X195.759 Y164.759 E1178.59569
G1 X195.96 Y164.569 E1178.60259
G1 X196.114 Y164.493 E1178.60688
G1 X196.366 Y164.45 E1178.61325
G1 X197.659 Y164.45 E1178.64551
G1 X197.658 Y135.55 E1179.36642
G1 X196.366 Y135.55 E1179.39865
G1 X196.115 Y135.507 E1179.405
G1 X195.801 Y135.294 E1179.41447
G1 X195.66 Y135.056 E1179.42137
G1 X195.616 Y134.837 E1179.42694
G1 X195.616 Y122.01 E1179.74691
G1 X165.88 Y122.011 E1180.48868
G1 X165.88 Y177.989 E1181.88506
M204 S10000
G0 F9600 X165.58 Y178.289
M204 S1000
G1 F1800 X195.915 Y178.289 E1182.64177
G1 X195.917 Y165.157 E1182.96935
G1 X196.001 Y164.935 E1182.97527
G1 X196.122 Y164.821 E1182.97941
G1 X196.366 Y164.75 E1182.98575
G1 X197.959 Y164.75 E1183.02549
G1 X197.958 Y135.25 E1183.76137
G1 X196.366 Y135.25 E1183.80108
G1 X196.122 Y135.179 E1183.80742
G1 X196.001 Y135.065 E1183.81157
G1 X195.917 Y134.843 E1183.81749
G1 X195.916 Y121.71 E1184.14509
G1 X165.58 Y121.711 E1184.90183
G1 X165.58 Y178.289 E1186.31317
M204 S10000
G0 F9600 X165.33 Y178.539
M204 S1000
;TYPE:WALL-OUTER
G1 F1800 X196.165 Y178.539 E1187.08235
G1 X196.167 Y165.172 E1187.4158
G1 X196.257 Y165.031 E1187.41997
G1 X196.366 Y165 E1187.4228
G1 X198.209 Y165 E1187.46877
G1 X198.208 Y135 E1188.21712
G1 X196.366 Y135 E1188.26307
G1 X196.257 Y134.969 E1188.2659
G1 X196.166 Y134.867 E1188.26931
G1 X196.166 Y121.46 E1188.60375
G1 X165.33 Y121.461 E1189.37295
G1 X165.33 Y178.539 E1190.79677
M204 S10000
G0 F9600 X165.53 Y178.539
G0 X165.53 Y178.289
G0 X166.23 Y177.419
G0 X166.45 Y177.419
M204 S1000
;TYPE:SKIN
G1 F1200 X166.451 Y122.581 E1192.16471
G1 X195.046 Y122.58 E1192.87802
G1 X195.047 Y134.868 E1193.18454
G1 X195.121 Y135.245 E1193.19412
G1 X195.306 Y135.612 E1193.20438
G1 X195.634 Y135.899 E1193.21525
G1 X195.908 Y136.037 E1193.2229
G1 X196.344 Y136.118 E1193.23396
G1 X197.088 Y136.12 E1193.25252
G1 X197.089 Y163.88 E1193.945
G1 X196.345 Y163.882 E1193.96356
G1 X195.949 Y163.951 E1193.97358
G1 X195.553 Y164.142 E1193.98455
G1 X195.206 Y164.531 E1193.99756
G1 X195.049 Y165.004 E1194.00999
G1 X195.045 Y177.419 E1194.31968
G1 X166.45 Y177.419 E1195.03299
M204 S10000
G1 F3000 E1189.03299
G0 F9600 X166.23 Y177.419
G0 X195.193 Y177.567
G0 X195.265 Y177.186
G0 X194.894 Y177.185
M204 S1000
G1 F3000 E1195.03299
G1 F1200 X194.81 Y177.268 E1195.03593
M204 S10000
G0 F9600 X194.386 Y177.268
M204 S1000
G1 F1200 X194.894 Y176.761 E1195.05384
M204 S10000
G0 F9600 X194.894 Y176.336
M204 S1000
G1 F1200 X193.962 Y177.268 E1195.08671
M204 S10000
G0 F9600 X193.537 Y177.268
M204 S1000
G1 F1200 X194.894 Y175.911 E1195.13459
M204 S10000
G0 F9600 X194.894 Y175.487
M204 S1000
G1 F1200 X193.113 Y177.268 E1195.19742
M204 S10000
G0 F9600 X192.689 Y177.268
M204 S1000
G1 F1200 X194.894 Y175.063 E1195.2752
M204 S10000
G0 F9600 X194.895 Y174.638
M204 S1000
G1 F1200 X192.265 Y177.268 E1195.36798
M204 S10000
G0 F9600 X191.84 Y177.268
M204 S1000
G1 F1200 X194.895 Y174.214 E1195.47574
M204 S10000
G0 F9600 X194.895 Y173.789
M204 S1000
G1 F1200 X191.416 Y177.268 E1195.59847
M204 S10000
G0 F9600 X190.992 Y177.268
M204 S1000
G1 F1200 X194.896 Y173.364 E1195.73619
M204 S10000
G0 F9600 X194.896 Y172.94
M204 S1000
G1 F1200 X190.568 Y177.268 E1195.88888
M204 S10000
G0 F9600 X190.143 Y177.268
M204 S1000
G1 F1200 X194.896 Y172.516 E1196.05653
M204 S10000
G0 F9600 X194.897 Y172.091
M204 S1000
G1 F1200 X189.719 Y177.268 E1196.23918
M204 S10000
G0 F9600 X189.295 Y177.268
M204 S1000
G1 F1200 X194.897 Y171.667 E1196.43679
M204 S10000
G0 F9600 X194.897 Y171.242
M204 S1000
G1 F1200 X188.871 Y177.268 E1196.64938
M204 S10000
G0 F9600 X188.446 Y177.268
M204 S1000
G1 F1200 X194.897 Y170.817 E1196.87695
M204 S10000
G0 F9600 X194.897 Y170.393
M204 S1000
G1 F1200 X188.022 Y177.268 E1197.11949
M204 S10000
G0 F9600 X187.598 Y177.268
M204 S1000
G1 F1200 X194.897 Y169.969 E1197.37698
M204 S10000
G0 F9600 X194.898 Y169.544
M204 S1000
G1 F1200 X187.173 Y177.268 E1197.64948
M204 S10000
G0 F9600 X186.749 Y177.268
M204 S1000
G1 F1200 X194.898 Y169.12 E1197.93694
M204 S10000
G0 F9600 X194.898 Y168.695
M204 S1000
G1 F1200 X186.325 Y177.268 E1198.23938
M204 S10000
G0 F9600 X185.901 Y177.268
M204 S1000
G1 F1200 X194.899 Y168.27 E1198.55681
M204 S10000
G0 F9600 X194.899 Y167.846
M204 S1000
G1 F1200 X185.476 Y177.268 E1198.88921
M204 S10000
G0 F9600 X185.052 Y177.268
M204 S1000
G1 F1200 X194.899 Y167.421 E1199.23659
M204 S10000
G0 F9600 X194.899 Y166.997
M204 S1000
G1 F1200 X184.628 Y177.268 E1199.59893
M204 S10000
G0 F9600 X184.204 Y177.268
M204 S1000
G1 F1200 X194.899 Y166.573 E1199.97622
M204 S10000
G0 F9600 X194.9 Y166.148
M204 S1000
G1 F1200 X183.779 Y177.268 E1200.36853
M204 S10000
G0 F9600 X183.355 Y177.268
M204 S1000
G1 F1200 X194.9 Y165.723 E1200.77581
M204 S10000
G0 F9600 X194.9 Y165.299
M204 S1000
G1 F1200 X182.931 Y177.268 E1201.19805
M204 S10000
G0 F9600 X182.507 Y177.268
M204 S1000
G1 F1200 X194.949 Y164.826 E1201.63697
M204 S10000
G0 F9600 X195.3 Y164.943
G0 X195.559 Y164.474
G0 X196.046 Y164.157
G0 X195.983 Y163.792
M204 S1000
G1 F1200 X196.937 Y162.838 E1201.67063
M204 S10000
G0 F9600 X196.937 Y163.262
M204 S1000
G1 F1200 X196.467 Y163.732 E1201.68721
M204 S10000
G0 F9600 X196.893 Y163.73
M204 S1000
G1 F1200 X196.937 Y163.686 E1201.68876
M204 S10000
G1 F3000 E1195.68876
G0 F9600 X197.309 Y163.686
G0 X197.309 Y162.413
G0 X196.937 Y162.413
M204 S1000
G1 F3000 E1201.68876
G1 F1200 X182.082 Y177.268 E1202.21281
M204 S10000
G0 F9600 X181.658 Y177.268
M204 S1000
G1 F1200 X196.937 Y161.989 E1202.75182
M204 S10000
G0 F9600 X196.937 Y161.565
M204 S1000
G1 F1200 X181.234 Y177.268 E1203.30578
M204 S10000
G0 F9600 X180.81 Y177.268
M204 S1000
G1 F1200 X196.937 Y161.141 E1203.87471
M204 S10000
G0 F9600 X196.937 Y160.716
M204 S1000
G1 F1200 X180.385 Y177.268 E1204.45862
M204 S10000
G0 F9600 X179.961 Y177.268
M204 S1000
G1 F1200 X196.937 Y160.292 E1205.0575
M204 S10000
G0 F9600 X196.937 Y159.868
M204 S1000
G1 F1200 X179.537 Y177.268 E1205.67133
M204 S10000
G0 F9600 X179.112 Y177.268
M204 S1000
G1 F1200 X196.937 Y159.444 E1206.30014
M204 S10000
G0 F9600 X196.937 Y159.019
M204 S1000
G1 F1200 X178.688 Y177.268 E1206.94392
M204 S10000
G0 F9600 X178.264 Y177.268
M204 S1000
G1 F1200 X196.937 Y158.595 E1207.60266
M204 S10000
G0 F9600 X196.937 Y158.171
M204 S1000
G1 F1200 X177.84 Y177.268 E1208.27636
M204 S10000
G0 F9600 X177.415 Y177.268
M204 S1000
G1 F1200 X196.937 Y157.747 E1208.96503
M204 S10000
G0 F9600 X196.937 Y157.322
M204 S1000
G1 F1200 X176.991 Y177.268 E1209.66868
M204 S10000
G0 F9600 X176.567 Y177.268
M204 S1000
G1 F1200 X196.937 Y156.898 E1210.38729
M204 S10000
G0 F9600 X196.937 Y156.474
M204 S1000
G1 F1200 X176.143 Y177.268 E1211.12085
M204 S10000
G0 F9600 X175.718 Y177.268
M204 S1000
G1 F1200 X196.937 Y156.049 E1211.86941
M204 S10000
G0 F9600 X196.937 Y155.625
M204 S1000
G1 F1200 X175.294 Y177.268 E1212.63293
M204 S10000
G0 F9600 X174.87 Y177.268
M204 S1000
G1 F1200 X196.937 Y155.201 E1213.4114
M204 S10000
G0 F9600 X196.937 Y154.777
M204 S1000
G1 F1200 X174.446 Y177.268 E1214.20483
M204 S10000
G0 F9600 X174.021 Y177.268
M204 S1000
G1 F1200 X196.937 Y154.352 E1215.01325
M204 S10000
G0 F9600 X196.937 Y153.928
M204 S1000
G1 F1200 X173.597 Y177.268 E1215.83663
M204 S10000
G0 F9600 X173.173 Y177.268
M204 S1000
G1 F1200 X196.937 Y153.504 E1216.67497
M204 S10000
G0 F9600 X196.937 Y153.08
M204 S1000
G1 F1200 X172.749 Y177.268 E1217.52827
M204 S10000
G0 F9600 X172.324 Y177.268
M204 S1000
G1 F1200 X196.937 Y152.655 E1218.39656
M204 S10000
G0 F9600 X196.937 Y152.231
M204 S1000
G1 F1200 X171.9 Y177.268 E1219.27981
M204 S10000
G0 F9600 X171.476 Y177.268
M204 S1000
G1 F1200 X196.937 Y151.807 E1220.17801
M204 S10000
G0 F9600 X196.937 Y151.383
M204 S1000
G1 F1200 X171.051 Y177.268 E1221.09119
M204 S10000
G0 F9600 X170.627 Y177.268
M204 S1000
G1 F1200 X196.937 Y150.958 E1222.01935
M204 S10000
G0 F9600 X196.937 Y150.534
M204 S1000
G1 F1200 X170.203 Y177.268 E1222.96247
M204 S10000
G0 F9600 X169.779 Y177.268
M204 S1000
G1 F1200 X196.937 Y150.11 E1223.92054
M204 S10000
G0 F9600 X196.937 Y149.686
M204 S1000
G1 F1200 X169.354 Y177.268 E1224.89358
M204 S10000
G0 F9600 X168.93 Y177.268
M204 S1000
G1 F1200 X196.937 Y149.262 E1225.88159
M204 S10000
G0 F9600 X196.937 Y148.838
M204 S1000
G1 F1200 X168.506 Y177.268 E1226.88455
M204 S10000
G0 F9600 X168.082 Y177.268
M204 S1000
G1 F1200 X196.937 Y148.413 E1227.90249
M204 S10000
G0 F9600 X196.937 Y147.989
M204 S1000
G1 F1200 X167.657 Y177.268 E1228.9354
M204 S10000
G0 F9600 X167.233 Y177.268
M204 S1000
G1 F1200 X196.937 Y147.565 E1229.98327
M204 S10000
G0 F9600 X196.937 Y147.141
M204 S1000
G1 F1200 X166.809 Y177.268 E1231.0461
M204 S10000
G0 F9600 X166.6 Y177.053
M204 S1000
G1 F1200 X196.937 Y146.716 E1232.11632
M204 S10000
G0 F9600 X196.937 Y146.292
M204 S1000
G1 F1200 X166.6 Y176.629 E1233.18654
M204 S10000
G0 F9600 X166.6 Y176.205
M204 S1000
G1 F1200 X196.937 Y145.868 E1234.25676
M204 S10000
G0 F9600 X196.937 Y145.444
M204 S1000
G1 F1200 X166.6 Y175.781 E1235.32698
M204 S10000
G0 F9600 X166.6 Y175.356
M204 S1000
G1 F1200 X196.937 Y145.019 E1236.3972
M204 S10000
G0 F9600 X196.937 Y144.595
M204 S1000
G1 F1200 X166.6 Y174.932 E1237.46742
M204 S10000
G0 F9600 X166.6 Y174.508
M204 S1000
G1 F1200 X196.937 Y144.171 E1238.53764
M204 S10000
G0 F9600 X196.937 Y143.747
M204 S1000
G1 F1200 X166.6 Y174.084 E1239.60786
M204 S10000
G0 F9600 X166.6 Y173.659
M204 S1000
G1 F1200 X196.937 Y143.322 E1240.67808
M204 S10000
G0 F9600 X196.937 Y142.898
M204 S1000
G1 F1200 X166.6 Y173.235 E1241.7483
M204 S10000
G0 F9600 X166.6 Y172.811
M204 S1000
G1 F1200 X196.937 Y142.474 E1242.81852
M204 S10000
G0 F9600 X196.937 Y142.049
M204 S1000
G1 F1200 X166.6 Y172.386 E1243.88874
M204 S10000
G0 F9600 X166.6 Y171.962
M204 S1000
G1 F1200 X196.937 Y141.625 E1244.95896
M204 S10000
G0 F9600 X196.937 Y141.201
M204 S1000
G1 F1200 X166.6 Y171.538 E1246.02918
M204 S10000
G0 F9600 X166.6 Y171.114
M204 S1000
G1 F1200 X196.937 Y140.777 E1247.0994
M204 S10000
G0 F9600 X196.937 Y140.352
M204 S1000
G1 F1200 X166.6 Y170.689 E1248.16962
M204 S10000
G0 F9600 X166.6 Y170.265
M204 S1000
G1 F1200 X196.937 Y139.928 E1249.23984
M204 S10000
G0 F9600 X196.937 Y139.504
M204 S1000
G1 F1200 X166.6 Y169.841 E1250.31006
M204 S10000
G0 F9600 X166.6 Y169.417
M204 S1000
G1 F1200 X196.937 Y139.08 E1251.38028
M204 S10000
G0 F9600 X196.937 Y138.655
M204 S1000
G1 F1200 X166.6 Y168.992 E1252.4505
M204 S10000
G0 F9600 X166.6 Y168.568
M204 S1000
G1 F1200 X196.937 Y138.231 E1253.52072
M204 S10000
G0 F9600 X196.937 Y137.807
M204 S1000
G1 F1200 X166.6 Y168.144 E1254.59093
M204 S10000
G0 F9600 X166.6 Y167.72
M204 S1000
G1 F1200 X196.937 Y137.383 E1255.66115
M204 S10000
G0 F9600 X196.937 Y136.958
M204 S1000
G1 F1200 X166.6 Y167.295 E1256.73137
M204 S10000
G0 F9600 X166.6 Y166.871
M204 S1000
G1 F1200 X196.937 Y136.534 E1257.80159
M204 S10000
G0 F9600 X196.778 Y136.268
M204 S1000
G1 F1200 X166.6 Y166.447 E1258.86622
M204 S10000
G0 F9600 X166.6 Y166.023
M204 S1000
G1 F1200 X196.356 Y136.266 E1259.91596
M204 S10000
G0 F9600 X195.988 Y136.209
M204 S1000
G1 F1200 X166.6 Y165.598 E1260.95272
M204 S10000
G0 F9600 X166.6 Y165.174
M204 S1000
G1 F1200 X195.679 Y136.094 E1261.97858
M204 S10000
G0 F9600 X195.429 Y135.92
M204 S1000
G1 F1200 X166.6 Y164.75 E1262.99562
M204 S10000
G0 F9600 X166.6 Y164.325
M204 S1000
G1 F1200 X195.201 Y135.724 E1264.00459
M204 S10000
G0 F9600 X195.053 Y135.448
M204 S1000
G1 F1200 X166.6 Y163.901 E1265.00835
M204 S10000
G0 F9600 X166.6 Y163.477
M204 S1000
G1 F1200 X194.946 Y135.13 E1266.00835
M204 S10000
G0 F9600 X194.895 Y134.757
M204 S1000
G1 F1200 X166.6 Y163.053 E1267.00655
M204 S10000
G0 F9600 X166.6 Y162.628
M204 S1000
G1 F1200 X194.895 Y134.333 E1268.00473
M204 S10000
G0 F9600 X194.895 Y133.909
M204 S1000
G1 F1200 X166.6 Y162.204 E1269.00292
M204 S10000
G0 F9600 X166.6 Y161.78
M204 S1000
G1 F1200 X194.895 Y133.484 E1270.00112
M204 S10000
G0 F9600 X194.895 Y133.06
M204 S1000
G1 F1200 X166.6 Y161.356 E1270.99932
M204 S10000
G0 F9600 X166.6 Y160.931
M204 S1000
G1 F1200 X194.895 Y132.636 E1271.9975
M204 S10000
G0 F9600 X194.895 Y132.211
M204 S1000
G1 F1200 X166.6 Y160.507 E1272.9957
M204 S10000
G0 F9600 X166.6 Y160.083
M204 S1000
G1 F1200 X194.895 Y131.787 E1273.9939
M204 S10000
G0 F9600 X194.895 Y131.363
M204 S1000
G1 F1200 X166.6 Y159.659 E1274.9921
M204 S10000
G0 F9600 X166.6 Y159.234
M204 S1000
G1 F1200 X194.895 Y130.939 E1275.99028
M204 S10000
G0 F9600 X194.895 Y130.514
M204 S1000
G1 F1200 X166.6 Y158.81 E1276.98848
M204 S10000
G0 F9600 X166.6 Y158.386
M204 S1000
G1 F1200 X194.895 Y130.09 E1277.98668
M204 S10000
G0 F9600 X194.895 Y129.666
M204 S1000
G1 F1200 X166.6 Y157.961 E1278.98486
M204 S10000
G0 F9600 X166.6 Y157.537
M204 S1000
G1 F1200 X194.895 Y129.242 E1279.98305
M204 S10000
G0 F9600 X194.895 Y128.817
M204 S1000
G1 F1200 X166.6 Y157.113 E1280.98125
M204 S10000
G0 F9600 X166.6 Y156.689
M204 S1000
G1 F1200 X194.895 Y128.393 E1281.97945
M204 S10000
G0 F9600 X194.895 Y127.969
M204 S1000
G1 F1200 X166.6 Y156.264 E1282.97763
M204 S10000
G0 F9600 X166.6 Y155.84
M204 S1000
G1 F1200 X194.895 Y127.545 E1283.97581
M204 S10000
G0 F9600 X194.895 Y127.12
M204 S1000
G1 F1200 X166.6 Y155.416 E1284.97401
M204 S10000
G0 F9600 X166.6 Y154.992
M204 S1000
G1 F1200 X194.895 Y126.696 E1285.97221
M204 S10000
G0 F9600 X194.895 Y126.272
M204 S1000
G1 F1200 X166.6 Y154.567 E1286.9704
M204 S10000
G0 F9600 X166.6 Y154.143
M204 S1000
G1 F1200 X194.895 Y125.848 E1287.96858
M204 S10000
G0 F9600 X194.895 Y125.423
M204 S1000
G1 F1200 X166.6 Y153.719 E1288.96678
M204 S10000
G0 F9600 X166.6 Y153.295
M204 S1000
G1 F1200 X194.895 Y124.999 E1289.96498
M204 S10000
G0 F9600 X194.895 Y124.575
M204 S1000
G1 F1200 X166.6 Y152.87 E1290.96316
M204 S10000
G0 F9600 X166.6 Y152.446
M204 S1000
G1 F1200 X194.895 Y124.15 E1291.96136
M204 S10000
G0 F9600 X194.895 Y123.726
M204 S1000
G1 F1200 X166.6 Y152.022 E1292.95956
M204 S10000
G0 F9600 X166.6 Y151.598
M204 S1000
G1 F1200 X194.895 Y123.302 E1293.95776
M204 S10000
G0 F9600 X194.895 Y122.878
M204 S1000
G1 F1200 X166.6 Y151.173 E1294.95594
M204 S10000
G0 F9600 X166.6 Y150.749
M204 S1000
G1 F1200 X194.619 Y122.729 E1295.94441
M204 S10000
G0 F9600 X194.195 Y122.729
M204 S1000
G1 F1200 X166.6 Y150.325 E1296.91791
M204 S10000
G0 F9600 X166.6 Y149.9
M204 S1000
G1 F1200 X193.771 Y122.729 E1297.87644
M204 S10000
G0 F9600 X193.347 Y122.729
M204 S1000
G1 F1200 X166.6 Y149.476 E1298.82002
M204 S10000
G0 F9600 X166.6 Y149.052
M204 S1000
G1 F1200 X192.922 Y122.729 E1299.74861
M204 S10000
G0 F9600 X192.498 Y122.729
M204 S1000
G1 F1200 X166.6 Y148.628 E1300.66225
M204 S10000
G0 F9600 X166.6 Y148.203
M204 S1000
G1 F1200 X192.074 Y122.729 E1301.56092
M204 S10000
G0 F9600 X191.649 Y122.729
M204 S1000
G1 F1200 X166.6 Y147.779 E1302.44461
M204 S10000
G0 F9600 X166.6 Y147.355
M204 S1000
G1 F1200 X191.225 Y122.729 E1303.31334
M204 S10000
G0 F9600 X190.801 Y122.729
M204 S1000
G1 F1200 X166.6 Y146.931 E1304.16711
M204 S10000
G0 F9600 X166.6 Y146.506
M204 S1000
G1 F1200 X190.377 Y122.729 E1305.00591
M204 S10000
G0 F9600 X189.952 Y122.729
M204 S1000
G1 F1200 X166.6 Y146.082 E1305.82973
M204 S10000
G0 F9600 X166.6 Y145.658
M204 S1000
G1 F1200 X189.528 Y122.729 E1306.6386
M204 S10000
G0 F9600 X189.104 Y122.729
M204 S1000
G1 F1200 X166.6 Y145.234 E1307.4325
M204 S10000
G0 F9600 X166.6 Y144.809
M204 S1000
G1 F1200 X188.68 Y122.729 E1308.21143
M204 S10000
G0 F9600 X188.255 Y122.729
M204 S1000
G1 F1200 X166.6 Y144.385 E1308.97539
M204 S10000
G0 F9600 X166.6 Y143.961
M204 S1000
G1 F1200 X187.831 Y122.729 E1309.72439
M204 S10000
G0 F9600 X187.407 Y122.729
M204 S1000
G1 F1200 X166.6 Y143.537 E1310.45843
M204 S10000
G0 F9600 X166.6 Y143.112
M204 S1000
G1 F1200 X186.983 Y122.729 E1311.1775
M204 S10000
G0 F9600 X186.558 Y122.729
M204 S1000
G1 F1200 X166.6 Y142.688 E1311.88159
M204 S10000
G0 F9600 X166.6 Y142.264
M204 S1000
G1 F1200 X186.134 Y122.729 E1312.57072
M204 S10000
G0 F9600 X185.71 Y122.729
M204 S1000
G1 F1200 X166.6 Y141.839 E1313.24487
M204 S10000
G0 F9600 X166.6 Y141.415
M204 S1000
G1 F1200 X185.286 Y122.729 E1313.90407
M204 S10000
G0 F9600 X184.861 Y122.729
M204 S1000
G1 F1200 X166.6 Y140.991 E1314.5483
M204 S10000
G0 F9600 X166.6 Y140.567
M204 S1000
G1 F1200 X184.437 Y122.729 E1315.17756
M204 S10000
G0 F9600 X184.013 Y122.729
M204 S1000
G1 F1200 X166.6 Y140.142 E1315.79185
M204 S10000
G0 F9600 X166.6 Y139.718
M204 S1000
G1 F1200 X183.588 Y122.729 E1316.39117
M204 S10000
G0 F9600 X183.164 Y122.729
M204 S1000
G1 F1200 X166.6 Y139.294 E1316.97553
M204 S10000
G0 F9600 X166.6 Y138.87
M204 S1000
G1 F1200 X182.74 Y122.729 E1317.54493
M204 S10000
G0 F9600 X182.316 Y122.729
M204 S1000
G1 F1200 X166.6 Y138.445 E1318.09935
M204 S10000
G0 F9600 X166.6 Y138.021
M204 S1000
G1 F1200 X181.891 Y122.729 E1318.6388
M204 S10000
G0 F9600 X181.467 Y122.729
M204 S1000
G1 F1200 X166.6 Y137.597 E1319.16329
M204 S10000
G0 F9600 X166.6 Y137.173
M204 S1000
G1 F1200 X181.043 Y122.729 E1319.67282
M204 S10000
G0 F9600 X180.618 Y122.73
M204 S1000
G1 F1200 X166.6 Y136.748 E1320.16735
M204 S10000
G0 F9600 X166.6 Y136.324
M204 S1000
G1 F1200 X180.194 Y122.73 E1320.64691
M204 S10000
G0 F9600 X179.769 Y122.73
M204 S1000
G1 F1200 X166.6 Y135.9 E1321.1115
M204 S10000
G0 F9600 X166.6 Y135.476
M204 S1000
G1 F1200 X179.345 Y122.73 E1321.56113
M204 S10000
G0 F9600 X178.921 Y122.73
M204 S1000
G1 F1200 X166.6 Y135.051 E1321.99579
M204 S10000
G0 F9600 X166.6 Y134.627
M204 S1000
G1 F1200 X178.497 Y122.73 E1322.41549
M204 S10000
G0 F9600 X178.072 Y122.73
M204 S1000
G1 F1200 X166.6 Y134.203 E1322.82021
M204 S10000
G0 F9600 X166.6 Y133.778
M204 S1000
G1 F1200 X177.648 Y122.73 E1323.20996
M204 S10000
G0 F9600 X177.224 Y122.73
M204 S1000
G1 F1200 X166.6 Y133.354 E1323.58475
M204 S10000
G0 F9600 X166.6 Y132.93
M204 S1000
G1 F1200 X176.8 Y122.73 E1323.94458
M204 S10000
G0 F9600 X176.375 Y122.73
M204 S1000
G1 F1200 X166.6 Y132.506 E1324.28944
M204 S10000
G0 F9600 X166.6 Y132.081
M204 S1000
G1 F1200 X175.951 Y122.73 E1324.61932
M204 S10000
G0 F9600 X175.527 Y122.73
M204 S1000
G1 F1200 X166.6 Y131.657 E1324.93425
M204 S10000
G0 F9600 X166.6 Y131.233
M204 S1000
G1 F1200 X175.102 Y122.73 E1325.23419
M204 S10000
G0 F9600 X174.678 Y122.73
M204 S1000
G1 F1200 X166.6 Y130.809 E1325.51919
M204 S10000
G0 F9600 X166.6 Y130.384
M204 S1000
G1 F1200 X174.254 Y122.73 E1325.7892
M204 S10000
G0 F9600 X173.83 Y122.73
M204 S1000
G1 F1200 X166.6 Y129.96 E1326.04426
M204 S10000
G0 F9600 X166.6 Y129.536
M204 S1000
G1 F1200 X173.405 Y122.73 E1326.28434
M204 S10000
G0 F9600 X172.981 Y122.73
M204 S1000
G1 F1200 X166.6 Y129.112 E1326.50947
M204 S10000
G0 F9600 X166.6 Y128.687
M204 S1000
G1 F1200 X172.557 Y122.73 E1326.71962
M204 S10000
G0 F9600 X172.133 Y122.73
M204 S1000
G1 F1200 X166.6 Y128.263 E1326.91481
M204 S10000
G0 F9600 X166.6 Y127.839
M204 S1000
G1 F1200 X171.708 Y122.73 E1327.09502
M204 S10000
G0 F9600 X171.284 Y122.73
M204 S1000
G1 F1200 X166.6 Y127.414 E1327.26026
M204 S10000
G0 F9600 X166.6 Y126.99
M204 S1000
G1 F1200 X170.86 Y122.73 E1327.41055
M204 S10000
G0 F9600 X170.436 Y122.73
M204 S1000
G1 F1200 X166.6 Y126.566 E1327.54587
M204 S10000
G0 F9600 X166.6 Y126.142
M204 S1000
G1 F1200 X170.011 Y122.73 E1327.66622
M204 S10000
G0 F9600 X169.587 Y122.73
M204 S1000
G1 F1200 X166.6 Y125.717 E1327.7716
M204 S10000
G0 F9600 X166.6 Y125.293
M204 S1000
G1 F1200 X169.163 Y122.73 E1327.86201
M204 S10000
G0 F9600 X168.739 Y122.73
M204 S1000
G1 F1200 X166.6 Y124.869 E1327.93747
M204 S10000
G0 F9600 X166.6 Y124.445
M204 S1000
G1 F1200 X168.314 Y122.73 E1327.99796
M204 S10000
G0 F9600 X167.89 Y122.73
M204 S1000
G1 F1200 X166.6 Y124.02 E1328.04346
M204 S10000
G0 F9600 X166.6 Y123.596
M204 S1000
G1 F1200 X167.466 Y122.73 E1328.07401
M204 S10000
G0 F9600 X167.041 Y122.73
M204 S1000
G1 F1200 X166.6 Y123.172 E1328.08959
M204 S10000
G0 F9600 X166.179 Y123.172
G1 F3000 E1322.08959
;MESH:NONMESH
G0 F300 X166.179 Y123.172 Z2.16
G0 F9600 X165.499 Y126.89
G0 X159.57 Y126.89
G0 X158.84 Y126.89
G0 X158.69 Y126.89
;TIME_ELAPSED:11001.296107
;LAYER:10
M204 S1000
;TYPE:WALL-INNER
;MESH:Bottom_panel_x3.stl(2)
G1 F3000 E1328.08959
G1 F1800 X158.69 Y96.11 E1328.8574
G1 X103.71 Y96.11 E1330.22888
G1 X103.71 Y126.89 E1330.99669
G1 X158.69 Y126.89 E1332.36817
M204 S10000
G0 F9600 X158.99 Y127.19
M204 S1000
G1 F1800 X158.99 Y95.81 E1333.15095
G1 X103.41 Y95.81 E1334.5374
G1 X103.41 Y127.19 E1335.32018
G1 X158.99 Y127.19 E1336.70663
M204 S10000
G0 F9600 X159.29 Y127.49
M204 S1000
G1 F1800 X159.29 Y95.51 E1337.50437
G1 X103.11 Y95.51 E1338.90579
G1 X103.11 Y127.49 E1339.70353
G1 X159.29 Y127.49 E1341.10495
M204 S10000
G0 F9600 X159.54 Y127.74
M204 S1000
;TYPE:WALL-OUTER
G1 F1800 X159.54 Y95.26 E1341.91516
G1 X102.86 Y95.26 E1343.32905
G1 X102.86 Y127.74 E1344.13927
G1 X159.54 Y127.74 E1345.55316
M204 S10000
G0 F9600 X159.54 Y127.54
G0 X159.29 Y127.54
G0 X158.64 Y126.62
G0 X158.42 Y126.62
M204 S1000
;TYPE:SKIN
G1 F1200 X103.98 Y126.62 E1346.91117
G1 X103.98 Y96.38 E1347.66551
G1 X158.42 Y96.38 E1349.02352
G1 X158.42 Y126.62 E1349.77786
M204 S10000
G1 F3000 E1343.77786
G0 F9600 X158.64 Y126.62
G0 X158.64 Y96.75
G1 F3000 E1349.77786
G0 F9600 X158.268 Y96.75
M204 S1000
G1 F1200 X158.048 Y96.529 E1349.78564
M204 S10000
G0 F9600 X157.624 Y96.529
M204 S1000
G1 F1200 X158.268 Y97.174 E1349.80837
M204 S10000
G0 F9600 X158.268 Y97.599
M204 S1000
G1 F1200 X157.199 Y96.529 E1349.8461
M204 S10000
G0 F9600 X156.775 Y96.529
M204 S1000
G1 F1200 X158.268 Y98.023 E1349.89879
M204 S10000
G0 F9600 X158.268 Y98.447
M204 S1000
G1 F1200 X156.351 Y96.529 E1349.96644
M204 S10000
G0 F9600 X155.926 Y96.529
M204 S1000
G1 F1200 X158.268 Y98.871 E1350.04906
M204 S10000
G0 F9600 X158.268 Y99.296
M204 S1000
G1 F1200 X155.502 Y96.529 E1350.14665
M204 S10000
G0 F9600 X155.078 Y96.529
M204 S1000
G1 F1200 X158.268 Y99.72 E1350.25921
M204 S10000
G0 F9600 X158.268 Y100.144
M204 S1000
G1 F1200 X154.654 Y96.529 E1350.38672
M204 S10000
G0 F9600 X154.229 Y96.529
M204 S1000
G1 F1200 X158.268 Y100.568 E1350.5292
M204 S10000
G0 F9600 X158.268 Y100.993
M204 S1000
G1 F1200 X153.805 Y96.529 E1350.68666
M204 S10000
G0 F9600 X153.381 Y96.529
M204 S1000
G1 F1200 X158.268 Y101.417 E1350.85908
M204 S10000
G0 F9600 X158.268 Y101.841
M204 S1000
G1 F1200 X152.957 Y96.529 E1351.04646
M204 S10000
G0 F9600 X152.532 Y96.529
M204 S1000
G1 F1200 X158.268 Y102.266 E1351.24883
M204 S10000
G0 F9600 X158.268 Y102.69
M204 S1000
G1 F1200 X152.108 Y96.529 E1351.46616
M204 S10000
G0 F9600 X151.684 Y96.529
M204 S1000
G1 F1200 X158.268 Y103.114 E1351.69845
M204 S10000
G0 F9600 X158.268 Y103.538
M204 S1000
G1 F1200 X151.26 Y96.529 E1351.94569
M204 S10000
G0 F9600 X150.835 Y96.529
M204 S1000
G1 F1200 X158.268 Y103.963 E1352.20793
M204 S10000
G0 F9600 X158.268 Y104.387
M204 S1000
G1 F1200 X150.411 Y96.529 E1352.48512
M204 S10000
G0 F9600 X149.987 Y96.529
M204 S1000
G1 F1200 X158.268 Y104.811 E1352.77727
M204 S10000
G0 F9600 X158.268 Y105.235
M204 S1000
G1 F1200 X149.562 Y96.529 E1353.0844
M204 S10000
G0 F9600 X149.138 Y96.529
M204 S1000
G1 F1200 X158.268 Y105.66 E1353.40651
M204 S10000
G0 F9600 X158.268 Y106.084
M204 S1000
G1 F1200 X148.714 Y96.529 E1353.74357
M204 S10000
G0 F9600 X148.29 Y96.529
M204 S1000
G1 F1200 X158.268 Y106.508 E1354.09558
M204 S10000
G0 F9600 X158.268 Y106.932
M204 S1000
G1 F1200 X147.865 Y96.529 E1354.46258
M204 S10000
G0 F9600 X147.441 Y96.529
M204 S1000
G1 F1200 X158.268 Y107.357 E1354.84455
M204 S10000
G0 F9600 X158.268 Y107.781
M204 S1000
G1 F1200 X147.017 Y96.529 E1355.24147
M204 S10000
G0 F9600 X146.593 Y96.529
M204 S1000
G1 F1200 X158.268 Y108.205 E1355.65336
M204 S10000
G0 F9600 X158.268 Y108.629
M204 S1000
G1 F1200 X146.168 Y96.529 E1356.08022
M204 S10000
G0 F9600 X145.744 Y96.529
M204 S1000
G1 F1200 X158.268 Y109.054 E1356.52206
M204 S10000
G0 F9600 X158.268 Y109.478
M204 S1000
G1 F1200 X145.32 Y96.529 E1356.97885
M204 S10000
G0 F9600 X144.896 Y96.529
M204 S1000
G1 F1200 X158.268 Y109.902 E1357.4506
M204 S10000
G0 F9600 X158.268 Y110.327
M204 S1000
G1 F1200 X144.471 Y96.529 E1357.93734
M204 S10000
G0 F9600 X144.047 Y96.529
M204 S1000
G1 F1200 X158.268 Y110.751 E1358.43905
M204 S10000
G0 F9600 X158.268 Y111.175
M204 S1000
G1 F1200 X143.623 Y96.529 E1358.95571
M204 S10000
G0 F9600 X143.199 Y96.529
M204 S1000
G1 F1200 X158.268 Y111.599 E1359.48732
M204 S10000
G0 F9600 X158.268 Y112.024
M204 S1000
G1 F1200 X142.774 Y96.529 E1360.03393
M204 S10000
G0 F9600 X142.35 Y96.529
M204 S1000
G1 F1200 X158.268 Y112.448 E1360.5955
M204 S10000
G0 F9600 X158.268 Y112.872
M204 S1000
G1 F1200 X141.926 Y96.529 E1361.17203
M204 S10000
G0 F9600 X141.501 Y96.529
M204 S1000
G1 F1200 X158.268 Y113.296 E1361.76353
M204 S10000
G0 F9600 X158.268 Y113.721
M204 S1000
G1 F1200 X141.077 Y96.529 E1362.37
M204 S10000
G0 F9600 X140.653 Y96.529
M204 S1000
G1 F1200 X158.268 Y114.145 E1362.99144
M204 S10000
G0 F9600 X158.268 Y114.569
M204 S1000
G1 F1200 X140.229 Y96.529 E1363.62783
M204 S10000
G0 F9600 X139.804 Y96.529
M204 S1000
G1 F1200 X158.268 Y114.993 E1364.2792
M204 S10000
G0 F9600 X158.268 Y115.418
M204 S1000
G1 F1200 X139.38 Y96.529 E1364.94554
M204 S10000
G0 F9600 X138.956 Y96.529
M204 S1000
G1 F1200 X158.268 Y115.842 E1365.62684
M204 S10000
G0 F9600 X158.268 Y116.266
M204 S1000
G1 F1200 X138.532 Y96.529 E1366.3231
M204 S10000
G0 F9600 X138.107 Y96.529
M204 S1000
G1 F1200 X158.268 Y116.691 E1367.03435
M204 S10000
G0 F9600 X158.268 Y117.115
M204 S1000
G1 F1200 X137.683 Y96.529 E1367.76056
M204 S10000
G0 F9600 X137.259 Y96.529
M204 S1000
G1 F1200 X158.268 Y117.539 E1368.50173
M204 S10000
G0 F9600 X158.268 Y117.963
M204 S1000
G1 F1200 X136.835 Y96.529 E1369.25785
M204 S10000
G0 F9600 X136.41 Y96.529
M204 S1000
G1 F1200 X158.268 Y118.388 E1370.02897
M204 S10000
G0 F9600 X158.268 Y118.812
M204 S1000
G1 F1200 X135.986 Y96.529 E1370.81504
M204 S10000
G0 F9600 X135.562 Y96.529
M204 S1000
G1 F1200 X158.268 Y119.236 E1371.61608
M204 S10000
G0 F9600 X158.268 Y119.66
M204 S1000
G1 F1200 X135.138 Y96.529 E1372.43207
M204 S10000
G0 F9600 X134.713 Y96.529
M204 S1000
G1 F1200 X158.268 Y120.085 E1373.26305
M204 S10000
G0 F9600 X158.268 Y120.509
M204 S1000
G1 F1200 X134.289 Y96.529 E1374.10899
M204 S10000
G0 F9600 X133.865 Y96.529
M204 S1000
G1 F1200 X158.268 Y120.933 E1374.96989
M204 S10000
G0 F9600 X158.268 Y121.357
M204 S1000
G1 F1200 X133.44 Y96.529 E1375.84577
M204 S10000
G0 F9600 X133.016 Y96.529
M204 S1000
G1 F1200 X158.268 Y121.782 E1376.73662
M204 S10000
G0 F9600 X158.268 Y122.206
M204 S1000
G1 F1200 X132.592 Y96.529 E1377.64243
M204 S10000
G0 F9600 X132.168 Y96.529
M204 S1000
G1 F1200 X158.268 Y122.63 E1378.56319
M204 S10000
G0 F9600 X158.268 Y123.054
M204 S1000
G1 F1200 X131.743 Y96.529 E1379.49893
M204 S10000
G0 F9600 X131.319 Y96.529
M204 S1000
G1 F1200 X158.268 Y123.479 E1380.44965
M204 S10000
G0 F9600 X158.268 Y123.903
M204 S1000
G1 F1200 X130.895 Y96.529 E1381.41532
M204 S10000
G0 F9600 X130.471 Y96.529
M204 S1000
G1 F1200 X158.268 Y124.327 E1382.39596
M204 S10000
G0 F9600 X158.268 Y124.752
M204 S1000
G1 F1200 X130.046 Y96.529 E1383.39158
M204 S10000
G0 F9600 X129.622 Y96.529
M204 S1000
G1 F1200 X158.268 Y125.176 E1384.40216
M204 S10000
G0 F9600 X158.268 Y125.6
M204 S1000
G1 F1200 X129.198 Y96.529 E1385.4277
M204 S10000
G0 F9600 X128.774 Y96.529
M204 S1000
G1 F1200 X158.268 Y126.024 E1386.4682
M204 S10000
G0 F9600 X158.268 Y126.449
M204 S1000
G1 F1200 X128.349 Y96.529 E1387.52369
M204 S10000
G0 F9600 X127.925 Y96.529
M204 S1000
G1 F1200 X157.865 Y126.469 E1388.57991
M204 S10000
G0 F9600 X157.44 Y126.469
M204 S1000
G1 F1200 X127.501 Y96.529 E1389.6361
M204 S10000
G0 F9600 X127.076 Y96.529
M204 S1000
G1 F1200 X157.016 Y126.469 E1390.69232
M204 S10000
G0 F9600 X156.592 Y126.469
M204 S1000
G1 F1200 X126.652 Y96.529 E1391.74853
M204 S10000
G0 F9600 X126.228 Y96.529
M204 S1000
G1 F1200 X156.168 Y126.469 E1392.80475
M204 S10000
G0 F9600 X155.743 Y126.469
M204 S1000
G1 F1200 X125.804 Y96.529 E1393.86094
M204 S10000
G0 F9600 X125.379 Y96.529
M204 S1000
G1 F1200 X155.319 Y126.469 E1394.91716
M204 S10000
G0 F9600 X154.895 Y126.469
M204 S1000
G1 F1200 X124.955 Y96.529 E1395.97337
M204 S10000
G0 F9600 X124.531 Y96.529
M204 S1000
G1 F1200 X154.471 Y126.469 E1397.02959
M204 S10000
G0 F9600 X154.046 Y126.469
M204 S1000
G1 F1200 X124.107 Y96.529 E1398.08578
M204 S10000
G0 F9600 X123.682 Y96.529
M204 S1000
G1 F1200 X153.622 Y126.469 E1399.142
M204 S10000
G0 F9600 X153.198 Y126.469
M204 S1000
G1 F1200 X123.258 Y96.529 E1400.19821
M204 S10000
G0 F9600 X122.834 Y96.529
M204 S1000
G1 F1200 X152.773 Y126.469 E1401.25441
M204 S10000
G0 F9600 X152.349 Y126.469
M204 S1000
G1 F1200 X122.41 Y96.529 E1402.31061
M204 S10000
G0 F9600 X121.985 Y96.529
M204 S1000
G1 F1200 X151.925 Y126.469 E1403.36682
M204 S10000
G0 F9600 X151.501 Y126.469
M204 S1000
G1 F1200 X121.561 Y96.529 E1404.42303
M204 S10000
G0 F9600 X121.137 Y96.529
M204 S1000
G1 F1200 X151.076 Y126.469 E1405.47923
M204 S10000
G0 F9600 X150.652 Y126.469
M204 S1000
G1 F1200 X120.713 Y96.529 E1406.53543
M204 S10000
G0 F9600 X120.288 Y96.529
M204 S1000
G1 F1200 X150.228 Y126.469 E1407.59164
M204 S10000
G0 F9600 X149.804 Y126.469
M204 S1000
G1 F1200 X119.864 Y96.529 E1408.64786
M204 S10000
G0 F9600 X119.44 Y96.529
M204 S1000
G1 F1200 X149.379 Y126.469 E1409.70405
M204 S10000
G0 F9600 X148.955 Y126.469
M204 S1000
G1 F1200 X119.015 Y96.529 E1410.76027
M204 S10000
G0 F9600 X118.591 Y96.529
M204 S1000
G1 F1200 X148.531 Y126.469 E1411.81648
M204 S10000
G0 F9600 X148.107 Y126.469
M204 S1000
G1 F1200 X118.167 Y96.529 E1412.8727
M204 S10000
G0 F9600 X117.743 Y96.529
M204 S1000
G1 F1200 X147.682 Y126.469 E1413.92889
M204 S10000
G0 F9600 X147.258 Y126.469
M204 S1000
G1 F1200 X117.318 Y96.529 E1414.98511
M204 S10000
G0 F9600 X116.894 Y96.529
M204 S1000
G1 F1200 X146.834 Y126.469 E1416.04132
M204 S10000
G0 F9600 X146.409 Y126.469
M204 S1000
G1 F1200 X116.47 Y96.529 E1417.09752
M204 S10000
G0 F9600 X116.046 Y96.529
M204 S1000
G1 F1200 X145.985 Y126.469 E1418.15372
M204 S10000
G0 F9600 X145.561 Y126.469
M204 S1000
G1 F1200 X115.621 Y96.529 E1419.20993
M204 S10000
G0 F9600 X115.197 Y96.529
M204 S1000
G1 F1200 X145.137 Y126.469 E1420.26614
M204 S10000
G0 F9600 X144.712 Y126.469
M204 S1000
G1 F1200 X114.773 Y96.529 E1421.32234
M204 S10000
G0 F9600 X114.349 Y96.529
M204 S1000
G1 F1200 X144.288 Y126.469 E1422.37854
M204 S10000
G0 F9600 X143.864 Y126.469
M204 S1000
G1 F1200 X113.924 Y96.529 E1423.43475
M204 S10000
G0 F9600 X113.5 Y96.529
M204 S1000
G1 F1200 X143.44 Y126.469 E1424.49097
M204 S10000
G0 F9600 X143.015 Y126.469
M204 S1000
G1 F1200 X113.076 Y96.529 E1425.54716
M204 S10000
G0 F9600 X112.652 Y96.529
M204 S1000
G1 F1200 X142.591 Y126.469 E1426.60336
M204 S10000
G0 F9600 X142.167 Y126.469
M204 S1000
G1 F1200 X112.227 Y96.529 E1427.65957
M204 S10000
G0 F9600 X111.803 Y96.529
M204 S1000
G1 F1200 X141.743 Y126.469 E1428.71579
M204 S10000
G0 F9600 X141.318 Y126.469
M204 S1000
G1 F1200 X111.379 Y96.529 E1429.77198
M204 S10000
G0 F9600 X110.954 Y96.529
M204 S1000
G1 F1200 X140.894 Y126.469 E1430.8282
M204 S10000
G0 F9600 X140.47 Y126.469
M204 S1000
G1 F1200 X110.53 Y96.529 E1431.88441
M204 S10000
G0 F9600 X110.106 Y96.529
M204 S1000
G1 F1200 X140.046 Y126.469 E1432.94063
M204 S10000
G0 F9600 X139.621 Y126.469
M204 S1000
G1 F1200 X109.682 Y96.529 E1433.99682
M204 S10000
G0 F9600 X109.257 Y96.529
M204 S1000
G1 F1200 X139.197 Y126.469 E1435.05304
M204 S10000
G0 F9600 X138.773 Y126.469
M204 S1000
G1 F1200 X108.833 Y96.529 E1436.10925
M204 S10000
G0 F9600 X108.409 Y96.529
M204 S1000
G1 F1200 X138.348 Y126.469 E1437.16545
M204 S10000
G0 F9600 X137.924 Y126.469
M204 S1000
G1 F1200 X107.985 Y96.529 E1438.22165
M204 S10000
G0 F9600 X107.56 Y96.529
M204 S1000
G1 F1200 X137.5 Y126.469 E1439.27786
M204 S10000
G0 F9600 X137.076 Y126.469
M204 S1000
G1 F1200 X107.136 Y96.529 E1440.33408
M204 S10000
G0 F9600 X106.712 Y96.529
M204 S1000
G1 F1200 X136.651 Y126.469 E1441.39027
M204 S10000
G0 F9600 X136.227 Y126.469
M204 S1000
G1 F1200 X106.288 Y96.529 E1442.44647
M204 S10000
G0 F9600 X105.863 Y96.529
M204 S1000
G1 F1200 X135.803 Y126.469 E1443.50268
M204 S10000
G0 F9600 X135.379 Y126.469
M204 S1000
G1 F1200 X105.439 Y96.529 E1444.5589
M204 S10000
G0 F9600 X105.015 Y96.529
M204 S1000
G1 F1200 X134.954 Y126.469 E1445.61509
M204 S10000
G0 F9600 X134.53 Y126.469
M204 S1000
G1 F1200 X104.59 Y96.529 E1446.67131
M204 S10000
G0 F9600 X104.166 Y96.529
M204 S1000
G1 F1200 X134.106 Y126.469 E1447.72752
M204 S10000
G0 F9600 X133.682 Y126.469
M204 S1000
G1 F1200 X104.129 Y96.917 E1448.77007
M204 S10000
G0 F9600 X104.129 Y97.341
M204 S1000
G1 F1200 X133.257 Y126.469 E1449.79764
M204 S10000
G0 F9600 X132.833 Y126.469
M204 S1000
G1 F1200 X104.129 Y97.765 E1450.81025
M204 S10000
G0 F9600 X104.129 Y98.19
M204 S1000
G1 F1200 X132.409 Y126.469 E1451.80788
M204 S10000
G0 F9600 X131.985 Y126.469
M204 S1000
G1 F1200 X104.129 Y98.614 E1452.79056
M204 S10000
G0 F9600 X104.129 Y99.038
M204 S1000
G1 F1200 X131.56 Y126.469 E1453.75826
M204 S10000
G0 F9600 X131.135 Y126.468
M204 S1000
G1 F1200 X104.129 Y99.463 E1454.71096
M204 S10000
G0 F9600 X104.129 Y99.887
M204 S1000
G1 F1200 X130.711 Y126.468 E1455.64869
M204 S10000
G0 F9600 X130.287 Y126.468
M204 S1000
G1 F1200 X104.129 Y100.311 E1456.57147
M204 S10000
G0 F9600 X104.129 Y100.735
M204 S1000
G1 F1200 X129.862 Y126.468 E1457.47927
M204 S10000
G0 F9600 X129.438 Y126.468
M204 S1000
G1 F1200 X104.129 Y101.16 E1458.37209
M204 S10000
G0 F9600 X104.129 Y101.584
M204 S1000
G1 F1200 X129.014 Y126.468 E1459.24996
M204 S10000
G0 F9600 X128.59 Y126.468
M204 S1000
G1 F1200 X104.129 Y102.008 E1460.11287
M204 S10000
G0 F9600 X104.129 Y102.432
M204 S1000
G1 F1200 X128.165 Y126.468 E1460.96081
M204 S10000
G0 F9600 X127.741 Y126.468
M204 S1000
G1 F1200 X104.129 Y102.857 E1461.79377
M204 S10000
G0 F9600 X104.129 Y103.281
M204 S1000
G1 F1200 X127.317 Y126.468 E1462.61177
M204 S10000
G0 F9600 X126.893 Y126.468
M204 S1000
G1 F1200 X104.129 Y103.705 E1463.41481
M204 S10000
G0 F9600 X104.129 Y104.129
M204 S1000
G1 F1200 X126.468 Y126.468 E1464.20288
M204 S10000
G0 F9600 X126.044 Y126.468
M204 S1000
G1 F1200 X104.129 Y104.554 E1464.97597
M204 S10000
G0 F9600 X104.129 Y104.978
M204 S1000
G1 F1200 X125.62 Y126.468 E1465.73411
M204 S10000
G0 F9600 X125.196 Y126.468
M204 S1000
G1 F1200 X104.129 Y105.402 E1466.47729
M204 S10000
G0 F9600 X104.129 Y105.827
M204 S1000
G1 F1200 X124.771 Y126.468 E1467.20547
M204 S10000
G0 F9600 X124.347 Y126.468
M204 S1000
G1 F1200 X104.129 Y106.251 E1467.9187
M204 S10000
G0 F9600 X104.129 Y106.675
M204 S1000
G1 F1200 X123.923 Y126.468 E1468.61697
M204 S10000
G0 F9600 X123.499 Y126.468
M204 S1000
G1 F1200 X104.129 Y107.099 E1469.30028
M204 S10000
G0 F9600 X104.129 Y107.524
M204 S1000
G1 F1200 X123.074 Y126.468 E1469.9686
M204 S10000
G0 F9600 X122.65 Y126.468
M204 S1000
G1 F1200 X104.129 Y107.948 E1470.62196
M204 S10000
G0 F9600 X104.129 Y108.372
M204 S1000
G1 F1200 X122.226 Y126.468 E1471.26036
M204 S10000
G0 F9600 X121.801 Y126.468
M204 S1000
G1 F1200 X104.129 Y108.796 E1471.88379
M204 S10000
G0 F9600 X104.129 Y109.221
M204 S1000
G1 F1200 X121.377 Y126.468 E1472.49224
M204 S10000
G0 F9600 X120.953 Y126.468
M204 S1000
G1 F1200 X104.129 Y109.645 E1473.08573
M204 S10000
G0 F9600 X104.129 Y110.069
M204 S1000
G1 F1200 X120.529 Y126.468 E1473.66427
M204 S10000
G0 F9600 X120.104 Y126.468
M204 S1000
G1 F1200 X104.129 Y110.493 E1474.22783
M204 S10000
G0 F9600 X104.129 Y110.918
M204 S1000
G1 F1200 X119.68 Y126.468 E1474.77642
M204 S10000
G0 F9600 X119.256 Y126.468
M204 S1000
G1 F1200 X104.129 Y111.342 E1475.31005
M204 S10000
G0 F9600 X104.129 Y111.766
M204 S1000
G1 F1200 X118.832 Y126.468 E1475.82872
M204 S10000
G0 F9600 X118.407 Y126.468
M204 S1000
G1 F1200 X104.129 Y112.19 E1476.33241
M204 S10000
G0 F9600 X104.129 Y112.615
M204 S1000
G1 F1200 X117.983 Y126.468 E1476.82113
M204 S10000
G0 F9600 X117.559 Y126.468
M204 S1000
G1 F1200 X104.129 Y113.039 E1477.29489
M204 S10000
G0 F9600 X104.129 Y113.463
M204 S1000
G1 F1200 X117.135 Y126.468 E1477.7537
M204 S10000
G0 F9600 X116.71 Y126.468
M204 S1000
G1 F1200 X104.129 Y113.888 E1478.19751
M204 S10000
G0 F9600 X104.129 Y114.312
M204 S1000
G1 F1200 X116.286 Y126.468 E1478.62636
M204 S10000
G0 F9600 X115.862 Y126.468
M204 S1000
G1 F1200 X104.129 Y114.736 E1479.04026
M204 S10000
G0 F9600 X104.129 Y115.16
M204 S1000
G1 F1200 X115.438 Y126.468 E1479.43919
M204 S10000
G0 F9600 X115.013 Y126.468
M204 S1000
G1 F1200 X104.129 Y115.585 E1479.82314
M204 S10000
G0 F9600 X104.129 Y116.009
M204 S1000
G1 F1200 X114.589 Y126.468 E1480.19213
M204 S10000
G0 F9600 X114.165 Y126.468
M204 S1000
G1 F1200 X104.129 Y116.433 E1480.54616
M204 S10000
G0 F9600 X104.129 Y116.857
M204 S1000
G1 F1200 X113.74 Y126.468 E1480.88521
M204 S10000
G0 F9600 X113.316 Y126.468
M204 S1000
G1 F1200 X104.129 Y117.282 E1481.20929
M204 S10000
G0 F9600 X104.129 Y117.706
M204 S1000
G1 F1200 X112.892 Y126.468 E1481.51841
M204 S10000
G0 F9600 X112.468 Y126.468
M204 S1000
G1 F1200 X104.129 Y118.13 E1481.81257
M204 S10000
G0 F9600 X104.129 Y118.554
M204 S1000
G1 F1200 X112.043 Y126.468 E1482.09176
M204 S10000
G0 F9600 X111.619 Y126.468
M204 S1000
G1 F1200 X104.129 Y118.979 E1482.35597
M204 S10000
G0 F9600 X104.129 Y119.403
M204 S1000
G1 F1200 X111.195 Y126.468 E1482.60523
M204 S10000
G0 F9600 X110.771 Y126.468
M204 S1000
G1 F1200 X104.129 Y119.827 E1482.83952
M204 S10000
G0 F9600 X104.129 Y120.251
M204 S1000
G1 F1200 X110.346 Y126.468 E1483.05885
M204 S10000
G0 F9600 X109.922 Y126.468
M204 S1000
G1 F1200 X104.129 Y120.676 E1483.26319
M204 S10000
G0 F9600 X104.129 Y121.1
M204 S1000
G1 F1200 X109.498 Y126.468 E1483.45258
M204 S10000
G0 F9600 X109.074 Y126.468
M204 S1000
G1 F1200 X104.129 Y121.524 E1483.62701
M204 S10000
G0 F9600 X104.129 Y121.949
M204 S1000
G1 F1200 X108.649 Y126.468 E1483.78645
M204 S10000
G0 F9600 X108.225 Y126.468
M204 S1000
G1 F1200 X104.129 Y122.373 E1483.93093
M204 S10000
G0 F9600 X104.129 Y122.797
M204 S1000
G1 F1200 X107.801 Y126.468 E1484.06045
M204 S10000
G0 F9600 X107.376 Y126.468
M204 S1000
G1 F1200 X104.129 Y123.221 E1484.175
M204 S10000
G0 F9600 X104.129 Y123.646
M204 S1000
G1 F1200 X106.952 Y126.468 E1484.27457
M204 S10000
G0 F9600 X106.528 Y126.468
M204 S1000
G1 F1200 X104.129 Y124.07 E1484.35918
M204 S10000
G0 F9600 X104.129 Y124.494
M204 S1000
G1 F1200 X106.104 Y126.468 E1484.42884
M204 S10000
G0 F9600 X105.679 Y126.468
M204 S1000
G1 F1200 X104.129 Y124.918 E1484.48352
M204 S10000
G0 F9600 X104.129 Y125.343
M204 S1000
G1 F1200 X105.255 Y126.468 E1484.52322
M204 S10000
G0 F9600 X104.831 Y126.468
M204 S1000
G1 F1200 X104.129 Y125.767 E1484.54797
M204 S10000
G0 F9600 X104.129 Y126.191
M204 S1000
G1 F1200 X104.407 Y126.468 E1484.55776
M204 S10000
G0 F9600 X104.407 Y126.89
G1 F3000 E1478.55776
;MESH:Bottom_panel_x3.stl
G0 F9600 X158.69 Y127.57
G0 X158.69 Y133.93
G0 X158.69 Y165.39
M204 S1000
;TYPE:WALL-INNER
G1 F3000 E1484.55776
G1 F1800 X158.69 Y134.61 E1485.32557
G1 X103.71 Y134.61 E1486.69705
G1 X103.71 Y165.39 E1487.46486
G1 X158.69 Y165.39 E1488.83634
M204 S10000
G0 F9600 X158.99 Y165.69
M204 S1000
G1 F1800 X158.99 Y134.31 E1489.61912
G1 X103.41 Y134.31 E1491.00557
G1 X103.41 Y165.69 E1491.78835
G1 X158.99 Y165.69 E1493.1748
M204 S10000
G0 F9600 X159.29 Y165.99
M204 S1000
G1 F1800 X159.29 Y134.01 E1493.97254
G1 X103.11 Y134.01 E1495.37396
G1 X103.11 Y165.99 E1496.1717
G1 X159.29 Y165.99 E1497.57312
M204 S10000
G0 F9600 X159.54 Y166.24
M204 S1000
;TYPE:WALL-OUTER
G1 F1800 X159.54 Y133.76 E1498.38333
G1 X102.86 Y133.76 E1499.79722
G1 X102.86 Y166.24 E1500.60744
G1 X159.54 Y166.24 E1502.02133
M204 S10000
G0 F9600 X159.54 Y166.04
G0 X159.29 Y166.04
G0 X158.64 Y165.12
G0 X158.42 Y165.12
M204 S1000
;TYPE:SKIN
G1 F1200 X103.98 Y165.12 E1503.37934
G1 X103.98 Y134.88 E1504.13368
G1 X158.42 Y134.88 E1505.49169
G1 X158.42 Y165.12 E1506.24603
M204 S10000
G1 F3000 E1500.24603
G0 F9600 X158.64 Y165.12
G0 X158.568 Y134.732
G0 X157.94 Y134.66
G1 F3000 E1506.24603
G0 F9600 X157.94 Y135.029
M204 S1000
G1 F1200 X158.27 Y135.36 E1506.25769
M204 S10000
G0 F9600 X158.27 Y135.784
M204 S1000
G1 F1200 X157.515 Y135.029 E1506.28432
M204 S10000
G0 F9600 X157.091 Y135.029
M204 S1000
G1 F1200 X158.27 Y136.208 E1506.32592
M204 S10000
G0 F9600 X158.27 Y136.632
M204 S1000
G1 F1200 X156.667 Y135.029 E1506.38247
M204 S10000
G0 F9600 X156.243 Y135.029
M204 S1000
G1 F1200 X158.27 Y137.057 E1506.45399
M204 S10000
G0 F9600 X158.27 Y137.481
M204 S1000
G1 F1200 X155.818 Y135.029 E1506.54049
M204 S10000
G0 F9600 X155.394 Y135.029
M204 S1000
G1 F1200 X158.27 Y137.905 E1506.64195
M204 S10000
G0 F9600 X158.27 Y138.329
M204 S1000
G1 F1200 X154.97 Y135.029 E1506.75837
M204 S10000
G0 F9600 X154.545 Y135.029
M204 S1000
G1 F1200 X158.27 Y138.754 E1506.88978
M204 S10000
G0 F9600 X158.27 Y139.178
M204 S1000
G1 F1200 X154.121 Y135.029 E1507.03614
M204 S10000
G0 F9600 X153.697 Y135.029
M204 S1000
G1 F1200 X158.27 Y139.602 E1507.19747
M204 S10000
G0 F9600 X158.27 Y140.026
M204 S1000
G1 F1200 X153.273 Y135.029 E1507.37375
M204 S10000
G0 F9600 X152.848 Y135.029
M204 S1000
G1 F1200 X158.27 Y140.451 E1507.56503
M204 S10000
G0 F9600 X158.27 Y140.875
M204 S1000
G1 F1200 X152.424 Y135.029 E1507.77126
M204 S10000
G0 F9600 X152 Y135.029
M204 S1000
G1 F1200 X158.27 Y141.299 E1507.99245
M204 S10000
G0 F9600 X158.27 Y141.723
M204 S1000
G1 F1200 X151.576 Y135.029 E1508.2286
M204 S10000
G0 F9600 X151.151 Y135.029
M204 S1000
G1 F1200 X158.27 Y142.148 E1508.47974
M204 S10000
G0 F9600 X158.27 Y142.572
M204 S1000
G1 F1200 X150.727 Y135.029 E1508.74584
M204 S10000
G0 F9600 X150.303 Y135.029
M204 S1000
G1 F1200 X158.27 Y142.996 E1509.0269
M204 S10000
G0 F9600 X158.27 Y143.421
M204 S1000
G1 F1200 X149.879 Y135.029 E1509.32293
M204 S10000
G0 F9600 X149.454 Y135.029
M204 S1000
G1 F1200 X158.27 Y143.845 E1509.63394
M204 S10000
G0 F9600 X158.27 Y144.269
M204 S1000
G1 F1200 X149.03 Y135.029 E1509.95991
M204 S10000
G0 F9600 X148.606 Y135.029
M204 S1000
G1 F1200 X158.27 Y144.693 E1510.30083
M204 S10000
G0 F9600 X158.27 Y145.118
M204 S1000
G1 F1200 X148.182 Y135.029 E1510.65673
M204 S10000
G0 F9600 X147.757 Y135.029
M204 S1000
G1 F1200 X158.27 Y145.542 E1511.0276
M204 S10000
G0 F9600 X158.27 Y145.966
M204 S1000
G1 F1200 X147.333 Y135.029 E1511.41344
M204 S10000
G0 F9600 X146.909 Y135.029
M204 S1000
G1 F1200 X158.27 Y146.39 E1511.81423
M204 S10000
G0 F9600 X158.27 Y146.815
M204 S1000
G1 F1200 X146.484 Y135.029 E1512.23001
M204 S10000
G0 F9600 X146.06 Y135.029
M204 S1000
G1 F1200 X158.27 Y147.239 E1512.66075
M204 S10000
G0 F9600 X158.27 Y147.663
M204 S1000
G1 F1200 X145.636 Y135.029 E1513.10645
M204 S10000
G0 F9600 X145.212 Y135.029
M204 S1000
G1 F1200 X158.27 Y148.087 E1513.5671
M204 S10000
G0 F9600 X158.27 Y148.512
M204 S1000
G1 F1200 X144.787 Y135.029 E1514.04275
M204 S10000
G0 F9600 X144.363 Y135.029
M204 S1000
G1 F1200 X158.27 Y148.936 E1514.53336
M204 S10000
G0 F9600 X158.27 Y149.36
M204 S1000
G1 F1200 X143.939 Y135.029 E1515.03893
M204 S10000
G0 F9600 X143.515 Y135.029
M204 S1000
G1 F1200 X158.27 Y149.785 E1515.55947
M204 S10000
G0 F9600 X158.27 Y150.209
M204 S1000
G1 F1200 X143.09 Y135.029 E1516.09498
M204 S10000
G0 F9600 X142.666 Y135.029
M204 S1000
G1 F1200 X158.27 Y150.633 E1516.64545
M204 S10000
G0 F9600 X158.27 Y151.057
M204 S1000
G1 F1200 X142.242 Y135.029 E1517.21088
M204 S10000
G0 F9600 X141.818 Y135.029
M204 S1000
G1 F1200 X158.27 Y151.482 E1517.79129
M204 S10000
G0 F9600 X158.27 Y151.906
M204 S1000
G1 F1200 X141.393 Y135.029 E1518.38667
M204 S10000
G0 F9600 X140.969 Y135.029
M204 S1000
G1 F1200 X158.27 Y152.33 E1518.99701
M204 S10000
G0 F9600 X158.27 Y152.754
M204 S1000
G1 F1200 X140.545 Y135.029 E1519.62231
M204 S10000
G0 F9600 X140.12 Y135.029
M204 S1000
G1 F1200 X158.27 Y153.179 E1520.2626
M204 S10000
G0 F9600 X158.27 Y153.603
M204 S1000
G1 F1200 X139.696 Y135.029 E1520.91785
M204 S10000
G0 F9600 X139.272 Y135.029
M204 S1000
G1 F1200 X158.27 Y154.027 E1521.58805
M204 S10000
G0 F9600 X158.27 Y154.451
M204 S1000
G1 F1200 X138.848 Y135.029 E1522.27322
M204 S10000
G0 F9600 X138.423 Y135.029
M204 S1000
G1 F1200 X158.27 Y154.876 E1522.97337
M204 S10000
G0 F9600 X158.27 Y155.3
M204 S1000
G1 F1200 X137.999 Y135.029 E1523.68849
M204 S10000
G0 F9600 X137.575 Y135.029
M204 S1000
G1 F1200 X158.27 Y155.724 E1524.41856
M204 S10000
G0 F9600 X158.27 Y156.148
M204 S1000
G1 F1200 X137.151 Y135.029 E1525.16359
M204 S10000
G0 F9600 X136.726 Y135.029
M204 S1000
G1 F1200 X158.27 Y156.573 E1525.92361
M204 S10000
G0 F9600 X158.27 Y156.997
M204 S1000
G1 F1200 X136.302 Y135.029 E1526.69859
M204 S10000
G0 F9600 X135.878 Y135.029
M204 S1000
G1 F1200 X158.27 Y157.421 E1527.48853
M204 S10000
G0 F9600 X158.27 Y157.846
M204 S1000
G1 F1200 X135.454 Y135.029 E1528.29345
M204 S10000
G0 F9600 X135.029 Y135.029
M204 S1000
G1 F1200 X158.27 Y158.27 E1529.11333
M204 S10000
G0 F9600 X158.27 Y158.694
M204 S1000
G1 F1200 X134.605 Y135.029 E1529.94818
M204 S10000
G0 F9600 X134.181 Y135.029
M204 S1000
G1 F1200 X158.27 Y159.118 E1530.79799
M204 S10000
G0 F9600 X158.27 Y159.543
M204 S1000
G1 F1200 X133.757 Y135.029 E1531.66277
M204 S10000
G0 F9600 X133.332 Y135.029
M204 S1000
G1 F1200 X158.27 Y159.967 E1532.54252
M204 S10000
G0 F9600 X158.27 Y160.391
M204 S1000
G1 F1200 X132.908 Y135.029 E1533.43723
M204 S10000
G0 F9600 X132.484 Y135.029
M204 S1000
G1 F1200 X158.27 Y160.815 E1534.3469
M204 S10000
G0 F9600 X158.27 Y161.24
M204 S1000
G1 F1200 X132.059 Y135.029 E1535.27157
M204 S10000
G0 F9600 X131.635 Y135.029
M204 S1000
G1 F1200 X158.27 Y161.664 E1536.21119
M204 S10000
G0 F9600 X158.27 Y162.088
M204 S1000
G1 F1200 X131.211 Y135.029 E1537.16577
M204 S10000
G0 F9600 X130.787 Y135.029
M204 S1000
G1 F1200 X158.27 Y162.512 E1538.13531
M204 S10000
G0 F9600 X158.27 Y162.937
M204 S1000
G1 F1200 X130.362 Y135.029 E1539.11984
M204 S10000
G0 F9600 X129.938 Y135.029
M204 S1000
G1 F1200 X158.27 Y163.361 E1540.11932
M204 S10000
G0 F9600 X158.27 Y163.785
M204 S1000
G1 F1200 X129.514 Y135.029 E1541.13377
M204 S10000
G0 F9600 X129.09 Y135.029
M204 S1000
G1 F1200 X158.27 Y164.209 E1542.16317
M204 S10000
G0 F9600 X158.27 Y164.634
M204 S1000
G1 F1200 X128.665 Y135.029 E1543.20757
M204 S10000
G0 F9600 X128.241 Y135.029
M204 S1000
G1 F1200 X158.181 Y164.969 E1544.26378
M204 S10000
G0 F9600 X157.756 Y164.969
M204 S1000
G1 F1200 X127.817 Y135.029 E1545.31998
M204 S10000
G0 F9600 X127.393 Y135.029
M204 S1000
G1 F1200 X157.332 Y164.969 E1546.37618
M204 S10000
G0 F9600 X156.908 Y164.969
M204 S1000
G1 F1200 X126.968 Y135.029 E1547.43239
M204 S10000
G0 F9600 X126.544 Y135.029
M204 S1000
G1 F1200 X156.484 Y164.969 E1548.48861
M204 S10000
G0 F9600 X156.059 Y164.969
M204 S1000
G1 F1200 X126.12 Y135.029 E1549.5448
M204 S10000
G0 F9600 X125.696 Y135.029
M204 S1000
G1 F1200 X155.635 Y164.969 E1550.601
M204 S10000
G0 F9600 X155.211 Y164.969
M204 S1000
G1 F1200 X125.271 Y135.029 E1551.65721
M204 S10000
G0 F9600 X124.847 Y135.029
M204 S1000
G1 F1200 X154.787 Y164.969 E1552.71343
M204 S10000
G0 F9600 X154.362 Y164.969
M204 S1000
G1 F1200 X124.423 Y135.029 E1553.76962
M204 S10000
G0 F9600 X123.998 Y135.029
M204 S1000
G1 F1200 X153.938 Y164.969 E1554.82584
M204 S10000
G0 F9600 X153.514 Y164.969
M204 S1000
G1 F1200 X123.574 Y135.029 E1555.88205
M204 S10000
G0 F9600 X123.15 Y135.029
M204 S1000
G1 F1200 X153.09 Y164.969 E1556.93827
M204 S10000
G0 F9600 X152.665 Y164.969
M204 S1000
G1 F1200 X122.726 Y135.029 E1557.99446
M204 S10000
G0 F9600 X122.301 Y135.029
M204 S1000
G1 F1200 X152.241 Y164.969 E1559.05068
M204 S10000
G0 F9600 X151.817 Y164.969
M204 S1000
G1 F1200 X121.877 Y135.029 E1560.10689
M204 S10000
G0 F9600 X121.453 Y135.029
M204 S1000
G1 F1200 X151.392 Y164.969 E1561.16309
M204 S10000
G0 F9600 X150.968 Y164.969
M204 S1000
G1 F1200 X121.029 Y135.029 E1562.21929
M204 S10000
G0 F9600 X120.604 Y135.029
M204 S1000
G1 F1200 X150.544 Y164.969 E1563.2755
M204 S10000
G0 F9600 X150.12 Y164.969
M204 S1000
G1 F1200 X120.18 Y135.029 E1564.33172
M204 S10000
G0 F9600 X119.756 Y135.029
M204 S1000
G1 F1200 X149.695 Y164.969 E1565.38791
M204 S10000
G0 F9600 X149.271 Y164.969
M204 S1000
G1 F1200 X119.332 Y135.029 E1566.44411
M204 S10000
G0 F9600 X118.907 Y135.029
M204 S1000
G1 F1200 X148.847 Y164.969 E1567.50032
M204 S10000
G0 F9600 X148.423 Y164.969
M204 S1000
G1 F1200 X118.483 Y135.029 E1568.55654
M204 S10000
G0 F9600 X118.059 Y135.029
M204 S1000
G1 F1200 X147.998 Y164.969 E1569.61273
M204 S10000
G0 F9600 X147.574 Y164.969
M204 S1000
G1 F1200 X117.634 Y135.029 E1570.66895
M204 S10000
G0 F9600 X117.21 Y135.029
M204 S1000
G1 F1200 X147.15 Y164.969 E1571.72516
M204 S10000
G0 F9600 X146.726 Y164.969
M204 S1000
G1 F1200 X116.786 Y135.029 E1572.78138
M204 S10000
G0 F9600 X116.362 Y135.029
M204 S1000
G1 F1200 X146.301 Y164.969 E1573.83757
M204 S10000
G0 F9600 X145.877 Y164.969
M204 S1000
G1 F1200 X115.937 Y135.029 E1574.89379
M204 S10000
G0 F9600 X115.513 Y135.029
M204 S1000
G1 F1200 X145.453 Y164.969 E1575.95
M204 S10000
G0 F9600 X145.029 Y164.969
M204 S1000
G1 F1200 X115.089 Y135.029 E1577.00622
M204 S10000
G0 F9600 X114.665 Y135.029
M204 S1000
G1 F1200 X144.604 Y164.969 E1578.06241
M204 S10000
G0 F9600 X144.18 Y164.969
M204 S1000
G1 F1200 X114.24 Y135.029 E1579.11863
M204 S10000
G0 F9600 X113.816 Y135.029
M204 S1000
G1 F1200 X143.756 Y164.969 E1580.17484
M204 S10000
G0 F9600 X143.331 Y164.969
M204 S1000
G1 F1200 X113.392 Y135.029 E1581.23104
M204 S10000
G0 F9600 X112.968 Y135.029
M204 S1000
G1 F1200 X142.907 Y164.969 E1582.28724
M204 S10000
G0 F9600 X142.483 Y164.969
M204 S1000
G1 F1200 X112.543 Y135.029 E1583.34345
M204 S10000
G0 F9600 X112.119 Y135.029
M204 S1000
G1 F1200 X142.059 Y164.969 E1584.39966
M204 S10000
G0 F9600 X141.634 Y164.969
M204 S1000
G1 F1200 X111.695 Y135.029 E1585.45586
M204 S10000
G0 F9600 X111.271 Y135.029
M204 S1000
G1 F1200 X141.21 Y164.969 E1586.51206
M204 S10000
G0 F9600 X140.786 Y164.969
M204 S1000
G1 F1200 X110.846 Y135.029 E1587.56827
M204 S10000
G0 F9600 X110.422 Y135.029
M204 S1000
G1 F1200 X140.362 Y164.969 E1588.62449
M204 S10000
G0 F9600 X139.937 Y164.969
M204 S1000
G1 F1200 X109.998 Y135.029 E1589.68068
M204 S10000
G0 F9600 X109.573 Y135.029
M204 S1000
G1 F1200 X139.513 Y164.969 E1590.7369
M204 S10000
G0 F9600 X139.089 Y164.969
M204 S1000
G1 F1200 X109.149 Y135.029 E1591.79311
M204 S10000
G0 F9600 X108.725 Y135.029
M204 S1000
G1 F1200 X138.665 Y164.969 E1592.84933
M204 S10000
G0 F9600 X138.24 Y164.969
M204 S1000
G1 F1200 X108.301 Y135.029 E1593.90552
M204 S10000
G0 F9600 X107.876 Y135.029
M204 S1000
G1 F1200 X137.816 Y164.969 E1594.96174
M204 S10000
G0 F9600 X137.392 Y164.969
M204 S1000
G1 F1200 X107.452 Y135.029 E1596.01795
M204 S10000
G0 F9600 X107.028 Y135.029
M204 S1000
G1 F1200 X136.967 Y164.969 E1597.07415
M204 S10000
G0 F9600 X136.543 Y164.969
M204 S1000
G1 F1200 X106.604 Y135.029 E1598.13035
M204 S10000
G0 F9600 X106.179 Y135.029
M204 S1000
G1 F1200 X136.119 Y164.969 E1599.18656
M204 S10000
G0 F9600 X135.695 Y164.969
M204 S1000
G1 F1200 X105.755 Y135.029 E1600.24277
M204 S10000
G0 F9600 X105.331 Y135.029
M204 S1000
G1 F1200 X135.27 Y164.969 E1601.29897
M204 S10000
G0 F9600 X134.846 Y164.969
M204 S1000
G1 F1200 X104.907 Y135.029 E1602.35517
M204 S10000
G0 F9600 X104.482 Y135.029
M204 S1000
G1 F1200 X134.422 Y164.969 E1603.41138
M204 S10000
G0 F9600 X133.998 Y164.969
M204 S1000
G1 F1200 X104.129 Y135.101 E1604.46507
M204 S10000
G0 F9600 X104.129 Y135.525
M204 S1000
G1 F1200 X133.573 Y164.969 E1605.50379
M204 S10000
G0 F9600 X133.149 Y164.969
M204 S1000
G1 F1200 X104.129 Y135.949 E1606.52755
M204 S10000
G0 F9600 X104.129 Y136.374
M204 S1000
G1 F1200 X132.725 Y164.969 E1607.53633
M204 S10000
G0 F9600 X132.301 Y164.969
M204 S1000
G1 F1200 X104.129 Y136.798 E1608.53016
M204 S10000
G0 F9600 X104.129 Y137.222
M204 S1000
G1 F1200 X131.876 Y164.969 E1609.50901
M204 S10000
G0 F9600 X131.452 Y164.969
M204 S1000
G1 F1200 X104.129 Y137.646 E1610.4729
M204 S10000
G0 F9600 X104.129 Y138.071
M204 S1000
G1 F1200 X131.028 Y164.969 E1611.42182
M204 S10000
G0 F9600 X130.604 Y164.969
M204 S1000
G1 F1200 X104.129 Y138.495 E1612.35578
M204 S10000
G0 F9600 X104.129 Y138.919
M204 S1000
G1 F1200 X130.179 Y164.969 E1613.27476
M204 S10000
G0 F9600 X129.755 Y164.969
M204 S1000
G1 F1200 X104.129 Y139.343 E1614.17879
M204 S10000
G0 F9600 X104.129 Y139.768
M204 S1000
G1 F1200 X129.331 Y164.969 E1615.06784
M204 S10000
G0 F9600 X128.906 Y164.969
M204 S1000
G1 F1200 X104.129 Y140.192 E1615.94192
M204 S10000
G0 F9600 X104.129 Y140.616
M204 S1000
G1 F1200 X128.482 Y164.969 E1616.80103
M204 S10000
G0 F9600 X128.058 Y164.969
M204 S1000
G1 F1200 X104.129 Y141.04 E1617.64519
M204 S10000
G0 F9600 X104.129 Y141.465
M204 S1000
G1 F1200 X127.634 Y164.969 E1618.47438
M204 S10000
G0 F9600 X127.209 Y164.969
M204 S1000
G1 F1200 X104.129 Y141.889 E1619.28859
M204 S10000
G0 F9600 X104.129 Y142.313
M204 S1000
G1 F1200 X126.785 Y164.969 E1620.08784
M204 S10000
G0 F9600 X126.361 Y164.969
M204 S1000
G1 F1200 X104.129 Y142.737 E1620.87213
M204 S10000
G0 F9600 X104.129 Y143.162
M204 S1000
G1 F1200 X125.937 Y164.969 E1621.64145
M204 S10000
G0 F9600 X125.512 Y164.969
M204 S1000
G1 F1200 X104.129 Y143.586 E1622.39579
M204 S10000
G0 F9600 X104.129 Y144.01
M204 S1000
G1 F1200 X125.088 Y164.969 E1623.13518
M204 S10000
G0 F9600 X124.664 Y164.969
M204 S1000
G1 F1200 X104.129 Y144.435 E1623.85959
M204 S10000
G0 F9600 X104.129 Y144.859
M204 S1000
G1 F1200 X124.24 Y164.969 E1624.56904
M204 S10000
G0 F9600 X123.815 Y164.969
M204 S1000
G1 F1200 X104.129 Y145.283 E1625.26352
M204 S10000
G0 F9600 X104.129 Y145.707
M204 S1000
G1 F1200 X123.391 Y164.969 E1625.94304
M204 S10000
G0 F9600 X122.967 Y164.969
M204 S1000
G1 F1200 X104.129 Y146.132 E1626.60758
M204 S10000
G0 F9600 X104.129 Y146.556
M204 S1000
G1 F1200 X122.543 Y164.969 E1627.25717
M204 S10000
G0 F9600 X122.118 Y164.969
M204 S1000
G1 F1200 X104.129 Y146.98 E1627.89178
M204 S10000
G0 F9600 X104.129 Y147.404
M204 S1000
G1 F1200 X121.694 Y164.969 E1628.51143
M204 S10000
G0 F9600 X121.27 Y164.969
M204 S1000
G1 F1200 X104.129 Y147.829 E1629.11611
M204 S10000
G0 F9600 X104.129 Y148.253
M204 S1000
G1 F1200 X120.845 Y164.969 E1629.70581
M204 S10000
G0 F9600 X120.421 Y164.969
M204 S1000
G1 F1200 X104.129 Y148.677 E1630.28055
M204 S10000
G0 F9600 X104.129 Y149.101
M204 S1000
G1 F1200 X119.997 Y164.969 E1630.84034
M204 S10000
G0 F9600 X119.573 Y164.969
M204 S1000
G1 F1200 X104.129 Y149.526 E1631.38515
M204 S10000
G0 F9600 X104.129 Y149.95
M204 S1000
G1 F1200 X119.148 Y164.969 E1631.91499
M204 S10000
G0 F9600 X118.724 Y164.969
M204 S1000
G1 F1200 X104.129 Y150.374 E1632.42987
M204 S10000
G0 F9600 X104.129 Y150.799
M204 S1000
G1 F1200 X118.3 Y164.969 E1632.92977
M204 S10000
G0 F9600 X117.876 Y164.969
M204 S1000
G1 F1200 X104.129 Y151.223 E1633.41471
M204 S10000
G0 F9600 X104.129 Y151.647
M204 S1000
G1 F1200 X117.451 Y164.969 E1633.88468
M204 S10000
G0 F9600 X117.027 Y164.969
M204 S1000
G1 F1200 X104.129 Y152.071 E1634.33969
M204 S10000
G0 F9600 X104.129 Y152.496
M204 S1000
G1 F1200 X116.603 Y164.969 E1634.77973
M204 S10000
G0 F9600 X116.179 Y164.969
M204 S1000
G1 F1200 X104.129 Y152.92 E1635.20481
M204 S10000
G0 F9600 X104.129 Y153.344
M204 S1000
G1 F1200 X115.754 Y164.969 E1635.61491
M204 S10000
G0 F9600 X115.33 Y164.969
M204 S1000
G1 F1200 X104.129 Y153.768 E1636.01006
M204 S10000
G0 F9600 X104.129 Y154.193
M204 S1000
G1 F1200 X114.906 Y164.969 E1636.39023
M204 S10000
G0 F9600 X114.482 Y164.969
M204 S1000
G1 F1200 X104.129 Y154.617 E1636.75544
M204 S10000
G0 F9600 X104.129 Y155.041
M204 S1000
G1 F1200 X114.057 Y164.969 E1637.10568
M204 S10000
G0 F9600 X113.633 Y164.969
M204 S1000
G1 F1200 X104.129 Y155.465 E1637.44096
M204 S10000
G0 F9600 X104.129 Y155.89
M204 S1000
G1 F1200 X113.209 Y164.969 E1637.76126
M204 S10000
G0 F9600 X112.784 Y164.969
M204 S1000
G1 F1200 X104.129 Y156.314 E1638.06659
M204 S10000
G0 F9600 X104.129 Y156.738
M204 S1000
G1 F1200 X112.36 Y164.969 E1638.35696
M204 S10000
G0 F9600 X111.936 Y164.969
M204 S1000
G1 F1200 X104.129 Y157.162 E1638.63237
M204 S10000
G0 F9600 X104.129 Y157.587
M204 S1000
G1 F1200 X111.512 Y164.969 E1638.89281
M204 S10000
G0 F9600 X111.087 Y164.969
M204 S1000
G1 F1200 X104.129 Y158.011 E1639.13827
M204 S10000
G0 F9600 X104.129 Y158.435
M204 S1000
G1 F1200 X110.663 Y164.969 E1639.36878
M204 S10000
G0 F9600 X110.239 Y164.969
M204 S1000
G1 F1200 X104.129 Y158.86 E1639.58431
M204 S10000
G0 F9600 X104.129 Y159.284
M204 S1000
G1 F1200 X109.815 Y164.969 E1639.78488
M204 S10000
G0 F9600 X109.39 Y164.969
M204 S1000
G1 F1200 X104.129 Y159.708 E1639.97047
M204 S10000
G0 F9600 X104.129 Y160.132
M204 S1000
G1 F1200 X108.966 Y164.969 E1640.14111
M204 S10000
G0 F9600 X108.542 Y164.969
M204 S1000
G1 F1200 X104.129 Y160.557 E1640.29678
M204 S10000
G0 F9600 X104.129 Y160.981
M204 S1000
G1 F1200 X108.118 Y164.969 E1640.43748
M204 S10000
G0 F9600 X107.693 Y164.969
M204 S1000
G1 F1200 X104.129 Y161.405 E1640.56321
M204 S10000
G0 F9600 X104.129 Y161.829
M204 S1000
G1 F1200 X107.269 Y164.969 E1640.67398
M204 S10000
G0 F9600 X106.845 Y164.969
M204 S1000
G1 F1200 X104.129 Y162.254 E1640.76978
M204 S10000
G0 F9600 X104.129 Y162.678
M204 S1000
G1 F1200 X106.42 Y164.969 E1640.8506
M204 S10000
G0 F9600 X105.996 Y164.969
M204 S1000
G1 F1200 X104.129 Y163.102 E1640.91646
M204 S10000
G0 F9600 X104.129 Y163.526
M204 S1000
G1 F1200 X105.572 Y164.969 E1640.96737
M204 S10000
G0 F9600 X105.148 Y164.969
M204 S1000
G1 F1200 X104.129 Y163.951 E1641.0033
M204 S10000
G0 F9600 X104.129 Y164.375
M204 S1000
G1 F1200 X104.723 Y164.969 E1641.02425
M204 S10000
G0 F9600 X104.299 Y164.969
M204 S1000
G1 F1200 X104.129 Y164.799 E1641.03025
M204 S10000
G0 F9600 X103.71 Y164.799
G1 F3000 E1635.03025
;MESH:Bottom_panel_x3.stl(1)
G0 F9600 X103.832 Y165.268
G0 X158.69 Y166.07
G0 X158.69 Y172.431
G0 X158.69 Y203.891
M204 S1000
;TYPE:WALL-INNER
G1 F3000 E1641.03025
G1 F1800 X158.69 Y173.111 E1641.79806
G1 X103.71 Y173.111 E1643.16954
G1 X103.71 Y203.891 E1643.93735
G1 X158.69 Y203.891 E1645.30884
M204 S10000
G0 F9600 X158.99 Y204.191
M204 S1000
G1 F1800 X158.99 Y172.811 E1646.09161
G1 X103.41 Y172.811 E1647.47806
G1 X103.41 Y204.191 E1648.26084
G1 X158.99 Y204.191 E1649.64729
M204 S10000
G0 F9600 X159.29 Y204.491
M204 S1000
G1 F1800 X159.29 Y172.511 E1650.44503
G1 X103.11 Y172.511 E1651.84645
G1 X103.11 Y204.491 E1652.64419
G1 X159.29 Y204.491 E1654.04561
M204 S10000
G0 F9600 X159.54 Y204.741
M204 S1000
;TYPE:WALL-OUTER
G1 F1800 X159.54 Y172.261 E1654.85582
G1 X102.86 Y172.261 E1656.26971
G1 X102.86 Y204.741 E1657.07993
G1 X159.54 Y204.741 E1658.49382
M204 S10000
G0 F9600 X159.54 Y204.541
G0 X159.29 Y204.541
G0 X158.64 Y203.621
G0 X158.42 Y203.621
M204 S1000
;TYPE:SKIN
G1 F1200 X103.98 Y203.621 E1659.85183
G1 X103.98 Y173.381 E1660.60617
G1 X158.42 Y173.381 E1661.96418
G1 X158.42 Y203.621 E1662.71852
M204 S10000
G1 F3000 E1656.71852
G0 F9600 X158.64 Y203.621
G0 X158.64 Y173.968
G1 F3000 E1662.71852
G0 F9600 X158.27 Y173.968
M204 S1000
G1 F1200 X157.832 Y173.53 E1662.73397
M204 S10000
G0 F9600 X157.408 Y173.53
M204 S1000
G1 F1200 X158.27 Y174.392 E1662.76438
M204 S10000
G0 F9600 X158.27 Y174.816
M204 S1000
G1 F1200 X156.984 Y173.53 E1662.80975
M204 S10000
G0 F9600 X156.559 Y173.53
M204 S1000
G1 F1200 X158.27 Y175.24 E1662.87009
M204 S10000
G0 F9600 X158.27 Y175.665
M204 S1000
G1 F1200 X156.135 Y173.53 E1662.94541
M204 S10000
G0 F9600 X155.711 Y173.53
M204 S1000
G1 F1200 X158.27 Y176.089 E1663.03568
M204 S10000
G0 F9600 X158.27 Y176.513
M204 S1000
G1 F1200 X155.287 Y173.53 E1663.14092
M204 S10000
G0 F9600 X154.862 Y173.53
M204 S1000
G1 F1200 X158.27 Y176.937 E1663.26113
M204 S10000
G0 F9600 X158.27 Y177.362
M204 S1000
G1 F1200 X154.438 Y173.53 E1663.39631
M204 S10000
G0 F9600 X154.014 Y173.53
M204 S1000
G1 F1200 X158.27 Y177.786 E1663.54645
M204 S10000
G0 F9600 X158.27 Y178.21
M204 S1000
G1 F1200 X153.589 Y173.53 E1663.71157
M204 S10000
G0 F9600 X153.165 Y173.53
M204 S1000
G1 F1200 X158.27 Y178.634 E1663.89165
M204 S10000
G0 F9600 X158.27 Y179.059
M204 S1000
G1 F1200 X152.741 Y173.53 E1664.0867
M204 S10000
G0 F9600 X152.317 Y173.53
M204 S1000
G1 F1200 X158.27 Y179.483 E1664.2967
M204 S10000
G0 F9600 X158.27 Y179.907
M204 S1000
G1 F1200 X151.892 Y173.53 E1664.52169
M204 S10000
G0 F9600 X151.468 Y173.53
M204 S1000
G1 F1200 X158.27 Y180.332 E1664.76165
M204 S10000
G0 F9600 X158.27 Y180.756
M204 S1000
G1 F1200 X151.044 Y173.53 E1665.01656
M204 S10000
G0 F9600 X150.62 Y173.53
M204 S1000
G1 F1200 X158.27 Y181.18 E1665.28644
M204 S10000
G0 F9600 X158.27 Y181.604
M204 S1000
G1 F1200 X150.195 Y173.53 E1665.57129
M204 S10000
G0 F9600 X149.771 Y173.53
M204 S1000
G1 F1200 X158.27 Y182.029 E1665.87111
M204 S10000
G0 F9600 X158.27 Y182.453
M204 S1000
G1 F1200 X149.347 Y173.53 E1666.1859
M204 S10000
G0 F9600 X148.923 Y173.53
M204 S1000
G1 F1200 X158.27 Y182.877 E1666.51564
M204 S10000
G0 F9600 X158.27 Y183.301
M204 S1000
G1 F1200 X148.498 Y173.53 E1666.86035
M204 S10000
G0 F9600 X148.074 Y173.53
M204 S1000
G1 F1200 X158.27 Y183.726 E1667.22004
M204 S10000
G0 F9600 X158.27 Y184.15
M204 S1000
G1 F1200 X147.65 Y173.53 E1667.59469
M204 S10000
G0 F9600 X147.225 Y173.53
M204 S1000
G1 F1200 X158.27 Y184.574 E1667.98432
M204 S10000
G0 F9600 X158.27 Y184.998
M204 S1000
G1 F1200 X146.801 Y173.53 E1668.3889
M204 S10000
G0 F9600 X146.377 Y173.53
M204 S1000
G1 F1200 X158.27 Y185.423 E1668.80846
M204 S10000
G0 F9600 X158.27 Y185.847
M204 S1000
G1 F1200 X145.953 Y173.53 E1669.24297
M204 S10000
G0 F9600 X145.528 Y173.53
M204 S1000
G1 F1200 X158.27 Y186.271 E1669.69246
M204 S10000
G0 F9600 X158.27 Y186.695
M204 S1000
G1 F1200 X145.104 Y173.53 E1670.15691
M204 S10000
G0 F9600 X144.68 Y173.53
M204 S1000
G1 F1200 X158.27 Y187.12 E1670.63634
M204 S10000
G0 F9600 X158.27 Y187.544
M204 S1000
G1 F1200 X144.256 Y173.53 E1671.13072
M204 S10000
G0 F9600 X143.831 Y173.53
M204 S1000
G1 F1200 X158.27 Y187.968 E1671.64007
M204 S10000
G0 F9600 X158.27 Y188.393
M204 S1000
G1 F1200 X143.407 Y173.53 E1672.16441
M204 S10000
G0 F9600 X142.983 Y173.53
M204 S1000
G1 F1200 X158.27 Y188.817 E1672.7037
M204 S10000
G0 F9600 X158.27 Y189.241
M204 S1000
G1 F1200 X142.559 Y173.53 E1673.25795
M204 S10000
G0 F9600 X142.134 Y173.53
M204 S1000
G1 F1200 X158.27 Y189.665 E1673.82717
M204 S10000
G0 F9600 X158.27 Y190.09
M204 S1000
G1 F1200 X141.71 Y173.53 E1674.41137
M204 S10000
G0 F9600 X141.286 Y173.53
M204 S1000
G1 F1200 X158.27 Y190.514 E1675.01052
M204 S10000
G0 F9600 X158.27 Y190.938
M204 S1000
G1 F1200 X140.862 Y173.53 E1675.62464
M204 S10000
G0 F9600 X140.437 Y173.53
M204 S1000
G1 F1200 X158.27 Y191.362 E1676.25373
M204 S10000
G0 F9600 X158.27 Y191.787
M204 S1000
G1 F1200 X140.013 Y173.53 E1676.89779
M204 S10000
G0 F9600 X139.589 Y173.53
M204 S1000
G1 F1200 X158.27 Y192.211 E1677.55682
M204 S10000
G0 F9600 X158.27 Y192.635
M204 S1000
G1 F1200 X139.164 Y173.53 E1678.23081
M204 S10000
G0 F9600 X138.74 Y173.53
M204 S1000
G1 F1200 X158.27 Y193.059 E1678.91977
M204 S10000
G0 F9600 X158.27 Y193.484
M204 S1000
G1 F1200 X138.316 Y173.53 E1679.6237
M204 S10000
G0 F9600 X137.892 Y173.53
M204 S1000
G1 F1200 X158.27 Y193.908 E1680.34259
M204 S10000
G0 F9600 X158.27 Y194.332
M204 S1000
G1 F1200 X137.467 Y173.53 E1681.07645
M204 S10000
G0 F9600 X137.043 Y173.53
M204 S1000
G1 F1200 X158.27 Y194.757 E1681.82529
M204 S10000
G0 F9600 X158.27 Y195.181
M204 S1000
G1 F1200 X136.619 Y173.53 E1682.58909
M204 S10000
G0 F9600 X136.195 Y173.53
M204 S1000
G1 F1200 X158.27 Y195.605 E1683.36785
M204 S10000
G0 F9600 X158.27 Y196.029
M204 S1000
G1 F1200 X135.77 Y173.53 E1684.16158
M204 S10000
G0 F9600 X135.346 Y173.53
M204 S1000
G1 F1200 X158.27 Y196.454 E1684.97028
M204 S10000
G0 F9600 X158.27 Y196.878
M204 S1000
G1 F1200 X134.922 Y173.53 E1685.79395
M204 S10000
G0 F9600 X134.498 Y173.53
M204 S1000
G1 F1200 X158.27 Y197.302 E1686.63257
M204 S10000
G0 F9600 X158.27 Y197.726
M204 S1000
G1 F1200 X134.073 Y173.53 E1687.48617
M204 S10000
G0 F9600 X133.649 Y173.53
M204 S1000
G1 F1200 X158.27 Y198.151 E1688.35474
M204 S10000
G0 F9600 X158.27 Y198.575
M204 S1000
G1 F1200 X133.225 Y173.53 E1689.23827
M204 S10000
G0 F9600 X132.801 Y173.53
M204 S1000
G1 F1200 X158.27 Y198.999 E1690.13676
M204 S10000
G0 F9600 X158.27 Y199.423
M204 S1000
G1 F1200 X132.376 Y173.53 E1691.05022
M204 S10000
G0 F9600 X131.952 Y173.53
M204 S1000
G1 F1200 X158.27 Y199.848 E1691.97866
M204 S10000
G0 F9600 X158.27 Y200.272
M204 S1000
G1 F1200 X131.528 Y173.53 E1692.92205
M204 S10000
G0 F9600 X131.103 Y173.53
M204 S1000
G1 F1200 X158.27 Y200.696 E1693.88042
M204 S10000
G0 F9600 X158.27 Y201.12
M204 S1000
G1 F1200 X130.679 Y173.53 E1694.85375
M204 S10000
G0 F9600 X130.255 Y173.53
M204 S1000
G1 F1200 X158.27 Y201.545 E1695.84206
M204 S10000
G0 F9600 X158.27 Y201.969
M204 S1000
G1 F1200 X129.831 Y173.53 E1696.84532
M204 S10000
G0 F9600 X129.406 Y173.53
M204 S1000
G1 F1200 X158.27 Y202.393 E1697.86356
M204 S10000
G0 F9600 X158.27 Y202.818
M204 S1000
G1 F1200 X128.982 Y173.53 E1698.89677
M204 S10000
G0 F9600 X128.558 Y173.53
M204 S1000
G1 F1200 X158.27 Y203.242 E1699.94494
M204 S10000
G0 F9600 X158.073 Y203.469
M204 S1000
G1 F1200 X128.134 Y173.53 E1701.00112
M204 S10000
G0 F9600 X127.709 Y173.53
M204 S1000
G1 F1200 X157.649 Y203.469 E1702.05732
M204 S10000
G0 F9600 X157.225 Y203.469
M204 S1000
G1 F1200 X127.285 Y173.53 E1703.11352
M204 S10000
G0 F9600 X126.861 Y173.53
M204 S1000
G1 F1200 X156.8 Y203.469 E1704.1697
M204 S10000
G0 F9600 X156.376 Y203.469
M204 S1000
G1 F1200 X126.437 Y173.53 E1705.22587
M204 S10000
G0 F9600 X126.012 Y173.53
M204 S1000
G1 F1200 X155.952 Y203.469 E1706.28207
M204 S10000
G0 F9600 X155.528 Y203.469
M204 S1000
G1 F1200 X125.588 Y173.53 E1707.33827
M204 S10000
G0 F9600 X125.164 Y173.53
M204 S1000
G1 F1200 X155.103 Y203.469 E1708.39445
M204 S10000
G0 F9600 X154.679 Y203.469
M204 S1000
G1 F1200 X124.74 Y173.53 E1709.45063
M204 S10000
G0 F9600 X124.315 Y173.53
M204 S1000
G1 F1200 X154.255 Y203.469 E1710.50682
M204 S10000
G0 F9600 X153.831 Y203.469
M204 S1000
G1 F1200 X123.891 Y173.53 E1711.56302
M204 S10000
G0 F9600 X123.467 Y173.53
M204 S1000
G1 F1200 X153.406 Y203.469 E1712.6192
M204 S10000
G0 F9600 X152.982 Y203.469
M204 S1000
G1 F1200 X123.042 Y173.53 E1713.6754
M204 S10000
G0 F9600 X122.618 Y173.53
M204 S1000
G1 F1200 X152.558 Y203.469 E1714.73159
M204 S10000
G0 F9600 X152.134 Y203.469
M204 S1000
G1 F1200 X122.194 Y173.53 E1715.78779
M204 S10000
G0 F9600 X121.77 Y173.53
M204 S1000
G1 F1200 X151.709 Y203.469 E1716.84397
M204 S10000
G0 F9600 X151.285 Y203.469
M204 S1000
G1 F1200 X121.345 Y173.53 E1717.90016
M204 S10000
G0 F9600 X120.921 Y173.53
M204 S1000
G1 F1200 X150.861 Y203.469 E1718.95636
M204 S10000
G0 F9600 X150.436 Y203.469
M204 S1000
G1 F1200 X120.497 Y173.53 E1720.01254
M204 S10000
G0 F9600 X120.073 Y173.53
M204 S1000
G1 F1200 X150.012 Y203.469 E1721.06872
M204 S10000
G0 F9600 X149.588 Y203.469
M204 S1000
G1 F1200 X119.648 Y173.53 E1722.12492
M204 S10000
G0 F9600 X119.224 Y173.53
M204 S1000
G1 F1200 X149.164 Y203.469 E1723.18111
M204 S10000
G0 F9600 X148.739 Y203.469
M204 S1000
G1 F1200 X118.8 Y173.53 E1724.23729
M204 S10000
G0 F9600 X118.376 Y173.53
M204 S1000
G1 F1200 X148.315 Y203.469 E1725.29347
M204 S10000
G0 F9600 X147.891 Y203.469
M204 S1000
G1 F1200 X117.951 Y173.53 E1726.34967
M204 S10000
G0 F9600 X117.527 Y173.53
M204 S1000
G1 F1200 X147.467 Y203.469 E1727.40586
M204 S10000
G0 F9600 X147.042 Y203.469
M204 S1000
G1 F1200 X117.103 Y173.53 E1728.46204
M204 S10000
G0 F9600 X116.678 Y173.53
M204 S1000
G1 F1200 X146.618 Y203.469 E1729.51824
M204 S10000
G0 F9600 X146.194 Y203.469
M204 S1000
G1 F1200 X116.254 Y173.53 E1730.57444
M204 S10000
G0 F9600 X115.83 Y173.53
M204 S1000
G1 F1200 X145.77 Y203.469 E1731.63063
M204 S10000
G0 F9600 X145.345 Y203.469
M204 S1000
G1 F1200 X115.406 Y173.53 E1732.68681
M204 S10000
G0 F9600 X114.981 Y173.53
M204 S1000
G1 F1200 X144.921 Y203.469 E1733.74301
M204 S10000
G0 F9600 X144.497 Y203.469
M204 S1000
G1 F1200 X114.557 Y173.53 E1734.79921
M204 S10000
G0 F9600 X114.133 Y173.53
M204 S1000
G1 F1200 X144.073 Y203.469 E1735.8554
M204 S10000
G0 F9600 X143.648 Y203.469
M204 S1000
G1 F1200 X113.709 Y173.53 E1736.91158
M204 S10000
G0 F9600 X113.284 Y173.53
M204 S1000
G1 F1200 X143.224 Y203.469 E1737.96778
M204 S10000
G0 F9600 X142.8 Y203.469
M204 S1000
G1 F1200 X112.86 Y173.53 E1739.02398
M204 S10000
G0 F9600 X112.436 Y173.53
M204 S1000
G1 F1200 X142.375 Y203.469 E1740.08015
M204 S10000
G0 F9600 X141.951 Y203.469
M204 S1000
G1 F1200 X112.012 Y173.53 E1741.13633
M204 S10000
G0 F9600 X111.587 Y173.53
M204 S1000
G1 F1200 X141.527 Y203.469 E1742.19253
M204 S10000
G0 F9600 X141.103 Y203.469
M204 S1000
G1 F1200 X111.163 Y173.53 E1743.24873
M204 S10000
G0 F9600 X110.739 Y173.53
M204 S1000
G1 F1200 X140.678 Y203.469 E1744.30491
M204 S10000
G0 F9600 X140.254 Y203.469
M204 S1000
G1 F1200 X110.315 Y173.53 E1745.36108
M204 S10000
G0 F9600 X109.89 Y173.53
M204 S1000
G1 F1200 X139.83 Y203.469 E1746.41728
M204 S10000
G0 F9600 X139.406 Y203.469
M204 S1000
G1 F1200 X109.466 Y173.53 E1747.47348
M204 S10000
G0 F9600 X109.042 Y173.53
M204 S1000
G1 F1200 X138.981 Y203.469 E1748.52966
M204 S10000
G0 F9600 X138.557 Y203.469
M204 S1000
G1 F1200 X108.617 Y173.53 E1749.58585
M204 S10000
G0 F9600 X108.193 Y173.53
M204 S1000
G1 F1200 X138.133 Y203.469 E1750.64205
M204 S10000
G0 F9600 X137.709 Y203.469
M204 S1000
G1 F1200 X107.769 Y173.53 E1751.69825
M204 S10000
G0 F9600 X107.345 Y173.53
M204 S1000
G1 F1200 X137.284 Y203.469 E1752.75443
M204 S10000
G0 F9600 X136.86 Y203.469
M204 S1000
G1 F1200 X106.92 Y173.53 E1753.81062
M204 S10000
G0 F9600 X106.496 Y173.53
M204 S1000
G1 F1200 X136.436 Y203.469 E1754.86682
M204 S10000
G0 F9600 X136.011 Y203.469
M204 S1000
G1 F1200 X106.072 Y173.53 E1755.923
M204 S10000
G0 F9600 X105.648 Y173.53
M204 S1000
G1 F1200 X135.587 Y203.469 E1756.97918
M204 S10000
G0 F9600 X135.163 Y203.469
M204 S1000
G1 F1200 X105.223 Y173.53 E1758.03537
M204 S10000
G0 F9600 X104.799 Y173.53
M204 S1000
G1 F1200 X134.739 Y203.469 E1759.09157
M204 S10000
G0 F9600 X134.314 Y203.469
M204 S1000
G1 F1200 X104.375 Y173.53 E1760.14775
M204 S10000
G0 F9600 X104.129 Y173.709
M204 S1000
G1 F1200 X133.89 Y203.469 E1761.19763
M204 S10000
G0 F9600 X133.466 Y203.469
M204 S1000
G1 F1200 X104.129 Y174.133 E1762.23256
M204 S10000
G0 F9600 X104.129 Y174.557
M204 S1000
G1 F1200 X133.042 Y203.469 E1763.25252
M204 S10000
G0 F9600 X132.617 Y203.469
M204 S1000
G1 F1200 X104.129 Y174.982 E1764.2575
M204 S10000
G0 F9600 X104.129 Y175.406
M204 S1000
G1 F1200 X132.193 Y203.469 E1765.24751
M204 S10000
G0 F9600 X131.769 Y203.469
M204 S1000
G1 F1200 X104.129 Y175.83 E1766.22257
M204 S10000
G0 F9600 X104.129 Y176.254
M204 S1000
G1 F1200 X131.345 Y203.469 E1767.18267
M204 S10000
G0 F9600 X130.92 Y203.469
M204 S1000
G1 F1200 X104.129 Y176.679 E1768.12778
M204 S10000
G0 F9600 X104.129 Y177.103
M204 S1000
G1 F1200 X130.496 Y203.469 E1769.05793
M204 S10000
G0 F9600 X130.072 Y203.469
M204 S1000
G1 F1200 X104.129 Y177.527 E1769.97312
M204 S10000
G0 F9600 X104.129 Y177.951
M204 S1000
G1 F1200 X129.648 Y203.469 E1770.87335
M204 S10000
G0 F9600 X129.223 Y203.469
M204 S1000
G1 F1200 X104.129 Y178.376 E1771.75859
M204 S10000
G0 F9600 X104.129 Y178.8
M204 S1000
G1 F1200 X128.799 Y203.469 E1772.62888
M204 S10000
G0 F9600 X128.375 Y203.469
M204 S1000
G1 F1200 X104.129 Y179.224 E1773.4842
M204 S10000
G0 F9600 X104.129 Y179.648
M204 S1000
G1 F1200 X127.95 Y203.469 E1774.32455
M204 S10000
G0 F9600 X127.526 Y203.469
M204 S1000
G1 F1200 X104.129 Y180.073 E1775.14993
M204 S10000
G0 F9600 X104.129 Y180.497
M204 S1000
G1 F1200 X127.102 Y203.469 E1775.96035
M204 S10000
G0 F9600 X126.678 Y203.469
M204 S1000
G1 F1200 X104.129 Y180.921 E1776.7558
M204 S10000
G0 F9600 X104.129 Y181.346
M204 S1000
G1 F1200 X126.253 Y203.469 E1777.53627
M204 S10000
G0 F9600 X125.829 Y203.469
M204 S1000
G1 F1200 X104.129 Y181.77 E1778.30178
M204 S10000
G0 F9600 X104.129 Y182.194
M204 S1000
G1 F1200 X125.405 Y203.469 E1779.05233
M204 S10000
G0 F9600 X124.981 Y203.469
M204 S1000
G1 F1200 X104.129 Y182.618 E1779.78792
M204 S10000
G0 F9600 X104.129 Y183.043
M204 S1000
G1 F1200 X124.556 Y203.469 E1780.50852
M204 S10000
G0 F9600 X124.132 Y203.469
M204 S1000
G1 F1200 X104.129 Y183.467 E1781.21416
M204 S10000
G0 F9600 X104.129 Y183.891
M204 S1000
G1 F1200 X123.708 Y203.469 E1781.90485
M204 S10000
G0 F9600 X123.284 Y203.469
M204 S1000
G1 F1200 X104.129 Y184.315 E1782.58058
M204 S10000
G0 F9600 X104.129 Y184.74
M204 S1000
G1 F1200 X122.859 Y203.469 E1783.24131
M204 S10000
G0 F9600 X122.435 Y203.469
M204 S1000
G1 F1200 X104.129 Y185.164 E1783.88709
M204 S10000
G0 F9600 X104.129 Y185.588
M204 S1000
G1 F1200 X122.011 Y203.469 E1784.5179
M204 S10000
G0 F9600 X121.587 Y203.469
M204 S1000
G1 F1200 X104.129 Y186.012 E1785.13376
M204 S10000
G0 F9600 X104.129 Y186.437
M204 S1000
G1 F1200 X121.162 Y203.469 E1785.73463
M204 S10000
G0 F9600 X120.738 Y203.469
M204 S1000
G1 F1200 X104.129 Y186.861 E1786.32054
M204 S10000
G0 F9600 X104.129 Y187.285
M204 S1000
G1 F1200 X120.314 Y203.469 E1786.89149
M204 S10000
G0 F9600 X119.889 Y203.469
M204 S1000
G1 F1200 X104.129 Y187.709 E1787.44747
M204 S10000
G0 F9600 X104.129 Y188.134
M204 S1000
G1 F1200 X119.465 Y203.469 E1787.98847
M204 S10000
G0 F9600 X119.041 Y203.469
M204 S1000
G1 F1200 X104.129 Y188.558 E1788.51451
M204 S10000
G0 F9600 X104.129 Y188.982
M204 S1000
G1 F1200 X118.617 Y203.469 E1789.0256
M204 S10000
G0 F9600 X118.192 Y203.469
M204 S1000
G1 F1200 X104.129 Y189.407 E1789.52169
M204 S10000
G0 F9600 X104.129 Y189.831
M204 S1000
G1 F1200 X117.768 Y203.469 E1790.00283
M204 S10000
G0 F9600 X117.344 Y203.469
M204 S1000
G1 F1200 X104.129 Y190.255 E1790.469
M204 S10000
G0 F9600 X104.129 Y190.679
M204 S1000
G1 F1200 X116.92 Y203.469 E1790.92022
M204 S10000
G0 F9600 X116.495 Y203.469
M204 S1000
G1 F1200 X104.129 Y191.104 E1791.35645
M204 S10000
G0 F9600 X104.129 Y191.528
M204 S1000
G1 F1200 X116.071 Y203.469 E1791.77772
M204 S10000
G0 F9600 X115.647 Y203.469
M204 S1000
G1 F1200 X104.129 Y191.952 E1792.18403
M204 S10000
G0 F9600 X104.129 Y192.376
M204 S1000
G1 F1200 X115.223 Y203.469 E1792.57538
M204 S10000
G0 F9600 X114.798 Y203.469
M204 S1000
G1 F1200 X104.129 Y192.801 E1792.95174
M204 S10000
G0 F9600 X104.129 Y193.225
M204 S1000
G1 F1200 X114.374 Y203.469 E1793.31315
M204 S10000
G0 F9600 X113.95 Y203.469
M204 S1000
G1 F1200 X104.129 Y193.649 E1793.65959
M204 S10000
G0 F9600 X104.129 Y194.073
M204 S1000
G1 F1200 X113.525 Y203.469 E1793.99106
M204 S10000
G0 F9600 X113.101 Y203.469
M204 S1000
G1 F1200 X104.129 Y194.498 E1794.30755
M204 S10000
G0 F9600 X104.129 Y194.922
M204 S1000
G1 F1200 X112.677 Y203.469 E1794.60909
M204 S10000
G0 F9600 X112.253 Y203.469
M204 S1000
G1 F1200 X104.129 Y195.346 E1794.89567
M204 S10000
G0 F9600 X104.129 Y195.77
M204 S1000
G1 F1200 X111.828 Y203.469 E1795.16727
M204 S10000
G0 F9600 X111.404 Y203.469
M204 S1000
G1 F1200 X104.129 Y196.195 E1795.4239
M204 S10000
G0 F9600 X104.129 Y196.619
M204 S1000
G1 F1200 X110.98 Y203.469 E1795.66557
M204 S10000
G0 F9600 X110.556 Y203.469
M204 S1000
G1 F1200 X104.129 Y197.043 E1795.89228
M204 S10000
G0 F9600 X104.129 Y197.468
M204 S1000
G1 F1200 X110.131 Y203.469 E1796.104
M204 S10000
G0 F9600 X109.707 Y203.469
M204 S1000
G1 F1200 X104.129 Y197.892 E1796.30076
M204 S10000
G0 F9600 X104.129 Y198.316
M204 S1000
G1 F1200 X109.283 Y203.469 E1796.48257
M204 S10000
G0 F9600 X108.859 Y203.469
M204 S1000
G1 F1200 X104.129 Y198.74 E1796.64941
M204 S10000
G0 F9600 X104.129 Y199.165
M204 S1000
G1 F1200 X108.434 Y203.469 E1796.80126
M204 S10000
G0 F9600 X108.01 Y203.469
M204 S1000
G1 F1200 X104.129 Y199.589 E1796.93816
M204 S10000
G0 F9600 X104.129 Y200.013
M204 S1000
G1 F1200 X107.586 Y203.469 E1797.0601
M204 S10000
G0 F9600 X107.162 Y203.469
M204 S1000
G1 F1200 X104.129 Y200.437 E1797.16708
M204 S10000
G0 F9600 X104.129 Y200.862
M204 S1000
G1 F1200 X106.737 Y203.469 E1797.25906
M204 S10000
G0 F9600 X106.313 Y203.469
M204 S1000
G1 F1200 X104.129 Y201.286 E1797.33609
M204 S10000
G0 F9600 X104.129 Y201.71
M204 S1000
G1 F1200 X105.889 Y203.469 E1797.39816
M204 S10000
G0 F9600 X105.464 Y203.469
M204 S1000
G1 F1200 X104.129 Y202.134 E1797.44526
M204 S10000
G0 F9600 X104.129 Y202.559
M204 S1000
G1 F1200 X105.04 Y203.469 E1797.47738
M204 S10000
G0 F9600 X104.616 Y203.469
M204 S1000
G1 F1200 X104.129 Y202.983 E1797.49454
M204 S10000
G0 F9600 X104.129 Y203.407
M204 S1000
G1 F1200 X104.192 Y203.469 E1797.49675
M204 S10000
G0 F9600 X104.192 Y203.891
G1 F3000 E1791.49675
;MESH:Bottom_back_panel.stl
G0 F9600 X158.568 Y203.769
G0 X159.37 Y177.489
G0 X165.699 Y177.489
G0 X166.38 Y177.489
M204 S1000
;TYPE:WALL-INNER
G1 F3000 E1797.49675
G1 F1800 X195.115 Y177.489 E1798.21354
G1 X195.12 Y165.1 E1798.52259
G1 X195.162 Y164.891 E1798.52791
G1 X195.276 Y164.642 E1798.53474
G1 X195.465 Y164.418 E1798.54205
G1 X195.816 Y164.21 E1798.55223
G1 X196.166 Y164.15 E1798.56108
G1 X197.159 Y164.15 E1798.58586
G1 X197.158 Y135.85 E1799.2918
G1 X196.166 Y135.85 E1799.31655
G1 X195.817 Y135.791 E1799.32538
G1 X195.466 Y135.583 E1799.33555
G1 X195.276 Y135.359 E1799.34288
G1 X195.179 Y135.161 E1799.34838
G1 X195.117 Y134.852 E1799.35624
G1 X195.116 Y122.51 E1799.66412
G1 X166.38 Y122.511 E1800.38094
G1 X166.38 Y177.489 E1801.75237
M204 S10000
G0 F9600 X166.08 Y177.789
M204 S1000
G1 F1800 X195.415 Y177.789 E1802.48413
G1 X195.416 Y165.095 E1802.80079
G1 X195.56 Y164.757 E1802.80995
G1 X195.762 Y164.568 E1802.81685
G1 X195.916 Y164.493 E1802.82113
G1 X196.166 Y164.45 E1802.82745
G1 X197.459 Y164.45 E1802.85971
G1 X197.458 Y135.55 E1803.58062
G1 X196.166 Y135.55 E1803.61285
G1 X195.917 Y135.508 E1803.61915
G1 X195.603 Y135.296 E1803.6286
G1 X195.491 Y135.129 E1803.63362
G1 X195.416 Y134.837 E1803.64114
G1 X195.416 Y122.21 E1803.95612
G1 X166.08 Y122.211 E1804.68791
G1 X166.08 Y177.789 E1806.07431
M204 S10000
G0 F9600 X165.78 Y178.089
M204 S1000
G1 F1800 X195.715 Y178.089 E1806.82104
G1 X195.716 Y165.178 E1807.1431
G1 X195.771 Y164.982 E1807.14818
G1 X195.865 Y164.865 E1807.15193
G1 X196.06 Y164.75 E1807.15757
G1 X197.759 Y164.75 E1807.19995
G1 X197.758 Y135.25 E1807.93584
G1 X196.053 Y135.25 E1807.97837
G1 X195.828 Y135.098 E1807.98514
G1 X195.722 Y134.878 E1807.99123
G1 X195.716 Y121.91 E1808.31472
G1 X165.78 Y121.911 E1809.06148
G1 X165.78 Y178.089 E1810.46284
M204 S10000
G0 F9600 X165.53 Y178.339
M204 S1000
;TYPE:WALL-OUTER
G1 F1800 X195.965 Y178.339 E1811.22205
G1 X195.967 Y165.172 E1811.5505
G1 X195.996 Y165.093 E1811.5526
G1 X196.113 Y165 E1811.55633
G1 X198.009 Y165 E1811.60362
G1 X198.008 Y135 E1812.35197
G1 X196.115 Y135 E1812.3992
G1 X196.015 Y134.933 E1812.4022
G1 X195.967 Y134.828 E1812.40508
G1 X195.966 Y121.66 E1812.73356
G1 X165.53 Y121.661 E1813.49278
G1 X165.53 Y178.339 E1814.90662
M204 S10000
G0 F9600 X165.73 Y178.339
G0 X165.73 Y178.089
G0 X166.43 Y177.219
G0 X166.65 Y177.219
M204 S1000
;TYPE:SKIN
G1 F1200 X166.651 Y122.781 E1816.26458
G1 X194.846 Y122.78 E1816.96791
G1 X194.847 Y134.868 E1817.26945
G1 X194.922 Y135.248 E1817.27911
G1 X195.098 Y135.605 E1817.28904
G1 X195.436 Y135.899 E1817.30021
G1 X195.712 Y136.038 E1817.30792
G1 X196.144 Y136.118 E1817.31888
G1 X196.888 Y136.12 E1817.33744
G1 X196.889 Y163.88 E1818.02992
G1 X196.144 Y163.882 E1818.0485
G1 X195.749 Y163.95 E1818.0585
G1 X195.44 Y164.099 E1818.06706
G1 X195.166 Y164.338 E1818.07613
G1 X194.983 Y164.613 E1818.08437
G1 X194.849 Y165.115 E1818.09733
G1 X194.845 Y177.219 E1818.39926
G1 X166.65 Y177.219 E1819.10259
M204 S10000
G0 F9600 X166.886 Y177.068
M204 S1000
G1 F1200 X166.8 Y176.982 E1819.10562
M204 S10000
G0 F9600 X166.8 Y176.558
M204 S1000
G1 F1200 X167.31 Y177.068 E1819.12362
M204 S10000
G0 F9600 X167.734 Y177.068
M204 S1000
G1 F1200 X166.8 Y176.133 E1819.15658
M204 S10000
G0 F9600 X166.8 Y175.709
M204 S1000
G1 F1200 X168.159 Y177.068 E1819.20453
M204 S10000
G0 F9600 X168.583 Y177.068
M204 S1000
G1 F1200 X166.8 Y175.285 E1819.26743
M204 S10000
G0 F9600 X166.8 Y174.861
M204 S1000
G1 F1200 X169.007 Y177.068 E1819.34528
M204 S10000
G0 F9600 X169.431 Y177.068
M204 S1000
G1 F1200 X166.8 Y174.436 E1819.43812
M204 S10000
G0 F9600 X166.8 Y174.012
M204 S1000
G1 F1200 X169.856 Y177.068 E1819.54593
M204 S10000
G0 F9600 X170.28 Y177.068
M204 S1000
G1 F1200 X166.8 Y173.588 E1819.66869
M204 S10000
G0 F9600 X166.8 Y173.164
M204 S1000
G1 F1200 X170.704 Y177.068 E1819.80642
M204 S10000
G0 F9600 X171.129 Y177.068
M204 S1000
G1 F1200 X166.8 Y172.739 E1819.95913
M204 S10000
G0 F9600 X166.8 Y172.315
M204 S1000
G1 F1200 X171.553 Y177.068 E1820.12681
M204 S10000
G0 F9600 X171.977 Y177.068
M204 S1000
G1 F1200 X166.8 Y171.891 E1820.30944
M204 S10000
G0 F9600 X166.8 Y171.467
M204 S1000
G1 F1200 X172.401 Y177.068 E1820.50703
M204 S10000
G0 F9600 X172.826 Y177.068
M204 S1000
G1 F1200 X166.8 Y171.042 E1820.71961
M204 S10000
G0 F9600 X166.8 Y170.618
M204 S1000
G1 F1200 X173.25 Y177.068 E1820.94716
M204 S10000
G0 F9600 X173.674 Y177.068
M204 S1000
G1 F1200 X166.8 Y170.194 E1821.18965
M204 S10000
G0 F9600 X166.8 Y169.769
M204 S1000
G1 F1200 X174.098 Y177.068 E1821.44713
M204 S10000
G0 F9600 X174.523 Y177.068
M204 S1000
G1 F1200 X166.8 Y169.345 E1821.71958
M204 S10000
G0 F9600 X166.8 Y168.921
M204 S1000
G1 F1200 X174.947 Y177.068 E1822.00699
M204 S10000
G0 F9600 X175.371 Y177.068
M204 S1000
G1 F1200 X166.8 Y168.497 E1822.30935
M204 S10000
G0 F9600 X166.8 Y168.072
M204 S1000
G1 F1200 X175.795 Y177.068 E1822.62669
M204 S10000
G0 F9600 X176.22 Y177.068
M204 S1000
G1 F1200 X166.8 Y167.648 E1822.95901
M204 S10000
G0 F9600 X166.8 Y167.224
M204 S1000
G1 F1200 X176.644 Y177.068 E1823.30628
M204 S10000
G0 F9600 X177.068 Y177.068
M204 S1000
G1 F1200 X166.8 Y166.8 E1823.66851
M204 S10000
G0 F9600 X166.8 Y166.375
M204 S1000
G1 F1200 X177.492 Y177.068 E1824.04572
M204 S10000
G0 F9600 X177.917 Y177.068
M204 S1000
G1 F1200 X166.8 Y165.951 E1824.4379
M204 S10000
G0 F9600 X166.8 Y165.527
M204 S1000
G1 F1200 X178.341 Y177.068 E1824.84504
M204 S10000
G0 F9600 X178.765 Y177.068
M204 S1000
G1 F1200 X166.8 Y165.103 E1825.26714
M204 S10000
G0 F9600 X166.8 Y164.678
M204 S1000
G1 F1200 X179.19 Y177.068 E1825.70423
M204 S10000
G0 F9600 X179.614 Y177.068
M204 S1000
G1 F1200 X166.8 Y164.254 E1826.15628
M204 S10000
G0 F9600 X166.8 Y163.83
M204 S1000
G1 F1200 X180.038 Y177.068 E1826.62328
M204 S10000
G0 F9600 X180.462 Y177.068
M204 S1000
G1 F1200 X166.8 Y163.406 E1827.10525
M204 S10000
G0 F9600 X166.8 Y162.981
M204 S1000
G1 F1200 X180.887 Y177.068 E1827.60221
M204 S10000
G0 F9600 X181.311 Y177.068
M204 S1000
G1 F1200 X166.8 Y162.557 E1828.11412
M204 S10000
G0 F9600 X166.8 Y162.133
M204 S1000
G1 F1200 X181.735 Y177.068 E1828.64099
M204 S10000
G0 F9600 X182.159 Y177.068
M204 S1000
G1 F1200 X166.8 Y161.708 E1829.18284
M204 S10000
G0 F9600 X166.8 Y161.284
M204 S1000
G1 F1200 X182.584 Y177.068 E1829.73966
M204 S10000
G0 F9600 X183.008 Y177.068
M204 S1000
G1 F1200 X166.8 Y160.86 E1830.31144
M204 S10000
G0 F9600 X166.8 Y160.436
M204 S1000
G1 F1200 X183.432 Y177.068 E1830.89818
M204 S10000
G0 F9600 X183.856 Y177.068
M204 S1000
G1 F1200 X166.8 Y160.011 E1831.4999
M204 S10000
G0 F9600 X166.8 Y159.587
M204 S1000
G1 F1200 X184.281 Y177.068 E1832.11659
M204 S10000
G0 F9600 X184.705 Y177.068
M204 S1000
G1 F1200 X166.8 Y159.163 E1832.74823
M204 S10000
G0 F9600 X166.8 Y158.739
M204 S1000
G1 F1200 X185.129 Y177.068 E1833.39484
M204 S10000
G0 F9600 X185.554 Y177.068
M204 S1000
G1 F1200 X166.8 Y158.314 E1834.05644
M204 S10000
G0 F9600 X166.8 Y157.89
M204 S1000
G1 F1200 X185.978 Y177.068 E1834.73299
M204 S10000
G0 F9600 X186.402 Y177.068
M204 S1000
G1 F1200 X166.8 Y157.466 E1835.42451
M204 S10000
G0 F9600 X166.8 Y157.042
M204 S1000
G1 F1200 X186.826 Y177.068 E1836.13098
M204 S10000
G0 F9600 X187.251 Y177.068
M204 S1000
G1 F1200 X166.8 Y156.617 E1836.85244
M204 S10000
G0 F9600 X166.8 Y156.193
M204 S1000
G1 F1200 X187.675 Y177.068 E1837.58886
M204 S10000
G0 F9600 X188.099 Y177.068
M204 S1000
G1 F1200 X166.8 Y155.769 E1838.34024
M204 S10000
G0 F9600 X166.8 Y155.344
M204 S1000
G1 F1200 X188.523 Y177.068 E1839.1066
M204 S10000
G0 F9600 X188.948 Y177.068
M204 S1000
G1 F1200 X166.8 Y154.92 E1839.88793
M204 S10000
G0 F9600 X166.8 Y154.496
M204 S1000
G1 F1200 X189.372 Y177.068 E1840.68422
M204 S10000
G0 F9600 X189.796 Y177.068
M204 S1000
G1 F1200 X166.8 Y154.072 E1841.49546
M204 S10000
G0 F9600 X166.8 Y153.647
M204 S1000
G1 F1200 X190.22 Y177.068 E1842.32168
M204 S10000
G0 F9600 X190.645 Y177.068
M204 S1000
G1 F1200 X166.8 Y153.223 E1843.16288
M204 S10000
G0 F9600 X166.8 Y152.799
M204 S1000
G1 F1200 X191.069 Y177.068 E1844.01904
M204 S10000
G0 F9600 X191.493 Y177.068
M204 S1000
G1 F1200 X166.8 Y152.375 E1844.89015
M204 S10000
G0 F9600 X166.8 Y151.95
M204 S1000
G1 F1200 X191.917 Y177.068 E1845.77624
M204 S10000
G0 F9600 X192.342 Y177.068
M204 S1000
G1 F1200 X166.8 Y151.526 E1846.6773
M204 S10000
G0 F9600 X166.8 Y151.102
M204 S1000
G1 F1200 X192.766 Y177.068 E1847.59332
M204 S10000
G0 F9600 X193.19 Y177.068
M204 S1000
G1 F1200 X166.8 Y150.678 E1848.5243
M204 S10000
G0 F9600 X166.8 Y150.253
M204 S1000
G1 F1200 X193.615 Y177.068 E1849.47027
M204 S10000
G0 F9600 X194.039 Y177.068
M204 S1000
G1 F1200 X166.8 Y149.829 E1850.4312
M204 S10000
G0 F9600 X166.8 Y149.405
M204 S1000
G1 F1200 X194.463 Y177.068 E1851.40709
M204 S10000
G0 F9600 X194.694 Y176.875
M204 S1000
G1 F1200 X166.8 Y148.981 E1852.39112
M204 S10000
G0 F9600 X166.8 Y148.556
M204 S1000
G1 F1200 X194.694 Y176.451 E1853.37518
M204 S10000
G0 F9600 X194.694 Y176.027
M204 S1000
G1 F1200 X166.8 Y148.132 E1854.35923
M204 S10000
G0 F9600 X166.8 Y147.708
M204 S1000
G1 F1200 X194.695 Y175.603 E1855.3433
M204 S10000
G0 F9600 X194.695 Y175.179
M204 S1000
G1 F1200 X166.8 Y147.283 E1856.32739
M204 S10000
G0 F9600 X166.8 Y146.859
M204 S1000
G1 F1200 X194.695 Y174.755 E1857.31148
M204 S10000
G0 F9600 X194.696 Y174.331
M204 S1000
G1 F1200 X166.8 Y146.435 E1858.29559
M204 S10000
G0 F9600 X166.8 Y146.011
M204 S1000
G1 F1200 X194.696 Y173.907 E1859.27969
M204 S10000
G0 F9600 X194.696 Y173.482
M204 S1000
G1 F1200 X166.8 Y145.586 E1860.2638
M204 S10000
G0 F9600 X166.8 Y145.162
M204 S1000
G1 F1200 X194.696 Y173.059 E1861.24792
M204 S10000
G0 F9600 X194.696 Y172.635
M204 S1000
G1 F1200 X166.8 Y144.738 E1862.23205
M204 S10000
G0 F9600 X166.8 Y144.314
M204 S1000
G1 F1200 X194.697 Y172.211 E1863.21619
M204 S10000
G0 F9600 X194.697 Y171.787
M204 S1000
G1 F1200 X166.8 Y143.889 E1864.20035
M204 S10000
G0 F9600 X166.8 Y143.465
M204 S1000
G1 F1200 X194.697 Y171.363 E1865.18451
M204 S10000
G0 F9600 X194.698 Y170.939
M204 S1000
G1 F1200 X166.8 Y143.041 E1866.16869
M204 S10000
G0 F9600 X166.8 Y142.617
M204 S1000
G1 F1200 X194.698 Y170.515 E1867.15286
M204 S10000
G0 F9600 X194.698 Y170.091
M204 S1000
G1 F1200 X166.8 Y142.192 E1868.13706
M204 S10000
G0 F9600 X166.8 Y141.768
M204 S1000
G1 F1200 X194.699 Y169.667 E1869.12127
M204 S10000
G0 F9600 X194.699 Y169.243
M204 S1000
G1 F1200 X166.8 Y141.344 E1870.10548
M204 S10000
G0 F9600 X166.8 Y140.92
M204 S1000
G1 F1200 X194.699 Y168.818 E1871.08968
M204 S10000
G0 F9600 X194.699 Y168.395
M204 S1000
G1 F1200 X166.8 Y140.495 E1872.07391
M204 S10000
G0 F9600 X166.8 Y140.071
M204 S1000
G1 F1200 X194.699 Y167.971 E1873.05814
M204 S10000
G0 F9600 X194.699 Y167.546
M204 S1000
G1 F1200 X166.8 Y139.647 E1874.04235
M204 S10000
G0 F9600 X166.8 Y139.222
M204 S1000
G1 F1200 X194.7 Y167.123 E1875.02662
M204 S10000
G0 F9600 X194.7 Y166.699
M204 S1000
G1 F1200 X166.8 Y138.798 E1876.01088
M204 S10000
G0 F9600 X166.8 Y138.374
M204 S1000
G1 F1200 X194.701 Y166.275 E1876.99517
M204 S10000
G0 F9600 X194.701 Y165.851
M204 S1000
G1 F1200 X166.8 Y137.95 E1877.97945
M204 S10000
G0 F9600 X166.8 Y137.525
M204 S1000
G1 F1200 X194.701 Y165.426 E1878.96373
M204 S10000
G0 F9600 X194.718 Y165.02
M204 S1000
G1 F1200 X166.8 Y137.101 E1879.94863
M204 S10000
G0 F9600 X166.8 Y136.677
M204 S1000
G1 F1200 X194.808 Y164.685 E1880.93669
M204 S10000
G0 F9600 X194.945 Y164.398
M204 S1000
G1 F1200 X166.8 Y136.253 E1881.92958
M204 S10000
G0 F9600 X166.8 Y135.828
M204 S1000
G1 F1200 X195.136 Y164.165 E1882.92923
M204 S10000
G0 F9600 X195.362 Y163.966
M204 S1000
G1 F1200 X166.8 Y135.404 E1883.93683
M204 S10000
G0 F9600 X166.8 Y134.98
M204 S1000
G1 F1200 X195.645 Y163.825 E1884.95442
M204 S10000
G0 F9600 X195.997 Y163.753
M204 S1000
G1 F1200 X166.8 Y134.556 E1885.98442
M204 S10000
G0 F9600 X166.8 Y134.131
M204 S1000
G1 F1200 X196.4 Y163.731 E1887.02864
M204 S10000
G0 F9600 X196.738 Y163.645
M204 S1000
G1 F1200 X166.8 Y133.707 E1888.08478
M204 S10000
G0 F9600 X166.8 Y133.283
M204 S1000
G1 F1200 X196.738 Y163.221 E1889.14093
M204 S10000
G0 F9600 X196.738 Y162.797
M204 S1000
G1 F1200 X166.8 Y132.859 E1890.19707
M204 S10000
G0 F9600 X166.8 Y132.434
M204 S1000
G1 F1200 X196.738 Y162.372 E1891.25321
M204 S10000
G0 F9600 X196.738 Y161.948
M204 S1000
G1 F1200 X166.8 Y132.01 E1892.30936
M204 S10000
G0 F9600 X166.8 Y131.586
M204 S1000
G1 F1200 X196.738 Y161.524 E1893.3655
M204 S10000
G0 F9600 X196.738 Y161.1
M204 S1000
G1 F1200 X166.8 Y131.161 E1894.42166
M204 S10000
G0 F9600 X166.8 Y130.737
M204 S1000
G1 F1200 X196.738 Y160.675 E1895.47781
M204 S10000
G0 F9600 X196.738 Y160.251
M204 S1000
G1 F1200 X166.8 Y130.313 E1896.53395
M204 S10000
G0 F9600 X166.8 Y129.889
M204 S1000
G1 F1200 X196.738 Y159.827 E1897.59009
M204 S10000
G0 F9600 X196.738 Y159.403
M204 S1000
G1 F1200 X166.8 Y129.464 E1898.64626
M204 S10000
G0 F9600 X166.8 Y129.04
M204 S1000
G1 F1200 X196.738 Y158.978 E1899.7024
M204 S10000
G0 F9600 X196.738 Y158.554
M204 S1000
G1 F1200 X166.8 Y128.616 E1900.75854
M204 S10000
G0 F9600 X166.8 Y128.192
M204 S1000
G1 F1200 X196.738 Y158.13 E1901.81469
M204 S10000
G0 F9600 X196.738 Y157.706
M204 S1000
G1 F1200 X166.8 Y127.767 E1902.87085
M204 S10000
G0 F9600 X166.8 Y127.343
M204 S1000
G1 F1200 X196.738 Y157.281 E1903.92699
M204 S10000
G0 F9600 X196.738 Y156.857
M204 S1000
G1 F1200 X166.8 Y126.919 E1904.98314
M204 S10000
G0 F9600 X166.8 Y126.495
M204 S1000
G1 F1200 X196.738 Y156.433 E1906.03928
M204 S10000
G0 F9600 X196.738 Y156.008
M204 S1000
G1 F1200 X166.8 Y126.07 E1907.09542
M204 S10000
G0 F9600 X166.8 Y125.646
M204 S1000
G1 F1200 X196.738 Y155.584 E1908.15157
M204 S10000
G0 F9600 X196.738 Y155.16
M204 S1000
G1 F1200 X166.8 Y125.222 E1909.20771
M204 S10000
G0 F9600 X166.8 Y124.797
M204 S1000
G1 F1200 X196.738 Y154.736 E1910.26387
M204 S10000
G0 F9600 X196.738 Y154.311
M204 S1000
G1 F1200 X166.8 Y124.373 E1911.32002
M204 S10000
G0 F9600 X166.8 Y123.949
M204 S1000
G1 F1200 X196.738 Y153.887 E1912.37616
M204 S10000
G0 F9600 X196.738 Y153.463
M204 S1000
G1 F1200 X166.8 Y123.525 E1913.4323
M204 S10000
G0 F9600 X166.8 Y123.1
M204 S1000
G1 F1200 X196.738 Y153.039 E1914.48847
M204 S10000
G0 F9600 X196.738 Y152.614
M204 S1000
G1 F1200 X167.054 Y122.931 E1915.53563
M204 S10000
G0 F9600 X167.478 Y122.931
M204 S1000
G1 F1200 X196.738 Y152.19 E1916.56784
M204 S10000
G0 F9600 X196.738 Y151.766
M204 S1000
G1 F1200 X167.903 Y122.931 E1917.58507
M204 S10000
G0 F9600 X168.327 Y122.931
M204 S1000
G1 F1200 X196.738 Y151.342 E1918.58735
M204 S10000
G0 F9600 X196.738 Y150.917
M204 S1000
G1 F1200 X168.751 Y122.931 E1919.57465
M204 S10000
G0 F9600 X169.176 Y122.931
M204 S1000
G1 F1200 X196.738 Y150.493 E1920.54697
M204 S10000
G0 F9600 X196.738 Y150.069
M204 S1000
G1 F1200 X169.6 Y122.931 E1921.50434
M204 S10000
G0 F9600 X170.024 Y122.931
M204 S1000
G1 F1200 X196.738 Y149.645 E1922.44674
M204 S10000
G0 F9600 X196.738 Y149.22
M204 S1000
G1 F1200 X170.448 Y122.931 E1923.37418
M204 S10000
G0 F9600 X170.873 Y122.931
M204 S1000
G1 F1200 X196.738 Y148.796 E1924.28664
M204 S10000
G0 F9600 X196.738 Y148.372
M204 S1000
G1 F1200 X171.297 Y122.931 E1925.18414
M204 S10000
G0 F9600 X171.721 Y122.931
M204 S1000
G1 F1200 X196.738 Y147.947 E1926.06666
M204 S10000
G0 F9600 X196.738 Y147.523
M204 S1000
G1 F1200 X172.145 Y122.931 E1926.93423
M204 S10000
G0 F9600 X172.57 Y122.931
M204 S1000
G1 F1200 X196.738 Y147.099 E1927.78682
M204 S10000
G0 F9600 X196.738 Y146.675
M204 S1000
G1 F1200 X172.994 Y122.931 E1928.62445
M204 S10000
G0 F9600 X173.418 Y122.931
M204 S1000
G1 F1200 X196.738 Y146.25 E1929.44711
M204 S10000
G0 F9600 X196.738 Y145.826
M204 S1000
G1 F1200 X173.842 Y122.931 E1930.25481
M204 S10000
G0 F9600 X174.267 Y122.931
M204 S1000
G1 F1200 X196.738 Y145.402 E1931.04754
M204 S10000
G0 F9600 X196.738 Y144.978
M204 S1000
G1 F1200 X174.691 Y122.931 E1931.8253
M204 S10000
G0 F9600 X175.115 Y122.931
M204 S1000
G1 F1200 X196.738 Y144.553 E1932.5881
M204 S10000
G0 F9600 X196.738 Y144.129
M204 S1000
G1 F1200 X175.539 Y122.931 E1933.33593
M204 S10000
G0 F9600 X175.964 Y122.931
M204 S1000
G1 F1200 X196.738 Y143.705 E1934.06879
M204 S10000
G0 F9600 X196.738 Y143.281
M204 S1000
G1 F1200 X176.388 Y122.931 E1934.78669
M204 S10000
G0 F9600 X176.812 Y122.931
M204 S1000
G1 F1200 X196.738 Y142.856 E1935.48962
M204 S10000
G0 F9600 X196.738 Y142.432
M204 S1000
G1 F1200 X177.237 Y122.931 E1936.17757
M204 S10000
G0 F9600 X177.661 Y122.931
M204 S1000
G1 F1200 X196.738 Y142.008 E1936.85056
M204 S10000
G0 F9600 X196.738 Y141.583
M204 S1000
G1 F1200 X178.085 Y122.931 E1937.50858
M204 S10000
G0 F9600 X178.509 Y122.931
M204 S1000
G1 F1200 X196.738 Y141.159 E1938.15164
M204 S10000
G0 F9600 X196.738 Y140.735
M204 S1000
G1 F1200 X178.934 Y122.931 E1938.77972
M204 S10000
G0 F9600 X179.358 Y122.931
M204 S1000
G1 F1200 X196.738 Y140.311 E1939.39285
M204 S10000
G0 F9600 X196.738 Y139.886
M204 S1000
G1 F1200 X179.782 Y122.931 E1939.991
M204 S10000
G0 F9600 X180.206 Y122.931
M204 S1000
G1 F1200 X196.738 Y139.462 E1940.57419
M204 S10000
G0 F9600 X196.738 Y139.038
M204 S1000
G1 F1200 X180.631 Y122.931 E1941.14241
M204 S10000
G0 F9600 X181.054 Y122.93
M204 S1000
G1 F1200 X196.738 Y138.614 E1941.6957
M204 S10000
G0 F9600 X196.738 Y138.189
M204 S1000
G1 F1200 X181.478 Y122.93 E1942.23402
M204 S10000
G0 F9600 X181.903 Y122.93
M204 S1000
G1 F1200 X196.738 Y137.765 E1942.75737
M204 S10000
G0 F9600 X196.738 Y137.341
M204 S1000
G1 F1200 X195.498 Y136.101 E1942.80111
M204 S10000
G0 F9600 X196.08 Y136.259
M204 S1000
G1 F1200 X196.738 Y136.917 E1942.82433
M204 S10000
G0 F9600 X196.738 Y136.492
M204 S1000
G1 F1200 X196.514 Y136.268 E1942.83223
M204 S10000
G1 F3000 E1936.83223
G0 F9600 X196.514 Y135.9
G0 X195.388 Y135.578
G0 X195.193 Y135.303
G1 F3000 E1942.83223
G0 F9600 X194.862 Y135.465
M204 S1000
G1 F1200 X182.327 Y122.93 E1943.27443
M204 S10000
G0 F9600 X182.751 Y122.93
M204 S1000
G1 F1200 X194.696 Y134.874 E1943.69581
M204 S10000
G0 F9600 X194.696 Y134.45
M204 S1000
G1 F1200 X183.176 Y122.93 E1944.10221
M204 S10000
G0 F9600 X183.6 Y122.93
M204 S1000
G1 F1200 X194.696 Y134.026 E1944.49365
M204 S10000
G0 F9600 X194.696 Y133.602
M204 S1000
G1 F1200 X184.024 Y122.93 E1944.87013
M204 S10000
G0 F9600 X184.448 Y122.93
M204 S1000
G1 F1200 X194.696 Y133.177 E1945.23164
M204 S10000
G0 F9600 X194.696 Y132.753
M204 S1000
G1 F1200 X184.873 Y122.93 E1945.57817
M204 S10000
G0 F9600 X185.297 Y122.93
M204 S1000
G1 F1200 X194.696 Y132.329 E1945.90975
M204 S10000
G0 F9600 X194.696 Y131.905
M204 S1000
G1 F1200 X185.721 Y122.93 E1946.22637
M204 S10000
G0 F9600 X186.145 Y122.93
M204 S1000
G1 F1200 X194.696 Y131.48 E1946.52801
M204 S10000
G0 F9600 X194.696 Y131.056
M204 S1000
G1 F1200 X186.57 Y122.93 E1946.81467
M204 S10000
G0 F9600 X186.994 Y122.93
M204 S1000
G1 F1200 X194.696 Y130.632 E1947.08638
M204 S10000
G0 F9600 X194.696 Y130.208
M204 S1000
G1 F1200 X187.418 Y122.93 E1947.34313
M204 S10000
G0 F9600 X187.842 Y122.93
M204 S1000
G1 F1200 X194.696 Y129.783 E1947.58491
M204 S10000
G0 F9600 X194.696 Y129.359
M204 S1000
G1 F1200 X188.267 Y122.93 E1947.81171
M204 S10000
G0 F9600 X188.691 Y122.93
M204 S1000
G1 F1200 X194.696 Y128.935 E1948.02355
M204 S10000
G0 F9600 X194.696 Y128.511
M204 S1000
G1 F1200 X189.115 Y122.93 E1948.22044
M204 S10000
G0 F9600 X189.539 Y122.93
M204 S1000
G1 F1200 X194.696 Y128.086 E1948.40235
M204 S10000
G0 F9600 X194.696 Y127.662
M204 S1000
G1 F1200 X189.964 Y122.93 E1948.56928
M204 S10000
G0 F9600 X190.388 Y122.93
M204 S1000
G1 F1200 X194.696 Y127.238 E1948.72126
M204 S10000
G0 F9600 X194.696 Y126.813
M204 S1000
G1 F1200 X190.812 Y122.93 E1948.85826
M204 S10000
G0 F9600 X191.237 Y122.93
M204 S1000
G1 F1200 X194.696 Y126.389 E1948.98028
M204 S10000
G0 F9600 X194.696 Y125.965
M204 S1000
G1 F1200 X191.661 Y122.93 E1949.08735
M204 S10000
G0 F9600 X192.085 Y122.93
M204 S1000
G1 F1200 X194.696 Y125.541 E1949.17946
M204 S10000
G0 F9600 X194.696 Y125.116
M204 S1000
G1 F1200 X192.509 Y122.93 E1949.2566
M204 S10000
G0 F9600 X192.934 Y122.93
M204 S1000
G1 F1200 X194.696 Y124.692 E1949.31876
M204 S10000
G0 F9600 X194.696 Y124.268
M204 S1000
G1 F1200 X193.358 Y122.93 E1949.36596
M204 S10000
G0 F9600 X193.782 Y122.93
M204 S1000
G1 F1200 X194.696 Y123.844 E1949.3982
M204 S10000
G0 F9600 X194.696 Y123.419
M204 S1000
G1 F1200 X194.206 Y122.93 E1949.41547
M204 S10000
G0 F9600 X194.631 Y122.93
M204 S1000
G1 F1200 X194.696 Y122.995 E1949.41776
M204 S10000
G0 F9600 X195.116 Y122.995
;TIME_ELAPSED:12262.751558
G1 F3000 E1943.41776
M140 S0
M204 S500
M107
M104 S0
M140 S0
G92 E0
G1 E-10 F2000
G28 X0 Y0
M`84`
M82 ;absolute extrusion mode
M104 S0
;End of Gcode
;SETTING_3 {"global_quality": "[general]\\nversion = 4\\nname = anet-PLA\\ndefin
;SETTING_3 ition = anet3d_et5_x\\n\\n[metadata]\\ntype = quality_changes\\nquali
;SETTING_3 ty_type = draft\\nsetting_version = 22\\n\\n[values]\\nadhesion_type 
;SETTING_3 = skirt\\njerk_enabled = False\\nlayer_height = 0.2\\nlayer_height_0 
;SETTING_3 = 0.16\\nmaterial_bed_temperature = 60.0\\nretraction_combing = noski
;SETTING_3 n\\nsupport_enable = True\\nsupport_structure = normal\\nsupport_type
;SETTING_3  = buildplate\\ntravel_retract_before_outer_wall = False\\n\\n", "ext
;SETTING_3 ruder_quality": ["[general]\\nversion = 4\\nname = anet-PLA\\ndefinit
;SETTING_3 ion = anet3d_et5_x\\n\\n[metadata]\\ntype = quality_changes\\nquality
;SETTING_3 _type = draft\\nintent_category = default\\nposition = 0\\nsetting_ve
;SETTING_3 rsion = 22\\n\\n[values]\\nacceleration_travel = 10000.0\\nbottom_lay
;SETTING_3 ers = 4\\ncoasting_enable = False\\ncool_fan_speed = 100.0\\ninfill_l
;SETTING_3 ine_distance = =0 if infill_sparse_density == 0 else (infill_line_wid
;SETTING_3 th * 100) / infill_sparse_density * (2 if infill_pattern == 'grid' el
;SETTING_3 se (3 if infill_pattern == 'triangles' or infill_pattern == 'trihexag
;SETTING_3 on' or infill_pattern == 'cubic' or infill_pattern == 'cubicsubdiv' e
;SETTING_3 lse (2 if infill_pattern == 'tetrahedral' or infill_pattern == 'quart
;SETTING_3 er_cubic' else (1 if infill_pattern == 'cross' or infill_pattern == '
;SETTING_3 cross_3d' else (1.6 if infill_pattern == 'lightning' else 1)))))\\nin
;SETTING_3 fill_pattern = grid\\ninfill_sparse_density = 30\\nline_width = 0.3\\
;SETTING_3 nmaterial_print_temperature = 200.0\\nminimum_support_area = 0\\nretr
;SETTING_3 act_at_layer_change = True\\nretraction_amount = 6.0\\nretraction_com
;SETTING_3 bing_max_distance = 2\\nretraction_min_travel = 1\\nretraction_speed 
;SETTING_3 = 50.0\\nskin_line_width = =line_width\\nskirt_brim_line_width = =lin
;SETTING_3 e_width\\nspeed_equalize_flow_width_factor = 100.0\\nspeed_infill = 4
;SETTING_3 0\\nspeed_layer_0 = 20.0\\nspeed_support = 30.0\\nspeed_topbottom = 2
;SETTING_3 0.0\\nspeed_travel = 160.0\\nspeed_travel_layer_0 = 60.0\\nspeed_wall
;SETTING_3  = 30\\nsupport_angle = 60.0\\nsupport_interface_enable = True\\nsupp
;SETTING_3 ort_interface_pattern = lines\\nsupport_tree_branch_diameter = 2.0\\n
;SETTING_3 support_tree_limit_branch_reach = False\\nsupport_tree_max_diameter =
;SETTING_3  5.0\\nsupport_tree_top_rate = =30 if support_roof_enable else 10\\ns
;SETTING_3 upport_use_towers = False\\nsupport_wall_count = 2\\nsupport_xy_dista
;SETTING_3 nce = 1\\nsupport_xy_distance_overhang = 0.4\\nsupport_xy_overrides_z
;SETTING_3  = xy_overrides_z\\nsupport_z_distance = 0.4\\ntop_layers = 4\\ntrave
;SETTING_3 l_avoid_distance = 1\\ntravel_avoid_other_parts = False\\nwall_line_c
;SETTING_3 ount = 4\\nwall_line_width = =line_width\\nwall_thickness = 1\\n\\n"]
;SETTING_3 }
